<?xml version="1.0" encoding="UTF-8" standalone="no"?>
<Law DataInfo="200402e80k80m01" Era="Meiji" Lang="ja" LawType="Act" Num="28" Year="28">
  <LawNum>明治二十八年法律第二十八号</LawNum>
  <LawBody>
    <LawTitle>通貨及証券模造取締法</LawTitle>
    <MainProvision>
      <Article Num="1">
        <ArticleTitle>第一条</ArticleTitle>
        <Paragraph Num="1">
          <ParagraphNum/>
          <ParagraphSentence>
            <Sentence>貨幣、政府発行紙幣、銀行紙幣、兌換銀行券、国債証券及地方債証券ニ紛ハシキ外観ヲ有スルモノヲ製造シ又ハ販売スルコトヲ得ス</Sentence>
          </ParagraphSentence>
        </Paragraph>
      </Article>
      <Article Num="2">
        <ArticleTitle>第二条</ArticleTitle>
        <Paragraph Num="1">
          <ParagraphNum/>
          <ParagraphSentence>
            <Sentence>前条ニ違犯シタル者ハ一月以上三年以下ノ重禁錮ニ処シ五円以上五十円以下ノ罰金ヲ附加ス</Sentence>
          </ParagraphSentence>
        </Paragraph>
      </Article>
      <Article Num="3">
        <ArticleTitle>第三条</ArticleTitle>
        <Paragraph Num="1">
          <ParagraphNum/>
          <ParagraphSentence>
            <Sentence>第一条ニ掲ケタル物件ハ刑法ニ依リ没収スル場合ノ外何人ノ所有ヲ問ハス警察官ニ於テ之ヲ破毀スヘシ</Sentence>
          </ParagraphSentence>
        </Paragraph>
      </Article>
      <Article Num="4">
        <ArticleTitle>第四条</ArticleTitle>
        <Paragraph Num="1">
          <ParagraphNum/>
          <ParagraphSentence>
            <Sentence>第一条ニ掲ケタル物件ニハ明治九年布告第五十七号ヲ適用ス</Sentence>
          </ParagraphSentence>
        </Paragraph>
      </Article>
    </MainProvision>
  </LawBody>
</Law>
