<?xml version="1.0" encoding="UTF-8" standalone="no"?>
<Law DataInfo="190712e03k11m01" Era="Showa" Lang="ja" LawType="ImperialOrder" Num="188" Year="03">
  <LawNum>昭和三年勅令第百八十八号</LawNum>
  <LawBody>
    <LawTitle>昭和三年勅令第百八十八号（大礼記念章制定ノ件）</LawTitle>
    <MainProvision>
      <Article Num="1">
        <ArticleTitle>第一条</ArticleTitle>
        <Paragraph Num="1">
          <ParagraphNum/>
          <ParagraphSentence>
            <Sentence>昭和三年十一月行ハルル大礼記念ノ表章トシテ記念章ヲ設ク</Sentence>
          </ParagraphSentence>
        </Paragraph>
      </Article>
      <Article Num="2">
        <ArticleTitle>第二条</ArticleTitle>
        <Paragraph Num="1">
          <ParagraphNum/>
          <ParagraphSentence>
            <Sentence>記念章ノ図式左ノ如シ</Sentence>
          </ParagraphSentence>
          <List>
            <ListSentence>
              <Column Num="1">
                <Sentence>章</Sentence>
              </Column>
              <Column Num="2">
                <Sentence>銀円形、径一寸トス</Sentence>
              </Column>
            </ListSentence>
          </List>
          <List>
            <ListSentence>
              <Sentence>表面ニハ輪廓内中央ニ高御座、其ノ中心ニ金菊御紋、周辺ニ桜橘文様、左右空間ニ雲文ヲ置キ下方ニ万歳ノ文字ヲ識ス</Sentence>
            </ListSentence>
          </List>
          <List>
            <ListSentence>
              <Sentence>裏面ニハ輪廓ニ菊花形、中央ニ旗形、其ノ左右ニ雲文ヲ置キ旗形ノ内ニ大礼記念章、下方ニ昭和三年十一月ノ文字ヲ識ス</Sentence>
            </ListSentence>
          </List>
          <List>
            <ListSentence>
              <Column Num="1">
                <Sentence>環</Sentence>
              </Column>
              <Column Num="2">
                <Sentence>銀円形トス</Sentence>
              </Column>
            </ListSentence>
          </List>
          <List>
            <ListSentence>
              <Column Num="1">
                <Sentence>綬</Sentence>
              </Column>
              <Column Num="2">
                <Sentence>織地、幅一寸二分、青黄赤白紫色ノ等分トス</Sentence>
              </Column>
            </ListSentence>
          </List>
        </Paragraph>
        <Paragraph Num="2">
          <ParagraphNum>○２</ParagraphNum>
          <ParagraphSentence>
            <Sentence>記念章ハ綬ヲ以テ左肋ニ佩ブ</Sentence>
          </ParagraphSentence>
        </Paragraph>
      </Article>
      <Article Num="3">
        <ArticleTitle>第三条</ArticleTitle>
        <Paragraph Num="1">
          <ParagraphNum/>
          <ParagraphSentence>
            <Sentence>記念章ハ左ニ掲グル者ニ之ヲ授与ス</Sentence>
          </ParagraphSentence>
          <Item Num="1">
            <ItemTitle>一</ItemTitle>
            <ItemSentence>
              <Sentence>践祚ノ式ニ召サレタル者</Sentence>
            </ItemSentence>
          </Item>
          <Item Num="2">
            <ItemTitle>二</ItemTitle>
            <ItemSentence>
              <Sentence>即位礼及大嘗祭ノ式ニ召サレタル者</Sentence>
            </ItemSentence>
          </Item>
          <Item Num="3">
            <ItemTitle>三</ItemTitle>
            <ItemSentence>
              <Sentence>各所在地ニ於テ饗饌ヲ賜リタル者</Sentence>
            </ItemSentence>
          </Item>
          <Item Num="4">
            <ItemTitle>四</ItemTitle>
            <ItemSentence>
              <Sentence>大礼ノ事務及大礼ニ伴フ要務ニ関与シタル者</Sentence>
            </ItemSentence>
          </Item>
        </Paragraph>
      </Article>
      <Article Num="4">
        <ArticleTitle>第四条</ArticleTitle>
        <Paragraph Num="1">
          <ParagraphNum/>
          <ParagraphSentence>
            <Sentence>記念章ハ本人ニ限リ終身之ヲ佩用シ子孫ヲシテ之ヲ保存セシム</Sentence>
          </ParagraphSentence>
        </Paragraph>
      </Article>
      <Article Num="5">
        <ArticleTitle>第五条</ArticleTitle>
        <Paragraph Num="1">
          <ParagraphNum/>
          <ParagraphSentence>
            <Sentence>記念章ヲ授与セラルベキ者其ノ授与前死亡シタルトキハ之ヲ其ノ家督相続人又ハ戸主ニ交付シテ保存セシム</Sentence>
          </ParagraphSentence>
        </Paragraph>
      </Article>
    </MainProvision>
    <AppdxStyle>
      <AppdxStyleTitle>大礼記念章ノ図</AppdxStyleTitle>
      <StyleStruct>
        <Style>
          <Fig src="./pict/S03CH01000188-001.jpg"/>
        </Style>
      </StyleStruct>
    </AppdxStyle>
  </LawBody>
</Law>
