<?xml version="1.0" encoding="UTF-8" standalone="no"?>
<Law DataInfo="200511e80k80m01" Era="Showa" Lang="ja" LawType="ImperialOrder" Num="447" Year="21">
  <LawNum>昭和二十一年勅令第四百四十七号</LawNum>
  <LawBody>
    <LawTitle>人口動態調査令</LawTitle>
    <MainProvision>
      <Article Delete="false" Hide="false" Num="1">
        <ArticleTitle>第一条</ArticleTitle>
        <Paragraph Hide="false" Num="1">
          <ParagraphNum/>
          <ParagraphSentence>
            <Sentence WritingMode="vertical">人口の動態を調査するため必要な資料は、この政令の定めるところにより、これを徴集する。</Sentence>
          </ParagraphSentence>
        </Paragraph>
      </Article>
      <Article Delete="false" Hide="false" Num="2">
        <ArticleTitle>第二条</ArticleTitle>
        <Paragraph Hide="false" Num="1">
          <ParagraphNum/>
          <ParagraphSentence>
            <Sentence WritingMode="vertical">人口動態調査資料は、出生、死亡、死産、婚姻及び離婚につき、その届出を受けた市町村長が作成する人口動態調査票とする。</Sentence>
          </ParagraphSentence>
        </Paragraph>
        <Paragraph Hide="false" Num="2">
          <ParagraphNum>○２</ParagraphNum>
          <ParagraphSentence>
            <Sentence WritingMode="vertical">人口動態調査票は、出生票、死亡票、死産票、婚姻票及び離婚票の五種とする。</Sentence>
          </ParagraphSentence>
        </Paragraph>
      </Article>
      <Article Delete="false" Hide="false" Num="3">
        <ArticleTitle>第三条</ArticleTitle>
        <Paragraph Hide="false" Num="1">
          <ParagraphNum/>
          <ParagraphSentence>
            <Sentence WritingMode="vertical">市町村長は、戸籍法による届書又は昭和二十一年厚生省令第四十二号による届書その他の関係書類に基づいて、厚生労働大臣の定めるところにより、人口動態調査票を作成しなければならない。</Sentence>
          </ParagraphSentence>
        </Paragraph>
      </Article>
      <Article Delete="false" Hide="false" Num="4">
        <ArticleTitle>第四条</ArticleTitle>
        <Paragraph Hide="false" Num="1">
          <ParagraphNum/>
          <ParagraphSentence>
            <Sentence WritingMode="vertical">厚生労働大臣は、人口動態調査票の用紙を、都道府県知事及びその設置する保健所の長（地域保健法（昭和二十二年法律第百一号）第五条第一項の政令で定める市又は特別区にあつては、当該市又は区の設置する保健所の長。以下「保健所長」という。）を経由して、市町村長に交付しなければならない。</Sentence>
          </ParagraphSentence>
        </Paragraph>
      </Article>
      <Article Delete="false" Hide="false" Num="5">
        <ArticleTitle>第五条</ArticleTitle>
        <Paragraph Hide="false" Num="1">
          <ParagraphNum/>
          <ParagraphSentence>
            <Sentence WritingMode="vertical">市町村長は、人口動態調査票を、遅滞なく、保健所長に提出しなければならない。</Sentence>
          </ParagraphSentence>
        </Paragraph>
        <Paragraph Hide="false" Num="2">
          <ParagraphNum>○２</ParagraphNum>
          <ParagraphSentence>
            <Sentence WritingMode="vertical">保健所長は、前項の人口動態調査票を審査し、厚生労働省令で定めるところにより、これを都道府県知事に提出しなければならない。</Sentence>
          </ParagraphSentence>
        </Paragraph>
        <Paragraph Hide="false" Num="3">
          <ParagraphNum>○３</ParagraphNum>
          <ParagraphSentence>
            <Sentence WritingMode="vertical">保健所長は、厚生労働省令で定めるところにより、出生票に基づいて出生小票を、死亡票に基づいて死亡小票をそれぞれ作成しなければならない。</Sentence>
          </ParagraphSentence>
        </Paragraph>
        <Paragraph Hide="false" Num="4">
          <ParagraphNum>○４</ParagraphNum>
          <ParagraphSentence>
            <Sentence WritingMode="vertical">保健所長は、前項の出生小票及び死亡小票を作成後三年間保存しなければならない。</Sentence>
          </ParagraphSentence>
        </Paragraph>
        <Paragraph Hide="false" Num="5">
          <ParagraphNum>○５</ParagraphNum>
          <ParagraphSentence>
            <Sentence WritingMode="vertical">都道府県知事は、第二項の規定により提出された人口動態調査票を審査し、厚生労働省令で定めるところにより、これを厚生労働大臣に提出しなければならない。</Sentence>
          </ParagraphSentence>
        </Paragraph>
        <Paragraph Hide="false" Num="6">
          <ParagraphNum>○６</ParagraphNum>
          <ParagraphSentence>
            <Sentence WritingMode="vertical">保健所長又は都道府県知事は、天災事変その他避けることのできない事由のため、第二項又は前項の規定により人口動態調査票の全部又は一部を提出することができないときは、それぞれ都道府県知事又は厚生労働大臣に対し、直ちにその旨を報告しなければならない。</Sentence>
          </ParagraphSentence>
        </Paragraph>
      </Article>
      <Article Delete="false" Hide="false" Num="6">
        <ArticleTitle>第六条</ArticleTitle>
        <Paragraph Hide="false" Num="1">
          <ParagraphNum/>
          <ParagraphSentence>
            <Sentence WritingMode="vertical">この政令では、市町村長には、特別区の区長並びに地方自治法（昭和二十二年法律第六十七号）第二百五十二条の十九第一項の指定都市の区長及び総合区長を含む。</Sentence>
          </ParagraphSentence>
        </Paragraph>
      </Article>
      <Article Delete="false" Hide="false" Num="7">
        <ArticleTitle>第七条</ArticleTitle>
        <Paragraph Hide="false" Num="1">
          <ParagraphNum/>
          <ParagraphSentence>
            <Sentence WritingMode="vertical">第三条から第五条までの規定により市町村又は都道府県が処理することとされている事務は、地方自治法第二条第九項第一号に規定する第一号法定受託事務とする。</Sentence>
          </ParagraphSentence>
        </Paragraph>
      </Article>
    </MainProvision>
    <SupplProvision>
      <SupplProvisionLabel>附　則</SupplProvisionLabel>
      <Paragraph Hide="false" Num="1">
        <ParagraphNum>○１</ParagraphNum>
        <ParagraphSentence>
          <Sentence WritingMode="vertical">この勅令は、昭和二十一年十月一日から、これを施行する。</Sentence>
        </ParagraphSentence>
      </Paragraph>
      <Paragraph Hide="false" Num="2">
        <ParagraphNum>○２</ParagraphNum>
        <ParagraphSentence>
          <Sentence WritingMode="vertical">昭和二十年勅令第五百号人口動態調査令臨時特例は、これを廃止する。</Sentence>
        </ParagraphSentence>
      </Paragraph>
    </SupplProvision>
    <SupplProvision AmendLawNum="昭和二二年九月一日政令第一八二号">
      <SupplProvisionLabel>附　則</SupplProvisionLabel>
      <Paragraph Hide="false" Num="1">
        <ParagraphNum/>
        <ParagraphSentence>
          <Sentence WritingMode="vertical">この政令は、公布の日から、これを施行する。</Sentence>
        </ParagraphSentence>
      </Paragraph>
    </SupplProvision>
    <SupplProvision AmendLawNum="昭和二三年一月二四日政令第一七号">
      <SupplProvisionLabel>附　則</SupplProvisionLabel>
      <Paragraph Hide="false" Num="1">
        <ParagraphNum/>
        <ParagraphSentence>
          <Sentence WritingMode="vertical">この政令は、昭和二十三年一月一日から、これを適用する。</Sentence>
        </ParagraphSentence>
      </Paragraph>
    </SupplProvision>
    <SupplProvision AmendLawNum="昭和三八年三月二八日政令第六〇号">
      <SupplProvisionLabel>附　則</SupplProvisionLabel>
      <Paragraph Hide="false" Num="1">
        <ParagraphNum/>
        <ParagraphSentence>
          <Sentence WritingMode="vertical">この政令は、昭和三十八年四月一日から施行する。</Sentence>
        </ParagraphSentence>
      </Paragraph>
    </SupplProvision>
    <SupplProvision AmendLawNum="昭和四二年八月一〇日政令第二四五号" Extract="true">
      <SupplProvisionLabel>附　則</SupplProvisionLabel>
      <Paragraph Hide="false" Num="1">
        <ParagraphNum>１</ParagraphNum>
        <ParagraphSentence>
          <Sentence WritingMode="vertical">この政令は、昭和四十三年一月一日から施行する。</Sentence>
        </ParagraphSentence>
      </Paragraph>
    </SupplProvision>
    <SupplProvision AmendLawNum="昭和四六年八月二八日政令第二七六号" Extract="true">
      <SupplProvisionLabel>附　則</SupplProvisionLabel>
      <Paragraph Hide="false" Num="1">
        <ParagraphCaption>（施行期日）</ParagraphCaption>
        <ParagraphNum>１</ParagraphNum>
        <ParagraphSentence>
          <Sentence WritingMode="vertical">この政令は、昭和四十七年四月一日から施行する。</Sentence>
        </ParagraphSentence>
      </Paragraph>
    </SupplProvision>
    <SupplProvision AmendLawNum="昭和五四年九月四日政令第二三七号" Extract="true">
      <SupplProvisionLabel>附　則</SupplProvisionLabel>
      <Paragraph Hide="false" Num="1">
        <ParagraphCaption>（施行期日）</ParagraphCaption>
        <ParagraphNum>１</ParagraphNum>
        <ParagraphSentence>
          <Sentence WritingMode="vertical">この政令は、昭和五十五年四月一日から施行する。</Sentence>
        </ParagraphSentence>
      </Paragraph>
    </SupplProvision>
    <SupplProvision AmendLawNum="平成一一年一二月八日政令第三九三号" Extract="true">
      <SupplProvisionLabel>附　則</SupplProvisionLabel>
      <Article Delete="false" Hide="false" Num="1">
        <ArticleCaption>（施行期日）</ArticleCaption>
        <ArticleTitle>第一条</ArticleTitle>
        <Paragraph Hide="false" Num="1">
          <ParagraphNum/>
          <ParagraphSentence>
            <Sentence WritingMode="vertical">この政令は、平成十二年四月一日から施行する。</Sentence>
          </ParagraphSentence>
        </Paragraph>
      </Article>
    </SupplProvision>
    <SupplProvision AmendLawNum="平成一二年六月七日政令第三〇九号" Extract="true">
      <SupplProvisionLabel>附　則</SupplProvisionLabel>
      <Paragraph Hide="false" Num="1">
        <ParagraphCaption>（施行期日）</ParagraphCaption>
        <ParagraphNum>１</ParagraphNum>
        <ParagraphSentence>
          <Sentence WritingMode="vertical">この政令は、内閣法の一部を改正する法律（平成十一年法律第八十八号）の施行の日（平成十三年一月六日）から施行する。</Sentence>
        </ParagraphSentence>
      </Paragraph>
    </SupplProvision>
    <SupplProvision AmendLawNum="平成二七年一月三〇日政令第三〇号" Extract="true">
      <SupplProvisionLabel>附　則</SupplProvisionLabel>
      <Article Delete="false" Hide="false" Num="1">
        <ArticleCaption>（施行期日）</ArticleCaption>
        <ArticleTitle>第一条</ArticleTitle>
        <Paragraph Hide="false" Num="1">
          <ParagraphNum/>
          <ParagraphSentence>
            <Sentence WritingMode="vertical">この政令は、地方自治法の一部を改正する法律（次条において「改正法」という。）の施行の日（平成二十八年四月一日）から施行する。</Sentence>
          </ParagraphSentence>
        </Paragraph>
      </Article>
    </SupplProvision>
  </LawBody>
</Law>
