<?xml version="1.0" encoding="UTF-8" standalone="no"?>
<Law DataInfo="200402e80k80m01" Era="Showa" Lang="ja" LawType="Act" Num="156" Year="23">
  <LawNum>昭和二十三年法律第百五十六号</LawNum>
  <LawBody>
    <LawTitle>母体保護法</LawTitle>
    <MainProvision>
      <Chapter Delete="false" Hide="false" Num="1">
        <ChapterTitle>第一章　総則</ChapterTitle>
        <Article Delete="false" Hide="false" Num="1">
          <ArticleCaption>（この法律の目的）</ArticleCaption>
          <ArticleTitle>第一条</ArticleTitle>
          <Paragraph Hide="false" Num="1">
            <ParagraphNum/>
            <ParagraphSentence>
              <Sentence WritingMode="vertical">この法律は、不妊手術及び人工妊娠中絶に関する事項を定めること等により、母性の生命健康を保護することを目的とする。</Sentence>
            </ParagraphSentence>
          </Paragraph>
        </Article>
        <Article Delete="false" Hide="false" Num="2">
          <ArticleCaption>（定義）</ArticleCaption>
          <ArticleTitle>第二条</ArticleTitle>
          <Paragraph Hide="false" Num="1">
            <ParagraphNum/>
            <ParagraphSentence>
              <Sentence WritingMode="vertical">この法律で不妊手術とは、生殖腺を除去することなしに、生殖を不能にする手術で厚生労働省令をもつて定めるものをいう。</Sentence>
            </ParagraphSentence>
          </Paragraph>
          <Paragraph Hide="false" Num="2">
            <ParagraphNum>２</ParagraphNum>
            <ParagraphSentence>
              <Sentence WritingMode="vertical">この法律で人工妊娠中絶とは、胎児が、母体外において、生命を保続することのできない時期に、人工的に、胎児及びその附属物を母体外に排出することをいう。</Sentence>
            </ParagraphSentence>
          </Paragraph>
        </Article>
      </Chapter>
      <Chapter Delete="false" Hide="false" Num="2">
        <ChapterTitle>第二章　不妊手術</ChapterTitle>
        <Article Delete="false" Hide="false" Num="3">
          <ArticleTitle>第三条</ArticleTitle>
          <Paragraph Hide="false" Num="1">
            <ParagraphNum/>
            <ParagraphSentence>
              <Sentence Function="main" Num="1" WritingMode="vertical">医師は、次の各号の一に該当する者に対して、本人の同意及び配偶者（届出をしていないが、事実上婚姻関係と同様な事情にある者を含む。以下同じ。）があるときはその同意を得て、不妊手術を行うことができる。</Sentence>
              <Sentence Function="proviso" Num="2" WritingMode="vertical">ただし、未成年者については、この限りでない。</Sentence>
            </ParagraphSentence>
            <Item Delete="false" Hide="false" Num="1">
              <ItemTitle>一</ItemTitle>
              <ItemSentence>
                <Sentence WritingMode="vertical">妊娠又は分娩が、母体の生命に危険を及ぼすおそれのあるもの</Sentence>
              </ItemSentence>
            </Item>
            <Item Delete="false" Hide="false" Num="2">
              <ItemTitle>二</ItemTitle>
              <ItemSentence>
                <Sentence WritingMode="vertical">現に数人の子を有し、かつ、分娩ごとに、母体の健康度を著しく低下するおそれのあるもの</Sentence>
              </ItemSentence>
            </Item>
          </Paragraph>
          <Paragraph Hide="false" Num="2">
            <ParagraphNum>２</ParagraphNum>
            <ParagraphSentence>
              <Sentence WritingMode="vertical">前項各号に掲げる場合には、その配偶者についても同項の規定による不妊手術を行うことができる。</Sentence>
            </ParagraphSentence>
          </Paragraph>
          <Paragraph Hide="false" Num="3">
            <ParagraphNum>３</ParagraphNum>
            <ParagraphSentence>
              <Sentence WritingMode="vertical">第一項の同意は、配偶者が知れないとき又はその意思を表示することができないときは本人の同意だけで足りる。</Sentence>
            </ParagraphSentence>
          </Paragraph>
        </Article>
        <Article Delete="false" Hide="false" Num="4:13">
          <ArticleTitle>第四条から第十三条まで</ArticleTitle>
          <Paragraph Hide="false" Num="1">
            <ParagraphNum/>
            <ParagraphSentence>
              <Sentence WritingMode="vertical">削除</Sentence>
            </ParagraphSentence>
          </Paragraph>
        </Article>
      </Chapter>
      <Chapter Delete="false" Hide="false" Num="3">
        <ChapterTitle>第三章　母性保護</ChapterTitle>
        <Article Delete="false" Hide="false" Num="14">
          <ArticleCaption>（医師の認定による人工妊娠中絶）</ArticleCaption>
          <ArticleTitle>第十四条</ArticleTitle>
          <Paragraph Hide="false" Num="1">
            <ParagraphNum/>
            <ParagraphSentence>
              <Sentence WritingMode="vertical">都道府県の区域を単位として設立された公益社団法人たる医師会の指定する医師（以下「指定医師」という。）は、次の各号の一に該当する者に対して、本人及び配偶者の同意を得て、人工妊娠中絶を行うことができる。</Sentence>
            </ParagraphSentence>
            <Item Delete="false" Hide="false" Num="1">
              <ItemTitle>一</ItemTitle>
              <ItemSentence>
                <Sentence WritingMode="vertical">妊娠の継続又は分娩が身体的又は経済的理由により母体の健康を著しく害するおそれのあるもの</Sentence>
              </ItemSentence>
            </Item>
            <Item Delete="false" Hide="false" Num="2">
              <ItemTitle>二</ItemTitle>
              <ItemSentence>
                <Sentence WritingMode="vertical">暴行若しくは脅迫によつて又は抵抗若しくは拒絶することができない間に<Ruby>姦<Rt>かん</Rt>
</Ruby>
<Ruby>淫<Rt>いん</Rt>
</Ruby>されて妊娠したもの</Sentence>
              </ItemSentence>
            </Item>
          </Paragraph>
          <Paragraph Hide="false" Num="2">
            <ParagraphNum>２</ParagraphNum>
            <ParagraphSentence>
              <Sentence WritingMode="vertical">前項の同意は、配偶者が知れないとき若しくはその意思を表示することができないとき又は妊娠後に配偶者がなくなつたときには本人の同意だけで足りる。</Sentence>
            </ParagraphSentence>
          </Paragraph>
        </Article>
        <Article Delete="false" Hide="false" Num="15">
          <ArticleCaption>（受胎調節の実地指導）</ArticleCaption>
          <ArticleTitle>第十五条</ArticleTitle>
          <Paragraph Hide="false" Num="1">
            <ParagraphNum/>
            <ParagraphSentence>
              <Sentence Function="main" Num="1" WritingMode="vertical">女子に対して厚生労働大臣が指定する避妊用の器具を使用する受胎調節の実地指導は、医師のほかは、都道府県知事の指定を受けた者でなければ業として行つてはならない。</Sentence>
              <Sentence Function="proviso" Num="2" WritingMode="vertical">ただし、子宮腔内に避妊用の器具を挿入する行為は、医師でなければ業として行つてはならない。</Sentence>
            </ParagraphSentence>
          </Paragraph>
          <Paragraph Hide="false" Num="2">
            <ParagraphNum>２</ParagraphNum>
            <ParagraphSentence>
              <Sentence WritingMode="vertical">前項の都道府県知事の指定を受けることができる者は、厚生労働大臣の定める基準に従つて都道府県知事の認定する講習を終了した助産師、保健師又は看護師とする。</Sentence>
            </ParagraphSentence>
          </Paragraph>
          <Paragraph Hide="false" Num="3">
            <ParagraphNum>３</ParagraphNum>
            <ParagraphSentence>
              <Sentence WritingMode="vertical">前二項に定めるものの外、都道府県知事の指定又は認定に関して必要な事項は、政令でこれを定める。</Sentence>
            </ParagraphSentence>
          </Paragraph>
        </Article>
      </Chapter>
      <Chapter Delete="false" Hide="false" Num="4:5">
        <ChapterTitle>第四章及び第五章　削除</ChapterTitle>
        <Article Delete="false" Hide="false" Num="16:24">
          <ArticleTitle>第十六条から第二十四条まで</ArticleTitle>
          <Paragraph Hide="false" Num="1">
            <ParagraphNum/>
            <ParagraphSentence>
              <Sentence WritingMode="vertical">削除</Sentence>
            </ParagraphSentence>
          </Paragraph>
        </Article>
      </Chapter>
      <Chapter Delete="false" Hide="false" Num="6">
        <ChapterTitle>第六章　届出、禁止その他</ChapterTitle>
        <Article Delete="false" Hide="false" Num="25">
          <ArticleCaption>（届出）</ArticleCaption>
          <ArticleTitle>第二十五条</ArticleTitle>
          <Paragraph Hide="false" Num="1">
            <ParagraphNum/>
            <ParagraphSentence>
              <Sentence WritingMode="vertical">医師又は指定医師は、第三条第一項又は第十四条第一項の規定によつて不妊手術又は人工妊娠中絶を行つた場合は、その月中の手術の結果を取りまとめて翌月十日までに、理由を記して、都道府県知事に届け出なければならない。</Sentence>
            </ParagraphSentence>
          </Paragraph>
        </Article>
        <Article Delete="false" Hide="false" Num="26">
          <ArticleCaption>（通知）</ArticleCaption>
          <ArticleTitle>第二十六条</ArticleTitle>
          <Paragraph Hide="false" Num="1">
            <ParagraphNum/>
            <ParagraphSentence>
              <Sentence WritingMode="vertical">不妊手術を受けた者は、婚姻しようとするときは、その相手方に対して、不妊手術を受けた旨を通知しなければならない。</Sentence>
            </ParagraphSentence>
          </Paragraph>
        </Article>
        <Article Delete="false" Hide="false" Num="27">
          <ArticleCaption>（秘密の保持）</ArticleCaption>
          <ArticleTitle>第二十七条</ArticleTitle>
          <Paragraph Hide="false" Num="1">
            <ParagraphNum/>
            <ParagraphSentence>
              <Sentence Num="1" WritingMode="vertical">不妊手術又は人工妊娠中絶の施行の事務に従事した者は、職務上知り得た人の秘密を、漏らしてはならない。</Sentence>
              <Sentence Num="2" WritingMode="vertical">その職を退いた後においても同様とする。</Sentence>
            </ParagraphSentence>
          </Paragraph>
        </Article>
        <Article Delete="false" Hide="false" Num="28">
          <ArticleCaption>（禁止）</ArticleCaption>
          <ArticleTitle>第二十八条</ArticleTitle>
          <Paragraph Hide="false" Num="1">
            <ParagraphNum/>
            <ParagraphSentence>
              <Sentence WritingMode="vertical">何人も、この法律の規定による場合の外、故なく、生殖を不能にすることを目的として手術又はレントゲン照射を行つてはならない。</Sentence>
            </ParagraphSentence>
          </Paragraph>
        </Article>
      </Chapter>
      <Chapter Delete="false" Hide="false" Num="7">
        <ChapterTitle>第七章　罰則</ChapterTitle>
        <Article Delete="false" Hide="false" Num="29">
          <ArticleCaption>（第十五条第一項違反）</ArticleCaption>
          <ArticleTitle>第二十九条</ArticleTitle>
          <Paragraph Hide="false" Num="1">
            <ParagraphNum/>
            <ParagraphSentence>
              <Sentence WritingMode="vertical">第十五条第一項の規定に違反した者は、五十万円以下の罰金に処する。</Sentence>
            </ParagraphSentence>
          </Paragraph>
        </Article>
        <Article Delete="false" Hide="false" Num="30:31">
          <ArticleTitle>第三十条及び第三十一条</ArticleTitle>
          <Paragraph Hide="false" Num="1">
            <ParagraphNum/>
            <ParagraphSentence>
              <Sentence WritingMode="vertical">削除</Sentence>
            </ParagraphSentence>
          </Paragraph>
        </Article>
        <Article Delete="false" Hide="false" Num="32">
          <ArticleCaption>（第二十五条違反）</ArticleCaption>
          <ArticleTitle>第三十二条</ArticleTitle>
          <Paragraph Hide="false" Num="1">
            <ParagraphNum/>
            <ParagraphSentence>
              <Sentence WritingMode="vertical">第二十五条の規定に違反して、届出をせず又は虚偽の届出をした者は、これを十万円以下の罰金に処する。</Sentence>
            </ParagraphSentence>
          </Paragraph>
        </Article>
        <Article Delete="false" Hide="false" Num="33">
          <ArticleCaption>（第二十七条違反）</ArticleCaption>
          <ArticleTitle>第三十三条</ArticleTitle>
          <Paragraph Hide="false" Num="1">
            <ParagraphNum/>
            <ParagraphSentence>
              <Sentence WritingMode="vertical">第二十七条の規定に違反して、故なく、人の秘密を漏らした者は、これを六月以下の懲役又は三十万円以下の罰金に処する。</Sentence>
            </ParagraphSentence>
          </Paragraph>
        </Article>
        <Article Delete="false" Hide="false" Num="34">
          <ArticleCaption>（第二十八条違反）</ArticleCaption>
          <ArticleTitle>第三十四条</ArticleTitle>
          <Paragraph Hide="false" Num="1">
            <ParagraphNum/>
            <ParagraphSentence>
              <Sentence Num="1" WritingMode="vertical">第二十八条の規定に違反した者は、これを一年以下の懲役又は五十万円以下の罰金に処する。</Sentence>
              <Sentence Num="2" WritingMode="vertical">そのために、人を死に至らしめたときは、三年以下の懲役に処する。</Sentence>
            </ParagraphSentence>
          </Paragraph>
        </Article>
      </Chapter>
    </MainProvision>
    <SupplProvision>
      <SupplProvisionLabel>附　則</SupplProvisionLabel>
      <Article Delete="false" Hide="false" Num="35">
        <ArticleCaption>（施行期日）</ArticleCaption>
        <ArticleTitle>第三十五条</ArticleTitle>
        <Paragraph Hide="false" Num="1">
          <ParagraphNum/>
          <ParagraphSentence>
            <Sentence WritingMode="vertical">この法律は、公布の日から起算して六十日を経過した日から、これを施行する。</Sentence>
          </ParagraphSentence>
        </Paragraph>
      </Article>
      <Article Delete="false" Hide="false" Num="36">
        <ArticleCaption>（関係法律の廃止）</ArticleCaption>
        <ArticleTitle>第三十六条</ArticleTitle>
        <Paragraph Hide="false" Num="1">
          <ParagraphNum/>
          <ParagraphSentence>
            <Sentence WritingMode="vertical">国民優生法（昭和十五年法律第百七号）は、これを廃止する。</Sentence>
          </ParagraphSentence>
        </Paragraph>
      </Article>
      <Article Delete="false" Hide="false" Num="37">
        <ArticleCaption>（罰則規定の効力の存続）</ArticleCaption>
        <ArticleTitle>第三十七条</ArticleTitle>
        <Paragraph Hide="false" Num="1">
          <ParagraphNum/>
          <ParagraphSentence>
            <Sentence WritingMode="vertical">この法律施行前になした違反行為に対する罰則の適用については、前条の法律は、この法律施行後も、なおその効力を有する。</Sentence>
          </ParagraphSentence>
        </Paragraph>
      </Article>
      <Article Delete="false" Hide="false" Num="38">
        <ArticleCaption>（届出の特例）</ArticleCaption>
        <ArticleTitle>第三十八条</ArticleTitle>
        <Paragraph Hide="false" Num="1">
          <ParagraphNum/>
          <ParagraphSentence>
            <Sentence WritingMode="vertical">第二十五条の規定は、昭和二十一年厚生省令第四十二号（死産の届出に関する規程）の規定による届出をした場合は、その範囲内で、これを適用しない。</Sentence>
          </ParagraphSentence>
        </Paragraph>
      </Article>
      <Article Delete="false" Hide="false" Num="39">
        <ArticleCaption>（受胎調節指導のために必要な医薬品）</ArticleCaption>
        <ArticleTitle>第三十九条</ArticleTitle>
        <Paragraph Hide="false" Num="1">
          <ParagraphNum/>
          <ParagraphSentence>
            <Sentence WritingMode="vertical">第十五条第一項の規定により都道府県知事の指定を受けた者は、平成二十七年七月三十一日までを限り、その実地指導を受ける者に対しては、受胎調節のために必要な医薬品で厚生労働大臣が指定するものに限り、医薬品、医療機器等の品質、有効性及び安全性の確保等に関する法律（昭和三十五年法律第百四十五号）第二十四条第一項の規定にかかわらず、販売することができる。</Sentence>
          </ParagraphSentence>
        </Paragraph>
        <Paragraph Hide="false" Num="2">
          <ParagraphNum>２</ParagraphNum>
          <ParagraphSentence>
            <Sentence WritingMode="vertical">都道府県知事は、第十五条第一項の規定により都道府県知事の指定を受けた者が次の各号のいずれかに該当したときは、同項の指定を取り消すことができる。</Sentence>
          </ParagraphSentence>
          <Item Delete="false" Hide="false" Num="1">
            <ItemTitle>一</ItemTitle>
            <ItemSentence>
              <Sentence WritingMode="vertical">前項の規定により厚生労働大臣が指定する医薬品につき医薬品、医療機器等の品質、有効性及び安全性の確保等に関する法律第四十三条第一項の規定の適用がある場合において、同項の規定による検定に合格しない当該医薬品を販売したとき</Sentence>
            </ItemSentence>
          </Item>
          <Item Delete="false" Hide="false" Num="2">
            <ItemTitle>二</ItemTitle>
            <ItemSentence>
              <Sentence WritingMode="vertical">前項の規定により厚生労働大臣が指定する医薬品以外の医薬品を業として販売したとき</Sentence>
            </ItemSentence>
          </Item>
          <Item Delete="false" Hide="false" Num="3">
            <ItemTitle>三</ItemTitle>
            <ItemSentence>
              <Sentence WritingMode="vertical">前二号のほか、受胎調節の実地指導を受ける者以外の者に対して、医薬品を業として販売したとき</Sentence>
            </ItemSentence>
          </Item>
        </Paragraph>
        <Paragraph Hide="false" Num="3">
          <ParagraphNum>３</ParagraphNum>
          <ParagraphSentence>
            <Sentence WritingMode="vertical">前項の規定による処分に係る行政手続法（平成五年法律第八十八号）第十五条第一項の通知は、聴聞の期日の一週間前までにしなければならない。</Sentence>
          </ParagraphSentence>
        </Paragraph>
      </Article>
      <Article Delete="false" Hide="false" Num="40">
        <ArticleCaption>（指定医師を指定する医師会の特例）</ArticleCaption>
        <ArticleTitle>第四十条</ArticleTitle>
        <Paragraph Hide="false" Num="1">
          <ParagraphNum/>
          <ParagraphSentence>
            <Sentence WritingMode="vertical">第十四条第一項に規定する公益社団法人には、一般社団法人及び一般財団法人に関する法律及び公益社団法人及び公益財団法人の認定等に関する法律の施行に伴う関係法律の整備等に関する法律（平成十八年法律第五十号）第二百八十三条に規定するもののほか、公益社団法人及び特例社団法人（同法第四十二条第一項に規定する特例社団法人をいう。以下この項において同じ。）以外の一般社団法人であつて、母体保護法の一部を改正する法律（平成二十三年法律第七十五号）の施行の際特例社団法人であつたもの（次項において「特定法人」という。）を含むものとする。</Sentence>
          </ParagraphSentence>
        </Paragraph>
        <Paragraph Hide="false" Num="2">
          <ParagraphNum>２</ParagraphNum>
          <ParagraphSentence>
            <Sentence WritingMode="vertical">厚生労働大臣は、都道府県の区域を単位として設立された特定法人たる医師会に対し、当該医師会が行う第十四条第一項の指定に関し必要があると認めるときは、報告を求め、又は助言若しくは勧告をすることができる。</Sentence>
          </ParagraphSentence>
        </Paragraph>
      </Article>
    </SupplProvision>
    <SupplProvision AmendLawNum="昭和二四年五月三一日法律第一五四号">
      <SupplProvisionLabel>附　則</SupplProvisionLabel>
      <Paragraph Hide="false" Num="1">
        <ParagraphNum/>
        <ParagraphSentence>
          <Sentence WritingMode="vertical">この法律は、昭和二十四年六月一日から施行する。</Sentence>
        </ParagraphSentence>
      </Paragraph>
    </SupplProvision>
    <SupplProvision AmendLawNum="昭和二四年六月二四日法律第二一六号">
      <SupplProvisionLabel>第一次改正法律附則</SupplProvisionLabel>
      <Paragraph Hide="false" Num="1">
        <ParagraphNum/>
        <ParagraphSentence>
          <Sentence WritingMode="vertical">この法律は、公布の日から施行する。</Sentence>
        </ParagraphSentence>
      </Paragraph>
    </SupplProvision>
    <SupplProvision AmendLawNum="昭和二六年六月一日法律第一七四号" Extract="true">
      <SupplProvisionLabel>附　則</SupplProvisionLabel>
      <Paragraph Hide="false" Num="1">
        <ParagraphNum>１</ParagraphNum>
        <ParagraphSentence>
          <Sentence WritingMode="vertical">この法律は、公布の日から施行する。</Sentence>
        </ParagraphSentence>
      </Paragraph>
    </SupplProvision>
    <SupplProvision AmendLawNum="昭和二七年五月一七日法律第一四一号" Extract="true">
      <SupplProvisionLabel>附　則</SupplProvisionLabel>
      <Paragraph Hide="false" Num="1">
        <ParagraphNum>１</ParagraphNum>
        <ParagraphSentence>
          <Sentence WritingMode="vertical">この法律は、公布の日から起算して十日を経過した日から施行する。</Sentence>
        </ParagraphSentence>
      </Paragraph>
      <Paragraph Hide="false" Num="2">
        <ParagraphNum>２</ParagraphNum>
        <ParagraphSentence>
          <Sentence WritingMode="vertical">この法律施行の際、都道府県及び保健所を設置する市が設置している優生結婚相談所は、改正後の第二十一条第三項（厚生大臣の設置についての承認）の規定による承認を受けて設置した優生保護相談所とみなす。</Sentence>
        </ParagraphSentence>
      </Paragraph>
      <Paragraph Hide="false" Num="3">
        <ParagraphNum>３</ParagraphNum>
        <ParagraphSentence>
          <Sentence WritingMode="vertical">改正前の第二十二条（優生結婚相談所設置の認可）の規定による優生結婚相談所の設置の認可は、改正後の第二十二条（優生保護相談所の設置の認可）の規定による優生保護相談所の設置の認可とみなす。</Sentence>
        </ParagraphSentence>
      </Paragraph>
      <Paragraph Hide="false" Num="4">
        <ParagraphNum>４</ParagraphNum>
        <ParagraphSentence>
          <Sentence WritingMode="vertical">この法律施行前にした行為に対する罰則の適用については、なお従前の例による。</Sentence>
        </ParagraphSentence>
      </Paragraph>
    </SupplProvision>
    <SupplProvision AmendLawNum="昭和二八年八月一五日法律第二一三号" Extract="true">
      <SupplProvisionLabel>附　則</SupplProvisionLabel>
      <Paragraph Hide="false" Num="1">
        <ParagraphNum>１</ParagraphNum>
        <ParagraphSentence>
          <Sentence WritingMode="vertical">この法律は、昭和二十八年九月一日から施行する。</Sentence>
        </ParagraphSentence>
      </Paragraph>
    </SupplProvision>
    <SupplProvision AmendLawNum="昭和三〇年八月五日法律第一二七号">
      <SupplProvisionLabel>附　則</SupplProvisionLabel>
      <Paragraph Hide="false" Num="1">
        <ParagraphNum/>
        <ParagraphSentence>
          <Sentence WritingMode="vertical">この法律は、公布の日から施行する。</Sentence>
        </ParagraphSentence>
      </Paragraph>
    </SupplProvision>
    <SupplProvision AmendLawNum="昭和三五年四月二一日法律第五五号">
      <SupplProvisionLabel>附　則</SupplProvisionLabel>
      <Paragraph Hide="false" Num="1">
        <ParagraphNum/>
        <ParagraphSentence>
          <Sentence Function="main" Num="1" WritingMode="vertical">この法律は、公布の日から施行する。</Sentence>
          <Sentence Function="proviso" Num="2" WritingMode="vertical">ただし、改正後の優生保護法第十一条の規定は、昭和三十五年四月一日以後に同法第十条の規定により行なう優生手術に関する費用について適用し、同日前に同条の規定により行なう優生手術に関する費用については、なお従前の例による。</Sentence>
        </ParagraphSentence>
      </Paragraph>
    </SupplProvision>
    <SupplProvision AmendLawNum="昭和三五年八月一〇日法律第一四五号" Extract="true">
      <SupplProvisionLabel>附　則</SupplProvisionLabel>
      <Article Delete="false" Hide="false" Num="1">
        <ArticleCaption>（施行期日）</ArticleCaption>
        <ArticleTitle>第一条</ArticleTitle>
        <Paragraph Hide="false" Num="1">
          <ParagraphNum/>
          <ParagraphSentence>
            <Sentence WritingMode="vertical">この法律は、公布の日から起算して六箇月をこえない範囲内において政令で定める日から施行する。</Sentence>
          </ParagraphSentence>
        </Paragraph>
      </Article>
    </SupplProvision>
    <SupplProvision AmendLawNum="昭和三七年五月一六日法律第一四〇号" Extract="true">
      <SupplProvisionLabel>附　則</SupplProvisionLabel>
      <Paragraph Hide="false" Num="1">
        <ParagraphNum>１</ParagraphNum>
        <ParagraphSentence>
          <Sentence WritingMode="vertical">この法律は、昭和三十七年十月一日から施行する。</Sentence>
        </ParagraphSentence>
      </Paragraph>
      <Paragraph Hide="false" Num="2">
        <ParagraphNum>２</ParagraphNum>
        <ParagraphSentence>
          <Sentence Function="main" Num="1" WritingMode="vertical">この法律による改正後の規定は、この附則に特別の定めがある場合を除き、この法律の施行前に生じた事項にも適用する。</Sentence>
          <Sentence Function="proviso" Num="2" WritingMode="vertical">ただし、この法律による改正前の規定によつて生じた効力を妨げない。</Sentence>
        </ParagraphSentence>
      </Paragraph>
      <Paragraph Hide="false" Num="3">
        <ParagraphNum>３</ParagraphNum>
        <ParagraphSentence>
          <Sentence WritingMode="vertical">この法律の施行の際現に係属している訴訟については、当該訴訟を提起することができない旨を定めるこの法律による改正後の規定にかかわらず、なお従前の例による。</Sentence>
        </ParagraphSentence>
      </Paragraph>
      <Paragraph Hide="false" Num="4">
        <ParagraphNum>４</ParagraphNum>
        <ParagraphSentence>
          <Sentence WritingMode="vertical">この法律の施行の際現に係属している訴訟の管轄については、当該管轄を専属管轄とする旨のこの法律による改正後の規定にかかわらず、なお従前の例による。</Sentence>
        </ParagraphSentence>
      </Paragraph>
      <Paragraph Hide="false" Num="5">
        <ParagraphNum>５</ParagraphNum>
        <ParagraphSentence>
          <Sentence Function="main" Num="1" WritingMode="vertical">この法律の施行の際現にこの法律による改正前の規定による出訴期間が進行している処分又は裁決に関する訴訟の出訴期間については、なお従前の例による。</Sentence>
          <Sentence Function="proviso" Num="2" WritingMode="vertical">ただし、この法律による改正後の規定による出訴期間がこの法律による改正前の規定による出訴期間より短い場合に限る。</Sentence>
        </ParagraphSentence>
      </Paragraph>
      <Paragraph Hide="false" Num="6">
        <ParagraphNum>６</ParagraphNum>
        <ParagraphSentence>
          <Sentence WritingMode="vertical">この法律の施行前にされた処分又は裁決に関する当事者訴訟で、この法律による改正により出訴期間が定められることとなつたものについての出訴期間は、この法律の施行の日から起算する。</Sentence>
        </ParagraphSentence>
      </Paragraph>
      <Paragraph Hide="false" Num="7">
        <ParagraphNum>７</ParagraphNum>
        <ParagraphSentence>
          <Sentence Function="main" Num="1" WritingMode="vertical">この法律の施行の際現に係属している処分又は裁決の取消しの訴えについては、当該法律関係の当事者の一方を被告とする旨のこの法律による改正後の規定にかかわらず、なお従前の例による。</Sentence>
          <Sentence Function="proviso" Num="2" WritingMode="vertical">ただし、裁判所は、原告の申立てにより、決定をもつて、当該訴訟を当事者訴訟に変更することを許すことができる。</Sentence>
        </ParagraphSentence>
      </Paragraph>
      <Paragraph Hide="false" Num="8">
        <ParagraphNum>８</ParagraphNum>
        <ParagraphSentence>
          <Sentence WritingMode="vertical">前項ただし書の場合には、行政事件訴訟法第十八条後段及び第二十一条第二項から第五項までの規定を準用する。</Sentence>
        </ParagraphSentence>
      </Paragraph>
    </SupplProvision>
    <SupplProvision AmendLawNum="昭和四〇年六月一一日法律第一二八号">
      <SupplProvisionLabel>附　則</SupplProvisionLabel>
      <Paragraph Hide="false" Num="1">
        <ParagraphNum/>
        <ParagraphSentence>
          <Sentence WritingMode="vertical">この法律は、公布の日から施行する。</Sentence>
        </ParagraphSentence>
      </Paragraph>
    </SupplProvision>
    <SupplProvision AmendLawNum="昭和四二年八月一日法律第一二〇号" Extract="true">
      <SupplProvisionLabel>附　則</SupplProvisionLabel>
      <Paragraph Hide="false" Num="1">
        <ParagraphCaption>（施行期日）</ParagraphCaption>
        <ParagraphNum>１</ParagraphNum>
        <ParagraphSentence>
          <Sentence WritingMode="vertical">この法律は、公布の日から施行する。</Sentence>
        </ParagraphSentence>
      </Paragraph>
    </SupplProvision>
    <SupplProvision AmendLawNum="昭和四五年五月一八日法律第六四号">
      <SupplProvisionLabel>附　則</SupplProvisionLabel>
      <Paragraph Hide="false" Num="1">
        <ParagraphNum/>
        <ParagraphSentence>
          <Sentence WritingMode="vertical">この法律は、公布の日から施行する。</Sentence>
        </ParagraphSentence>
      </Paragraph>
    </SupplProvision>
    <SupplProvision AmendLawNum="昭和五〇年六月二五日法律第四四号">
      <SupplProvisionLabel>附　則</SupplProvisionLabel>
      <Paragraph Hide="false" Num="1">
        <ParagraphNum/>
        <ParagraphSentence>
          <Sentence WritingMode="vertical">この法律は、公布の日から施行する。</Sentence>
        </ParagraphSentence>
      </Paragraph>
    </SupplProvision>
    <SupplProvision AmendLawNum="昭和五五年一一月六日法律第八三号">
      <SupplProvisionLabel>附　則</SupplProvisionLabel>
      <Paragraph Hide="false" Num="1">
        <ParagraphNum/>
        <ParagraphSentence>
          <Sentence WritingMode="vertical">この法律は、公布の日から施行する。</Sentence>
        </ParagraphSentence>
      </Paragraph>
    </SupplProvision>
    <SupplProvision AmendLawNum="昭和五六年五月二五日法律第五一号">
      <SupplProvisionLabel>附　則</SupplProvisionLabel>
      <Paragraph Hide="false" Num="1">
        <ParagraphNum/>
        <ParagraphSentence>
          <Sentence WritingMode="vertical">この法律は、公布の日から施行する。</Sentence>
        </ParagraphSentence>
      </Paragraph>
    </SupplProvision>
    <SupplProvision AmendLawNum="昭和五七年八月一七日法律第八〇号" Extract="true">
      <SupplProvisionLabel>附　則</SupplProvisionLabel>
      <Article Delete="false" Hide="false" Num="1">
        <ArticleCaption>（施行期日）</ArticleCaption>
        <ArticleTitle>第一条</ArticleTitle>
        <Paragraph Hide="false" Num="1">
          <ParagraphNum/>
          <ParagraphSentence>
            <Sentence Function="main" Num="1" WritingMode="vertical">この法律は、公布の日から起算して一年六月を超えない範囲内において政令で定める日から施行する。</Sentence>
            <Sentence Function="proviso" Num="2" WritingMode="vertical">ただし、第五章、第八十四条、第八十七条第二項、附則第三十一条及び附則第三十二条の規定（附則第三十一条の規定による社会保険診療報酬支払基金法第十三条第二項の改正規定を除く。）は公布の日から起算して一年三月を超えない範囲内において政令で定める日から、第二章、第三十条（中央社会保険医療協議会に関する部分に限る。）及び附則第三十八条から附則第四十条までの規定に公布の日から起算して三月を超えない範囲内において政令で定める日から施行する。</Sentence>
          </ParagraphSentence>
        </Paragraph>
      </Article>
      <Article Delete="false" Hide="false" Num="49">
        <ArticleCaption>（優生保護法の一部改正に伴う経過措置）</ArticleCaption>
        <ArticleTitle>第四十九条</ArticleTitle>
        <Paragraph Hide="false" Num="1">
          <ParagraphNum/>
          <ParagraphSentence>
            <Sentence WritingMode="vertical">前条の規定の施行の日前にした行為に対する優生保護法の規定による罰則の適用については、なお従前の例による。</Sentence>
          </ParagraphSentence>
        </Paragraph>
      </Article>
    </SupplProvision>
    <SupplProvision AmendLawNum="昭和六〇年六月二五日法律第七二号">
      <SupplProvisionLabel>附　則</SupplProvisionLabel>
      <Paragraph Hide="false" Num="1">
        <ParagraphNum/>
        <ParagraphSentence>
          <Sentence WritingMode="vertical">この法律は、公布の日から施行する。</Sentence>
        </ParagraphSentence>
      </Paragraph>
    </SupplProvision>
    <SupplProvision AmendLawNum="昭和六二年九月二六日法律第九八号" Extract="true">
      <SupplProvisionLabel>附　則</SupplProvisionLabel>
      <Article Delete="false" Hide="false" Num="1">
        <ArticleCaption>（施行期日）</ArticleCaption>
        <ArticleTitle>第一条</ArticleTitle>
        <Paragraph Hide="false" Num="1">
          <ParagraphNum/>
          <ParagraphSentence>
            <Sentence WritingMode="vertical">この法律は、公布の日から起算して一年を超えない範囲内において政令で定める日から施行する。</Sentence>
          </ParagraphSentence>
        </Paragraph>
      </Article>
    </SupplProvision>
    <SupplProvision AmendLawNum="平成二年六月二九日法律第五六号">
      <SupplProvisionLabel>附　則</SupplProvisionLabel>
      <Paragraph Hide="false" Num="1">
        <ParagraphNum/>
        <ParagraphSentence>
          <Sentence WritingMode="vertical">この法律は、公布の日から施行する。</Sentence>
        </ParagraphSentence>
      </Paragraph>
    </SupplProvision>
    <SupplProvision AmendLawNum="平成五年六月一八日法律第七四号" Extract="true">
      <SupplProvisionLabel>附　則</SupplProvisionLabel>
      <Article Delete="false" Hide="false" Num="1">
        <ArticleCaption>（施行期日）</ArticleCaption>
        <ArticleTitle>第一条</ArticleTitle>
        <Paragraph Hide="false" Num="1">
          <ParagraphNum/>
          <ParagraphSentence>
            <Sentence WritingMode="vertical">この法律は、公布の日から起算して一年を超えない範囲内において政令で定める日から施行する。</Sentence>
          </ParagraphSentence>
        </Paragraph>
      </Article>
    </SupplProvision>
    <SupplProvision AmendLawNum="平成五年一一月一二日法律第八九号" Extract="true">
      <SupplProvisionLabel>附　則</SupplProvisionLabel>
      <Article Delete="false" Hide="false" Num="1">
        <ArticleCaption>（施行期日）</ArticleCaption>
        <ArticleTitle>第一条</ArticleTitle>
        <Paragraph Hide="false" Num="1">
          <ParagraphNum/>
          <ParagraphSentence>
            <Sentence WritingMode="vertical">この法律は、行政手続法（平成五年法律第八十八号）の施行の日から施行する。</Sentence>
          </ParagraphSentence>
        </Paragraph>
      </Article>
      <Article Delete="false" Hide="false" Num="2">
        <ArticleCaption>（諮問等がされた不利益処分に関する経過措置）</ArticleCaption>
        <ArticleTitle>第二条</ArticleTitle>
        <Paragraph Hide="false" Num="1">
          <ParagraphNum/>
          <ParagraphSentence>
            <Sentence WritingMode="vertical">この法律の施行前に法令に基づき審議会その他の合議制の機関に対し行政手続法第十三条に規定する聴聞又は弁明の機会の付与の手続その他の意見陳述のための手続に相当する手続を執るべきことの諮問その他の求めがされた場合においては、当該諮問その他の求めに係る不利益処分の手続に関しては、この法律による改正後の関係法律の規定にかかわらず、なお従前の例による。</Sentence>
          </ParagraphSentence>
        </Paragraph>
      </Article>
      <Article Delete="false" Hide="false" Num="13">
        <ArticleCaption>（罰則に関する経過措置）</ArticleCaption>
        <ArticleTitle>第十三条</ArticleTitle>
        <Paragraph Hide="false" Num="1">
          <ParagraphNum/>
          <ParagraphSentence>
            <Sentence WritingMode="vertical">この法律の施行前にした行為に対する罰則の適用については、なお従前の例による。</Sentence>
          </ParagraphSentence>
        </Paragraph>
      </Article>
      <Article Delete="false" Hide="false" Num="14">
        <ArticleCaption>（聴聞に関する規定の整理に伴う経過措置）</ArticleCaption>
        <ArticleTitle>第十四条</ArticleTitle>
        <Paragraph Hide="false" Num="1">
          <ParagraphNum/>
          <ParagraphSentence>
            <Sentence WritingMode="vertical">この法律の施行前に法律の規定により行われた聴聞、聴問若しくは聴聞会（不利益処分に係るものを除く。）又はこれらのための手続は、この法律による改正後の関係法律の相当規定により行われたものとみなす。</Sentence>
          </ParagraphSentence>
        </Paragraph>
      </Article>
      <Article Delete="false" Hide="false" Num="15">
        <ArticleCaption>（政令への委任）</ArticleCaption>
        <ArticleTitle>第十五条</ArticleTitle>
        <Paragraph Hide="false" Num="1">
          <ParagraphNum/>
          <ParagraphSentence>
            <Sentence WritingMode="vertical">附則第二条から前条までに定めるもののほか、この法律の施行に関して必要な経過措置は、政令で定める。</Sentence>
          </ParagraphSentence>
        </Paragraph>
      </Article>
    </SupplProvision>
    <SupplProvision AmendLawNum="平成六年七月一日法律第八四号" Extract="true">
      <SupplProvisionLabel>附　則</SupplProvisionLabel>
      <Article Delete="false" Hide="false" Num="1">
        <ArticleCaption>（施行期日）</ArticleCaption>
        <ArticleTitle>第一条</ArticleTitle>
        <Paragraph Hide="false" Num="1">
          <ParagraphNum/>
          <ParagraphSentence>
            <Sentence WritingMode="vertical">この法律は、公布の日から施行する。</Sentence>
          </ParagraphSentence>
        </Paragraph>
      </Article>
      <Article Delete="false" Hide="false" Num="13">
        <ArticleCaption>（その他の処分、申請等に係る経過措置）</ArticleCaption>
        <ArticleTitle>第十三条</ArticleTitle>
        <Paragraph Hide="false" Num="1">
          <ParagraphNum/>
          <ParagraphSentence>
            <Sentence WritingMode="vertical">この法律（附則第一条ただし書に規定する規定については、当該規定。以下この条及び次条において同じ。）の施行前に改正前のそれぞれの法律の規定によりされた許可等の処分その他の行為（以下この条において「処分等の行為」という。）又はこの法律の施行の際現に改正前のそれぞれの法律の規定によりされている許可等の申請その他の行為（以下この条において「申請等の行為」という。）に対するこの法律の施行の日以後における改正後のそれぞれの法律の適用については、附則第五条から第十条までの規定又は改正後のそれぞれの法律（これに基づく命令を含む。）の経過措置に関する規定に定めるものを除き、改正後のそれぞれの法律の相当規定によりされた処分等の行為又は申請等の行為とみなす。</Sentence>
          </ParagraphSentence>
        </Paragraph>
      </Article>
      <Article Delete="false" Hide="false" Num="14">
        <ArticleCaption>（罰則に関する経過措置）</ArticleCaption>
        <ArticleTitle>第十四条</ArticleTitle>
        <Paragraph Hide="false" Num="1">
          <ParagraphNum/>
          <ParagraphSentence>
            <Sentence WritingMode="vertical">この法律の施行前にした行為及びこの法律の附則において従前の例によることとされる場合におけるこの法律の施行後にした行為に対する罰則の適用については、なお従前の例による。</Sentence>
          </ParagraphSentence>
        </Paragraph>
      </Article>
      <Article Delete="false" Hide="false" Num="15">
        <ArticleCaption>（その他の経過措置の政令への委任）</ArticleCaption>
        <ArticleTitle>第十五条</ArticleTitle>
        <Paragraph Hide="false" Num="1">
          <ParagraphNum/>
          <ParagraphSentence>
            <Sentence WritingMode="vertical">この附則に規定するもののほか、この法律の施行に伴い必要な経過措置は政令で定める。</Sentence>
          </ParagraphSentence>
        </Paragraph>
      </Article>
    </SupplProvision>
    <SupplProvision AmendLawNum="平成七年五月一九日法律第九四号" Extract="true">
      <SupplProvisionLabel>附　則</SupplProvisionLabel>
      <Article Delete="false" Hide="false" Num="1">
        <ArticleCaption>（施行期日）</ArticleCaption>
        <ArticleTitle>第一条</ArticleTitle>
        <Paragraph Hide="false" Num="1">
          <ParagraphNum/>
          <ParagraphSentence>
            <Sentence WritingMode="vertical">この法律は、平成七年七月一日から施行する。</Sentence>
          </ParagraphSentence>
        </Paragraph>
      </Article>
    </SupplProvision>
    <SupplProvision AmendLawNum="平成七年六月一六日法律第一〇八号">
      <SupplProvisionLabel>附　則</SupplProvisionLabel>
      <Paragraph Hide="false" Num="1">
        <ParagraphNum/>
        <ParagraphSentence>
          <Sentence WritingMode="vertical">この法律は、公布の日から施行する。</Sentence>
        </ParagraphSentence>
      </Paragraph>
    </SupplProvision>
    <SupplProvision AmendLawNum="平成八年三月三一日法律第二八号" Extract="true">
      <SupplProvisionLabel>附　則</SupplProvisionLabel>
      <Article Delete="false" Hide="false" Num="1">
        <ArticleCaption>（施行期日）</ArticleCaption>
        <ArticleTitle>第一条</ArticleTitle>
        <Paragraph Hide="false" Num="1">
          <ParagraphNum/>
          <ParagraphSentence>
            <Sentence WritingMode="vertical">この法律は、平成八年四月一日から施行する。</Sentence>
          </ParagraphSentence>
        </Paragraph>
      </Article>
    </SupplProvision>
    <SupplProvision AmendLawNum="平成八年六月二六日法律第一〇五号" Extract="true">
      <SupplProvisionLabel>附　則</SupplProvisionLabel>
      <Article Delete="false" Hide="false" Num="1">
        <ArticleCaption>（施行期日）</ArticleCaption>
        <ArticleTitle>第一条</ArticleTitle>
        <Paragraph Hide="false" Num="1">
          <ParagraphNum/>
          <ParagraphSentence>
            <Sentence WritingMode="vertical">この法律は、公布の日から起算して三月を経過した日から施行する。</Sentence>
          </ParagraphSentence>
        </Paragraph>
      </Article>
      <Article Delete="false" Hide="false" Num="2">
        <ArticleCaption>（経過措置）</ArticleCaption>
        <ArticleTitle>第二条</ArticleTitle>
        <Paragraph Hide="false" Num="1">
          <ParagraphNum/>
          <ParagraphSentence>
            <Sentence WritingMode="vertical">この法律による改正前の優生保護法（以下「旧法」という。）第十条の規定により行われた優生手術に関する費用の支弁及び負担については、なお従前の例による。</Sentence>
          </ParagraphSentence>
        </Paragraph>
      </Article>
      <Article Delete="false" Hide="false" Num="3">
        <ArticleTitle>第三条</ArticleTitle>
        <Paragraph Hide="false" Num="1">
          <ParagraphNum/>
          <ParagraphSentence>
            <Sentence WritingMode="vertical">旧法第三条第一項、第十条、第十三条第二項又は第十四条第一項の規定により行われた優生手術又は人工妊娠中絶に係る旧法第二十五条の届出については、なお従前の例による。</Sentence>
          </ParagraphSentence>
        </Paragraph>
      </Article>
      <Article Delete="false" Hide="false" Num="4">
        <ArticleTitle>第四条</ArticleTitle>
        <Paragraph Hide="false" Num="1">
          <ParagraphNum/>
          <ParagraphSentence>
            <Sentence WritingMode="vertical">旧法第二十七条に規定する者の秘密を守る義務については、なお従前の例による。</Sentence>
          </ParagraphSentence>
        </Paragraph>
      </Article>
      <Article Delete="false" Hide="false" Num="5">
        <ArticleTitle>第五条</ArticleTitle>
        <Paragraph Hide="false" Num="1">
          <ParagraphNum/>
          <ParagraphSentence>
            <Sentence WritingMode="vertical">この法律の施行前にした行為及び前二条の規定により従前の例によることとされる場合におけるこの法律の施行後にした行為に対する罰則の適用については、なお従前の例による。</Sentence>
          </ParagraphSentence>
        </Paragraph>
      </Article>
    </SupplProvision>
    <SupplProvision AmendLawNum="平成一一年一二月二二日法律第一六〇号" Extract="true">
      <SupplProvisionLabel>附　則</SupplProvisionLabel>
      <Article Delete="false" Hide="false" Num="1">
        <ArticleCaption>（施行期日）</ArticleCaption>
        <ArticleTitle>第一条</ArticleTitle>
        <Paragraph Hide="false" Num="1">
          <ParagraphNum/>
          <ParagraphSentence>
            <Sentence Function="main" Num="1" WritingMode="vertical">この法律（第二条及び第三条を除く。）は、平成十三年一月六日から施行する。</Sentence>
            <Sentence Function="proviso" Num="2" WritingMode="vertical">ただし、次の各号に掲げる規定は、当該各号に定める日から施行する。</Sentence>
          </ParagraphSentence>
          <Item Delete="false" Hide="false" Num="1">
            <ItemTitle>一</ItemTitle>
            <ItemSentence>
              <Column LineBreak="false" Num="1">
                <Sentence WritingMode="vertical">第九百九十五条（核原料物質、核燃料物質及び原子炉の規制に関する法律の一部を改正する法律附則の改正規定に係る部分に限る。）、第千三百五条、第千三百六条、第千三百二十四条第二項、第千三百二十六条第二項及び第千三百四十四条の規定</Sentence>
              </Column>
              <Column LineBreak="false" Num="2">
                <Sentence WritingMode="vertical">公布の日</Sentence>
              </Column>
            </ItemSentence>
          </Item>
        </Paragraph>
      </Article>
    </SupplProvision>
    <SupplProvision AmendLawNum="平成一二年五月二四日法律第八〇号" Extract="true">
      <SupplProvisionLabel>附　則</SupplProvisionLabel>
      <Paragraph Hide="false" Num="1">
        <ParagraphCaption>（施行期日）</ParagraphCaption>
        <ParagraphNum>１</ParagraphNum>
        <ParagraphSentence>
          <Sentence WritingMode="vertical">この法律は、公布の日から施行する。</Sentence>
        </ParagraphSentence>
      </Paragraph>
    </SupplProvision>
    <SupplProvision AmendLawNum="平成一三年一二月一二日法律第一五三号" Extract="true">
      <SupplProvisionLabel>附　則</SupplProvisionLabel>
      <Article Delete="false" Hide="false" Num="1">
        <ArticleCaption>（施行期日）</ArticleCaption>
        <ArticleTitle>第一条</ArticleTitle>
        <Paragraph Hide="false" Num="1">
          <ParagraphNum/>
          <ParagraphSentence>
            <Sentence WritingMode="vertical">この法律は、公布の日から起算して六月を超えない範囲内において政令で定める日から施行する。</Sentence>
          </ParagraphSentence>
        </Paragraph>
      </Article>
      <Article Delete="false" Hide="false" Num="42">
        <ArticleCaption>（処分、手続等に関する経過措置）</ArticleCaption>
        <ArticleTitle>第四十二条</ArticleTitle>
        <Paragraph Hide="false" Num="1">
          <ParagraphNum/>
          <ParagraphSentence>
            <Sentence WritingMode="vertical">この法律の施行前に改正前のそれぞれの法律（これに基づく命令を含む。以下この条において同じ。）の規定によってした処分、手続その他の行為であって、改正後のそれぞれの法律の規定に相当の規定があるものは、この附則に別段の定めがあるものを除き、改正後のそれぞれの法律の相当の規定によってしたものとみなす。</Sentence>
          </ParagraphSentence>
        </Paragraph>
      </Article>
      <Article Delete="false" Hide="false" Num="43">
        <ArticleCaption>（罰則に関する経過措置）</ArticleCaption>
        <ArticleTitle>第四十三条</ArticleTitle>
        <Paragraph Hide="false" Num="1">
          <ParagraphNum/>
          <ParagraphSentence>
            <Sentence WritingMode="vertical">この法律の施行前にした行為及びこの附則の規定によりなお従前の例によることとされる場合におけるこの法律の施行後にした行為に対する罰則の適用については、なお従前の例による。</Sentence>
          </ParagraphSentence>
        </Paragraph>
      </Article>
      <Article Delete="false" Hide="false" Num="44">
        <ArticleCaption>（経過措置の政令への委任）</ArticleCaption>
        <ArticleTitle>第四十四条</ArticleTitle>
        <Paragraph Hide="false" Num="1">
          <ParagraphNum/>
          <ParagraphSentence>
            <Sentence WritingMode="vertical">この附則に規定するもののほか、この法律の施行に関し必要な経過措置は、政令で定める。</Sentence>
          </ParagraphSentence>
        </Paragraph>
      </Article>
    </SupplProvision>
    <SupplProvision AmendLawNum="平成一七年七月二九日法律第九〇号">
      <SupplProvisionLabel>附　則</SupplProvisionLabel>
      <Paragraph Hide="false" Num="1">
        <ParagraphNum/>
        <ParagraphSentence>
          <Sentence WritingMode="vertical">この法律は、公布の日から施行する。</Sentence>
        </ParagraphSentence>
      </Paragraph>
    </SupplProvision>
    <SupplProvision AmendLawNum="平成一八年六月二日法律第五〇号" Extract="true">
      <SupplProvisionLabel>附　則</SupplProvisionLabel>
      <Paragraph Hide="false" Num="1">
        <ParagraphNum/>
        <ParagraphSentence>
          <Sentence WritingMode="vertical">この法律は、一般社団・財団法人法の施行の日から施行する。</Sentence>
        </ParagraphSentence>
      </Paragraph>
    </SupplProvision>
    <SupplProvision AmendLawNum="平成一八年六月二一日法律第八三号" Extract="true">
      <SupplProvisionLabel>附　則</SupplProvisionLabel>
      <Article Delete="false" Hide="false" Num="1">
        <ArticleCaption>（施行期日）</ArticleCaption>
        <ArticleTitle>第一条</ArticleTitle>
        <Paragraph Hide="false" Num="1">
          <ParagraphNum/>
          <ParagraphSentence>
            <Sentence Function="main" Num="1" WritingMode="vertical">この法律は、平成十八年十月一日から施行する。</Sentence>
            <Sentence Function="proviso" Num="2" WritingMode="vertical">ただし、次の各号に掲げる規定は、それぞれ当該各号に定める日から施行する。</Sentence>
          </ParagraphSentence>
          <Item Delete="false" Hide="false" Num="1:3">
            <ItemTitle>一から三まで</ItemTitle>
            <ItemSentence>
              <Sentence WritingMode="vertical">略</Sentence>
            </ItemSentence>
          </Item>
          <Item Delete="false" Hide="false" Num="4">
            <ItemTitle>四</ItemTitle>
            <ItemSentence>
              <Column LineBreak="false" Num="1">
                <Sentence WritingMode="vertical">第三条、第七条、第十三条、第十六条、第十九条及び第二十四条並びに附則第二条第二項、第三十七条から第三十九条まで、第四十一条、第四十二条、第四十四条、第五十七条、第六十六条、第七十五条、第七十六条、第七十八条、第七十九条、第八十一条、第八十四条、第八十五条、第八十七条、第八十九条、第九十三条から第九十五条まで、第九十七条から第百条まで、第百三条、第百九条、第百十四条、第百十七条、第百二十条、第百二十三条、第百二十六条、第百二十八条及び第百三十条の規定</Sentence>
              </Column>
              <Column LineBreak="false" Num="2">
                <Sentence WritingMode="vertical">平成二十年四月一日</Sentence>
              </Column>
            </ItemSentence>
          </Item>
        </Paragraph>
      </Article>
    </SupplProvision>
    <SupplProvision AmendLawNum="平成二二年六月二三日法律第四六号">
      <SupplProvisionLabel>附　則</SupplProvisionLabel>
      <Paragraph Hide="false" Num="1">
        <ParagraphNum/>
        <ParagraphSentence>
          <Sentence WritingMode="vertical">この法律は、公布の日から施行する。</Sentence>
        </ParagraphSentence>
      </Paragraph>
    </SupplProvision>
    <SupplProvision AmendLawNum="平成二三年六月二四日法律第七四号" Extract="true">
      <SupplProvisionLabel>附　則</SupplProvisionLabel>
      <Article Delete="false" Hide="false" Num="1">
        <ArticleCaption>（施行期日）</ArticleCaption>
        <ArticleTitle>第一条</ArticleTitle>
        <Paragraph Hide="false" Num="1">
          <ParagraphNum/>
          <ParagraphSentence>
            <Sentence WritingMode="vertical">この法律は、公布の日から起算して二十日を経過した日から施行する。</Sentence>
          </ParagraphSentence>
        </Paragraph>
      </Article>
    </SupplProvision>
    <SupplProvision AmendLawNum="平成二三年六月二四日法律第七五号">
      <SupplProvisionLabel>附　則</SupplProvisionLabel>
      <Paragraph Hide="false" Num="1">
        <ParagraphNum/>
        <ParagraphSentence>
          <Sentence WritingMode="vertical">この法律は、公布の日から施行する。</Sentence>
        </ParagraphSentence>
      </Paragraph>
    </SupplProvision>
    <SupplProvision AmendLawNum="平成二五年一一月二七日法律第八四号" Extract="true">
      <SupplProvisionLabel>附　則</SupplProvisionLabel>
      <Article Delete="false" Hide="false" Num="1">
        <ArticleCaption>（施行期日）</ArticleCaption>
        <ArticleTitle>第一条</ArticleTitle>
        <Paragraph Hide="false" Num="1">
          <ParagraphNum/>
          <ParagraphSentence>
            <Sentence WritingMode="vertical">この法律は、公布の日から起算して一年を超えない範囲内において政令で定める日から施行する。</Sentence>
          </ParagraphSentence>
        </Paragraph>
      </Article>
      <Article Delete="false" Hide="false" Num="101">
        <ArticleCaption>（罰則に関する経過措置）</ArticleCaption>
        <ArticleTitle>第百一条</ArticleTitle>
        <Paragraph Hide="false" Num="1">
          <ParagraphNum/>
          <ParagraphSentence>
            <Sentence WritingMode="vertical">この法律の施行前にした行為及びこの法律の規定によりなお従前の例によることとされる場合におけるこの法律の施行後にした行為に対する罰則の適用については、なお従前の例による。</Sentence>
          </ParagraphSentence>
        </Paragraph>
      </Article>
    </SupplProvision>
    <SupplProvision AmendLawNum="平成二五年一二月一三日法律第一〇三号" Extract="true">
      <SupplProvisionLabel>附　則</SupplProvisionLabel>
      <Article Delete="false" Hide="false" Num="1">
        <ArticleCaption>（施行期日）</ArticleCaption>
        <ArticleTitle>第一条</ArticleTitle>
        <Paragraph Hide="false" Num="1">
          <ParagraphNum/>
          <ParagraphSentence>
            <Sentence Function="main" Num="1" WritingMode="vertical">この法律は、公布の日から起算して六月を超えない範囲内において政令で定める日から施行する。</Sentence>
            <Sentence Function="proviso" Num="2" WritingMode="vertical">ただし、次の各号に掲げる規定は、当該各号に定める日から施行する。</Sentence>
          </ParagraphSentence>
          <Item Delete="false" Hide="false" Num="1">
            <ItemTitle>一</ItemTitle>
            <ItemSentence>
              <Sentence WritingMode="vertical">略</Sentence>
            </ItemSentence>
          </Item>
          <Item Delete="false" Hide="false" Num="2">
            <ItemTitle>二</ItemTitle>
            <ItemSentence>
              <Column LineBreak="false" Num="1">
                <Sentence WritingMode="vertical">附則第十七条の規定</Sentence>
              </Column>
              <Column LineBreak="false" Num="2">
                <Sentence WritingMode="vertical">薬事法等の一部を改正する法律（平成二十五年法律第八十四号）の公布の日又はこの法律の公布の日のいずれか遅い日</Sentence>
              </Column>
            </ItemSentence>
          </Item>
        </Paragraph>
      </Article>
    </SupplProvision>
  </LawBody>
</Law>
