<?xml version="1.0" encoding="UTF-8" standalone="no"?>
<Law Era="Showa" Lang="ja" LawType="MinisterialOrdinance" Num="030" Year="23">
  <LawNum>昭和二十三年厚生省令第三十号</LawNum>
  <LawBody>
    <LawTitle>化製場等に関する法律施行規則</LawTitle>
    <EnactStatement>
      <Ruby>へ<Rt>ヽ</Rt>
</Ruby>
      <Ruby>い<Rt>ヽ</Rt>
</Ruby>獣処理場等に関する法律施行規則を次のように定める。</EnactStatement>
    <MainProvision>
      <Paragraph Num="1">
        <ParagraphNum/>
        <ParagraphSentence>
          <Sentence>化製場等に関する法律（昭和二十三年法律第百四十号。以下「法」という。）第六条第一項（法第八条及び法第九条第五項において準用する場合を含む。）の職権を行う者を環境衛生監視員と称し、同条第二項に規定する証票は、別に定める。</Sentence>
        </ParagraphSentence>
      </Paragraph>
    </MainProvision>
    <SupplProvision>
      <SupplProvisionLabel>附　則</SupplProvisionLabel>
      <Paragraph Num="1">
        <ParagraphNum/>
        <ParagraphSentence>
          <Sentence>この省令は、公布の日から、これを施行する。</Sentence>
        </ParagraphSentence>
      </Paragraph>
    </SupplProvision>
    <SupplProvision AmendLawNum="昭和二五年四月一日厚生省令第一三号">
      <SupplProvisionLabel>附　則</SupplProvisionLabel>
      <Paragraph Num="1">
        <ParagraphNum/>
        <ParagraphSentence>
          <Sentence>この省令は、公布の日から施行する。</Sentence>
        </ParagraphSentence>
      </Paragraph>
    </SupplProvision>
    <SupplProvision AmendLawNum="昭和三一年九月六日厚生省令第三一号">
      <SupplProvisionLabel>附　則</SupplProvisionLabel>
      <Paragraph Num="1">
        <ParagraphCaption>（施行期日）</ParagraphCaption>
        <ParagraphNum>１</ParagraphNum>
        <ParagraphSentence>
          <Sentence>この省令は、公布の日から施行する。</Sentence>
        </ParagraphSentence>
      </Paragraph>
      <Paragraph Num="2">
        <ParagraphCaption>（経過規定）</ParagraphCaption>
        <ParagraphNum>２</ParagraphNum>
        <ParagraphSentence>
          <Sentence>この省令施行の際、現に改正前の第一条又は第二条の規定によりなされた許可の申請は、改正後の相当規定によりなされた許可の申請とみなす。</Sentence>
        </ParagraphSentence>
      </Paragraph>
    </SupplProvision>
    <SupplProvision AmendLawNum="昭和三四年九月一五日厚生省令第二九号">
      <SupplProvisionLabel>附　則</SupplProvisionLabel>
      <Paragraph Num="1">
        <ParagraphCaption>（施行期日）</ParagraphCaption>
        <ParagraphNum>１</ParagraphNum>
        <ParagraphSentence>
          <Sentence>この省令は、昭和三十四年十月一日から施行する。</Sentence>
        </ParagraphSentence>
      </Paragraph>
      <Paragraph Num="2">
        <ParagraphCaption>（経過規定）</ParagraphCaption>
        <ParagraphNum>２</ParagraphNum>
        <ParagraphSentence>
          <Sentence>へい獣処理場等に関する法律の一部を改正する法律（昭和三十四年法律第百四十三号）附則第三項の規定による届出については、第六条の規定を準用する。</Sentence>
        </ParagraphSentence>
      </Paragraph>
    </SupplProvision>
    <SupplProvision AmendLawNum="昭和五二年一月一八日厚生省令第一号" Extract="true">
      <SupplProvisionLabel>附　則</SupplProvisionLabel>
      <Paragraph Num="1">
        <ParagraphCaption>（施行期日）</ParagraphCaption>
        <ParagraphNum>１</ParagraphNum>
        <ParagraphSentence>
          <Sentence>この省令は、昭和五十二年四月一日から施行する。</Sentence>
        </ParagraphSentence>
      </Paragraph>
    </SupplProvision>
    <SupplProvision AmendLawNum="昭和五五年五月一日厚生省令第一六号">
      <SupplProvisionLabel>附　則</SupplProvisionLabel>
      <Paragraph Num="1">
        <ParagraphNum/>
        <ParagraphSentence>
          <Sentence>この省令は、許可、認可等の整理に関する法律（昭和五十四年法律第七十号）の一部の施行の日（昭和五十五年六月一日）から施行する。</Sentence>
        </ParagraphSentence>
      </Paragraph>
    </SupplProvision>
    <SupplProvision AmendLawNum="昭和五九年九月五日厚生省令第四二号" Extract="true">
      <SupplProvisionLabel>附　則</SupplProvisionLabel>
      <Paragraph Num="1">
        <ParagraphNum>１</ParagraphNum>
        <ParagraphSentence>
          <Sentence>この省令は、昭和五十九年十月一日から施行する。</Sentence>
        </ParagraphSentence>
      </Paragraph>
      <Paragraph Num="2">
        <ParagraphNum>２</ParagraphNum>
        <ParagraphSentence>
          <Sentence>この省令の施行前にこの省令による改正前の興行場法施行規則（以下「旧興行場法施行規則」という。）第二条に規定する営業の変更等又はこの省令による改正前のへい獣処理場等に関する法律施行規則（以下「旧へい獣処理場等に関する法律施行規則」という。）第三条（旧へい獣処理場等に関する法律施行規則第四条において準用する場合を含む。）に規定する経営の停廃止等若しくは第七条に規定する動物の飼養若しくは収容の停止等を行つた者については、旧興行場法施行規則又は旧へい獣処理場等に関する法律施行規則は、この省令の施行後も、なおその効力を有する。</Sentence>
        </ParagraphSentence>
      </Paragraph>
    </SupplProvision>
    <SupplProvision AmendLawNum="平成二年二月一七日厚生省令第二号" Extract="true">
      <SupplProvisionLabel>附　則</SupplProvisionLabel>
      <Paragraph Num="1">
        <ParagraphNum>１</ParagraphNum>
        <ParagraphSentence>
          <Sentence>この省令は、へい獣処理場等に関する法律の一部を改正する法律の施行の日（平成二年五月一日）から施行する。</Sentence>
        </ParagraphSentence>
      </Paragraph>
    </SupplProvision>
  </LawBody>
</Law>
