<?xml version="1.0" encoding="UTF-8" standalone="no"?>
<Law Era="Showa" Lang="ja" LawType="MinisterialOrdinance" Num="24" Year="23">
  <LawNum>昭和二十三年厚生省令第二十四号</LawNum>
  <LawBody>
    <LawTitle>墓地、埋葬等に関する法律施行規則</LawTitle>
    <EnactStatement>墓地、埋葬等に関する法律施行規則を次のように定める。</EnactStatement>
    <MainProvision>
      <Article Delete="false" Hide="false" Num="1">
        <ArticleTitle>第一条</ArticleTitle>
        <Paragraph Hide="false" Num="1">
          <ParagraphNum/>
          <ParagraphSentence>
            <Sentence WritingMode="vertical">墓地、埋葬等に関する法律（昭和二十三年法律第四十八号。以下「法」という。）第五条第一項の規定により、市町村長（特別区の区長を含む。以下同じ。）の埋葬又は火葬の許可を受けようとする者は、次の事項を記載した申請書を、同条第二項に規定する市町村長に提出しなければならない。</Sentence>
          </ParagraphSentence>
          <Item Delete="false" Hide="false" Num="1">
            <ItemTitle>一</ItemTitle>
            <ItemSentence>
              <Sentence WritingMode="vertical">死亡者の本籍、住所、氏名（死産の場合は、父母の本籍、住所、氏名）</Sentence>
            </ItemSentence>
          </Item>
          <Item Delete="false" Hide="false" Num="2">
            <ItemTitle>二</ItemTitle>
            <ItemSentence>
              <Sentence WritingMode="vertical">死亡者の性別（死産の場合は、死児の性別）</Sentence>
            </ItemSentence>
          </Item>
          <Item Delete="false" Hide="false" Num="3">
            <ItemTitle>三</ItemTitle>
            <ItemSentence>
              <Sentence WritingMode="vertical">死亡者の出生年月日（死産の場合は、妊娠月数）</Sentence>
            </ItemSentence>
          </Item>
          <Item Delete="false" Hide="false" Num="4">
            <ItemTitle>四</ItemTitle>
            <ItemSentence>
              <Sentence WritingMode="vertical">死因（感染症の予防及び感染症の患者に対する医療に関する法律（平成十年法律第百十四号）第六条第二項から第四項まで及び第七項に規定する感染症、同条第八項に規定する感染症のうち同法第七条に規定する政令により当該感染症について同法第三十条の規定が準用されるもの並びに同法第六条第九項に規定する感染症、その他の別）</Sentence>
            </ItemSentence>
          </Item>
          <Item Delete="false" Hide="false" Num="5">
            <ItemTitle>五</ItemTitle>
            <ItemSentence>
              <Sentence WritingMode="vertical">死亡年月日（死産の場合は、分べん年月日）</Sentence>
            </ItemSentence>
          </Item>
          <Item Delete="false" Hide="false" Num="6">
            <ItemTitle>六</ItemTitle>
            <ItemSentence>
              <Sentence WritingMode="vertical">死亡場所（死産の場合は、分べん場所）</Sentence>
            </ItemSentence>
          </Item>
          <Item Delete="false" Hide="false" Num="7">
            <ItemTitle>七</ItemTitle>
            <ItemSentence>
              <Sentence WritingMode="vertical">埋葬又は火葬場所</Sentence>
            </ItemSentence>
          </Item>
          <Item Delete="false" Hide="false" Num="8">
            <ItemTitle>八</ItemTitle>
            <ItemSentence>
              <Sentence WritingMode="vertical">申請者の住所、氏名及び死亡者との続柄</Sentence>
            </ItemSentence>
          </Item>
        </Paragraph>
      </Article>
      <Article Delete="false" Hide="false" Num="2">
        <ArticleTitle>第二条</ArticleTitle>
        <Paragraph Hide="false" Num="1">
          <ParagraphNum/>
          <ParagraphSentence>
            <Sentence WritingMode="vertical">法第五条第一項の規定により、市町村長の改葬の許可を受けようとする者は、次の事項を記載した申請書を、同条第二項に規定する市町村長に提出しなければならない。</Sentence>
          </ParagraphSentence>
          <Item Delete="false" Hide="false" Num="1">
            <ItemTitle>一</ItemTitle>
            <ItemSentence>
              <Sentence WritingMode="vertical">死亡者の本籍、住所、氏名及び性別（死産の場合は、父母の本籍、住所及び氏名）</Sentence>
            </ItemSentence>
          </Item>
          <Item Delete="false" Hide="false" Num="2">
            <ItemTitle>二</ItemTitle>
            <ItemSentence>
              <Sentence WritingMode="vertical">死亡年月日（死産の場合は、分べん年月日）</Sentence>
            </ItemSentence>
          </Item>
          <Item Delete="false" Hide="false" Num="3">
            <ItemTitle>三</ItemTitle>
            <ItemSentence>
              <Sentence WritingMode="vertical">埋葬又は火葬の場所</Sentence>
            </ItemSentence>
          </Item>
          <Item Delete="false" Hide="false" Num="4">
            <ItemTitle>四</ItemTitle>
            <ItemSentence>
              <Sentence WritingMode="vertical">埋葬又は火葬の年月日</Sentence>
            </ItemSentence>
          </Item>
          <Item Delete="false" Hide="false" Num="5">
            <ItemTitle>五</ItemTitle>
            <ItemSentence>
              <Sentence WritingMode="vertical">改葬の理由</Sentence>
            </ItemSentence>
          </Item>
          <Item Delete="false" Hide="false" Num="6">
            <ItemTitle>六</ItemTitle>
            <ItemSentence>
              <Sentence WritingMode="vertical">改葬の場所</Sentence>
            </ItemSentence>
          </Item>
          <Item Delete="false" Hide="false" Num="7">
            <ItemTitle>七</ItemTitle>
            <ItemSentence>
              <Sentence WritingMode="vertical">申請者の住所、氏名、死亡者との続柄及び墓地使用者又は焼骨収蔵委託者（以下「墓地使用者等」という。）との関係</Sentence>
            </ItemSentence>
          </Item>
        </Paragraph>
        <Paragraph Hide="false" Num="2">
          <ParagraphNum>２</ParagraphNum>
          <ParagraphSentence>
            <Sentence WritingMode="vertical">前項の申請書には、次に掲げる書類を添付しなければならない。</Sentence>
          </ParagraphSentence>
          <Item Delete="false" Hide="false" Num="1">
            <ItemTitle>一</ItemTitle>
            <ItemSentence>
              <Sentence WritingMode="vertical">墓地又は納骨堂（以下「墓地等」という。）の管理者の作成した埋葬若しくは埋蔵又は収蔵の事実を証する書面（これにより難い特別の事情のある場合にあつては、市町村長が必要と認めるこれに準ずる書面）</Sentence>
            </ItemSentence>
          </Item>
          <Item Delete="false" Hide="false" Num="2">
            <ItemTitle>二</ItemTitle>
            <ItemSentence>
              <Sentence WritingMode="vertical">墓地使用者等以外の者にあつては、墓地使用者等の改葬についての承諾書又はこれに対抗することができる裁判の謄本</Sentence>
            </ItemSentence>
          </Item>
          <Item Delete="false" Hide="false" Num="3">
            <ItemTitle>三</ItemTitle>
            <ItemSentence>
              <Sentence WritingMode="vertical">その他市町村長が特に必要と認める書類</Sentence>
            </ItemSentence>
          </Item>
        </Paragraph>
      </Article>
      <Article Delete="false" Hide="false" Num="3">
        <ArticleTitle>第三条</ArticleTitle>
        <Paragraph Hide="false" Num="1">
          <ParagraphNum/>
          <ParagraphSentence>
            <Sentence WritingMode="vertical">死亡者の縁故者がない墳墓又は納骨堂（以下「無縁墳墓等」という。）に埋葬し、又は埋蔵し、若しくは収蔵された死体（妊娠四月以上の死胎を含む。以下同じ。）又は焼骨の改葬の許可に係る前条第一項の申請書には、同条第二項の規定にかかわらず、同項第一号に掲げる書類のほか、次に掲げる書類を添付しなければならない。</Sentence>
          </ParagraphSentence>
          <Item Delete="false" Hide="false" Num="1">
            <ItemTitle>一</ItemTitle>
            <ItemSentence>
              <Sentence WritingMode="vertical">無縁墳墓等の写真及び位置図</Sentence>
            </ItemSentence>
          </Item>
          <Item Delete="false" Hide="false" Num="2">
            <ItemTitle>二</ItemTitle>
            <ItemSentence>
              <Sentence WritingMode="vertical">死亡者の本籍及び氏名並びに墓地使用者等、死亡者の縁故者及び無縁墳墓等に関する権利を有する者に対し一年以内に申し出るべき旨を、官報に掲載し、かつ、無縁墳墓等の見やすい場所に設置された立札に一年間掲示して、公告し、その期間中にその申出がなかつた旨を記載した書面</Sentence>
            </ItemSentence>
          </Item>
          <Item Delete="false" Hide="false" Num="3">
            <ItemTitle>三</ItemTitle>
            <ItemSentence>
              <Sentence WritingMode="vertical">前号に規定する官報の写し及び立札の写真</Sentence>
            </ItemSentence>
          </Item>
          <Item Delete="false" Hide="false" Num="4">
            <ItemTitle>四</ItemTitle>
            <ItemSentence>
              <Sentence WritingMode="vertical">その他市町村長が特に必要と認める書類</Sentence>
            </ItemSentence>
          </Item>
        </Paragraph>
      </Article>
      <Article Delete="false" Hide="false" Num="4">
        <ArticleTitle>第四条</ArticleTitle>
        <Paragraph Hide="false" Num="1">
          <ParagraphNum/>
          <ParagraphSentence>
            <Sentence WritingMode="vertical">法第八条に規定する埋葬許可証は別記様式第一号又は第二号、改葬許可証は別記様式第三号、火葬許可証は別記様式第四号又は第五号によらなければならない。</Sentence>
          </ParagraphSentence>
        </Paragraph>
      </Article>
      <Article Delete="false" Hide="false" Num="5">
        <ArticleTitle>第五条</ArticleTitle>
        <Paragraph Hide="false" Num="1">
          <ParagraphNum/>
          <ParagraphSentence>
            <Sentence WritingMode="vertical">墓地等の管理者は、他の墓地等に焼骨の分骨を埋蔵し、又はその収蔵を委託しようとする者の請求があつたときは、その焼骨の埋蔵又は収蔵の事実を証する書類を、これに交付しなければならない。</Sentence>
          </ParagraphSentence>
        </Paragraph>
        <Paragraph Hide="false" Num="2">
          <ParagraphNum>２</ParagraphNum>
          <ParagraphSentence>
            <Sentence WritingMode="vertical">焼骨の分骨を埋蔵し、又はその収蔵を委託しようとする者は、墓地等の管理者に、前項に規定する書類を提出しなければならない。</Sentence>
          </ParagraphSentence>
        </Paragraph>
        <Paragraph Hide="false" Num="3">
          <ParagraphNum>３</ParagraphNum>
          <ParagraphSentence>
            <Sentence Num="1" WritingMode="vertical">前二項の規定は、火葬場の管理者について準用する。</Sentence>
            <Sentence Num="2" WritingMode="vertical">この場合において、第一項中「他の墓地等」とあるのは「墓地等」と、「埋蔵又は収蔵」とあるのは「火葬」と読み替えるものとする。</Sentence>
          </ParagraphSentence>
        </Paragraph>
      </Article>
      <Article Delete="false" Hide="false" Num="6">
        <ArticleTitle>第六条</ArticleTitle>
        <Paragraph Hide="false" Num="1">
          <ParagraphNum/>
          <ParagraphSentence>
            <Sentence WritingMode="vertical">墓地の管理者は、墓地の所在地、面積及び墳墓の状況を記載した図面を備えなければならない。</Sentence>
          </ParagraphSentence>
        </Paragraph>
        <Paragraph Hide="false" Num="2">
          <ParagraphNum>２</ParagraphNum>
          <ParagraphSentence>
            <Sentence WritingMode="vertical">納骨堂又は火葬場の管理者は、納骨堂又は火葬場の所在地、敷地面積及び建物の坪数を記載した図面を備えなければならない。</Sentence>
          </ParagraphSentence>
        </Paragraph>
      </Article>
      <Article Delete="false" Hide="false" Num="7">
        <ArticleTitle>第七条</ArticleTitle>
        <Paragraph Hide="false" Num="1">
          <ParagraphNum/>
          <ParagraphSentence>
            <Sentence WritingMode="vertical">墓地等の管理者は、次に掲げる事項を記載した帳簿を備えなければならない。</Sentence>
          </ParagraphSentence>
          <Item Delete="false" Hide="false" Num="1">
            <ItemTitle>一</ItemTitle>
            <ItemSentence>
              <Sentence WritingMode="vertical">墓地使用者等の住所及び氏名</Sentence>
            </ItemSentence>
          </Item>
          <Item Delete="false" Hide="false" Num="2">
            <ItemTitle>二</ItemTitle>
            <ItemSentence>
              <Sentence WritingMode="vertical">第一条第一号、第二号及び第五号に掲げる事項並びに埋葬若しくは埋蔵又は収蔵の年月日</Sentence>
            </ItemSentence>
          </Item>
          <Item Delete="false" Hide="false" Num="3">
            <ItemTitle>三</ItemTitle>
            <ItemSentence>
              <Sentence WritingMode="vertical">改葬の許可を受けた者の住所、氏名、死亡者との続柄及び墓地使用者等との関係並びに改葬の場所及び年月日</Sentence>
            </ItemSentence>
          </Item>
        </Paragraph>
        <Paragraph Hide="false" Num="2">
          <ParagraphNum>２</ParagraphNum>
          <ParagraphSentence>
            <Sentence WritingMode="vertical">墓地等の管理者は、前項に規定する帳簿のほか、墓地等の経営者の作成した当該墓地等の経営に係る業務に関する財産目録、貸借対照表、損益計算書及び事業報告書その他の財務に関する書類を備えなければならない。</Sentence>
          </ParagraphSentence>
        </Paragraph>
        <Paragraph Hide="false" Num="3">
          <ParagraphNum>３</ParagraphNum>
          <ParagraphSentence>
            <Sentence WritingMode="vertical">火葬場の管理者は、次に掲げる事項を記載した帳簿を備えなければならない。</Sentence>
          </ParagraphSentence>
          <Item Delete="false" Hide="false" Num="1">
            <ItemTitle>一</ItemTitle>
            <ItemSentence>
              <Sentence WritingMode="vertical">火葬を求めた者の住所及び氏名</Sentence>
            </ItemSentence>
          </Item>
          <Item Delete="false" Hide="false" Num="2">
            <ItemTitle>二</ItemTitle>
            <ItemSentence>
              <Sentence WritingMode="vertical">第一条第一号、第二号及び第五号に掲げる事項並びに火葬の年月日</Sentence>
            </ItemSentence>
          </Item>
        </Paragraph>
      </Article>
      <Article Delete="false" Hide="false" Num="8">
        <ArticleTitle>第八条</ArticleTitle>
        <Paragraph Hide="false" Num="1">
          <ParagraphNum/>
          <ParagraphSentence>
            <Sentence WritingMode="vertical">火葬場の管理者は、火葬を行つたときは、火葬許可証に火葬を行つた日時を記入し、署名し、印を押し、これを火葬を求めた者に返さなければならない。</Sentence>
          </ParagraphSentence>
        </Paragraph>
      </Article>
      <Article Delete="false" Hide="false" Num="9">
        <ArticleTitle>第九条</ArticleTitle>
        <Paragraph Hide="false" Num="1">
          <ParagraphNum/>
          <ParagraphSentence>
            <Sentence WritingMode="vertical">法第十七条の規定による埋葬状況の報告は、別記様式第六号、火葬状況の報告は別記様式第七号により、これを行わなければならない。</Sentence>
          </ParagraphSentence>
        </Paragraph>
      </Article>
      <Article Delete="false" Hide="false" Num="10">
        <ArticleTitle>第十条</ArticleTitle>
        <Paragraph Hide="false" Num="1">
          <ParagraphNum/>
          <ParagraphSentence>
            <Sentence WritingMode="vertical">法第十八条第一項の規定による当該職員の職権を行う者を、環境衛生監視員と称し、同条第二項の規定によりその携帯する証票は、別に定める。</Sentence>
          </ParagraphSentence>
        </Paragraph>
      </Article>
    </MainProvision>
    <SupplProvision>
      <SupplProvisionLabel>附　則</SupplProvisionLabel>
      <Paragraph Hide="false" Num="1">
        <ParagraphNum/>
        <ParagraphSentence>
          <Sentence WritingMode="vertical">この省令は、公布の日から、これを施行する。</Sentence>
        </ParagraphSentence>
      </Paragraph>
    </SupplProvision>
    <SupplProvision AmendLawNum="昭和二五年四月一日厚生省令第一三号">
      <SupplProvisionLabel>附　則</SupplProvisionLabel>
      <Paragraph Hide="false" Num="1">
        <ParagraphNum/>
        <ParagraphSentence>
          <Sentence WritingMode="vertical">この省令は、公布の日から施行する。</Sentence>
        </ParagraphSentence>
      </Paragraph>
    </SupplProvision>
    <SupplProvision AmendLawNum="昭和三一年九月二二日厚生省令第四一号">
      <SupplProvisionLabel>附　則</SupplProvisionLabel>
      <Paragraph Hide="false" Num="1">
        <ParagraphNum/>
        <ParagraphSentence>
          <Sentence WritingMode="vertical">この省令は、公布の日から施行する。</Sentence>
        </ParagraphSentence>
      </Paragraph>
    </SupplProvision>
    <SupplProvision AmendLawNum="昭和四五年四月一日厚生省令第一二号">
      <SupplProvisionLabel>附　則</SupplProvisionLabel>
      <Paragraph Hide="false" Num="1">
        <ParagraphNum/>
        <ParagraphSentence>
          <Sentence WritingMode="vertical">この省令は、公布の日から施行する。</Sentence>
        </ParagraphSentence>
      </Paragraph>
    </SupplProvision>
    <SupplProvision AmendLawNum="昭和五二年一月一八日厚生省令第一号" Extract="true">
      <SupplProvisionLabel>附　則</SupplProvisionLabel>
      <Paragraph Hide="false" Num="1">
        <ParagraphCaption>（施行期日）</ParagraphCaption>
        <ParagraphNum>１</ParagraphNum>
        <ParagraphSentence>
          <Sentence WritingMode="vertical">この省令は、昭和五十二年四月一日から施行する。</Sentence>
        </ParagraphSentence>
      </Paragraph>
    </SupplProvision>
    <SupplProvision AmendLawNum="昭和五八年一二月二三日厚生省令第四五号" Extract="true">
      <SupplProvisionLabel>附　則</SupplProvisionLabel>
      <Paragraph Hide="false" Num="1">
        <ParagraphNum>１</ParagraphNum>
        <ParagraphSentence>
          <Sentence WritingMode="vertical">この省令は、昭和五十九年一月一日から施行する。</Sentence>
        </ParagraphSentence>
      </Paragraph>
    </SupplProvision>
    <SupplProvision AmendLawNum="平成元年三月二四日厚生省令第一〇号" Extract="true">
      <SupplProvisionLabel>附　則</SupplProvisionLabel>
      <Paragraph Hide="false" Num="1">
        <ParagraphNum>１</ParagraphNum>
        <ParagraphSentence>
          <Sentence WritingMode="vertical">この省令は、公布の日から施行する。</Sentence>
        </ParagraphSentence>
      </Paragraph>
      <Paragraph Hide="false" Num="2">
        <ParagraphNum>２</ParagraphNum>
        <ParagraphSentence>
          <Sentence WritingMode="vertical">この省令の施行の際この省令による改正前の様式（以下「旧様式」という。）により使用されている書類は、この省令による改正後の様式によるものとみなす。</Sentence>
        </ParagraphSentence>
      </Paragraph>
      <Paragraph Hide="false" Num="3">
        <ParagraphNum>３</ParagraphNum>
        <ParagraphSentence>
          <Sentence WritingMode="vertical">この省令の施行の際現にある旧様式による用紙及び板については、当分の間、これを取り繕って使用することができる。</Sentence>
        </ParagraphSentence>
      </Paragraph>
      <Paragraph Hide="false" Num="4">
        <ParagraphNum>４</ParagraphNum>
        <ParagraphSentence>
          <Sentence WritingMode="vertical">この省令による改正後の省令の規定にかかわらず、この省令により改正された規定であって改正後の様式により記載することが適当でないものについては、当分の間、なお従前の例による。</Sentence>
        </ParagraphSentence>
      </Paragraph>
    </SupplProvision>
    <SupplProvision AmendLawNum="平成一〇年一二月二八日厚生省令第九九号" Extract="true">
      <SupplProvisionLabel>附　則</SupplProvisionLabel>
      <Article Delete="false" Hide="false" Num="1">
        <ArticleCaption>（施行期日）</ArticleCaption>
        <ArticleTitle>第一条</ArticleTitle>
        <Paragraph Hide="false" Num="1">
          <ParagraphNum/>
          <ParagraphSentence>
            <Sentence WritingMode="vertical">この省令は、平成十一年四月一日から施行する。</Sentence>
          </ParagraphSentence>
        </Paragraph>
      </Article>
      <Article Delete="false" Hide="false" Num="6">
        <ArticleCaption>（墓地、埋葬等に関する法律施行規則の一部改正に伴う経過措置）</ArticleCaption>
        <ArticleTitle>第六条</ArticleTitle>
        <Paragraph Hide="false" Num="1">
          <ParagraphNum/>
          <ParagraphSentence>
            <Sentence WritingMode="vertical">この省令の施行の際現にある前条の規定による改正前の様式（次項において「旧様式」という。）により使用されている書類は、同条の規定による改正後の様式によるものとみなす。</Sentence>
          </ParagraphSentence>
        </Paragraph>
        <Paragraph Hide="false" Num="2">
          <ParagraphNum>２</ParagraphNum>
          <ParagraphSentence>
            <Sentence WritingMode="vertical">この省令の施行の際現にある旧様式による用紙については、当分の間、これを取り繕って使用することができる。</Sentence>
          </ParagraphSentence>
        </Paragraph>
      </Article>
    </SupplProvision>
    <SupplProvision AmendLawNum="平成一一年一月一一日厚生省令第四号">
      <SupplProvisionLabel>附　則</SupplProvisionLabel>
      <Paragraph Hide="false" Num="1">
        <ParagraphCaption>（施行期日）</ParagraphCaption>
        <ParagraphNum>１</ParagraphNum>
        <ParagraphSentence>
          <Sentence WritingMode="vertical">この省令は、公布の日から施行する。</Sentence>
        </ParagraphSentence>
      </Paragraph>
      <Paragraph Hide="false" Num="2">
        <ParagraphCaption>（経過措置）</ParagraphCaption>
        <ParagraphNum>２</ParagraphNum>
        <ParagraphSentence>
          <Sentence WritingMode="vertical">この省令の施行の際現にあるこの省令による改正前の様式による用紙については、当分の間、これを取り繕って使用することができる。</Sentence>
        </ParagraphSentence>
      </Paragraph>
    </SupplProvision>
    <SupplProvision AmendLawNum="平成一一年三月二九日厚生省令第二九号">
      <SupplProvisionLabel>附　則</SupplProvisionLabel>
      <Paragraph Hide="false" Num="1">
        <ParagraphCaption>（施行期日）</ParagraphCaption>
        <ParagraphNum>１</ParagraphNum>
        <ParagraphSentence>
          <Sentence Function="main" Num="1" WritingMode="vertical">この省令は、平成十一年五月一日から施行する。</Sentence>
          <Sentence Function="proviso" Num="2" WritingMode="vertical">ただし、第七条の改正規定については、平成十一年十月一日から施行する。</Sentence>
        </ParagraphSentence>
      </Paragraph>
      <Paragraph Hide="false" Num="2">
        <ParagraphCaption>（経過措置）</ParagraphCaption>
        <ParagraphNum>２</ParagraphNum>
        <ParagraphSentence>
          <Sentence WritingMode="vertical">この省令の施行の際現に行っている改葬の許可の申請については、なお従前の例による。</Sentence>
        </ParagraphSentence>
      </Paragraph>
      <Paragraph Hide="false" Num="3">
        <ParagraphNum>３</ParagraphNum>
        <ParagraphSentence>
          <Sentence WritingMode="vertical">この省令の施行の際現にあるこの省令による改正前の様式（以下「旧様式」という。）により使用されている書類は、この省令による改正後の様式によるものとみなす。</Sentence>
        </ParagraphSentence>
      </Paragraph>
      <Paragraph Hide="false" Num="4">
        <ParagraphNum>４</ParagraphNum>
        <ParagraphSentence>
          <Sentence WritingMode="vertical">この省令の施行の際現にある旧様式による用紙については、当分の間、これを取り繕って使用することができる。</Sentence>
        </ParagraphSentence>
      </Paragraph>
    </SupplProvision>
    <SupplProvision AmendLawNum="平成一五年一〇月三〇日厚生労働省令第一六七号" Extract="true">
      <SupplProvisionLabel>附　則</SupplProvisionLabel>
      <Paragraph Hide="false" Num="1">
        <ParagraphCaption>（施行期日）</ParagraphCaption>
        <ParagraphNum>１</ParagraphNum>
        <ParagraphSentence>
          <Sentence WritingMode="vertical">この省令は、感染症の予防及び感染症の患者に対する医療に関する法律及び検疫法の一部を改正する法律（平成十五年法律第百四十五号）の施行の日から施行する。</Sentence>
        </ParagraphSentence>
      </Paragraph>
    </SupplProvision>
    <SupplProvision AmendLawNum="平成一九年三月三〇日厚生労働省令第五〇号">
      <SupplProvisionLabel>附　則</SupplProvisionLabel>
      <Paragraph Hide="false" Num="1">
        <ParagraphNum/>
        <ParagraphSentence>
          <Sentence WritingMode="vertical">この省令は、平成十九年四月一日から施行する。</Sentence>
        </ParagraphSentence>
      </Paragraph>
    </SupplProvision>
    <SupplProvision AmendLawNum="平成二〇年五月二日厚生労働省令第一〇六号" Extract="true">
      <SupplProvisionLabel>附　則</SupplProvisionLabel>
      <Article Delete="false" Hide="false" Num="1">
        <ArticleCaption>（施行期日）</ArticleCaption>
        <ArticleTitle>第一条</ArticleTitle>
        <Paragraph Hide="false" Num="1">
          <ParagraphNum/>
          <ParagraphSentence>
            <Sentence WritingMode="vertical">この省令は、感染症の予防及び感染症の患者に対する医療に関する法律及び検疫法の一部を改正する法律の施行の日から施行する。</Sentence>
          </ParagraphSentence>
        </Paragraph>
      </Article>
    </SupplProvision>
    <SupplProvision AmendLawNum="令和元年五月七日厚生労働省令第一号" Extract="true" Type="Amend">
      <SupplProvisionLabel>附　則</SupplProvisionLabel>
      <Article Delete="false" Hide="false" Num="1">
        <ArticleCaption>（施行期日）</ArticleCaption>
        <ArticleTitle>第一条</ArticleTitle>
        <Paragraph Hide="false" Num="1">
          <ParagraphNum/>
          <ParagraphSentence>
            <Sentence WritingMode="vertical">この省令は、公布の日から施行する。</Sentence>
          </ParagraphSentence>
        </Paragraph>
      </Article>
      <Article Delete="false" Hide="false" Num="2">
        <ArticleCaption>（経過措置）</ArticleCaption>
        <ArticleTitle>第二条</ArticleTitle>
        <Paragraph Hide="false" Num="1">
          <ParagraphNum/>
          <ParagraphSentence>
            <Sentence WritingMode="vertical">この省令による改正前のそれぞれの省令で定める様式（次項において「旧様式」という。）により使用されている書類は、この省令による改正後のそれぞれの省令で定める様式によるものとみなす。</Sentence>
          </ParagraphSentence>
        </Paragraph>
        <Paragraph Hide="false" Num="2">
          <ParagraphNum>２</ParagraphNum>
          <ParagraphSentence>
            <Sentence WritingMode="vertical">旧様式による用紙については、合理的に必要と認められる範囲内で、当分の間、これを取り繕って使用することができる。</Sentence>
          </ParagraphSentence>
        </Paragraph>
      </Article>
    </SupplProvision>
    <AppdxStyle>
      <AppdxStyleTitle WritingMode="vertical">別記様式第一号</AppdxStyleTitle>
      <StyleStruct>
        <Style>
          <Fig src="./pict/S23F03601000024_1907091607_001.pdf"/>
        </Style>
      </StyleStruct>
    </AppdxStyle>
    <AppdxStyle>
      <AppdxStyleTitle WritingMode="vertical">別記様式第二号</AppdxStyleTitle>
      <StyleStruct>
        <Style>
          <Fig src="./pict/S23F03601000024_1907091607_002.pdf"/>
        </Style>
      </StyleStruct>
    </AppdxStyle>
    <AppdxStyle>
      <AppdxStyleTitle WritingMode="vertical">別記様式第三号</AppdxStyleTitle>
      <StyleStruct>
        <Style>
          <Fig src="./pict/S23F03601000024_1907091607_003.pdf"/>
        </Style>
      </StyleStruct>
    </AppdxStyle>
    <AppdxStyle>
      <AppdxStyleTitle WritingMode="vertical">別記様式第四号</AppdxStyleTitle>
      <StyleStruct>
        <Style>
          <Fig src="./pict/S23F03601000024_1907091607_004.pdf"/>
        </Style>
      </StyleStruct>
    </AppdxStyle>
    <AppdxStyle>
      <AppdxStyleTitle WritingMode="vertical">別記様式第五号</AppdxStyleTitle>
      <StyleStruct>
        <Style>
          <Fig src="./pict/S23F03601000024_1907091607_005.pdf"/>
        </Style>
      </StyleStruct>
    </AppdxStyle>
    <AppdxStyle>
      <AppdxStyleTitle WritingMode="vertical">別記様式第六号</AppdxStyleTitle>
      <StyleStruct>
        <Style>
          <Fig src="./pict/S23F03601000024_1907091607_006.pdf"/>
        </Style>
      </StyleStruct>
    </AppdxStyle>
    <AppdxStyle>
      <AppdxStyleTitle WritingMode="vertical">別記様式第七号</AppdxStyleTitle>
      <StyleStruct>
        <Style>
          <Fig src="./pict/S23F03601000024_1907091607_007.pdf"/>
        </Style>
      </StyleStruct>
    </AppdxStyle>
  </LawBody>
</Law>
