<?xml version="1.0" encoding="UTF-8" standalone="no"?>
<Law DataInfo="200402e80k80m01" Era="Showa" Lang="ja" LawType="CabinetOrder" Num="322" Year="24">
  <LawNum>昭和二十四年政令第三百二十二号</LawNum>
  <LawBody>
    <LawTitle>測量法施行令</LawTitle>
    <EnactStatement>内閣は、測量法（昭和二十四年法律第百八十八号）及び建設省設置法（昭和二十三年法律第百十三号）に基き、且つ、測量法を実施するため、この政令を制定する。</EnactStatement>
    <TOC>
      <TOCLabel>目次</TOCLabel>
      <TOCChapter Delete="false" Num="1">
        <ChapterTitle>第一章　総則</ChapterTitle>
        <ArticleRange>（第一条―第三条）</ArticleRange>
      </TOCChapter>
      <TOCChapter Delete="false" Num="2">
        <ChapterTitle>第二章　基本測量及び公共測量</ChapterTitle>
        <ArticleRange>（第四条―第九条）</ArticleRange>
      </TOCChapter>
      <TOCChapter Delete="false" Num="3">
        <ChapterTitle>第三章　測量士及び測量士補の登録</ChapterTitle>
        <ArticleRange>（第十条―第十六条）</ArticleRange>
      </TOCChapter>
      <TOCChapter Delete="false" Num="4">
        <ChapterTitle>第四章　試験</ChapterTitle>
        <ArticleRange>（第十七条―第二十五条）</ArticleRange>
      </TOCChapter>
      <TOCChapter Delete="false" Num="5">
        <ChapterTitle>第五章　測量業者</ChapterTitle>
        <ArticleRange>（第二十六条―第二十九条）</ArticleRange>
      </TOCChapter>
      <TOCSupplProvision>
        <SupplProvisionLabel>附則</SupplProvisionLabel>
      </TOCSupplProvision>
    </TOC>
    <MainProvision>
      <Chapter Delete="false" Hide="false" Num="1">
        <ChapterTitle>第一章　総則</ChapterTitle>
        <Article Delete="false" Hide="false" Num="1">
          <ArticleCaption>（局地的測量又は高度の精度を必要としない測量の範囲）</ArticleCaption>
          <ArticleTitle>第一条</ArticleTitle>
          <Paragraph Hide="false" Num="1">
            <ParagraphNum/>
            <ParagraphSentence>
              <Sentence WritingMode="vertical">測量法（以下「法」という。）第五条及び法第六条に規定する政令で定める局地的測量又は高度の精度を必要としない測量は、次の各号に掲げるものとする。</Sentence>
            </ParagraphSentence>
            <Item Delete="false" Hide="false" Num="1">
              <ItemTitle>一</ItemTitle>
              <ItemSentence>
                <Sentence WritingMode="vertical">建物に関する測量</Sentence>
              </ItemSentence>
            </Item>
            <Item Delete="false" Hide="false" Num="2">
              <ItemTitle>二</ItemTitle>
              <ItemSentence>
                <Sentence WritingMode="vertical">百万分の一未満の小縮尺図の調製</Sentence>
              </ItemSentence>
            </Item>
            <Item Delete="false" Hide="false" Num="3">
              <ItemTitle>三</ItemTitle>
              <ItemSentence>
                <Sentence WritingMode="vertical">横断面測量</Sentence>
              </ItemSentence>
            </Item>
            <Item Delete="false" Hide="false" Num="4">
              <ItemTitle>四</ItemTitle>
              <ItemSentence>
                <Sentence Function="main" Num="1" WritingMode="vertical">前各号に掲げるものを除くほか、次に掲げる測量。</Sentence>
                <Sentence Function="proviso" Num="2" WritingMode="vertical">ただし、既に実施された公共測量又は基本測量及び公共測量以外の測量に追加して、又は当該測量を修正するために行なわれる測量を除く。</Sentence>
              </ItemSentence>
              <Subitem1 Delete="false" Hide="false" Num="1">
                <Subitem1Title>イ</Subitem1Title>
                <Subitem1Sentence>
                  <Sentence WritingMode="vertical">三角網の面積が七平方キロメートル（北海道にあつては、十平方キロメートル）未満であり、かつ、基本測量又は公共測量によつて設けられた三角点又は図根点を二点以上使用しない三角測量</Sentence>
                </Subitem1Sentence>
              </Subitem1>
              <Subitem1 Delete="false" Hide="false" Num="2">
                <Subitem1Title>ロ</Subitem1Title>
                <Subitem1Sentence>
                  <Sentence WritingMode="vertical">路線の長さが六キロメートル（北海道にあつては、十キロメートル）未満であり、かつ、基本測量又は公共測量によつて設けられた三角点、図根点又は多角点を二点以上使用しない多角測量</Sentence>
                </Subitem1Sentence>
              </Subitem1>
              <Subitem1 Delete="false" Hide="false" Num="3">
                <Subitem1Title>ハ</Subitem1Title>
                <Subitem1Sentence>
                  <Sentence WritingMode="vertical">路線の長さが十キロメートル未満であり、かつ、基本測量又は公共測量によつて設けられた水準点を二点以上使用しない水準測量（縦断面測量を含む。以下この条において同じ。）</Sentence>
                </Subitem1Sentence>
              </Subitem1>
              <Subitem1 Delete="false" Hide="false" Num="4">
                <Subitem1Title>ニ</Subitem1Title>
                <Subitem1Sentence>
                  <Sentence WritingMode="vertical">面積が七平方キロメートル（北海道にあつては、十平方キロメートル）未満であり、かつ、基本測量又は公共測量によつて設けられた三角点、図根点、多角点又は水準点を二点以上使用しない地形測量又は平面測量</Sentence>
                </Subitem1Sentence>
              </Subitem1>
            </Item>
            <Item Delete="false" Hide="false" Num="5">
              <ItemTitle>五</ItemTitle>
              <ItemSentence>
                <Sentence Function="main" Num="1" WritingMode="vertical">前各号に掲げるものを除くほか、誤差の許容限度（二以上の誤差の許容限度が定められる場合においては、そのすべての誤差の許容限度）が次に掲げる数値をこえる測量。</Sentence>
                <Sentence Function="proviso" Num="2" WritingMode="vertical">ただし、既に実施された公共測量又は基本測量及び公共測量以外の測量に追加して、又は当該測量を修正するために行なわれる測量を除く。</Sentence>
              </ItemSentence>
              <Subitem1 Delete="false" Hide="false" Num="1">
                <Subitem1Title>イ</Subitem1Title>
                <Subitem1Sentence>
                  <Sentence WritingMode="vertical">三角測量にあつては、三角形の角の閉合差が九十秒又は辺長の較差がその辺長の二千分の一</Sentence>
                </Subitem1Sentence>
              </Subitem1>
              <Subitem1 Delete="false" Hide="false" Num="2">
                <Subitem1Title>ロ</Subitem1Title>
                <Subitem1Sentence>
                  <Sentence WritingMode="vertical">多角測量にあつては、座標の閉合比が千分の一</Sentence>
                </Subitem1Sentence>
              </Subitem1>
              <Subitem1 Delete="false" Hide="false" Num="3">
                <Subitem1Title>ハ</Subitem1Title>
                <Subitem1Sentence>
                  <Sentence WritingMode="vertical">水準測量にあつては、閉合差が五センチメートルに路線の長さ（単位は、キロメートルとする。）の平方根を乗じたもの</Sentence>
                </Subitem1Sentence>
              </Subitem1>
              <Subitem1 Delete="false" Hide="false" Num="4">
                <Subitem1Title>ニ</Subitem1Title>
                <Subitem1Sentence>
                  <Sentence WritingMode="vertical">地形測量又は平面測量にあつては、図上における平面位置の誤差が二ミリメートル</Sentence>
                </Subitem1Sentence>
              </Subitem1>
            </Item>
          </Paragraph>
          <Paragraph Hide="false" Num="2">
            <ParagraphNum>２</ParagraphNum>
            <ParagraphSentence>
              <Sentence WritingMode="vertical">三角測量、多角測量、水準測量、地形測量又は平面測量の二以上の測量が一の計画に基づいて行なわれる場合において、そのうちのいずれかが前項第四号及び第五号の測量に該当しないものであるときは、当該計画に係る測量は、同項の規定にかかわらず、同項第四号及び第五号の測量に該当しないものとする。</Sentence>
            </ParagraphSentence>
          </Paragraph>
        </Article>
        <Article Delete="false" Hide="false" Num="2">
          <ArticleCaption>（日本経緯度原点及び日本水準原点）</ArticleCaption>
          <ArticleTitle>第二条</ArticleTitle>
          <Paragraph Hide="false" Num="1">
            <ParagraphNum/>
            <ParagraphSentence>
              <Sentence WritingMode="vertical">法第十一条第一項第四号に規定する日本経緯度原点の地点及び原点数値は、次のとおりとする。</Sentence>
            </ParagraphSentence>
            <Item Delete="false" Hide="false" Num="1">
              <ItemTitle>一</ItemTitle>
              <ItemSentence>
                <Column LineBreak="false" Num="1">
                  <Sentence WritingMode="vertical">地点</Sentence>
                </Column>
                <Column LineBreak="false" Num="2">
                  <Sentence WritingMode="vertical">東京都港区麻布台二丁目十八番一地内日本経緯度原点金属標の十字の交点</Sentence>
                </Column>
              </ItemSentence>
            </Item>
            <Item Delete="false" Hide="false" Num="2">
              <ItemTitle>二</ItemTitle>
              <ItemSentence>
                <Column LineBreak="false" Num="1">
                  <Sentence WritingMode="vertical">原点数値</Sentence>
                </Column>
                <Column LineBreak="false" Num="2">
                  <Sentence WritingMode="vertical">次に掲げる値</Sentence>
                </Column>
              </ItemSentence>
              <Subitem1 Delete="false" Hide="false" Num="1">
                <Subitem1Title>イ</Subitem1Title>
                <Subitem1Sentence>
                  <Column LineBreak="false" Num="1">
                    <Sentence WritingMode="vertical">経度</Sentence>
                  </Column>
                  <Column LineBreak="false" Num="2">
                    <Sentence WritingMode="vertical">東経百三十九度四十四分二十八秒八八六九</Sentence>
                  </Column>
                </Subitem1Sentence>
              </Subitem1>
              <Subitem1 Delete="false" Hide="false" Num="2">
                <Subitem1Title>ロ</Subitem1Title>
                <Subitem1Sentence>
                  <Column LineBreak="false" Num="1">
                    <Sentence WritingMode="vertical">緯度</Sentence>
                  </Column>
                  <Column LineBreak="false" Num="2">
                    <Sentence WritingMode="vertical">北緯三十五度三十九分二十九秒一五七二</Sentence>
                  </Column>
                </Subitem1Sentence>
              </Subitem1>
              <Subitem1 Delete="false" Hide="false" Num="3">
                <Subitem1Title>ハ</Subitem1Title>
                <Subitem1Sentence>
                  <Column LineBreak="false" Num="1">
                    <Sentence WritingMode="vertical">原点方位角</Sentence>
                  </Column>
                  <Column LineBreak="false" Num="2">
                    <Sentence WritingMode="vertical">三十二度二十分四十六秒二〇九（前号の地点において真北を基準として右回りに測定した茨城県つくば市北郷一番地内つくば超長基線電波干渉計観測点金属標の十字の交点の方位角）</Sentence>
                  </Column>
                </Subitem1Sentence>
              </Subitem1>
            </Item>
          </Paragraph>
          <Paragraph Hide="false" Num="2">
            <ParagraphNum>２</ParagraphNum>
            <ParagraphSentence>
              <Sentence WritingMode="vertical">法第十一条第一項第四号に規定する日本水準原点の地点及び原点数値は、次のとおりとする。</Sentence>
            </ParagraphSentence>
            <Item Delete="false" Hide="false" Num="1">
              <ItemTitle>一</ItemTitle>
              <ItemSentence>
                <Column LineBreak="false" Num="1">
                  <Sentence WritingMode="vertical">地点</Sentence>
                </Column>
                <Column LineBreak="false" Num="2">
                  <Sentence WritingMode="vertical">東京都千代田区永田町一丁目一番二地内水準点標石の水晶板の零分画線の中点</Sentence>
                </Column>
              </ItemSentence>
            </Item>
            <Item Delete="false" Hide="false" Num="2">
              <ItemTitle>二</ItemTitle>
              <ItemSentence>
                <Column LineBreak="false" Num="1">
                  <Sentence WritingMode="vertical">原点数値</Sentence>
                </Column>
                <Column LineBreak="false" Num="2">
                  <Sentence WritingMode="vertical">東京湾平均海面上二十四・三九〇〇メートル</Sentence>
                </Column>
              </ItemSentence>
            </Item>
          </Paragraph>
        </Article>
        <Article Delete="false" Hide="false" Num="3">
          <ArticleCaption>（長半径及び<Ruby>扁<Rt>へん</Rt>
</Ruby>平率）</ArticleCaption>
          <ArticleTitle>第三条</ArticleTitle>
          <Paragraph Hide="false" Num="1">
            <ParagraphNum/>
            <ParagraphSentence>
              <Sentence WritingMode="vertical">法第十一条第三項第一号に規定する長半径及び<Ruby>扁<Rt>へん</Rt>
</Ruby>平率の政令で定める値は、次のとおりとする。</Sentence>
            </ParagraphSentence>
            <Item Delete="false" Hide="false" Num="1">
              <ItemTitle>一</ItemTitle>
              <ItemSentence>
                <Column LineBreak="false" Num="1">
                  <Sentence WritingMode="vertical">長半径</Sentence>
                </Column>
                <Column LineBreak="false" Num="2">
                  <Sentence WritingMode="vertical">六百三十七万八千百三十七メートル</Sentence>
                </Column>
              </ItemSentence>
            </Item>
            <Item Delete="false" Hide="false" Num="2">
              <ItemTitle>二</ItemTitle>
              <ItemSentence>
                <Column LineBreak="false" Num="1">
                  <Sentence WritingMode="vertical">扁平率</Sentence>
                </Column>
                <Column LineBreak="false" Num="2">
                  <Sentence WritingMode="vertical">二百九十八・二五七二二二一〇一分の一</Sentence>
                </Column>
              </ItemSentence>
            </Item>
          </Paragraph>
        </Article>
      </Chapter>
      <Chapter Delete="false" Hide="false" Num="2">
        <ChapterTitle>第二章　基本測量及び公共測量</ChapterTitle>
        <Article Delete="false" Hide="false" Num="4">
          <ArticleCaption>（収用委員会の裁決の申請手続）</ArticleCaption>
          <ArticleTitle>第四条</ArticleTitle>
          <Paragraph Hide="false" Num="1">
            <ParagraphNum/>
            <ParagraphSentence>
              <Sentence WritingMode="vertical">法第二十条第二項（法第三十九条において準用する場合を含む。）の規定により土地収用法（昭和二十六年法律第二百十九号）第九十四条第二項の規定による収用委員会の裁決を求めようとする者は、国土交通省令で定める様式に従い、次に掲げる事項を記載した裁決申請書を収用委員会に提出しなければならない。</Sentence>
            </ParagraphSentence>
            <Item Delete="false" Hide="false" Num="1">
              <ItemTitle>一</ItemTitle>
              <ItemSentence>
                <Sentence WritingMode="vertical">裁決申請者の氏名又は名称及び住所</Sentence>
              </ItemSentence>
            </Item>
            <Item Delete="false" Hide="false" Num="2">
              <ItemTitle>二</ItemTitle>
              <ItemSentence>
                <Sentence WritingMode="vertical">伐除に係る植物、垣若しくはさく等又は一時使用に係る土地、樹木若しくは工作物（次号において「対象物」という。）の所在地</Sentence>
              </ItemSentence>
            </Item>
            <Item Delete="false" Hide="false" Num="3">
              <ItemTitle>三</ItemTitle>
              <ItemSentence>
                <Sentence WritingMode="vertical">対象物について裁決申請者の有する所有権その他の権利</Sentence>
              </ItemSentence>
            </Item>
            <Item Delete="false" Hide="false" Num="4">
              <ItemTitle>四</ItemTitle>
              <ItemSentence>
                <Sentence WritingMode="vertical">損失の内容及び程度並びに損失が発生した時期</Sentence>
              </ItemSentence>
            </Item>
            <Item Delete="false" Hide="false" Num="5">
              <ItemTitle>五</ItemTitle>
              <ItemSentence>
                <Sentence WritingMode="vertical">通知を受けた補償金額及びその通知を受領した年月日</Sentence>
              </ItemSentence>
            </Item>
            <Item Delete="false" Hide="false" Num="6">
              <ItemTitle>六</ItemTitle>
              <ItemSentence>
                <Sentence WritingMode="vertical">通知を受けた補償金額を不服とする理由並びに裁決申請者が求める補償金額及びその内訳</Sentence>
              </ItemSentence>
            </Item>
            <Item Delete="false" Hide="false" Num="7">
              <ItemTitle>七</ItemTitle>
              <ItemSentence>
                <Sentence WritingMode="vertical">前各号に掲げるもののほか、裁決申請者が必要と認める事項</Sentence>
              </ItemSentence>
            </Item>
          </Paragraph>
        </Article>
        <Article Delete="false" Hide="false" Num="5:8">
          <ArticleTitle>第五条から第八条まで</ArticleTitle>
          <Paragraph Hide="false" Num="1">
            <ParagraphNum/>
            <ParagraphSentence>
              <Sentence WritingMode="vertical">削除</Sentence>
            </ParagraphSentence>
          </Paragraph>
        </Article>
        <Article Delete="false" Hide="false" Num="9">
          <ArticleCaption>（測量成果等の謄本又は抄本の交付手数料）</ArticleCaption>
          <ArticleTitle>第九条</ArticleTitle>
          <Paragraph Hide="false" Num="1">
            <ParagraphNum/>
            <ParagraphSentence>
              <Sentence WritingMode="vertical">法第二十八条第二項（法第四十二条第二項及び法第四十五条第一項において準用する場合を含む。）に規定する政令で定める手数料の額は、別表のとおりとする。</Sentence>
            </ParagraphSentence>
          </Paragraph>
        </Article>
      </Chapter>
      <Chapter Delete="false" Hide="false" Num="3">
        <ChapterTitle>第三章　測量士及び測量士補の登録</ChapterTitle>
        <Article Delete="false" Hide="false" Num="10">
          <ArticleCaption>（登録申請書の記載事項）</ArticleCaption>
          <ArticleTitle>第十条</ArticleTitle>
          <Paragraph Hide="false" Num="1">
            <ParagraphNum/>
            <ParagraphSentence>
              <Sentence WritingMode="vertical">法第四十九条第一項の規定により登録の申請をしようとする者は、次の各号に掲げる事項を申請書（以下「登録申請書」という。）に記載しなければならない。</Sentence>
            </ParagraphSentence>
            <Item Delete="false" Hide="false" Num="1">
              <ItemTitle>一</ItemTitle>
              <ItemSentence>
                <Sentence WritingMode="vertical">氏名及び生年月日</Sentence>
              </ItemSentence>
            </Item>
            <Item Delete="false" Hide="false" Num="2">
              <ItemTitle>二</ItemTitle>
              <ItemSentence>
                <Sentence WritingMode="vertical">事務所又は業務所の名称及び所在地</Sentence>
              </ItemSentence>
            </Item>
            <Item Delete="false" Hide="false" Num="3">
              <ItemTitle>三</ItemTitle>
              <ItemSentence>
                <Sentence WritingMode="vertical">測量士又は測量士補となる資格の種類</Sentence>
              </ItemSentence>
            </Item>
            <Item Delete="false" Hide="false" Num="4">
              <ItemTitle>四</ItemTitle>
              <ItemSentence>
                <Sentence WritingMode="vertical">測量に関する実務の経歴</Sentence>
              </ItemSentence>
            </Item>
            <Item Delete="false" Hide="false" Num="5">
              <ItemTitle>五</ItemTitle>
              <ItemSentence>
                <Sentence WritingMode="vertical">専門とする測量の分野</Sentence>
              </ItemSentence>
            </Item>
          </Paragraph>
          <Paragraph Hide="false" Num="2">
            <ParagraphNum>２</ParagraphNum>
            <ParagraphSentence>
              <Sentence WritingMode="vertical">前項の登録申請書の様式は、国土交通省令で定める。</Sentence>
            </ParagraphSentence>
          </Paragraph>
        </Article>
        <Article Delete="false" Hide="false" Num="11">
          <ArticleCaption>（測量士名簿及び測量士補名簿の記載事項）</ArticleCaption>
          <ArticleTitle>第十一条</ArticleTitle>
          <Paragraph Hide="false" Num="1">
            <ParagraphNum/>
            <ParagraphSentence>
              <Sentence WritingMode="vertical">法第四十九条第一項に規定する測量士名簿又は測量士補名簿の登録事項は、第十二条の規定による国土地理院の長の審査の結果測量士又は測量士補となる資格を有することの確認を受けた者について、前条第一項各号に掲げる事項並びに登録年月日及び登録番号とする。</Sentence>
            </ParagraphSentence>
          </Paragraph>
          <Paragraph Hide="false" Num="2">
            <ParagraphNum>２</ParagraphNum>
            <ParagraphSentence>
              <Sentence WritingMode="vertical">測量士名簿及び測量士補名簿の様式は、国土交通省令で定める。</Sentence>
            </ParagraphSentence>
          </Paragraph>
        </Article>
        <Article Delete="false" Hide="false" Num="12">
          <ArticleCaption>（登録）</ArticleCaption>
          <ArticleTitle>第十二条</ArticleTitle>
          <Paragraph Hide="false" Num="1">
            <ParagraphNum/>
            <ParagraphSentence>
              <Sentence WritingMode="vertical">国土地理院の長は、登録申請書の記載事項を審査して、登録を申請した者が法第五十条又は法第五十一条に規定する資格を有することを確認したときは、遅滞なく、測量士名簿又は測量士補名簿にそれぞれ測量士又は測量士補の登録をしなければならない。</Sentence>
            </ParagraphSentence>
          </Paragraph>
          <Paragraph Hide="false" Num="2">
            <ParagraphNum>２</ParagraphNum>
            <ParagraphSentence>
              <Sentence WritingMode="vertical">国土地理院の長は、前項の規定による登録をした場合においては、直ちに、その旨を当該登録申請者に通知しなければならない。</Sentence>
            </ParagraphSentence>
          </Paragraph>
        </Article>
        <Article Delete="false" Hide="false" Num="13">
          <ArticleCaption>（測量士名簿又は測量士補名簿の記載事項の変更の届出）</ArticleCaption>
          <ArticleTitle>第十三条</ArticleTitle>
          <Paragraph Hide="false" Num="1">
            <ParagraphNum/>
            <ParagraphSentence>
              <Sentence WritingMode="vertical">測量士又は測量士補は、登録を受けた後、測量士名簿又は測量士補名簿の記載事項について変更があつたときは、遅滞なく、その旨を国土地理院の長に届け出なければならない。</Sentence>
            </ParagraphSentence>
          </Paragraph>
        </Article>
        <Article Delete="false" Hide="false" Num="14">
          <ArticleCaption>（測量に関する科目）</ArticleCaption>
          <ArticleTitle>第十四条</ArticleTitle>
          <Paragraph Hide="false" Num="1">
            <ParagraphNum/>
            <ParagraphSentence>
              <Sentence WritingMode="vertical">法第五十条第一号及び法第五十一条第一号に規定する測量に関する科目は、土木工学科、農業土木学科、林学科、採鉱学科若しくはこれらに相当する学科における測量学又は天文学科、地球物理学科、物理学科、数学科、地理学科、地質学科若しくはこれらに相当する学科を専修する者についてのこれらの科目とする。</Sentence>
            </ParagraphSentence>
          </Paragraph>
          <Paragraph Hide="false" Num="2">
            <ParagraphNum>２</ParagraphNum>
            <ParagraphSentence>
              <Sentence WritingMode="vertical">法第五十条第二号及び法第五十一条第二号に規定する測量に関する科目は、土木科、農業土木科、林科、採鉱科又はこれらに相当する科における測量学とする。</Sentence>
            </ParagraphSentence>
          </Paragraph>
        </Article>
        <Article Delete="false" Hide="false" Num="15">
          <ArticleTitle>第十五条</ArticleTitle>
          <Paragraph Hide="false" Num="1">
            <ParagraphNum/>
            <ParagraphSentence>
              <Sentence WritingMode="vertical">削除</Sentence>
            </ParagraphSentence>
          </Paragraph>
        </Article>
        <Article Delete="false" Hide="false" Num="16">
          <ArticleCaption>（死亡等の届出）</ArticleCaption>
          <ArticleTitle>第十六条</ArticleTitle>
          <Paragraph Hide="false" Num="1">
            <ParagraphNum/>
            <ParagraphSentence>
              <Sentence WritingMode="vertical">測量士又は測量士補が、法第五十二条第一号又は第二号に該当するに至つたときは、本人又は相続人は、遅滞なく、その旨を国土地理院の長に届け出なければならない。</Sentence>
            </ParagraphSentence>
          </Paragraph>
        </Article>
      </Chapter>
      <Chapter Delete="false" Hide="false" Num="4">
        <ChapterTitle>第四章　試験</ChapterTitle>
        <Article Delete="false" Hide="false" Num="17">
          <ArticleCaption>（測量士試験）</ArticleCaption>
          <ArticleTitle>第十七条</ArticleTitle>
          <Paragraph Hide="false" Num="1">
            <ParagraphNum/>
            <ParagraphSentence>
              <Sentence WritingMode="vertical">法第五十条第五号に規定する測量士試験は、同条第一号から第四号までの資格を有する者と同一の程度の専門的学識及び応用能力を有するかどうかを判定することを目的とし、法別表第一の一の項第六号から第八号まで及び第十三号並びに同表の二の項第一号及び第五号から第九号までに掲げる科目（同表の一の項第十三号に掲げる科目にあつては、国土交通省令で定めるものに限る。）について行う。</Sentence>
            </ParagraphSentence>
          </Paragraph>
        </Article>
        <Article Delete="false" Hide="false" Num="18">
          <ArticleCaption>（測量士補試験）</ArticleCaption>
          <ArticleTitle>第十八条</ArticleTitle>
          <Paragraph Hide="false" Num="1">
            <ParagraphNum/>
            <ParagraphSentence>
              <Sentence WritingMode="vertical">法第五十一条第四号に規定する測量士補試験は、測量士補となるのに必要な専門的技術を有するかどうかを判定することを目的とし、法別表第一の一の項第一号及び第六号から第十三号までに掲げる科目（同号に掲げる科目にあつては、国土交通省令で定めるものに限る。）について行う。</Sentence>
            </ParagraphSentence>
          </Paragraph>
        </Article>
        <Article Delete="false" Hide="false" Num="19">
          <ArticleCaption>（試験科目の範囲）</ArticleCaption>
          <ArticleTitle>第十九条</ArticleTitle>
          <Paragraph Hide="false" Num="1">
            <ParagraphNum/>
            <ParagraphSentence>
              <Sentence WritingMode="vertical">前二条に規定する試験科目については、国土交通省令で、その全部又は一部について範囲を定めることができる。</Sentence>
            </ParagraphSentence>
          </Paragraph>
        </Article>
        <Article Delete="false" Hide="false" Num="20">
          <ArticleCaption>（試験の方法）</ArticleCaption>
          <ArticleTitle>第二十条</ArticleTitle>
          <Paragraph Hide="false" Num="1">
            <ParagraphNum/>
            <ParagraphSentence>
              <Sentence WritingMode="vertical">法第五十条第五号に規定する測量士試験及び法第五十一条第四号に規定する測量士補試験（以下「各試験」という。）は、それぞれ第十七条又は第十八条に規定する試験科目につき、筆記試験若しくは実地試験により、又は両者を併用して実施する。</Sentence>
            </ParagraphSentence>
          </Paragraph>
        </Article>
        <Article Delete="false" Hide="false" Num="21">
          <ArticleCaption>（試験の施行）</ArticleCaption>
          <ArticleTitle>第二十一条</ArticleTitle>
          <Paragraph Hide="false" Num="1">
            <ParagraphNum/>
            <ParagraphSentence>
              <Sentence WritingMode="vertical">各試験は、毎年一回以上行うものとし、その期日、場所その他試験の施行に関して必要な事項は、国土交通大臣があらかじめ官報で公告する。</Sentence>
            </ParagraphSentence>
          </Paragraph>
        </Article>
        <Article Delete="false" Hide="false" Num="22">
          <ArticleCaption>（受験願書の提出）</ArticleCaption>
          <ArticleTitle>第二十二条</ArticleTitle>
          <Paragraph Hide="false" Num="1">
            <ParagraphNum/>
            <ParagraphSentence>
              <Sentence WritingMode="vertical">各試験を受けようとする者は、国土交通省令の定めるところにより、履歴書及び写真を添え、当該試験の受験願書を国土地理院の長に提出しなければならない。</Sentence>
            </ParagraphSentence>
          </Paragraph>
        </Article>
        <Article Delete="false" Hide="false" Num="23">
          <ArticleCaption>（試験手数料）</ArticleCaption>
          <ArticleTitle>第二十三条</ArticleTitle>
          <Paragraph Hide="false" Num="1">
            <ParagraphNum/>
            <ParagraphSentence>
              <Sentence WritingMode="vertical">法第五十三条に規定する政令で定める手数料の額は、次のとおりとする。</Sentence>
            </ParagraphSentence>
            <Item Delete="false" Hide="false" Num="1">
              <ItemTitle>一</ItemTitle>
              <ItemSentence>
                <Column LineBreak="false" Num="1">
                  <Sentence WritingMode="vertical">測量士</Sentence>
                </Column>
                <Column LineBreak="false" Num="2">
                  <Sentence WritingMode="vertical">四千二百五十円（情報通信技術を活用した行政の推進等に関する法律（平成十四年法律第百五十一号。以下「情報通信技術活用法」という。）第六条第一項の規定により同項に規定する電子情報処理組織を使用して受験願書を提出する場合にあつては、四千二百円）</Sentence>
                </Column>
              </ItemSentence>
            </Item>
            <Item Delete="false" Hide="false" Num="2">
              <ItemTitle>二</ItemTitle>
              <ItemSentence>
                <Column LineBreak="false" Num="1">
                  <Sentence WritingMode="vertical">測量士補</Sentence>
                </Column>
                <Column LineBreak="false" Num="2">
                  <Sentence WritingMode="vertical">二千八百五十円（情報通信技術活用法第六条第一項の規定により同項に規定する電子情報処理組織を使用して受験願書を提出する場合にあつては、二千八百円）</Sentence>
                </Column>
              </ItemSentence>
            </Item>
          </Paragraph>
          <Paragraph Hide="false" Num="2">
            <ParagraphNum>２</ParagraphNum>
            <ParagraphSentence>
              <Sentence WritingMode="vertical">納付した前項に規定する手数料は、各試験を受けなかつた場合においても返還しない。</Sentence>
            </ParagraphSentence>
          </Paragraph>
        </Article>
        <Article Delete="false" Hide="false" Num="24">
          <ArticleCaption>（合格証書等）</ArticleCaption>
          <ArticleTitle>第二十四条</ArticleTitle>
          <Paragraph Hide="false" Num="1">
            <ParagraphNum/>
            <ParagraphSentence>
              <Sentence WritingMode="vertical">国土地理院の長は、測量士試験又は測量士補試験に合格した者の氏名を公告し、本人に合格証書を交付する。</Sentence>
            </ParagraphSentence>
          </Paragraph>
        </Article>
        <Article Delete="false" Hide="false" Num="25">
          <ArticleCaption>（不正手段による受験者に対する措置）</ArticleCaption>
          <ArticleTitle>第二十五条</ArticleTitle>
          <Paragraph Hide="false" Num="1">
            <ParagraphNum/>
            <ParagraphSentence>
              <Sentence WritingMode="vertical">不正の手段によつて各試験を受けようとし、又は受けた者に対しては、その試験を停止し、又は合格の決定を取り消すことができる。</Sentence>
            </ParagraphSentence>
          </Paragraph>
        </Article>
      </Chapter>
      <Chapter Delete="false" Hide="false" Num="5">
        <ChapterTitle>第五章　測量業者</ChapterTitle>
        <Article Delete="false" Hide="false" Num="26">
          <ArticleCaption>（支店に準ずる営業所）</ArticleCaption>
          <ArticleTitle>第二十六条</ArticleTitle>
          <Paragraph Hide="false" Num="1">
            <ParagraphNum/>
            <ParagraphSentence>
              <Sentence WritingMode="vertical">法第五十五条の二第二号に規定する政令で定める支店に準ずる営業所は、常時、測量の請負契約を締結する事務所とする。</Sentence>
            </ParagraphSentence>
          </Paragraph>
        </Article>
        <Article Delete="false" Hide="false" Num="27">
          <ArticleCaption>（登録手数料）</ArticleCaption>
          <ArticleTitle>第二十七条</ArticleTitle>
          <Paragraph Hide="false" Num="1">
            <ParagraphNum/>
            <ParagraphSentence>
              <Sentence WritingMode="vertical">法第五十五条の四第二項に規定する政令で定める登録手数料の額は、一万五千五百円（情報通信技術活用法第六条第一項の規定により同項に規定する電子情報処理組織を使用して登録を申請する場合にあつては、一万五千百円）とする。</Sentence>
            </ParagraphSentence>
          </Paragraph>
        </Article>
        <Article Delete="false" Hide="false" Num="28">
          <ArticleCaption>（測量業者登録簿閲覧所）</ArticleCaption>
          <ArticleTitle>第二十八条</ArticleTitle>
          <Paragraph Hide="false" Num="1">
            <ParagraphNum/>
            <ParagraphSentence>
              <Sentence WritingMode="vertical">国土交通大臣又は都道府県知事は、法第五十五条の十二第一項の規定により同条同項各号に掲げる書類又は同条第二項各号に掲げる書類を公衆の閲覧に供するため、測量業者登録簿閲覧所（以下次項において「閲覧所」という。）を設けなければならない。</Sentence>
            </ParagraphSentence>
          </Paragraph>
          <Paragraph Hide="false" Num="2">
            <ParagraphNum>２</ParagraphNum>
            <ParagraphSentence>
              <Sentence WritingMode="vertical">国土交通大臣又は都道府県知事は、前項の規定により閲覧所を設けたときは、当該閲覧所の閲覧規則を定めるとともに、当該閲覧所の場所及び閲覧規則を告示しなければならない。</Sentence>
            </ParagraphSentence>
          </Paragraph>
        </Article>
        <Article Delete="false" Hide="false" Num="28_2">
          <ArticleCaption>（一括下請負の承諾に係る電磁的方法）</ArticleCaption>
          <ArticleTitle>第二十八条の二</ArticleTitle>
          <Paragraph Hide="false" Num="1">
            <ParagraphNum/>
            <ParagraphSentence>
              <Sentence WritingMode="vertical">法第五十六条の二第三項の規定により同条第二項の承諾をする旨の通知（次項において「承諾通知」という。）をしようとする注文者は、国土交通省令で定めるところにより、あらかじめ、当該元請負人に対し、その用いる電磁的方法（同条第三項に規定する電磁的方法をいう。以下この条において同じ。）の種類及び内容を示し、書面又は電磁的方法による承諾を得なければならない。</Sentence>
            </ParagraphSentence>
          </Paragraph>
          <Paragraph Hide="false" Num="2">
            <ParagraphNum>２</ParagraphNum>
            <ParagraphSentence>
              <Sentence Function="main" Num="1" WritingMode="vertical">前項の規定による承諾を得た注文者は、当該元請負人から書面又は電磁的方法により電磁的方法による通知を受けない旨の申出があつたときは、当該元請負人に対し、承諾通知を電磁的方法によつてしてはならない。</Sentence>
              <Sentence Function="proviso" Num="2" WritingMode="vertical">ただし、当該元請負人が再び同項の規定による承諾をした場合は、この限りでない。</Sentence>
            </ParagraphSentence>
          </Paragraph>
        </Article>
        <Article Delete="false" Hide="false" Num="28_3">
          <ArticleCaption>（下請負人の選定の承諾に係る電磁的方法）</ArticleCaption>
          <ArticleTitle>第二十八条の三</ArticleTitle>
          <Paragraph Hide="false" Num="1">
            <ParagraphNum/>
            <ParagraphSentence>
              <Sentence WritingMode="vertical">法第五十六条の四第二項の規定により同条第一項ただし書の承諾をする旨の通知（次項において「承諾通知」という。）をしようとする注文者は、国土交通省令で定めるところにより、あらかじめ、同項ただし書の規定により下請負人を選定する者（次項において「下請負人選定者」という。）に対し、その用いる電磁的方法（同条第二項に規定する電磁的方法をいう。以下この条において同じ。）の種類及び内容を示し、書面又は電磁的方法による承諾を得なければならない。</Sentence>
            </ParagraphSentence>
          </Paragraph>
          <Paragraph Hide="false" Num="2">
            <ParagraphNum>２</ParagraphNum>
            <ParagraphSentence>
              <Sentence Function="main" Num="1" WritingMode="vertical">前項の規定による承諾を得た注文者は、下請負人選定者から書面又は電磁的方法により電磁的方法による通知を受けない旨の申出があつたときは、下請負人選定者に対し、承諾通知を電磁的方法によつてしてはならない。</Sentence>
              <Sentence Function="proviso" Num="2" WritingMode="vertical">ただし、下請負人選定者が再び同項の規定による承諾をした場合は、この限りでない。</Sentence>
            </ParagraphSentence>
          </Paragraph>
        </Article>
        <Article Delete="false" Hide="false" Num="29">
          <ArticleCaption>（参考人に支給する費用）</ArticleCaption>
          <ArticleTitle>第二十九条</ArticleTitle>
          <Paragraph Hide="false" Num="1">
            <ParagraphNum/>
            <ParagraphSentence>
              <Sentence WritingMode="vertical">法第五十八条の規定により参考人が請求することができる旅費は、鉄道賃、船賃、航空賃、車賃及び宿泊料とし、その支給については、国家公務員等の旅費に関する法律（昭和二十五年法律第百十四号）の定めるところによる。</Sentence>
            </ParagraphSentence>
          </Paragraph>
          <Paragraph Hide="false" Num="2">
            <ParagraphNum>２</ParagraphNum>
            <ParagraphSentence>
              <Sentence WritingMode="vertical">法第五十八条の規定により参考人が請求することができる手当は、一日につき千七百円とする。</Sentence>
            </ParagraphSentence>
          </Paragraph>
        </Article>
      </Chapter>
    </MainProvision>
    <SupplProvision>
      <SupplProvisionLabel>附　則</SupplProvisionLabel>
      <Paragraph Hide="false" Num="1">
        <ParagraphCaption>（施行期日）</ParagraphCaption>
        <ParagraphNum>１</ParagraphNum>
        <ParagraphSentence>
          <Sentence WritingMode="vertical">この政令は、測量法施行の日（昭和二十四年九月一日）から施行する。</Sentence>
        </ParagraphSentence>
      </Paragraph>
      <Paragraph Hide="false" Num="2">
        <ParagraphCaption>（各試験の実施時期の特例）</ParagraphCaption>
        <ParagraphNum>２</ParagraphNum>
        <ParagraphSentence>
          <Sentence WritingMode="vertical">各試験は、第二十一条の規定にかかわらず、昭和二十四年十二月三十一日までは、実施しない。</Sentence>
        </ParagraphSentence>
      </Paragraph>
    </SupplProvision>
    <SupplProvision AmendLawNum="昭和二六年二月一〇日政令第二四号" Extract="true">
      <SupplProvisionLabel>附　則</SupplProvisionLabel>
      <Paragraph Hide="false" Num="1">
        <ParagraphCaption>（施行期日）</ParagraphCaption>
        <ParagraphNum>１</ParagraphNum>
        <ParagraphSentence>
          <Sentence WritingMode="vertical">この政令は、公布の日から施行する。</Sentence>
        </ParagraphSentence>
      </Paragraph>
      <Paragraph Hide="false" Num="2">
        <ParagraphCaption>（実務の経験を有する者に対する試験の特例）</ParagraphCaption>
        <ParagraphNum>２</ParagraphNum>
        <ParagraphSentence>
          <Sentence WritingMode="vertical">昭和二十七年十二月三十一日までに実施される測量士試験においては、第十七条に規定する試験の科目は、同条各号に掲げる測量の一の技能を必要とする実務について左の各号に掲げる経験年数を有する者については、測量学概論及び受験者の選択する同条各号に掲げる科目の一とすることができる。</Sentence>
        </ParagraphSentence>
        <Item Delete="false" Hide="false" Num="1">
          <ItemTitle>一</ItemTitle>
          <ItemSentence>
            <Sentence WritingMode="vertical">旧専門学校令（明治三十六年勅令第六十一号）による専門学校に準ずる建設大臣が指定する学校において同大臣が指定する測量に関する学科を修めて卒業した者については、四年以上</Sentence>
          </ItemSentence>
        </Item>
        <Item Delete="false" Hide="false" Num="2">
          <ItemTitle>二</ItemTitle>
          <ItemSentence>
            <Sentence WritingMode="vertical">旧中等学校令（昭和十八年勅令第三十六号）による中等学校を卒業した者又はこれと同等以上の能力を有する者と建設大臣が認定した者については、七年以上</Sentence>
          </ItemSentence>
        </Item>
        <Item Delete="false" Hide="false" Num="3">
          <ItemTitle>三</ItemTitle>
          <ItemSentence>
            <Sentence WritingMode="vertical">前二号に該当しない者については、十年以上</Sentence>
          </ItemSentence>
        </Item>
      </Paragraph>
      <Paragraph Hide="false" Num="3">
        <ParagraphNum>３</ParagraphNum>
        <ParagraphSentence>
          <Sentence WritingMode="vertical">昭和二十七年十二月三十一日までに実施される測量士補試験においては、第十八条に規定する試験の科目は、同条各号に掲げる測量作業の一の技能を必要とする実務について五年以上の経験年数を有する者については、測量学大意及び受験者の選択する同条各号に掲げる科目の一とすることができる。</Sentence>
        </ParagraphSentence>
      </Paragraph>
      <Paragraph Hide="false" Num="4">
        <ParagraphNum>４</ParagraphNum>
        <ParagraphSentence>
          <Sentence WritingMode="vertical">前二項の規定により、測量士試験又は測量士補試験を受けようとする者は、第二十二条に規定する書類の外、建設省令の定めるところにより、測量に関する実務の経歴書及びこれを証する書面又は経歴書の記載が真実であることを誓約する書面を、あわせて地理調査所の長に提出しなければならない。</Sentence>
        </ParagraphSentence>
      </Paragraph>
      <Paragraph Hide="false" Num="5">
        <ParagraphNum>５</ParagraphNum>
        <ParagraphSentence>
          <Sentence WritingMode="vertical">改正前の第十九条第一項第一号の規定により指定された旧専門学校令による専門学校に準ずる学校及び同校における測量に関する学科並びに同項第二号の規定により旧中等学校令による中等学校を卒業した者と同等以上の能力を有する者と認定された者は、それぞれ附則第二項第一号の規定により指定された学校及び学科並びに同項第二号の規定により認定された者とみなす。</Sentence>
        </ParagraphSentence>
      </Paragraph>
    </SupplProvision>
    <SupplProvision AmendLawNum="昭和二六年一〇月二七日政令第三四二号" Extract="true">
      <SupplProvisionLabel>附　則</SupplProvisionLabel>
      <Paragraph Hide="false" Num="1">
        <ParagraphNum>１</ParagraphNum>
        <ParagraphSentence>
          <Sentence WritingMode="vertical">この政令は、昭和二十六年十二月一日から施行する。</Sentence>
        </ParagraphSentence>
      </Paragraph>
    </SupplProvision>
    <SupplProvision AmendLawNum="昭和三二年一二月二七日政令第三五一号">
      <SupplProvisionLabel>附　則</SupplProvisionLabel>
      <Paragraph Hide="false" Num="1">
        <ParagraphNum/>
        <ParagraphSentence>
          <Sentence WritingMode="vertical">この政令は、公布の日から施行する。</Sentence>
        </ParagraphSentence>
      </Paragraph>
    </SupplProvision>
    <SupplProvision AmendLawNum="昭和三五年七月一日政令第一九〇号">
      <SupplProvisionLabel>附　則</SupplProvisionLabel>
      <Paragraph Hide="false" Num="1">
        <ParagraphNum/>
        <ParagraphSentence>
          <Sentence WritingMode="vertical">この政令は、公布の日から施行する。</Sentence>
        </ParagraphSentence>
      </Paragraph>
    </SupplProvision>
    <SupplProvision AmendLawNum="昭和三六年一〇月三一日政令第三三四号">
      <SupplProvisionLabel>附　則</SupplProvisionLabel>
      <Paragraph Hide="false" Num="1">
        <ParagraphNum/>
        <ParagraphSentence>
          <Sentence WritingMode="vertical">この政令は、昭和三十六年十一月三十日から施行する。</Sentence>
        </ParagraphSentence>
      </Paragraph>
    </SupplProvision>
    <SupplProvision AmendLawNum="昭和四一年三月二八日政令第四六号">
      <SupplProvisionLabel>附　則</SupplProvisionLabel>
      <Paragraph Hide="false" Num="1">
        <ParagraphNum/>
        <ParagraphSentence>
          <Sentence WritingMode="vertical">この政令は、昭和四十一年四月一日から施行する。</Sentence>
        </ParagraphSentence>
      </Paragraph>
    </SupplProvision>
    <SupplProvision AmendLawNum="昭和四二年六月三〇日政令第一六二号" Extract="true">
      <SupplProvisionLabel>附　則</SupplProvisionLabel>
      <Paragraph Hide="false" Num="1">
        <ParagraphNum>１</ParagraphNum>
        <ParagraphSentence>
          <Sentence WritingMode="vertical">この政令は、昭和四十二年八月一日から施行する。</Sentence>
        </ParagraphSentence>
      </Paragraph>
    </SupplProvision>
    <SupplProvision AmendLawNum="昭和五〇年一一月一七日政令第三二三号">
      <SupplProvisionLabel>附　則</SupplProvisionLabel>
      <Paragraph Hide="false" Num="1">
        <ParagraphNum/>
        <ParagraphSentence>
          <Sentence WritingMode="vertical">この政令は、公布の日から施行する。</Sentence>
        </ParagraphSentence>
      </Paragraph>
    </SupplProvision>
    <SupplProvision AmendLawNum="昭和五三年四月二五日政令第一四一号">
      <SupplProvisionLabel>附　則</SupplProvisionLabel>
      <Paragraph Hide="false" Num="1">
        <ParagraphNum/>
        <ParagraphSentence>
          <Sentence WritingMode="vertical">この政令は、昭和五十三年五月一日から施行する。</Sentence>
        </ParagraphSentence>
      </Paragraph>
    </SupplProvision>
    <SupplProvision AmendLawNum="昭和五六年三月三一日政令第五八号">
      <SupplProvisionLabel>附　則</SupplProvisionLabel>
      <Paragraph Hide="false" Num="1">
        <ParagraphNum/>
        <ParagraphSentence>
          <Sentence WritingMode="vertical">この政令は、昭和五十六年四月一日から施行する。</Sentence>
        </ParagraphSentence>
      </Paragraph>
    </SupplProvision>
    <SupplProvision AmendLawNum="昭和五六年五月二二日政令第一七七号">
      <SupplProvisionLabel>附　則</SupplProvisionLabel>
      <Paragraph Hide="false" Num="1">
        <ParagraphNum/>
        <ParagraphSentence>
          <Sentence WritingMode="vertical">この政令は、昭和五十六年六月一日から施行する。</Sentence>
        </ParagraphSentence>
      </Paragraph>
    </SupplProvision>
    <SupplProvision AmendLawNum="昭和五八年一二月二三日政令第二六五号">
      <SupplProvisionLabel>附　則</SupplProvisionLabel>
      <Paragraph Hide="false" Num="1">
        <ParagraphNum/>
        <ParagraphSentence>
          <Sentence WritingMode="vertical">この政令は、昭和五十九年三月一日から施行する。</Sentence>
        </ParagraphSentence>
      </Paragraph>
    </SupplProvision>
    <SupplProvision AmendLawNum="昭和五九年五月一五日政令第一三九号" Extract="true">
      <SupplProvisionLabel>附　則</SupplProvisionLabel>
      <Paragraph Hide="false" Num="1">
        <ParagraphNum>１</ParagraphNum>
        <ParagraphSentence>
          <Sentence WritingMode="vertical">この政令は、各種手数料等の額の改定及び規定の合理化に関する法律の施行の日（昭和五十九年五月二十一日）から施行する。</Sentence>
        </ParagraphSentence>
      </Paragraph>
    </SupplProvision>
    <SupplProvision AmendLawNum="昭和六二年三月二五日政令第五七号" Extract="true">
      <SupplProvisionLabel>附　則</SupplProvisionLabel>
      <Paragraph Hide="false" Num="1">
        <ParagraphCaption>（施行期日）</ParagraphCaption>
        <ParagraphNum>１</ParagraphNum>
        <ParagraphSentence>
          <Sentence WritingMode="vertical">この政令は、昭和六十二年四月一日から施行する。</Sentence>
        </ParagraphSentence>
      </Paragraph>
    </SupplProvision>
    <SupplProvision AmendLawNum="平成三年三月一三日政令第二五号" Extract="true">
      <SupplProvisionLabel>附　則</SupplProvisionLabel>
      <Paragraph Hide="false" Num="1">
        <ParagraphCaption>（施行期日）</ParagraphCaption>
        <ParagraphNum>１</ParagraphNum>
        <ParagraphSentence>
          <Sentence WritingMode="vertical">この政令は、平成三年四月一日から施行する。</Sentence>
        </ParagraphSentence>
      </Paragraph>
    </SupplProvision>
    <SupplProvision AmendLawNum="平成六年三月二四日政令第六九号" Extract="true">
      <SupplProvisionLabel>附　則</SupplProvisionLabel>
      <Paragraph Hide="false" Num="1">
        <ParagraphCaption>（施行期日）</ParagraphCaption>
        <ParagraphNum>１</ParagraphNum>
        <ParagraphSentence>
          <Sentence WritingMode="vertical">この政令は、平成六年四月一日から施行する。</Sentence>
        </ParagraphSentence>
      </Paragraph>
    </SupplProvision>
    <SupplProvision AmendLawNum="平成九年三月二六日政令第七四号" Extract="true">
      <SupplProvisionLabel>附　則</SupplProvisionLabel>
      <Paragraph Hide="false" Num="1">
        <ParagraphCaption>（施行期日）</ParagraphCaption>
        <ParagraphNum>１</ParagraphNum>
        <ParagraphSentence>
          <Sentence WritingMode="vertical">この政令は、平成九年四月一日から施行する。</Sentence>
        </ParagraphSentence>
      </Paragraph>
    </SupplProvision>
    <SupplProvision AmendLawNum="平成一二年三月二九日政令第一二二号" Extract="true">
      <SupplProvisionLabel>附　則</SupplProvisionLabel>
      <Paragraph Hide="false" Num="1">
        <ParagraphCaption>（施行期日）</ParagraphCaption>
        <ParagraphNum>１</ParagraphNum>
        <ParagraphSentence>
          <Sentence WritingMode="vertical">この政令は、平成十二年四月一日から施行する。</Sentence>
        </ParagraphSentence>
      </Paragraph>
    </SupplProvision>
    <SupplProvision AmendLawNum="平成一二年六月七日政令第三一二号" Extract="true">
      <SupplProvisionLabel>附　則</SupplProvisionLabel>
      <Paragraph Hide="false" Num="1">
        <ParagraphCaption>（施行期日）</ParagraphCaption>
        <ParagraphNum>１</ParagraphNum>
        <ParagraphSentence>
          <Sentence WritingMode="vertical">この政令は、内閣法の一部を改正する法律（平成十一年法律第八十八号）の施行の日（平成十三年一月六日）から施行する。</Sentence>
        </ParagraphSentence>
      </Paragraph>
    </SupplProvision>
    <SupplProvision AmendLawNum="平成一三年一月四日政令第四号" Extract="true">
      <SupplProvisionLabel>附　則</SupplProvisionLabel>
      <Paragraph Hide="false" Num="1">
        <ParagraphCaption>（施行期日）</ParagraphCaption>
        <ParagraphNum>１</ParagraphNum>
        <ParagraphSentence>
          <Sentence WritingMode="vertical">この政令は、書面の交付等に関する情報通信の技術の利用のための関係法律の整備に関する法律の施行の日（平成十三年四月一日）から施行する。</Sentence>
        </ParagraphSentence>
      </Paragraph>
      <Paragraph Hide="false" Num="2">
        <ParagraphCaption>（罰則に関する経過措置）</ParagraphCaption>
        <ParagraphNum>２</ParagraphNum>
        <ParagraphSentence>
          <Sentence WritingMode="vertical">この政令の施行前にした行為に対する罰則の適用については、なお従前の例による。</Sentence>
        </ParagraphSentence>
      </Paragraph>
    </SupplProvision>
    <SupplProvision AmendLawNum="平成一三年一二月二八日政令第四三二号">
      <SupplProvisionLabel>附　則</SupplProvisionLabel>
      <Paragraph Hide="false" Num="1">
        <ParagraphNum/>
        <ParagraphSentence>
          <Sentence WritingMode="vertical">この政令は、測量法及び水路業務法の一部を改正する法律の施行の日（平成十四年四月一日）から施行する。</Sentence>
        </ParagraphSentence>
      </Paragraph>
    </SupplProvision>
    <SupplProvision AmendLawNum="平成一六年三月二四日政令第五四号">
      <SupplProvisionLabel>附　則</SupplProvisionLabel>
      <Paragraph Hide="false" Num="1">
        <ParagraphNum/>
        <ParagraphSentence>
          <Sentence WritingMode="vertical">この政令は、平成十六年三月三十一日から施行する。</Sentence>
        </ParagraphSentence>
      </Paragraph>
    </SupplProvision>
    <SupplProvision AmendLawNum="平成一八年三月三一日政令第一二八号" Extract="true">
      <SupplProvisionLabel>附　則</SupplProvisionLabel>
      <Article Delete="false" Hide="false" Num="1">
        <ArticleCaption>（施行期日）</ArticleCaption>
        <ArticleTitle>第一条</ArticleTitle>
        <Paragraph Hide="false" Num="1">
          <ParagraphNum/>
          <ParagraphSentence>
            <Sentence WritingMode="vertical">この政令は、平成十八年四月一日から施行する。</Sentence>
          </ParagraphSentence>
        </Paragraph>
      </Article>
    </SupplProvision>
    <SupplProvision AmendLawNum="平成二〇年一月一八日政令第八号">
      <SupplProvisionLabel>附　則</SupplProvisionLabel>
      <Paragraph Hide="false" Num="1">
        <ParagraphCaption>（施行期日）</ParagraphCaption>
        <ParagraphNum>１</ParagraphNum>
        <ParagraphSentence>
          <Sentence WritingMode="vertical">この政令は、測量法の一部を改正する法律の施行の日（平成二十年四月一日）から施行する。</Sentence>
        </ParagraphSentence>
      </Paragraph>
      <Paragraph Hide="false" Num="2">
        <ParagraphCaption>（経過措置）</ParagraphCaption>
        <ParagraphNum>２</ParagraphNum>
        <ParagraphSentence>
          <Sentence WritingMode="vertical">この政令による改正後の測量法施行令第十七条から第十九条までの規定は、平成二十一年において行われる測量士試験及び測量士補試験から適用し、平成二十年において行われる測量士試験及び測量士補試験については、なお従前の例による。</Sentence>
        </ParagraphSentence>
      </Paragraph>
    </SupplProvision>
    <SupplProvision AmendLawNum="平成二三年一〇月二一日政令第三二六号">
      <SupplProvisionLabel>附　則</SupplProvisionLabel>
      <Paragraph Hide="false" Num="1">
        <ParagraphNum/>
        <ParagraphSentence>
          <Sentence WritingMode="vertical">この政令は、公布の日から施行する。</Sentence>
        </ParagraphSentence>
      </Paragraph>
    </SupplProvision>
    <SupplProvision AmendLawNum="令和元年一二月一三日政令第一八三号" Extract="true">
      <SupplProvisionLabel>附　則</SupplProvisionLabel>
      <Article Num="1">
        <ArticleCaption>（施行期日）</ArticleCaption>
        <ArticleTitle>第一条</ArticleTitle>
        <Paragraph Num="1">
          <ParagraphNum/>
          <ParagraphSentence>
            <Sentence>この政令は、情報通信技術の活用による行政手続等に係る関係者の利便性の向上並びに行政運営の簡素化及び効率化を図るための行政手続等における情報通信の技術の利用に関する法律等の一部を改正する法律（次条において「改正法」という。）の施行の日（令和元年十二月十六日）から施行する。</Sentence>
          </ParagraphSentence>
        </Paragraph>
      </Article>
    </SupplProvision>
    <AppdxTable>
      <AppdxTableTitle WritingMode="vertical">別表</AppdxTableTitle>
      <RelatedArticleNum>（第九条関係）</RelatedArticleNum>
      <TableStruct>
        <Table WritingMode="vertical">
          <TableRow>
            <TableColumn BorderBottom="solid" BorderLeft="solid" BorderRight="solid" BorderTop="solid">
              <Sentence WritingMode="vertical">名称</Sentence>
            </TableColumn>
            <TableColumn BorderBottom="solid" BorderLeft="solid" BorderRight="solid" BorderTop="solid">
              <Sentence WritingMode="vertical">種類</Sentence>
            </TableColumn>
            <TableColumn BorderBottom="solid" BorderLeft="solid" BorderRight="solid" BorderTop="solid">
              <Sentence WritingMode="vertical">単位</Sentence>
            </TableColumn>
            <TableColumn BorderBottom="solid" BorderLeft="solid" BorderRight="solid" BorderTop="solid">
              <Sentence WritingMode="vertical">金額</Sentence>
            </TableColumn>
          </TableRow>
          <TableRow>
            <TableColumn BorderBottom="solid" BorderLeft="solid" BorderRight="solid" BorderTop="solid" rowspan="3">
              <Sentence WritingMode="vertical">測量成果</Sentence>
            </TableColumn>
            <TableColumn BorderBottom="solid" BorderLeft="solid" BorderRight="solid" BorderTop="solid">
              <Sentence WritingMode="vertical">三角点成果表、多角点成果表、電子基準点成果表又は水準点成果表</Sentence>
            </TableColumn>
            <TableColumn BorderBottom="solid" BorderLeft="solid" BorderRight="solid" BorderTop="solid">
              <Sentence WritingMode="vertical">一点につき</Sentence>
            </TableColumn>
            <TableColumn BorderBottom="solid" BorderLeft="solid" BorderRight="solid" BorderTop="solid">
              <Sentence WritingMode="vertical">二百円</Sentence>
            </TableColumn>
          </TableRow>
          <TableRow>
            <TableColumn BorderBottom="solid" BorderLeft="solid" BorderRight="solid" BorderTop="solid">
              <Sentence WritingMode="vertical">三角網図、多角網図又は水準網図</Sentence>
            </TableColumn>
            <TableColumn BorderBottom="solid" BorderLeft="solid" BorderRight="solid" BorderTop="solid">
              <Sentence WritingMode="vertical">一枚につき</Sentence>
            </TableColumn>
            <TableColumn BorderBottom="solid" BorderLeft="solid" BorderRight="solid" BorderTop="solid">
              <Sentence WritingMode="vertical">三百九十円</Sentence>
            </TableColumn>
          </TableRow>
          <TableRow>
            <TableColumn BorderBottom="solid" BorderLeft="solid" BorderRight="solid" BorderTop="solid">
              <Sentence WritingMode="vertical">地図その他の図表又は写真</Sentence>
            </TableColumn>
            <TableColumn BorderBottom="solid" BorderLeft="solid" BorderRight="solid" BorderTop="solid">
              <Sentence WritingMode="vertical">一枚につき</Sentence>
            </TableColumn>
            <TableColumn BorderBottom="solid" BorderLeft="solid" BorderRight="solid" BorderTop="solid">
              <Sentence WritingMode="vertical">複製に要する実費として国土地理院の長が定める額</Sentence>
            </TableColumn>
          </TableRow>
          <TableRow>
            <TableColumn BorderBottom="solid" BorderLeft="solid" BorderRight="solid" BorderTop="solid" rowspan="2">
              <Sentence WritingMode="vertical">測量記録</Sentence>
            </TableColumn>
            <TableColumn BorderBottom="solid" BorderLeft="solid" BorderRight="solid" BorderTop="solid">
              <Sentence WritingMode="vertical">点の記</Sentence>
            </TableColumn>
            <TableColumn BorderBottom="solid" BorderLeft="solid" BorderRight="solid" BorderTop="solid">
              <Sentence WritingMode="vertical">一点につき</Sentence>
            </TableColumn>
            <TableColumn BorderBottom="solid" BorderLeft="solid" BorderRight="solid" BorderTop="solid">
              <Sentence WritingMode="vertical">二百円</Sentence>
            </TableColumn>
          </TableRow>
          <TableRow>
            <TableColumn BorderBottom="solid" BorderLeft="solid" BorderRight="solid" BorderTop="solid">
              <Sentence WritingMode="vertical">地図その他の図表又は写真</Sentence>
            </TableColumn>
            <TableColumn BorderBottom="solid" BorderLeft="solid" BorderRight="solid" BorderTop="solid">
              <Sentence WritingMode="vertical">一枚につき</Sentence>
            </TableColumn>
            <TableColumn BorderBottom="solid" BorderLeft="solid" BorderRight="solid" BorderTop="solid">
              <Sentence WritingMode="vertical">複製に要する実費として国土地理院の長が定める額</Sentence>
            </TableColumn>
          </TableRow>
        </Table>
      </TableStruct>
    </AppdxTable>
  </LawBody>
</Law>
