<?xml version="1.0" encoding="UTF-8" standalone="no"?>
<Law Era="Showa" Lang="ja" LawType="Act" Num="129" Year="25">
  <LawNum>昭和二十五年法律第百二十九号</LawNum>
  <LawBody>
    <LawTitle>造船法</LawTitle>
    <MainProvision>
      <Article Delete="false" Hide="false" Num="1">
        <ArticleCaption>（目的）</ArticleCaption>
        <ArticleTitle>第一条</ArticleTitle>
        <Paragraph Hide="false" Num="1">
          <ParagraphNum/>
          <ParagraphSentence>
            <Sentence WritingMode="vertical">この法律は、造船技術の向上を図り、あわせて造船に関する事業の円滑な運営を期することを目的とする。</Sentence>
          </ParagraphSentence>
        </Paragraph>
      </Article>
      <Article Delete="false" Hide="false" Num="2">
        <ArticleCaption>（施設の新設等の許可等）</ArticleCaption>
        <ArticleTitle>第二条</ArticleTitle>
        <Paragraph Hide="false" Num="1">
          <ParagraphNum/>
          <ParagraphSentence>
            <Sentence WritingMode="vertical">総トン数五百トン以上又は長さ五十メートル以上の鋼製の船舶の製造又は修繕をすることができる造船台、ドツク又は引揚船台を備える船舶の製造又は修繕の施設を新設し、譲り受け、若しくは借り受けようとする者は、国土交通省令の定める手続に従い、国土交通大臣の許可を受けなければならない。</Sentence>
          </ParagraphSentence>
        </Paragraph>
        <Paragraph Hide="false" Num="2">
          <ParagraphNum>２</ParagraphNum>
          <ParagraphSentence>
            <Sentence WritingMode="vertical">前項の許可を受けた者は、その許可に係る工事を完了し、又は譲受若しくは借受による引渡を完了したときは、その日から一箇月以内に、その旨を国土交通大臣に届け出なければならない。</Sentence>
          </ParagraphSentence>
        </Paragraph>
      </Article>
      <Article Delete="false" Hide="false" Num="3">
        <ArticleCaption>（設備の新設等の許可等）</ArticleCaption>
        <ArticleTitle>第三条</ArticleTitle>
        <Paragraph Hide="false" Num="1">
          <ParagraphNum/>
          <ParagraphSentence>
            <Sentence WritingMode="vertical">前条の施設を所有し、又は借り受けている者が、当該施設において、船舶の製造又は修繕に必要な造船台、ドツク、引揚船台等の設備であつて国土交通省令で定めるものを新設し、増設し、又は拡張しようとするときは、国土交通省令の定める手続に従い、国土交通大臣の許可を受けなければならない。</Sentence>
          </ParagraphSentence>
        </Paragraph>
        <Paragraph Hide="false" Num="2">
          <ParagraphNum>２</ParagraphNum>
          <ParagraphSentence>
            <Sentence WritingMode="vertical">前条第二項の規定は、前項の許可を受けた者に準用する。</Sentence>
          </ParagraphSentence>
        </Paragraph>
      </Article>
      <Article Delete="false" Hide="false" Num="3_2">
        <ArticleCaption>（許可の基準）</ArticleCaption>
        <ArticleTitle>第三条の二</ArticleTitle>
        <Paragraph Hide="false" Num="1">
          <ParagraphNum/>
          <ParagraphSentence>
            <Sentence WritingMode="vertical">国土交通大臣は、左の各号に掲げる基準に適合する申請があつたときは、第二条又は前条の許可をしなければならない。</Sentence>
          </ParagraphSentence>
          <Item Delete="false" Hide="false" Num="1">
            <ItemTitle>一</ItemTitle>
            <ItemSentence>
              <Sentence WritingMode="vertical">当該施設を新設し、又は当該設備を新設し、増設し、若しくは拡張することによつて日本経済として適正な造船能力をこえることとならないこと。</Sentence>
            </ItemSentence>
          </Item>
          <Item Delete="false" Hide="false" Num="2">
            <ItemTitle>二</ItemTitle>
            <ItemSentence>
              <Sentence WritingMode="vertical">当該施設を新設し、譲り受け、若しくは借り受け、又は当該設備を新設し、増設し、若しくは拡張することによつて、当該造船事業の経営がわが国における造船事業の健全な発達を阻害するような競争をひき起す虞がないこと。</Sentence>
            </ItemSentence>
          </Item>
          <Item Delete="false" Hide="false" Num="3">
            <ItemTitle>三</ItemTitle>
            <ItemSentence>
              <Sentence WritingMode="vertical">当該施設を新設し、譲り受け、若しくは借り受け、又は当該設備を新設し、増設し、若しくは拡張しようとする者の技術的及び経理的基礎が確実であること。</Sentence>
            </ItemSentence>
          </Item>
        </Paragraph>
        <Paragraph Hide="false" Num="2">
          <ParagraphNum>２</ParagraphNum>
          <ParagraphSentence>
            <Sentence WritingMode="vertical">国土交通大臣は、次に掲げる場合には、交通政策審議会の意見を聴かなければならない。</Sentence>
          </ParagraphSentence>
          <Item Delete="false" Hide="false" Num="1">
            <ItemTitle>一</ItemTitle>
            <ItemSentence>
              <Sentence WritingMode="vertical">前項第一号の造船能力の算定をしようとするとき。</Sentence>
            </ItemSentence>
          </Item>
          <Item Delete="false" Hide="false" Num="2">
            <ItemTitle>二</ItemTitle>
            <ItemSentence>
              <Sentence WritingMode="vertical">第二条又は前条の許可の申請に係る事案が特に重要なものである場合において、当該事案が前項第二号の基準に適合するかどうかの判定をしようとするとき。</Sentence>
            </ItemSentence>
          </Item>
        </Paragraph>
      </Article>
      <Article Delete="false" Hide="false" Num="4">
        <ArticleCaption>（推進性能試験）</ArticleCaption>
        <ArticleTitle>第四条</ArticleTitle>
        <Paragraph Hide="false" Num="1">
          <ParagraphNum/>
          <ParagraphSentence>
            <Sentence WritingMode="vertical">国土交通大臣は、推進機関を備える船舶を製造しようとする者の要求があつたときは、その船舶の設計について水そうによる推進性能試験を行わなければならない。</Sentence>
          </ParagraphSentence>
        </Paragraph>
        <Paragraph Hide="false" Num="2">
          <ParagraphNum>２</ParagraphNum>
          <ParagraphSentence>
            <Sentence WritingMode="vertical">国土交通大臣は、前項の規定により推進性能試験を受けた設計に基いて船舶を製造した者の要求があつたときは、その船舶について実地による推進性能試験を行わなければならない。</Sentence>
          </ParagraphSentence>
        </Paragraph>
        <Paragraph Hide="false" Num="3">
          <ParagraphNum>３</ParagraphNum>
          <ParagraphSentence>
            <Sentence Num="1" WritingMode="vertical">国土交通大臣は、推進性能試験を行うことを要求した者に対して、推進性能試験の結果を通報しなければならない。</Sentence>
            <Sentence Num="2" WritingMode="vertical">この場合において、国土交通大臣は、必要があると認めるときは、設計の変更その他の勧告をすることができる。</Sentence>
          </ParagraphSentence>
        </Paragraph>
        <Paragraph Hide="false" Num="4">
          <ParagraphNum>４</ParagraphNum>
          <ParagraphSentence>
            <Sentence WritingMode="vertical">第一項又は第二項の規定による推進性能試験を行うことを要求する者は、推進性能試験に要する費用の範囲内において国土交通省令で定める額の手数料を納めなければならない。</Sentence>
          </ParagraphSentence>
        </Paragraph>
        <Paragraph Hide="false" Num="5">
          <ParagraphNum>５</ParagraphNum>
          <ParagraphSentence>
            <Sentence WritingMode="vertical">第二項の規定による推進性能試験を行うことを要求した者は、推進性能試験に要した旅費の実費を納めなければならない。</Sentence>
          </ParagraphSentence>
        </Paragraph>
      </Article>
      <Article Delete="false" Hide="false" Num="5">
        <ArticleCaption>（機関の性能試験）</ArticleCaption>
        <ArticleTitle>第五条</ArticleTitle>
        <Paragraph Hide="false" Num="1">
          <ParagraphNum/>
          <ParagraphSentence>
            <Sentence WritingMode="vertical">国土交通大臣は、新規の設計に基いて船舶用推進機関又は船舶用ボイラーを製造した者の要求があつたときは、その船舶用推進機関又は船舶用ボイラーについて性能試験を行わなければならない。</Sentence>
          </ParagraphSentence>
        </Paragraph>
        <Paragraph Hide="false" Num="2">
          <ParagraphNum>２</ParagraphNum>
          <ParagraphSentence>
            <Sentence WritingMode="vertical">前項の規定による性能試験は、船舶用推進機関に関しては出力、操縦性、回転速度の調整及び振動について、船舶用ボイラーに関しては燃焼及び蒸発の効率について行う。</Sentence>
          </ParagraphSentence>
        </Paragraph>
        <Paragraph Hide="false" Num="3">
          <ParagraphNum>３</ParagraphNum>
          <ParagraphSentence>
            <Sentence WritingMode="vertical">第一項の規定による性能試験については、前条第三項から第五項までの規定を準用する。</Sentence>
          </ParagraphSentence>
        </Paragraph>
      </Article>
      <Article Delete="false" Hide="false" Num="6">
        <ArticleCaption>（船舶の製造事業等の開始、休止及び廃止）</ArticleCaption>
        <ArticleTitle>第六条</ArticleTitle>
        <Paragraph Hide="false" Num="1">
          <ParagraphNum/>
          <ParagraphSentence>
            <Sentence WritingMode="vertical">左に掲げる事業を開始した者は、その事業を開始した日から二箇月以内に、その施設の概要及び事業計画を国土交通大臣に届け出なければならない。</Sentence>
          </ParagraphSentence>
          <Item Delete="false" Hide="false" Num="1">
            <ItemTitle>一</ItemTitle>
            <ItemSentence>
              <Sentence WritingMode="vertical">鋼製の船舶の製造又は修繕をする事業</Sentence>
            </ItemSentence>
          </Item>
          <Item Delete="false" Hide="false" Num="2">
            <ItemTitle>二</ItemTitle>
            <ItemSentence>
              <Sentence WritingMode="vertical">鋼製の船舶以外の船舶で総トン数二十トン以上又は長さ十五メートル以上のものの製造又は修繕をする事業</Sentence>
            </ItemSentence>
          </Item>
          <Item Delete="false" Hide="false" Num="3">
            <ItemTitle>三</ItemTitle>
            <ItemSentence>
              <Sentence WritingMode="vertical">軸馬力三十馬力以上の船舶用推進機関の製造をする事業</Sentence>
            </ItemSentence>
          </Item>
          <Item Delete="false" Hide="false" Num="4">
            <ItemTitle>四</ItemTitle>
            <ItemSentence>
              <Sentence WritingMode="vertical">受熱面積百五十平方メートル以上の船舶用ボイラーの製造をする事業</Sentence>
            </ItemSentence>
          </Item>
        </Paragraph>
        <Paragraph Hide="false" Num="2">
          <ParagraphNum>２</ParagraphNum>
          <ParagraphSentence>
            <Sentence WritingMode="vertical">前項各号の事業を営む者が、その事業を休止し、又は廃止したときは、二箇月以内に、その旨を国土交通大臣に届け出なければならない。</Sentence>
          </ParagraphSentence>
        </Paragraph>
      </Article>
      <Article Delete="false" Hide="false" Num="7">
        <ArticleCaption>（業務に関する勧告）</ArticleCaption>
        <ArticleTitle>第七条</ArticleTitle>
        <Paragraph Hide="false" Num="1">
          <ParagraphNum/>
          <ParagraphSentence>
            <Sentence WritingMode="vertical">国土交通大臣は、前条第一項各号に掲げる事業を営む者に対して、業務運営の改善及び企業原価の適正化等について意見を述べ、又は勧告をすることができる。</Sentence>
          </ParagraphSentence>
        </Paragraph>
      </Article>
      <Article Delete="false" Hide="false" Num="8">
        <ArticleCaption>（技術に関する勧告）</ArticleCaption>
        <ArticleTitle>第八条</ArticleTitle>
        <Paragraph Hide="false" Num="1">
          <ParagraphNum/>
          <ParagraphSentence>
            <Sentence WritingMode="vertical">国土交通大臣は、第六条第一項各号に掲げる事業を営む者に対して、新しい技術の導入、設備の近代化その他技術の向上に関し交通政策審議会の議を経て必要な勧告をすることができる。</Sentence>
          </ParagraphSentence>
        </Paragraph>
      </Article>
      <Article Delete="false" Hide="false" Num="9">
        <ArticleCaption>（情報等の提供）</ArticleCaption>
        <ArticleTitle>第九条</ArticleTitle>
        <Paragraph Hide="false" Num="1">
          <ParagraphNum/>
          <ParagraphSentence>
            <Sentence WritingMode="vertical">国土交通大臣は、常に、広く造船技術に関する資料、情報等を集めて備え置き、第六条第一項各号に掲げる事業を営む者の要求に応じ、これを提供しなければならない。</Sentence>
          </ParagraphSentence>
        </Paragraph>
      </Article>
      <Article Delete="false" Hide="false" Num="10">
        <ArticleCaption>（報告）</ArticleCaption>
        <ArticleTitle>第十条</ArticleTitle>
        <Paragraph Hide="false" Num="1">
          <ParagraphNum/>
          <ParagraphSentence>
            <Sentence WritingMode="vertical">国土交通大臣又は地方運輸局長（運輸監理部長を含む。以下同じ。）は、船舶の製造若しくは修繕又は船体、船舶用機関若しくはぎ装品又はこれらの部分品若しくは附属品の製造、修繕又は販売をする事業を営む者に対して、その生産、販売、労務及び施設について報告をさせることができる。</Sentence>
          </ParagraphSentence>
        </Paragraph>
        <Paragraph Hide="false" Num="2">
          <ParagraphNum>２</ParagraphNum>
          <ParagraphSentence>
            <Sentence WritingMode="vertical">前項の場合において、国土交通大臣又は地方運輸局長は、報告をする者に対して、報告について必要な協力をしなければならない。</Sentence>
          </ParagraphSentence>
        </Paragraph>
      </Article>
      <Article Delete="false" Hide="false" Num="11">
        <ArticleCaption>（現に事業を営む者の届出）</ArticleCaption>
        <ArticleTitle>第十一条</ArticleTitle>
        <Paragraph Hide="false" Num="1">
          <ParagraphNum/>
          <ParagraphSentence>
            <Sentence WritingMode="vertical">この法律施行の際現に第六条第一項各号に掲げる事業を営む者は、この法律施行の日から二箇月以内に、その施設及び事業の概要を運輸大臣に届け出なければならない。</Sentence>
          </ParagraphSentence>
        </Paragraph>
      </Article>
      <Article Delete="false" Hide="false" Num="11_2">
        <ArticleCaption>（権限の委任）</ArticleCaption>
        <ArticleTitle>第十一条の二</ArticleTitle>
        <Paragraph Hide="false" Num="1">
          <ParagraphNum/>
          <ParagraphSentence>
            <Sentence WritingMode="vertical">この法律に規定する国土交通大臣の権限は、国土交通省令で定めるところにより、その一部を地方運輸局長に委任することができる。</Sentence>
          </ParagraphSentence>
        </Paragraph>
      </Article>
      <Article Delete="false" Hide="false" Num="12">
        <ArticleCaption>（罰則）</ArticleCaption>
        <ArticleTitle>第十二条</ArticleTitle>
        <Paragraph Hide="false" Num="1">
          <ParagraphNum/>
          <ParagraphSentence>
            <Sentence WritingMode="vertical">第二条第一項又は第三条第一項の規定に違反した者は、六月以下の懲役若しくは十万円以下の罰金に処し、又はこれを併科する。</Sentence>
          </ParagraphSentence>
        </Paragraph>
      </Article>
      <Article Delete="false" Hide="false" Num="12_2">
        <ArticleTitle>第十二条の二</ArticleTitle>
        <Paragraph Hide="false" Num="1">
          <ParagraphNum/>
          <ParagraphSentence>
            <Sentence WritingMode="vertical">左の各号の一に該当する者は、三万円以下の罰金に処する。</Sentence>
          </ParagraphSentence>
          <Item Delete="false" Hide="false" Num="1">
            <ItemTitle>一</ItemTitle>
            <ItemSentence>
              <Sentence WritingMode="vertical">第二条第二項（第三条第二項において準用する場合を含む。）、第六条又は第十一条の規定による届出をせず、又は虚偽の届出をした者</Sentence>
            </ItemSentence>
          </Item>
          <Item Delete="false" Hide="false" Num="2">
            <ItemTitle>二</ItemTitle>
            <ItemSentence>
              <Sentence WritingMode="vertical">第十条第一項の規定による報告をせず、又は虚偽の報告をした者</Sentence>
            </ItemSentence>
          </Item>
        </Paragraph>
      </Article>
      <Article Delete="false" Hide="false" Num="13">
        <ArticleTitle>第十三条</ArticleTitle>
        <Paragraph Hide="false" Num="1">
          <ParagraphNum/>
          <ParagraphSentence>
            <Sentence Function="main" Num="1" WritingMode="vertical">法人の代表者又は法人若しくは人の代理人、使用人その他の従業者が、その法人又は人の業務に関し、前二条の違反行為をしたときは、行為者を罰する外その法人又は人に対しても各本条の罰金刑を科する。</Sentence>
            <Sentence Function="proviso" Num="2" WritingMode="vertical">但し、法人又は人の代理人、使用人その他の従業者の当該違反行為を防止するため当該業務に対し相当の注意及び監督が尽されたことの証明があつたときは、その法人又は人については、この限りでない。</Sentence>
          </ParagraphSentence>
        </Paragraph>
      </Article>
    </MainProvision>
    <SupplProvision>
      <SupplProvisionLabel>附　則</SupplProvisionLabel>
      <Paragraph Hide="false" Num="1">
        <ParagraphNum/>
        <ParagraphSentence>
          <Sentence WritingMode="vertical">この法律施行の期日は、公布の日から起算して九十日をこえない期間内において政令で定める。</Sentence>
        </ParagraphSentence>
      </Paragraph>
    </SupplProvision>
    <SupplProvision AmendLawNum="昭和二七年六月一六日法律第一九九号">
      <SupplProvisionLabel>附　則</SupplProvisionLabel>
      <Paragraph Hide="false" Num="1">
        <ParagraphNum>１</ParagraphNum>
        <ParagraphSentence>
          <Sentence WritingMode="vertical">この法律施行の期日は、公布の日から起算して六十日をこえない期間内において、政令で定める。</Sentence>
        </ParagraphSentence>
      </Paragraph>
      <Paragraph Hide="false" Num="2">
        <ParagraphNum>２</ParagraphNum>
        <ParagraphSentence>
          <Sentence WritingMode="vertical">この法律施行の際現に改正前の造船法第二条第一項又は同法第三条第一項の規定により届出をして、その工事に着手している者は、改正後の同法第二条第一項又は同法第三条第一項の規定の適用については、この法律施行の日においてそれぞれの規定による許可を受けた者とみなす。</Sentence>
        </ParagraphSentence>
      </Paragraph>
      <Paragraph Hide="false" Num="3">
        <ParagraphNum>３</ParagraphNum>
        <ParagraphSentence>
          <Sentence WritingMode="vertical">この法律施行の際現に改正前の造船法第二条第一項又は同法第三条第一項の規定による届出に係る工事であつて改正後の同法第二条第一項又は同法第三条第一項の施設又は設備に係るものを完了して、その工事の完了の届出をしていない者については、改正前の同法第二条第二項及び同法第三条第二項の規定は、この法律施行後もなおその効力を有する。</Sentence>
        </ParagraphSentence>
      </Paragraph>
      <Paragraph Hide="false" Num="4">
        <ParagraphNum>４</ParagraphNum>
        <ParagraphSentence>
          <Sentence WritingMode="vertical">この法律施行前にした行為に対する罰則の適用については、なお従前の例による。</Sentence>
        </ParagraphSentence>
      </Paragraph>
    </SupplProvision>
    <SupplProvision AmendLawNum="昭和四〇年五月二二日法律第七九号">
      <SupplProvisionLabel>附　則</SupplProvisionLabel>
      <Paragraph Hide="false" Num="1">
        <ParagraphNum/>
        <ParagraphSentence>
          <Sentence WritingMode="vertical">この法律は、公布の日から起算して三十日を経過した日から施行する。</Sentence>
        </ParagraphSentence>
      </Paragraph>
    </SupplProvision>
    <SupplProvision AmendLawNum="昭和四五年五月二〇日法律第八〇号" Extract="true">
      <SupplProvisionLabel>附　則</SupplProvisionLabel>
      <Paragraph Hide="false" Num="1">
        <ParagraphCaption>（施行期日）</ParagraphCaption>
        <ParagraphNum>１</ParagraphNum>
        <ParagraphSentence>
          <Sentence WritingMode="vertical">この法律は、公布の日から施行する。</Sentence>
        </ParagraphSentence>
      </Paragraph>
    </SupplProvision>
    <SupplProvision AmendLawNum="昭和四五年六月一日法律第一一一号" Extract="true">
      <SupplProvisionLabel>附　則</SupplProvisionLabel>
      <Paragraph Hide="false" Num="1">
        <ParagraphCaption>（施行期日）</ParagraphCaption>
        <ParagraphNum>１</ParagraphNum>
        <ParagraphSentence>
          <Sentence WritingMode="vertical">この法律は、公布の日から施行する。</Sentence>
        </ParagraphSentence>
      </Paragraph>
    </SupplProvision>
    <SupplProvision AmendLawNum="昭和五五年一一月一九日法律第八五号" Extract="true">
      <SupplProvisionLabel>附　則</SupplProvisionLabel>
      <Article Delete="false" Hide="false" Num="1">
        <ArticleCaption>（施行期日）</ArticleCaption>
        <ArticleTitle>第一条</ArticleTitle>
        <Paragraph Hide="false" Num="1">
          <ParagraphNum/>
          <ParagraphSentence>
            <Sentence WritingMode="vertical">この法律は、昭和五十六年四月一日から施行する。</Sentence>
          </ParagraphSentence>
        </Paragraph>
      </Article>
      <Article Delete="false" Hide="false" Num="20">
        <ArticleCaption>（経過措置）</ArticleCaption>
        <ArticleTitle>第二十条</ArticleTitle>
        <Paragraph Hide="false" Num="1">
          <ParagraphNum/>
          <ParagraphSentence>
            <Sentence WritingMode="vertical">この法律の施行前にしたこの法律による改正に係る国の機関の法律若しくはこれに基づく命令の規定による許可、認可その他の処分又は契約その他の行為（以下この条において「処分等」という。）は、政令で定めるところにより、この法律による改正後のそれぞれの法律若しくはこれに基づく命令の規定により又はこれらの規定に基づく所掌事務の区分に応じ、相当の国の機関のした処分等とみなす。</Sentence>
          </ParagraphSentence>
        </Paragraph>
      </Article>
      <Article Delete="false" Hide="false" Num="21">
        <ArticleTitle>第二十一条</ArticleTitle>
        <Paragraph Hide="false" Num="1">
          <ParagraphNum/>
          <ParagraphSentence>
            <Sentence WritingMode="vertical">この法律の施行前にこの法律による改正に係る国の機関に対してした申請、届出その他の行為（以下この条において「申請等」という。）は、政令で定めるところにより、この法律による改正後のそれぞれの法律若しくはこれに基づく命令の規定により又はこれらの規定に基づく所掌事務の区分に応じ、相当の国の機関に対してした申請等とみなす。</Sentence>
          </ParagraphSentence>
        </Paragraph>
      </Article>
    </SupplProvision>
    <SupplProvision AmendLawNum="昭和五八年一二月二日法律第七八号">
      <SupplProvisionLabel>附　則</SupplProvisionLabel>
      <Paragraph Hide="false" Num="1">
        <ParagraphNum>１</ParagraphNum>
        <ParagraphSentence>
          <Sentence WritingMode="vertical">この法律（第一条を除く。）は、昭和五十九年七月一日から施行する。</Sentence>
        </ParagraphSentence>
      </Paragraph>
      <Paragraph Hide="false" Num="2">
        <ParagraphNum>２</ParagraphNum>
        <ParagraphSentence>
          <Sentence WritingMode="vertical">この法律の施行の日の前日において法律の規定により置かれている機関等で、この法律の施行の日以後は国家行政組織法又はこの法律による改正後の関係法律の規定に基づく政令（以下「関係政令」という。）の規定により置かれることとなるものに関し必要となる経過措置その他この法律の施行に伴う関係政令の制定又は改廃に関し必要となる経過措置は、政令で定めることができる。</Sentence>
        </ParagraphSentence>
      </Paragraph>
    </SupplProvision>
    <SupplProvision AmendLawNum="昭和五九年五月八日法律第二五号" Extract="true">
      <SupplProvisionLabel>附　則</SupplProvisionLabel>
      <Article Delete="false" Hide="false" Num="1">
        <ArticleCaption>（施行期日）</ArticleCaption>
        <ArticleTitle>第一条</ArticleTitle>
        <Paragraph Hide="false" Num="1">
          <ParagraphNum/>
          <ParagraphSentence>
            <Sentence WritingMode="vertical">この法律は、昭和五十九年七月一日から施行する。</Sentence>
          </ParagraphSentence>
        </Paragraph>
      </Article>
      <Article Delete="false" Hide="false" Num="23">
        <ArticleCaption>（経過措置）</ArticleCaption>
        <ArticleTitle>第二十三条</ArticleTitle>
        <Paragraph Hide="false" Num="1">
          <ParagraphNum/>
          <ParagraphSentence>
            <Sentence WritingMode="vertical">この法律の施行前に海運局長、海運監理部長、海運局若しくは海運監理部の支局その他の地方機関の長（以下「支局長等」という。）又は陸運局長が法律若しくはこれに基づく命令の規定によりした許可、認可その他の処分又は契約その他の行為（以下この条において「処分等」という。）は、政令（支局長等がした処分等にあつては、運輸省令）で定めるところにより、この法律による改正後のそれぞれの法律若しくはこれに基づく命令の規定により相当の地方運輸局長、海運監理部長又は地方運輸局若しくは海運監理部の海運支局その他の地方機関の長（以下「海運支局長等」という。）がした処分等とみなす。</Sentence>
          </ParagraphSentence>
        </Paragraph>
      </Article>
      <Article Delete="false" Hide="false" Num="24">
        <ArticleTitle>第二十四条</ArticleTitle>
        <Paragraph Hide="false" Num="1">
          <ParagraphNum/>
          <ParagraphSentence>
            <Sentence WritingMode="vertical">この法律の施行前に海運局長、海運監理部長、支局長等又は陸運局長に対してした申請、届出その他の行為（以下この条において「申請等」という。）は、政令（支局長等に対してした申請等にあつては、運輸省令）で定めるところにより、この法律による改正後のそれぞれの法律若しくはこれに基づく命令の規定により相当の地方運輸局長、海運監理部長又は海運支局長等に対してした申請等とみなす。</Sentence>
          </ParagraphSentence>
        </Paragraph>
      </Article>
      <Article Delete="false" Hide="false" Num="25">
        <ArticleTitle>第二十五条</ArticleTitle>
        <Paragraph Hide="false" Num="1">
          <ParagraphNum/>
          <ParagraphSentence>
            <Sentence WritingMode="vertical">この法律の施行前にした行為に対する罰則の適用については、なお従前の例による。</Sentence>
          </ParagraphSentence>
        </Paragraph>
      </Article>
    </SupplProvision>
    <SupplProvision AmendLawNum="平成一一年一二月二二日法律第一六〇号" Extract="true">
      <SupplProvisionLabel>附　則</SupplProvisionLabel>
      <Article Delete="false" Hide="false" Num="1">
        <ArticleCaption>（施行期日）</ArticleCaption>
        <ArticleTitle>第一条</ArticleTitle>
        <Paragraph Hide="false" Num="1">
          <ParagraphNum/>
          <ParagraphSentence>
            <Sentence Function="main" Num="1" WritingMode="vertical">この法律（第二条及び第三条を除く。）は、平成十三年一月六日から施行する。</Sentence>
            <Sentence Function="proviso" Num="2" WritingMode="vertical">ただし、次の各号に掲げる規定は、当該各号に定める日から施行する。</Sentence>
          </ParagraphSentence>
          <Item Delete="false" Hide="false" Num="1">
            <ItemTitle>一</ItemTitle>
            <ItemSentence>
              <Column LineBreak="false" Num="1">
                <Sentence WritingMode="vertical">第九百九十五条（核原料物質、核燃料物質及び原子炉の規制に関する法律の一部を改正する法律附則の改正規定に係る部分に限る。）、第千三百五条、第千三百六条、第千三百二十四条第二項、第千三百二十六条第二項及び第千三百四十四条の規定</Sentence>
              </Column>
              <Column LineBreak="false" Num="2">
                <Sentence WritingMode="vertical">公布の日</Sentence>
              </Column>
            </ItemSentence>
          </Item>
        </Paragraph>
      </Article>
    </SupplProvision>
    <SupplProvision AmendLawNum="平成一四年五月三一日法律第五四号" Extract="true">
      <SupplProvisionLabel>附　則</SupplProvisionLabel>
      <Article Delete="false" Hide="false" Num="1">
        <ArticleCaption>（施行期日）</ArticleCaption>
        <ArticleTitle>第一条</ArticleTitle>
        <Paragraph Hide="false" Num="1">
          <ParagraphNum/>
          <ParagraphSentence>
            <Sentence WritingMode="vertical">この法律は、平成十四年七月一日から施行する。</Sentence>
          </ParagraphSentence>
        </Paragraph>
      </Article>
      <Article Delete="false" Hide="false" Num="28">
        <ArticleCaption>（経過措置）</ArticleCaption>
        <ArticleTitle>第二十八条</ArticleTitle>
        <Paragraph Hide="false" Num="1">
          <ParagraphNum/>
          <ParagraphSentence>
            <Sentence WritingMode="vertical">この法律の施行前にこの法律による改正前のそれぞれの法律若しくはこれに基づく命令（以下「旧法令」という。）の規定により海運監理部長、陸運支局長、海運支局長又は陸運支局の事務所の長（以下「海運監理部長等」という。）がした許可、認可その他の処分又は契約その他の行為（以下「処分等」という。）は、国土交通省令で定めるところにより、この法律による改正後のそれぞれの法律若しくはこれに基づく命令（以下「新法令」という。）の規定により相当の運輸監理部長、運輸支局長又は地方運輸局、運輸監理部若しくは運輸支局の事務所の長（以下「運輸監理部長等」という。）がした処分等とみなす。</Sentence>
          </ParagraphSentence>
        </Paragraph>
      </Article>
      <Article Delete="false" Hide="false" Num="29">
        <ArticleTitle>第二十九条</ArticleTitle>
        <Paragraph Hide="false" Num="1">
          <ParagraphNum/>
          <ParagraphSentence>
            <Sentence WritingMode="vertical">この法律の施行前に旧法令の規定により海運監理部長等に対してした申請、届出その他の行為（以下「申請等」という。）は、国土交通省令で定めるところにより、新法令の規定により相当の運輸監理部長等に対してした申請等とみなす。</Sentence>
          </ParagraphSentence>
        </Paragraph>
      </Article>
      <Article Delete="false" Hide="false" Num="30">
        <ArticleTitle>第三十条</ArticleTitle>
        <Paragraph Hide="false" Num="1">
          <ParagraphNum/>
          <ParagraphSentence>
            <Sentence WritingMode="vertical">この法律の施行前にした行為に対する罰則の適用については、なお従前の例による。</Sentence>
          </ParagraphSentence>
        </Paragraph>
      </Article>
    </SupplProvision>
  </LawBody>
</Law>
