<?xml version="1.0" encoding="UTF-8" standalone="no"?>
<Law DataInfo="200402e80k80m01" Era="Showa" Lang="ja" LawType="Act" Num="73" Year="26">
  <LawNum>昭和二十六年法律第七十三号</LawNum>
  <LawBody>
    <LawTitle>北海道開発のためにする港湾工事に関する法律</LawTitle>
    <MainProvision>
      <Article Delete="false" Hide="false" Num="1">
        <ArticleCaption>（この法律の目的）</ArticleCaption>
        <ArticleTitle>第一条</ArticleTitle>
        <Paragraph Hide="false" Num="1">
          <ParagraphNum/>
          <ParagraphSentence>
            <Sentence WritingMode="vertical">この法律は、北海道開発のため北海道においてする港湾工事に関して、港湾法（昭和二十五年法律第二百十八号）の特例を定めることを目的とする。</Sentence>
          </ParagraphSentence>
        </Paragraph>
      </Article>
      <Article Delete="false" Hide="false" Num="2">
        <ArticleCaption>（港湾管理者のする港湾工事に関する費用の負担）</ArticleCaption>
        <ArticleTitle>第二条</ArticleTitle>
        <Paragraph Hide="false" Num="1">
          <ParagraphNum/>
          <ParagraphSentence>
            <Sentence WritingMode="vertical">港湾管理者のする港湾工事であつて、北海道開発のため必要であると認められるものの費用は、水域施設又は外郭施設の建設又は改良に係るものについては、国がその十分の七・五を、港湾管理者がその十分の二・五をそれぞれ負担し、係留施設、臨港交通施設又は公共の用に供する港湾施設用地の建設又は改良に係るものについては、国がその十分の六を、港湾管理者がその十分の四をそれぞれ負担し、港湾公害防止施設又は港湾環境整備施設の建設又は改良に係るものについては、国と港湾管理者とがその十分の五をそれぞれ負担し、廃棄物埋立護岸又は海洋性廃棄物処理施設の建設又は改良に係るものについては、国がその三分の一を、港湾管理者がその三分の二をそれぞれ負担する。</Sentence>
          </ParagraphSentence>
        </Paragraph>
        <Paragraph Hide="false" Num="2">
          <ParagraphNum>２</ParagraphNum>
          <ParagraphSentence>
            <Sentence WritingMode="vertical">港湾法第四十二条第三項及び第四項（費用の負担）の規定は、前項の場合に準用する。</Sentence>
          </ParagraphSentence>
        </Paragraph>
      </Article>
      <Article Delete="false" Hide="false" Num="3">
        <ArticleCaption>（直轄工事）</ArticleCaption>
        <ArticleTitle>第三条</ArticleTitle>
        <Paragraph Hide="false" Num="1">
          <ParagraphNum/>
          <ParagraphSentence>
            <Sentence WritingMode="vertical">北海道開発のため必要がある場合において、国と港湾管理者の協議が調つたときは、国土交通大臣は、予算の範囲内で港湾工事を自らすることができる。</Sentence>
          </ParagraphSentence>
        </Paragraph>
        <Paragraph Hide="false" Num="2">
          <ParagraphNum>２</ParagraphNum>
          <ParagraphSentence>
            <Sentence Num="1" WritingMode="vertical">前条の規定は、前項の規定により国土交通大臣がする港湾工事の費用について準用する。</Sentence>
            <Sentence Num="2" WritingMode="vertical">この場合において、同条第一項中「国がその十分の七・五」とあるのは「国がその十分の八・五」と、「港湾管理者がその十分の二・五」とあるのは「港湾管理者がその十分の一・五」と、「十分の六」とあるのは「三分の二」と、「十分の四」とあるのは「三分の一」と、同条第二項において準用する港湾法第四十二条第四項中「第十七条及び第十九条第一項」とあるのは「第十七条の二第一項及び第十九条第二項」と読み替えるものとする。</Sentence>
          </ParagraphSentence>
        </Paragraph>
      </Article>
      <Article Delete="false" Hide="false" Num="4">
        <ArticleCaption>（土地又は工作物の譲渡等）</ArticleCaption>
        <ArticleTitle>第四条</ArticleTitle>
        <Paragraph Hide="false" Num="1">
          <ParagraphNum/>
          <ParagraphSentence>
            <Sentence Num="1" WritingMode="vertical">前条第一項に規定する港湾工事によつて生じた土地又は工作物は、公用のため国において必要なものを除き、国土交通大臣において、港湾管理者に譲渡することができる。</Sentence>
            <Sentence Num="2" WritingMode="vertical">この場合の譲渡は、港湾管理者が負担した費用の額に相当する価額の範囲内で無償とする。</Sentence>
          </ParagraphSentence>
        </Paragraph>
        <Paragraph Hide="false" Num="2">
          <ParagraphNum>２</ParagraphNum>
          <ParagraphSentence>
            <Sentence WritingMode="vertical">前条第一項に規定する港湾工事によつて生じた土地又は工作物（前項の規定により譲渡するものを除く。）のうち、公用のため国において必要なものを除き、港湾施設となるべきもの及び港湾の管理運営に必要なものは、これを港湾管理者に管理を委託しなければならない。</Sentence>
          </ParagraphSentence>
        </Paragraph>
        <Paragraph Hide="false" Num="3">
          <ParagraphNum>３</ParagraphNum>
          <ParagraphSentence>
            <Sentence WritingMode="vertical">港湾法第五十四条第二項及び第三項（港湾施設の貸付け等）の規定は、前項の規定により管理を委託する場合に準用する。</Sentence>
          </ParagraphSentence>
        </Paragraph>
      </Article>
      <Article Delete="false" Hide="false" Num="5">
        <ArticleCaption>（港湾施設の譲渡等）</ArticleCaption>
        <ArticleTitle>第五条</ArticleTitle>
        <Paragraph Hide="false" Num="1">
          <ParagraphNum/>
          <ParagraphSentence>
            <Sentence WritingMode="vertical">港湾管理者が設立された時において国の所有又は管理に属する港湾施設（航行補助施設を除く。）は、公用のため国において必要なものを除き、これを港湾管理者に譲渡し、又は管理を委託しなければならない。</Sentence>
          </ParagraphSentence>
        </Paragraph>
        <Paragraph Hide="false" Num="2">
          <ParagraphNum>２</ParagraphNum>
          <ParagraphSentence>
            <Sentence Num="1" WritingMode="vertical">前条第一項並びに港湾法第五十四条第二項及び第三項の規定は、前項の規定により譲渡し、又は管理を委託する場合に準用する。</Sentence>
            <Sentence Num="2" WritingMode="vertical">この場合において、前条第一項後段中「港湾管理者」とあるのは「港湾管理者としての地方公共団体（当該地方公共団体が地方自治法（昭和二十二年法律第六十七号）第二百八十四条第二項又は第三項の地方公共団体である場合には当該地方公共団体を組織する地方公共団体）又は港務局を組織する地方公共団体」と読み替えるものとする。</Sentence>
          </ParagraphSentence>
        </Paragraph>
      </Article>
    </MainProvision>
    <SupplProvision>
      <SupplProvisionLabel>附　則</SupplProvisionLabel>
      <Paragraph Hide="false" Num="1">
        <ParagraphNum>１</ParagraphNum>
        <ParagraphSentence>
          <Sentence WritingMode="vertical">この法律は、公布の日から施行する。</Sentence>
        </ParagraphSentence>
      </Paragraph>
      <Paragraph Hide="false" Num="2">
        <ParagraphNum>２</ParagraphNum>
        <ParagraphSentence>
          <Sentence WritingMode="vertical">第二条第一項（第三条第二項において準用する場合を含む。）の規定の昭和六十年度における適用については、第二条第一項中「十分の九・五」とあるのは「十分の八・五」と、「十分の〇・五」とあるのは「十分の一・五」と、「国がその十分の七・五」とあるのは「国がその三分の二」と、「港湾管理者がその十分の二・五」とあるのは「港湾管理者がその三分の一」とする。</Sentence>
        </ParagraphSentence>
      </Paragraph>
      <Paragraph Hide="false" Num="3">
        <ParagraphNum>３</ParagraphNum>
        <ParagraphSentence>
          <Sentence WritingMode="vertical">第二条第一項の規定の昭和六十一年度、平成三年度及び平成四年度における適用については、同項中「十分の九・五」とあるのは「十分の八」と、「十分の〇・五」とあるのは「十分の二」と、「国がその十分の七・五」とあるのは「国がその十分の六」と、「港湾管理者がその十分の二・五」とあるのは「港湾管理者がその十分の四」とする。</Sentence>
        </ParagraphSentence>
      </Paragraph>
      <Paragraph Hide="false" Num="4">
        <ParagraphNum>４</ParagraphNum>
        <ParagraphSentence>
          <Sentence WritingMode="vertical">第三条第二項において準用する第二条第一項の規定の昭和六十一年度、平成三年度及び平成四年度における適用については、同項中「十分の九・五」とあるのは「十分の八・五」と、「十分の〇・五」とあるのは「十分の一・五」と、「国がその十分の七・五」とあるのは「国がその三分の二」と、「港湾管理者がその十分の二・五」とあるのは「港湾管理者がその三分の一」とする。</Sentence>
        </ParagraphSentence>
      </Paragraph>
      <Paragraph Hide="false" Num="5">
        <ParagraphNum>５</ParagraphNum>
        <ParagraphSentence>
          <Sentence WritingMode="vertical">第二条第一項の規定の昭和六十二年度から平成二年度までの各年度における適用については、同項中「十分の九・五」とあるのは「十分の七・七五」と、「十分の〇・五」とあるのは「十分の二・二五」と、「国がその十分の七・五」とあるのは「国がその十分の五・七五」と、「港湾管理者がその十分の二・五」とあるのは「港湾管理者がその十分の四・二五」とする。</Sentence>
        </ParagraphSentence>
      </Paragraph>
      <Paragraph Hide="false" Num="6">
        <ParagraphNum>６</ParagraphNum>
        <ParagraphSentence>
          <Sentence WritingMode="vertical">第三条第二項において準用する第二条第一項の規定の昭和六十二年度から平成二年度までの各年度における適用については、同項中「十分の九・五」とあるのは「十分の八」と、「十分の〇・五」とあるのは「十分の二」と、「国がその十分の七・五」とあるのは「国がその十分の六」と、「港湾管理者がその十分の二・五」とあるのは「港湾管理者がその十分の四」とする。</Sentence>
        </ParagraphSentence>
      </Paragraph>
      <Paragraph Hide="false" Num="7">
        <ParagraphNum>７</ParagraphNum>
        <ParagraphSentence>
          <Sentence WritingMode="vertical">国は、当分の間、港湾管理者に対し、第二条第一項の規定により国がその費用について負担する港湾施設の建設又は改良の工事で日本電信電話株式会社の株式の売払収入の活用による社会資本の整備の促進に関する特別措置法（昭和六十二年法律第八十六号）第二条第一項第二号に該当するものに要する費用に充てる資金について、予算の範囲内において、第二条第一項の規定（この規定による国の負担の割合について、この規定と異なる定めをした法令の規定がある場合には、当該異なる定めをした法令の規定を含む。以下同じ。）により国が負担する金額に相当する金額を無利子で貸し付けることができる。</Sentence>
        </ParagraphSentence>
      </Paragraph>
      <Paragraph Hide="false" Num="8">
        <ParagraphNum>８</ParagraphNum>
        <ParagraphSentence>
          <Sentence WritingMode="vertical">前項の国の貸付金の償還期間は、五年（二年以内の据置期間を含む。）以内で政令で定める期間とする。</Sentence>
        </ParagraphSentence>
      </Paragraph>
      <Paragraph Hide="false" Num="9">
        <ParagraphNum>９</ParagraphNum>
        <ParagraphSentence>
          <Sentence WritingMode="vertical">前項に定めるもののほか、附則第七項の規定による貸付金の償還方法、償還期限の繰上げその他償還に関し必要な事項は、政令で定める。</Sentence>
        </ParagraphSentence>
      </Paragraph>
      <Paragraph Hide="false" Num="10">
        <ParagraphNum>10</ParagraphNum>
        <ParagraphSentence>
          <Sentence WritingMode="vertical">附則第七項の規定により国が港湾管理者に対し貸付けを行う場合における第二条第二項において準用する港湾法第四十二条第三項の規定の適用については、同項中「これによつて国が負担することとなる金額」とあるのは、「北海道開発のためにする港湾工事に関する法律附則第七項の規定により国が貸し付けることとなる金額」とする。</Sentence>
        </ParagraphSentence>
      </Paragraph>
      <Paragraph Hide="false" Num="11">
        <ParagraphNum>11</ParagraphNum>
        <ParagraphSentence>
          <Sentence WritingMode="vertical">国は、附則第七項の規定により、港湾管理者に対し貸付けを行つた場合には、当該貸付けの対象である工事に係る第二条第一項の規定による国の負担については、当該貸付金の償還時において、当該貸付金の償還金に相当する金額を交付することにより行うものとする。</Sentence>
        </ParagraphSentence>
      </Paragraph>
      <Paragraph Hide="false" Num="12">
        <ParagraphNum>12</ParagraphNum>
        <ParagraphSentence>
          <Sentence WritingMode="vertical">港湾管理者が、附則第七項の規定による貸付けを受けた無利子貸付金について、附則第八項及び第九項の規定に基づき定められる償還期限を繰り上げて償還を行つた場合（政令で定める場合を除く。）における前項の規定の適用については、当該償還は、当該償還期限の到来時に行われたものとみなす。</Sentence>
        </ParagraphSentence>
      </Paragraph>
    </SupplProvision>
    <SupplProvision AmendLawNum="昭和二六年六月四日法律第一九六号" Extract="true">
      <SupplProvisionLabel>附　則</SupplProvisionLabel>
      <Paragraph Hide="false" Num="1">
        <ParagraphNum>１</ParagraphNum>
        <ParagraphSentence>
          <Sentence WritingMode="vertical">この法律は、公布の日から施行する。</Sentence>
        </ParagraphSentence>
      </Paragraph>
    </SupplProvision>
    <SupplProvision AmendLawNum="昭和二九年五月一八日法律第一一四号">
      <SupplProvisionLabel>附　則</SupplProvisionLabel>
      <Paragraph Hide="false" Num="1">
        <ParagraphNum/>
        <ParagraphSentence>
          <Sentence WritingMode="vertical">この法律は、公布の日から施行する。</Sentence>
        </ParagraphSentence>
      </Paragraph>
    </SupplProvision>
    <SupplProvision AmendLawNum="昭和四七年五月一三日法律第三二号" Extract="true">
      <SupplProvisionLabel>附　則</SupplProvisionLabel>
      <Paragraph Hide="false" Num="1">
        <ParagraphCaption>（施行期日等）</ParagraphCaption>
        <ParagraphNum>１</ParagraphNum>
        <ParagraphSentence>
          <Sentence WritingMode="vertical">この法律は、公布の日から施行し、改正後の北海道開発のためにする港湾工事に関する法律第二条第一項の規定、附則第三項の規定による改正後の離島振興法（昭和二十八年法律第七十二号）別表（一）の規定及び附則第四項の規定による改正後の特定港湾施設整備特別措置法（昭和三十四年法律第六十七号）第四条第一項の規定は、昭和四十七年度分の予算に係る国の負担金（昭和四十七年度に繰り越された昭和四十六年度の予算に係る国の負担金を除く。）及び当該国の負担金に係る港湾工事の費用に係る港湾管理者の負担金から適用する。</Sentence>
        </ParagraphSentence>
      </Paragraph>
      <Paragraph Hide="false" Num="2">
        <ParagraphNum>２</ParagraphNum>
        <ParagraphSentence>
          <Sentence WritingMode="vertical">改正前の北海道開発のためにする港湾工事に関する法律第二条第一項の規定に基づき国がその全額を負担することとした港湾工事の費用に係る負担金で昭和四十六年度の予算に係るもの（昭和四十七年度以降に繰り越されたものを含む。）についての国の負担割合については、なお従前の例による。</Sentence>
        </ParagraphSentence>
      </Paragraph>
    </SupplProvision>
    <SupplProvision AmendLawNum="昭和四八年七月一七日法律第五四号" Extract="true">
      <SupplProvisionLabel>附　則</SupplProvisionLabel>
      <Article Delete="false" Hide="false" Num="1">
        <ArticleCaption>（施行期日等）</ArticleCaption>
        <ArticleTitle>第一条</ArticleTitle>
        <Paragraph Hide="false" Num="1">
          <ParagraphNum/>
          <ParagraphSentence>
            <Sentence WritingMode="vertical">この法律は、公布の日から施行する。</Sentence>
          </ParagraphSentence>
        </Paragraph>
        <Paragraph Hide="false" Num="3">
          <ParagraphNum>３</ParagraphNum>
          <ParagraphSentence>
            <Sentence WritingMode="vertical">第二条の規定による改正後の北海道開発のためにする港湾工事に関する法律第二条第一項の規定は、昭和四十八年度の予算に係る国の負担金に係る港湾工事の費用から適用する。</Sentence>
          </ParagraphSentence>
        </Paragraph>
      </Article>
    </SupplProvision>
    <SupplProvision AmendLawNum="昭和六〇年五月一八日法律第三七号" Extract="true">
      <SupplProvisionLabel>附　則</SupplProvisionLabel>
      <Paragraph Hide="false" Num="1">
        <ParagraphCaption>（施行期日等）</ParagraphCaption>
        <ParagraphNum>１</ParagraphNum>
        <ParagraphSentence>
          <Sentence WritingMode="vertical">この法律は、公布の日から施行する。</Sentence>
        </ParagraphSentence>
      </Paragraph>
    </SupplProvision>
    <SupplProvision AmendLawNum="昭和六一年五月八日法律第四六号" Extract="true">
      <SupplProvisionLabel>附　則</SupplProvisionLabel>
      <Paragraph Hide="false" Num="1">
        <ParagraphNum>１</ParagraphNum>
        <ParagraphSentence>
          <Sentence WritingMode="vertical">この法律は、公布の日から施行する。</Sentence>
        </ParagraphSentence>
      </Paragraph>
      <Paragraph Hide="false" Num="2">
        <ParagraphNum>２</ParagraphNum>
        <ParagraphSentence>
          <Sentence WritingMode="vertical">この法律（第十一条、第十二条及び第三十四条の規定を除く。）による改正後の法律の昭和六十一年度から昭和六十三年度までの各年度の特例に係る規定並びに昭和六十一年度及び昭和六十二年度の特例に係る規定は、昭和六十一年度から昭和六十三年度までの各年度（昭和六十一年度及び昭和六十二年度の特例に係るものにあつては、昭和六十一年度及び昭和六十二年度。以下この項において同じ。）の予算に係る国の負担（当該国の負担に係る都道府県又は市町村の負担を含む。以下この項において同じ。）又は補助（昭和六十年度以前の年度における事務又は事業の実施により昭和六十一年度以降の年度に支出される国の負担又は補助及び昭和六十年度以前の年度の国庫債務負担行為に基づき昭和六十一年度以降の年度に支出すべきものとされた国の負担又は補助を除く。）並びに昭和六十一年度から昭和六十三年度までの各年度における事務又は事業の実施により昭和六十四年度（昭和六十一年度及び昭和六十二年度の特例に係るものにあつては、昭和六十三年度。以下この項において同じ。）以降の年度に支出される国の負担又は補助、昭和六十一年度から昭和六十三年度までの各年度の国庫債務負担行為に基づき昭和六十四年度以降の年度に支出すべきものとされる国の負担又は補助及び昭和六十一年度から昭和六十三年度までの各年度の歳出予算に係る国の負担又は補助で昭和六十四年度以降の年度に繰り越されるものについて適用し、昭和六十年度以前の年度における事務又は事業の実施により昭和六十一年度以降の年度に支出される国の負担又は補助、昭和六十年度以前の年度の国庫債務負担行為に基づき昭和六十一年度以降の年度に支出すべきものとされた国の負担又は補助及び昭和六十年度以前の年度の歳出予算に係る国の負担又は補助で昭和六十一年度以降の年度に繰り越されたものについては、なお従前の例による。</Sentence>
        </ParagraphSentence>
      </Paragraph>
    </SupplProvision>
    <SupplProvision AmendLawNum="昭和六二年三月三一日法律第二一号">
      <SupplProvisionLabel>附　則</SupplProvisionLabel>
      <Paragraph Hide="false" Num="1">
        <ParagraphNum>１</ParagraphNum>
        <ParagraphSentence>
          <Sentence WritingMode="vertical">この法律は、昭和六十二年四月一日から施行する。</Sentence>
        </ParagraphSentence>
      </Paragraph>
      <Paragraph Hide="false" Num="2">
        <ParagraphNum>２</ParagraphNum>
        <ParagraphSentence>
          <Sentence WritingMode="vertical">この法律による改正後の法律の規定は、昭和六十二年度及び昭和六十三年度の予算に係る国の負担（当該国の負担に係る港湾管理者又は地方公共団体の負担を含む。以下同じ。）又は補助（昭和六十一年度以前の年度の国庫債務負担行為に基づき昭和六十二年度以降の年度に支出すべきものとされた国の負担又は補助を除く。）、昭和六十二年度及び昭和六十三年度の国庫債務負担行為に基づき昭和六十四年度以降の年度に支出すべきものとされる国の負担又は補助並びに昭和六十二年度及び昭和六十三年度の歳出予算に係る国の負担又は補助で昭和六十四年度以降の年度に繰り越されるものについて適用し、昭和六十一年度以前の年度の国庫債務負担行為に基づき昭和六十二年度以降の年度に支出すべきものとされた国の負担又は補助及び昭和六十一年度以前の年度の歳出予算に係る国の負担又は補助で昭和六十二年度以降の年度に繰り越されたものについては、なお従前の例による。</Sentence>
        </ParagraphSentence>
      </Paragraph>
    </SupplProvision>
    <SupplProvision AmendLawNum="昭和六二年九月四日法律第八七号">
      <SupplProvisionLabel>附　則</SupplProvisionLabel>
      <Paragraph Hide="false" Num="1">
        <ParagraphNum/>
        <ParagraphSentence>
          <Sentence WritingMode="vertical">この法律は、公布の日から施行し、第六条及び第八条から第十二条までの規定による改正後の国有林野事業特別会計法、道路整備特別会計法、治水特別会計法、港湾整備特別会計法、都市開発資金融通特別会計法及び空港整備特別会計法の規定は、昭和六十二年度の予算から適用する。</Sentence>
        </ParagraphSentence>
      </Paragraph>
    </SupplProvision>
    <SupplProvision AmendLawNum="平成元年四月一〇日法律第二二号" Extract="true">
      <SupplProvisionLabel>附　則</SupplProvisionLabel>
      <Paragraph Hide="false" Num="1">
        <ParagraphCaption>（施行期日等）</ParagraphCaption>
        <ParagraphNum>１</ParagraphNum>
        <ParagraphSentence>
          <Sentence WritingMode="vertical">この法律は、公布の日から施行する。</Sentence>
        </ParagraphSentence>
      </Paragraph>
      <Paragraph Hide="false" Num="2">
        <ParagraphNum>２</ParagraphNum>
        <ParagraphSentence>
          <Sentence WritingMode="vertical">この法律（第十一条、第十二条及び第三十四条の規定を除く。）による改正後の法律の平成元年度及び平成二年度の特例に係る規定並びに平成元年度の特例に係る規定は、平成元年度及び平成二年度（平成元年度の特例に係るものにあっては、平成元年度。以下この項において同じ。）の予算に係る国の負担（当該国の負担に係る都道府県又は市町村の負担を含む。以下この項及び次項において同じ。）又は補助（昭和六十三年度以前の年度における事務又は事業の実施により平成元年度以降の年度に支出される国の負担及び昭和六十三年度以前の年度の国庫債務負担行為に基づき平成元年度以降の年度に支出すべきものとされた国の負担又は補助を除く。）並びに平成元年度及び平成二年度における事務又は事業の実施により平成三年度（平成元年度の特例に係るものにあっては、平成二年度。以下この項において同じ。）以降の年度に支出される国の負担、平成元年度及び平成二年度の国庫債務負担行為に基づき平成三年度以降の年度に支出すべきものとされる国の負担又は補助並びに平成元年度及び平成二年度の歳出予算に係る国の負担又は補助で平成三年度以降の年度に繰り越されるものについて適用し、昭和六十三年度以前の年度における事務又は事業の実施により平成元年度以降の年度に支出される国の負担、昭和六十三年度以前の年度の国庫債務負担行為に基づき平成元年度以降の年度に支出すべきものとされた国の負担又は補助及び昭和六十三年度以前の年度の歳出予算に係る国の負担又は補助で平成元年度以降の年度に繰り越されたものについては、なお従前の例による。</Sentence>
        </ParagraphSentence>
      </Paragraph>
    </SupplProvision>
    <SupplProvision AmendLawNum="平成三年三月三〇日法律第一五号">
      <SupplProvisionLabel>附　則</SupplProvisionLabel>
      <Paragraph Hide="false" Num="1">
        <ParagraphNum>１</ParagraphNum>
        <ParagraphSentence>
          <Sentence WritingMode="vertical">この法律は、平成三年四月一日から施行する。</Sentence>
        </ParagraphSentence>
      </Paragraph>
      <Paragraph Hide="false" Num="2">
        <ParagraphNum>２</ParagraphNum>
        <ParagraphSentence>
          <Sentence WritingMode="vertical">この法律（第十一条及び第十九条の規定を除く。）による改正後の法律の平成三年度及び平成四年度の特例に係る規定並びに平成三年度の特例に係る規定は、平成三年度及び平成四年度（平成三年度の特例に係るものにあっては平成三年度とする。以下この項において同じ。）の予算に係る国の負担（当該国の負担に係る都道府県又は市町村の負担を含む。以下この項において同じ。）又は補助（平成二年度以前の年度における事務又は事業の実施により平成三年度以降の年度に支出される国の負担及び平成二年度以前の年度の国庫債務負担行為に基づき平成三年度以降の年度に支出すべきものとされた国の負担又は補助を除く。）並びに平成三年度及び平成四年度における事務又は事業の実施により平成五年度（平成三年度の特例に係るものにあっては平成四年度とする。以下この項において同じ。）以降の年度に支出される国の負担、平成三年度及び平成四年度の国庫債務負担行為に基づき平成五年度以降の年度に支出すべきものとされる国の負担又は補助並びに平成三年度及び平成四年度の歳出予算に係る国の負担又は補助で平成五年度以降の年度に繰り越されるものについて適用し、平成二年度以前の年度における事務又は事業の実施により平成三年度以降の年度に支出される国の負担、平成二年度以前の年度の国庫債務負担行為に基づき平成三年度以降の年度に支出すべきものとされた国の負担又は補助及び平成二年度以前の年度の歳出予算に係る国の負担又は補助で平成三年度以降の年度に繰り越されたものについては、なお従前の例による。</Sentence>
        </ParagraphSentence>
      </Paragraph>
    </SupplProvision>
    <SupplProvision AmendLawNum="平成五年三月三一日法律第八号" Extract="true">
      <SupplProvisionLabel>附　則</SupplProvisionLabel>
      <Paragraph Hide="false" Num="1">
        <ParagraphCaption>（施行期日等）</ParagraphCaption>
        <ParagraphNum>１</ParagraphNum>
        <ParagraphSentence>
          <Sentence WritingMode="vertical">この法律は、平成五年四月一日から施行する。</Sentence>
        </ParagraphSentence>
      </Paragraph>
      <Paragraph Hide="false" Num="2">
        <ParagraphNum>２</ParagraphNum>
        <ParagraphSentence>
          <Sentence WritingMode="vertical">この法律（第十一条及び第二十条の規定を除く。）による改正後の法律の規定は、平成五年度以降の年度の予算に係る国の負担（当該国の負担に係る都道府県又は市町村の負担を含む。以下この項において同じ。）又は補助（平成四年度以前の年度における事務又は事業の実施により平成五年度以降の年度に支出される国の負担及び平成四年度以前の年度の国庫債務負担行為に基づき平成五年度以降の年度に支出すべきものとされた国の負担又は補助を除く。）について適用し、平成四年度以前の年度における事務又は事業の実施により平成五年度以降の年度に支出される国の負担、平成四年度以前の年度の国庫債務負担行為に基づき平成五年度以降の年度に支出すべきものとされた国の負担又は補助及び平成四年度以前の年度の歳出予算に係る国の負担又は補助で平成五年度以降の年度に繰り越されたものについては、なお従前の例による。</Sentence>
        </ParagraphSentence>
      </Paragraph>
    </SupplProvision>
    <SupplProvision AmendLawNum="平成六年六月二九日法律第四九号" Extract="true">
      <SupplProvisionLabel>附　則</SupplProvisionLabel>
      <Paragraph Hide="false" Num="1">
        <ParagraphCaption>（施行期日）</ParagraphCaption>
        <ParagraphNum>１</ParagraphNum>
        <ParagraphSentence>
          <Sentence WritingMode="vertical">この法律中、第一章の規定及び次項の規定は地方自治法の一部を改正する法律（平成六年法律第四十八号）中地方自治法（昭和二十二年法律第六十七号）第二編第十二章の改正規定の施行の日から、第二章の規定は地方自治法の一部を改正する法律中地方自治法第三編第三章の改正規定の施行の日から施行する。</Sentence>
        </ParagraphSentence>
      </Paragraph>
    </SupplProvision>
    <SupplProvision AmendLawNum="平成一一年一二月二二日法律第一六〇号" Extract="true">
      <SupplProvisionLabel>附　則</SupplProvisionLabel>
      <Article Delete="false" Hide="false" Num="1">
        <ArticleCaption>（施行期日）</ArticleCaption>
        <ArticleTitle>第一条</ArticleTitle>
        <Paragraph Hide="false" Num="1">
          <ParagraphNum/>
          <ParagraphSentence>
            <Sentence Function="main" Num="1" WritingMode="vertical">この法律（第二条及び第三条を除く。）は、平成十三年一月六日から施行する。</Sentence>
            <Sentence Function="proviso" Num="2" WritingMode="vertical">ただし、次の各号に掲げる規定は、当該各号に定める日から施行する。</Sentence>
          </ParagraphSentence>
          <Item Delete="false" Hide="false" Num="1">
            <ItemTitle>一</ItemTitle>
            <ItemSentence>
              <Column LineBreak="false" Num="1">
                <Sentence WritingMode="vertical">第九百九十五条（核原料物質、核燃料物質及び原子炉の規制に関する法律の一部を改正する法律附則の改正規定に係る部分に限る。）、第千三百五条、第千三百六条、第千三百二十四条第二項、第千三百二十六条第二項及び第千三百四十四条の規定</Sentence>
              </Column>
              <Column LineBreak="false" Num="2">
                <Sentence WritingMode="vertical">公布の日</Sentence>
              </Column>
            </ItemSentence>
          </Item>
        </Paragraph>
      </Article>
    </SupplProvision>
    <SupplProvision AmendLawNum="平成一二年三月三一日法律第三三号" Extract="true">
      <SupplProvisionLabel>附　則</SupplProvisionLabel>
      <Article Delete="false" Hide="false" Num="1">
        <ArticleCaption>（施行期日）</ArticleCaption>
        <ArticleTitle>第一条</ArticleTitle>
        <Paragraph Hide="false" Num="1">
          <ParagraphNum/>
          <ParagraphSentence>
            <Sentence WritingMode="vertical">この法律は、平成十二年四月一日から施行する。</Sentence>
          </ParagraphSentence>
        </Paragraph>
      </Article>
    </SupplProvision>
    <SupplProvision AmendLawNum="平成一四年二月八日法律第一号" Extract="true">
      <SupplProvisionLabel>附　則</SupplProvisionLabel>
      <Article Delete="false" Hide="false" Num="1">
        <ArticleCaption>（施行期日）</ArticleCaption>
        <ArticleTitle>第一条</ArticleTitle>
        <Paragraph Hide="false" Num="1">
          <ParagraphNum/>
          <ParagraphSentence>
            <Sentence WritingMode="vertical">この法律は、公布の日から施行する。</Sentence>
          </ParagraphSentence>
        </Paragraph>
      </Article>
    </SupplProvision>
    <SupplProvision AmendLawNum="平成一五年五月一六日法律第四一号" Extract="true">
      <SupplProvisionLabel>附　則</SupplProvisionLabel>
      <Article Delete="false" Hide="false" Num="1">
        <ArticleCaption>（施行期日）</ArticleCaption>
        <ArticleTitle>第一条</ArticleTitle>
        <Paragraph Hide="false" Num="1">
          <ParagraphNum/>
          <ParagraphSentence>
            <Sentence WritingMode="vertical">この法律は、公布の日から施行する。</Sentence>
          </ParagraphSentence>
        </Paragraph>
      </Article>
    </SupplProvision>
    <SupplProvision AmendLawNum="平成一九年六月一日法律第七一号">
      <SupplProvisionLabel>附　則</SupplProvisionLabel>
      <Paragraph Hide="false" Num="1">
        <ParagraphCaption>（施行期日）</ParagraphCaption>
        <ParagraphNum>１</ParagraphNum>
        <ParagraphSentence>
          <Sentence WritingMode="vertical">この法律は、平成十九年四月一日又はこの法律の公布の日のいずれか遅い日から施行する。</Sentence>
        </ParagraphSentence>
      </Paragraph>
      <Paragraph Hide="false" Num="2">
        <ParagraphCaption>（経過措置）</ParagraphCaption>
        <ParagraphNum>２</ParagraphNum>
        <ParagraphSentence>
          <Sentence WritingMode="vertical">第一条の規定による改正後の港湾法第四十三条第五号及び第五十二条第二項第四号の規定並びに第二条の規定による改正後の北海道開発のためにする港湾工事に関する法律第二条第一項（同法第三条第二項において準用する場合を含む。）の規定は、平成十九年度以降の年度の予算に係る国の補助又は負担（当該国の負担に係る港湾管理者の負担を含む。以下同じ。）（平成十八年度以前の年度の国庫債務負担行為に基づき平成十九年度以降の年度に支出すべきものとされた国の補助又は負担を除く。）について適用し、平成十八年度以前の年度の国庫債務負担行為に基づき平成十九年度以降の年度に支出すべきものとされた国の補助又は負担及び平成十八年度以前の年度の歳出予算に係る国の補助又は負担で平成十九年度以降の年度に繰り越されたものについては、なお従前の例による。</Sentence>
        </ParagraphSentence>
      </Paragraph>
    </SupplProvision>
  </LawBody>
</Law>
