<?xml version="1.0" encoding="UTF-8" standalone="no"?>
<Law DataInfo="200402e80k80m01" Era="Showa" Lang="ja" LawType="CabinetOrder" Num="196" Year="26">
  <LawNum>昭和二十六年政令第百九十六号</LawNum>
  <LawBody>
    <LawTitle>鉱業等に係る土地利用の調整手続等に関する法律第四十七条の規定により鑑定人が受ける鑑定料の額を定める政令</LawTitle>
    <EnactStatement>内閣は、土地調整委員会設置法（昭和二十五年法律第二百九十二号）第四十七条の規定に基き、この政令を制定する。</EnactStatement>
    <MainProvision>
      <Paragraph Hide="false" Num="1">
        <ParagraphNum/>
        <ParagraphSentence>
          <Sentence WritingMode="vertical">鉱業等に係る土地利用の調整手続等に関する法律第四十七条の規定により鑑定人が受ける鑑定料の額は、鑑定をするに当り必要とした特別の技能の程度又はこれに要した時間及び費用を考慮して公害等調整委員会が定める額とする。</Sentence>
        </ParagraphSentence>
      </Paragraph>
    </MainProvision>
    <SupplProvision Extract="false" Type="New">
      <SupplProvisionLabel>附　則</SupplProvisionLabel>
      <Paragraph Hide="false" Num="1">
        <ParagraphNum/>
        <ParagraphSentence>
          <Sentence WritingMode="vertical">この政令は、公布の日から施行する。</Sentence>
        </ParagraphSentence>
      </Paragraph>
    </SupplProvision>
    <SupplProvision AmendLawNum="昭和四七年六月二六日政令第二三七号" Extract="false" Type="Amend">
      <SupplProvisionLabel>附　則</SupplProvisionLabel>
      <Paragraph Hide="false" Num="1">
        <ParagraphNum/>
        <ParagraphSentence>
          <Sentence WritingMode="vertical">この政令は、公害等調整委員会設置法の施行の日（昭和四十七年七月一日）から施行する。</Sentence>
        </ParagraphSentence>
      </Paragraph>
    </SupplProvision>
  </LawBody>
</Law>
