<?xml version="1.0" encoding="UTF-8" standalone="no"?>
<Law DataInfo="191210e81k80m01" Era="Showa" Lang="ja" LawType="MinisterialOrdinance" Num="32" Year="27">
  <LawNum>昭和二十七年厚生省令第三十二号</LawNum>
  <LawBody>
    <LawTitle>母体保護法施行規則</LawTitle>
    <EnactStatement>優生保護法施行規則（昭和二十四年厚生省令第三号）を次のように改正する。</EnactStatement>
    <MainProvision>
      <Chapter Num="1">
        <ChapterTitle>第一章　不妊手術</ChapterTitle>
        <Article Num="1">
          <ArticleCaption>（不妊手術の術式）</ArticleCaption>
          <ArticleTitle>第一条</ArticleTitle>
          <Paragraph Num="1">
            <ParagraphNum/>
            <ParagraphSentence>
              <Sentence Num="1" WritingMode="vertical">母体保護法（以下「法」という。）第二条第一項に規定する不妊手術は、次に掲げる術式によるものとする。</Sentence>
            </ParagraphSentence>
            <Item Num="1">
              <ItemTitle>一</ItemTitle>
              <ItemSentence>
                <Sentence Num="1" WritingMode="vertical">精管切除結さつ法（精管を陰のう根部で精索からはく離して、二センチメートル以上を切除し、各断端を焼しやくし、結さつするものをいう。）</Sentence>
              </ItemSentence>
            </Item>
            <Item Num="2">
              <ItemTitle>二</ItemTitle>
              <ItemSentence>
                <Sentence Num="1" WritingMode="vertical">精管離断変位法（精管を陰のう根部で精索からはく離して切断し、各断端を結さつしてから変位固定するものをいう。）</Sentence>
              </ItemSentence>
            </Item>
            <Item Num="3">
              <ItemTitle>三</ItemTitle>
              <ItemSentence>
                <Sentence Num="1" WritingMode="vertical">卵管圧ざ結さつ法（卵管の中央を引き上げ、直角又は鋭角に屈曲させて、その両脚を圧ざかん子で圧ざし、結さつするものをいう。）</Sentence>
              </ItemSentence>
            </Item>
            <Item Num="4">
              <ItemTitle>四</ItemTitle>
              <ItemSentence>
                <Sentence Num="1" WritingMode="vertical">卵管角けい状切除法（卵管を結さつして切断し、卵管間質部をけい状に切除し、残存の卵管断端結さつ部をしよう膜で覆い縫合するものをいう。）</Sentence>
              </ItemSentence>
            </Item>
            <Item Num="5">
              <ItemTitle>五</ItemTitle>
              <ItemSentence>
                <Sentence Num="1" WritingMode="vertical">卵管切断法（卵管を結さつし、切断するものをいう。）</Sentence>
              </ItemSentence>
            </Item>
            <Item Num="6">
              <ItemTitle>六</ItemTitle>
              <ItemSentence>
                <Sentence Num="1" WritingMode="vertical">卵管切除法（卵管及び卵管間膜を結さつして切断し、卵管の一部又は全部を除去するものをいう。）</Sentence>
              </ItemSentence>
            </Item>
            <Item Num="7">
              <ItemTitle>七</ItemTitle>
              <ItemSentence>
                <Sentence Num="1" WritingMode="vertical">卵管焼しやく法（卵管を電気メス、レーザーメス、薬剤等で焼しやくし、閉鎖させるものをいう。）</Sentence>
              </ItemSentence>
            </Item>
            <Item Num="8">
              <ItemTitle>八</ItemTitle>
              <ItemSentence>
                <Sentence Num="1" WritingMode="vertical">卵管変位法（卵管を骨盤腹膜外に移動させ、固定するものをいう。）</Sentence>
              </ItemSentence>
            </Item>
            <Item Num="9">
              <ItemTitle>九</ItemTitle>
              <ItemSentence>
                <Sentence Num="1" WritingMode="vertical">卵管閉塞法（卵管又は卵管内くうを器具、薬剤等により閉塞させるものをいう。）</Sentence>
              </ItemSentence>
            </Item>
          </Paragraph>
        </Article>
        <Article Num="2:7">
          <ArticleTitle>第二条から第七条まで</ArticleTitle>
          <Paragraph Num="1">
            <ParagraphNum/>
            <ParagraphSentence>
              <Sentence Num="1" WritingMode="vertical">削除</Sentence>
            </ParagraphSentence>
          </Paragraph>
        </Article>
      </Chapter>
      <Chapter Num="2">
        <ChapterTitle>第二章　母性保護</ChapterTitle>
        <Article Num="8">
          <ArticleCaption>（指定医師の標識の交付）</ArticleCaption>
          <ArticleTitle>第八条</ArticleTitle>
          <Paragraph Num="1">
            <ParagraphNum/>
            <ParagraphSentence>
              <Sentence Num="1" WritingMode="vertical">都道府県の区域を単位として設立された公益社団法人たる医師会は、法第十四条第一項の規定により医師を指定したときは、別記様式第七号による標識をその医師に交付するものとする。</Sentence>
            </ParagraphSentence>
          </Paragraph>
        </Article>
        <Article Num="9">
          <ArticleCaption>（指定の申請）</ArticleCaption>
          <ArticleTitle>第九条</ArticleTitle>
          <Paragraph Num="1">
            <ParagraphNum/>
            <ParagraphSentence>
              <Sentence Num="1" WritingMode="vertical">法第十五条第一項の規定により都道府県知事の指定を受けようとする者は、次に掲げる書類を添えて、別記様式第八号による申請書を住所地の都道府県知事に提出しなければならない。</Sentence>
            </ParagraphSentence>
            <Item Num="1">
              <ItemTitle>一</ItemTitle>
              <ItemSentence>
                <Sentence Num="1" WritingMode="vertical">助産師、保健師又は看護師の免許証の写又はこれに代るべき書面</Sentence>
              </ItemSentence>
            </Item>
            <Item Num="2">
              <ItemTitle>二</ItemTitle>
              <ItemSentence>
                <Sentence Num="1" WritingMode="vertical">法第十五条第二項に規定する都道府県知事の認定する講習（以下「認定講習」という。）を終了したことを証する書面</Sentence>
              </ItemSentence>
            </Item>
          </Paragraph>
        </Article>
        <Article Num="10">
          <ArticleCaption>（指定証及び標識）</ArticleCaption>
          <ArticleTitle>第十条</ArticleTitle>
          <Paragraph Num="1">
            <ParagraphNum/>
            <ParagraphSentence>
              <Sentence Num="1" WritingMode="vertical">母体保護法施行令（以下「令」という。）第一条に規定する被指定者（法第十五条第一項の規定により指定を受けた者をいう。以下同じ。）に交付する指定証及び標識の様式は、それぞれ別記様式第九号及び第十号とする。</Sentence>
            </ParagraphSentence>
          </Paragraph>
        </Article>
        <Article Num="11">
          <ArticleCaption>（名簿の記載事項）</ArticleCaption>
          <ArticleTitle>第十一条</ArticleTitle>
          <Paragraph Num="1">
            <ParagraphNum/>
            <ParagraphSentence>
              <Sentence Num="1" WritingMode="vertical">令第二条の規定により、名簿に記載すべき事項は、次のとおりとする。</Sentence>
            </ParagraphSentence>
            <Item Num="1">
              <ItemTitle>一</ItemTitle>
              <ItemSentence>
                <Sentence Num="1" WritingMode="vertical">指定証番号及び指定年月日</Sentence>
              </ItemSentence>
            </Item>
            <Item Num="2">
              <ItemTitle>二</ItemTitle>
              <ItemSentence>
                <Sentence Num="1" WritingMode="vertical">本籍及び住所</Sentence>
              </ItemSentence>
            </Item>
            <Item Num="3">
              <ItemTitle>三</ItemTitle>
              <ItemSentence>
                <Sentence Num="1" WritingMode="vertical">氏名及び生年月日</Sentence>
              </ItemSentence>
            </Item>
            <Item Num="4">
              <ItemTitle>四</ItemTitle>
              <ItemSentence>
                <Sentence Num="1" WritingMode="vertical">助産師、保健師、看護師の別</Sentence>
              </ItemSentence>
            </Item>
            <Item Num="5">
              <ItemTitle>五</ItemTitle>
              <ItemSentence>
                <Sentence Num="1" WritingMode="vertical">認定講習の名称及び終了年月日</Sentence>
              </ItemSentence>
            </Item>
            <Item Num="6">
              <ItemTitle>六</ItemTitle>
              <ItemSentence>
                <Sentence Num="1" WritingMode="vertical">指定証の再交付を受けた者であるときは、その旨並びにその事由及び年月日</Sentence>
              </ItemSentence>
            </Item>
            <Item Num="7">
              <ItemTitle>七</ItemTitle>
              <ItemSentence>
                <Sentence Num="1" WritingMode="vertical">指定を取り消したときは、その旨並びにその事由及び年月日</Sentence>
              </ItemSentence>
            </Item>
          </Paragraph>
        </Article>
        <Article Num="12">
          <ArticleCaption>（指定証の訂正）</ArticleCaption>
          <ArticleTitle>第十二条</ArticleTitle>
          <Paragraph Num="1">
            <ParagraphNum/>
            <ParagraphSentence>
              <Sentence Num="1" WritingMode="vertical">被指定者は、本籍又は氏名を変更したときは、指定証及び戸籍抄本を添え、三十日以内に住所地の都道府県知事に指定証の訂正を申請しなければならない。</Sentence>
            </ParagraphSentence>
          </Paragraph>
        </Article>
        <Article Num="13">
          <ArticleCaption>（住所変更の届出）</ArticleCaption>
          <ArticleTitle>第十三条</ArticleTitle>
          <Paragraph Num="1">
            <ParagraphNum/>
            <ParagraphSentence>
              <Sentence Num="1" WritingMode="vertical">被指定者が住所を変更したときは、十日以内に新住所地の都道府県知事に新旧の住所を届け出なければならない。</Sentence>
            </ParagraphSentence>
          </Paragraph>
          <Paragraph Num="2">
            <ParagraphNum>２</ParagraphNum>
            <ParagraphSentence>
              <Sentence Num="1" WritingMode="vertical">都道府県知事は、令第四条第二項の規定により、住所を変更した被指定者に関する部分の写を送付したときは、令第二条に規定する名簿から当該部分を抹消しなければならない。</Sentence>
            </ParagraphSentence>
          </Paragraph>
        </Article>
        <Article Num="14">
          <ArticleCaption>（指定証及び標識の再交付）</ArticleCaption>
          <ArticleTitle>第十四条</ArticleTitle>
          <Paragraph Num="1">
            <ParagraphNum/>
            <ParagraphSentence>
              <Sentence Num="1" WritingMode="vertical">被指定者は、指定証を損傷し、又は亡失したときはその旨を記し、損傷したときはその指定証を添え、三十日以内に住所地の都道府県知事に指定証の再交付を申請することができる。</Sentence>
            </ParagraphSentence>
          </Paragraph>
          <Paragraph Num="2">
            <ParagraphNum>２</ParagraphNum>
            <ParagraphSentence>
              <Sentence Num="1" WritingMode="vertical">令第一条第二項の規定により標識の交付を受けた者は、標識を損傷し、又は亡失したときはその旨を記し、損傷したときはその標識を添え、住所地の都道府県知事に標識の再交付を申請することができる。</Sentence>
            </ParagraphSentence>
          </Paragraph>
          <Paragraph Num="3">
            <ParagraphNum>３</ParagraphNum>
            <ParagraphSentence>
              <Sentence Num="1" WritingMode="vertical">指定証又は標識の再交付を受けた後、亡失した指定証又は標識を発見したときは、その指定証又はその標識を五日以内に住所地の都道府県知事に提出しなければならない。</Sentence>
            </ParagraphSentence>
          </Paragraph>
        </Article>
        <Article Num="15">
          <ArticleCaption>（指定の取消）</ArticleCaption>
          <ArticleTitle>第十五条</ArticleTitle>
          <Paragraph Num="1">
            <ParagraphNum/>
            <ParagraphSentence>
              <Sentence Num="1" WritingMode="vertical">被指定者は、指定の取消を受けようとするときは、その指定証を添え、文書により住所地の都道府県知事に申請しなければならない。</Sentence>
            </ParagraphSentence>
          </Paragraph>
          <Paragraph Num="2">
            <ParagraphNum>２</ParagraphNum>
            <ParagraphSentence>
              <Sentence Num="1" WritingMode="vertical">被指定者が死亡し、又は失<Ruby>そ<Rt>ヽ</Rt>
                </Ruby>
                <Ruby>う<Rt>ヽ</Rt>
                </Ruby>宣告を受けたときは、戸籍法（昭和二十二年法律第二百二十四号）による死亡又は失<Ruby>そ<Rt>ヽ</Rt>
                </Ruby>
                <Ruby>う<Rt>ヽ</Rt>
                </Ruby>の届出義務者は、三十日以内に指定証を添え、文書により住所地の都道府県知事に届け出なければならない。</Sentence>
            </ParagraphSentence>
          </Paragraph>
          <Paragraph Num="3">
            <ParagraphNum>３</ParagraphNum>
            <ParagraphSentence>
              <Sentence Num="1" WritingMode="vertical">前二項の場合において被指定者が標識の交付を受けた者であるときは、その標識をあわせて返納しなければならない。</Sentence>
            </ParagraphSentence>
          </Paragraph>
          <Paragraph Num="4">
            <ParagraphNum>４</ParagraphNum>
            <ParagraphSentence>
              <Sentence Num="1" WritingMode="vertical">第一項の申請又は第二項の届出を受けた都道府県知事は、その指定を取り消さなければならない。</Sentence>
            </ParagraphSentence>
          </Paragraph>
          <Paragraph Num="5">
            <ParagraphNum>５</ParagraphNum>
            <ParagraphSentence>
              <Sentence Num="1" WritingMode="vertical">都道府県知事は、前項又は法第三十九条第二項の規定により指定を取り消したときは、被指定者の名簿からその記載事項をまつ消するものとする。</Sentence>
            </ParagraphSentence>
          </Paragraph>
          <Paragraph Num="6">
            <ParagraphNum>６</ParagraphNum>
            <ParagraphSentence>
              <Sentence Num="1" WritingMode="vertical">法第三十九条第二項の規定により指定を取り消された者は、十日以内に指定証を都道府県知事に返納しなければならない。</Sentence>
              <Sentence Num="2" WritingMode="vertical">この場合において、その者が標識の交付を受けた者であるときは、その標識をあわせて返納しなければならない。</Sentence>
            </ParagraphSentence>
          </Paragraph>
        </Article>
        <Article Num="16">
          <ArticleCaption>（認定の申請）</ArticleCaption>
          <ArticleTitle>第十六条</ArticleTitle>
          <Paragraph Num="1">
            <ParagraphNum/>
            <ParagraphSentence>
              <Sentence Num="1" WritingMode="vertical">認定講習を実施しようとする者は、左に掲げる事項を記載した申請書を実施地の都道府県知事に提出しなければならない。</Sentence>
            </ParagraphSentence>
            <Item Num="1">
              <ItemTitle>一</ItemTitle>
              <ItemSentence>
                <Sentence Num="1" WritingMode="vertical">実施者の住所、氏名及び履歴（実施者が法人であるときは、その名称、主たる事務所の所在地、代表者の住所及び氏名並びに定款又は寄附行為）</Sentence>
              </ItemSentence>
            </Item>
            <Item Num="2">
              <ItemTitle>二</ItemTitle>
              <ItemSentence>
                <Sentence Num="1" WritingMode="vertical">講習の名称</Sentence>
              </ItemSentence>
            </Item>
            <Item Num="3">
              <ItemTitle>三</ItemTitle>
              <ItemSentence>
                <Sentence Num="1" WritingMode="vertical">実施の場所</Sentence>
              </ItemSentence>
            </Item>
            <Item Num="4">
              <ItemTitle>四</ItemTitle>
              <ItemSentence>
                <Sentence Num="1" WritingMode="vertical">使用施設の概要</Sentence>
              </ItemSentence>
            </Item>
            <Item Num="5">
              <ItemTitle>五</ItemTitle>
              <ItemSentence>
                <Sentence Num="1" WritingMode="vertical">期間及び日程</Sentence>
              </ItemSentence>
            </Item>
            <Item Num="6">
              <ItemTitle>六</ItemTitle>
              <ItemSentence>
                <Sentence Num="1" WritingMode="vertical">受講者の受講資格及び定員</Sentence>
              </ItemSentence>
            </Item>
            <Item Num="7">
              <ItemTitle>七</ItemTitle>
              <ItemSentence>
                <Sentence Num="1" WritingMode="vertical">各授業科目の時間数</Sentence>
              </ItemSentence>
            </Item>
            <Item Num="8">
              <ItemTitle>八</ItemTitle>
              <ItemSentence>
                <Sentence Num="1" WritingMode="vertical">講師の氏名、履歴及び担当科目</Sentence>
              </ItemSentence>
            </Item>
            <Item Num="9">
              <ItemTitle>九</ItemTitle>
              <ItemSentence>
                <Sentence Num="1" WritingMode="vertical">教授用及び実習用の器具、模型その他の教材の目録</Sentence>
              </ItemSentence>
            </Item>
            <Item Num="10">
              <ItemTitle>十</ItemTitle>
              <ItemSentence>
                <Sentence Num="1" WritingMode="vertical">成績審査の方法</Sentence>
              </ItemSentence>
            </Item>
            <Item Num="11">
              <ItemTitle>十一</ItemTitle>
              <ItemSentence>
                <Sentence Num="1" WritingMode="vertical">経理に関する事項</Sentence>
              </ItemSentence>
            </Item>
            <Item Num="12">
              <ItemTitle>十二</ItemTitle>
              <ItemSentence>
                <Sentence Num="1" WritingMode="vertical">その他必要と認める事項</Sentence>
              </ItemSentence>
            </Item>
          </Paragraph>
        </Article>
        <Article Num="17">
          <ArticleCaption>（認定講習の認定基準）</ArticleCaption>
          <ArticleTitle>第十七条</ArticleTitle>
          <Paragraph Num="1">
            <ParagraphNum/>
            <ParagraphSentence>
              <Sentence Num="1" WritingMode="vertical">法第十五条第二項に規定する認定講習の認定基準は、次のとおりとする。</Sentence>
            </ParagraphSentence>
            <Item Num="1">
              <ItemTitle>一</ItemTitle>
              <ItemSentence>
                <Sentence Num="1" WritingMode="vertical">受講資格は、助産師、保健師若しくは看護師又は保健師助産師看護師法（昭和二十三年法律第二百三号）第二十条第一号に規定する学校又は同条第二号に規定する助産師養成所（これらの者が認定講習の実施者である場合に限る。）に在学し、助産師として必要な知識及び技能を修得中の者であること。</Sentence>
              </ItemSentence>
            </Item>
            <Item Num="2">
              <ItemTitle>二</ItemTitle>
              <ItemSentence>
                <Sentence Num="1" WritingMode="vertical">講習の科目及び時間数は、別表に定めるもの以上であること。</Sentence>
              </ItemSentence>
            </Item>
            <Item Num="3">
              <ItemTitle>三</ItemTitle>
              <ItemSentence>
                <Sentence Num="1" WritingMode="vertical">受講者の定員は、各学級につき十人以上三十人以下であること。</Sentence>
              </ItemSentence>
            </Item>
            <Item Num="4">
              <ItemTitle>四</ItemTitle>
              <ItemSentence>
                <Sentence Num="1" WritingMode="vertical">講習に必要な施設及び設備を有していること。</Sentence>
              </ItemSentence>
            </Item>
            <Item Num="5">
              <ItemTitle>五</ItemTitle>
              <ItemSentence>
                <Sentence Num="1" WritingMode="vertical">運営の方法が適正であること。</Sentence>
              </ItemSentence>
            </Item>
          </Paragraph>
        </Article>
        <Article Num="18">
          <ArticleCaption>（変更の届出）</ArticleCaption>
          <ArticleTitle>第十八条</ArticleTitle>
          <Paragraph Num="1">
            <ParagraphNum/>
            <ParagraphSentence>
              <Sentence Num="1" WritingMode="vertical">認定講習の実施者は、第十六条第二号から第十一号までに掲げる事項に変更があつたときは、すみやかに、認定をした都道府県知事に届け出なければならない。</Sentence>
            </ParagraphSentence>
          </Paragraph>
        </Article>
        <Article Num="19">
          <ArticleCaption>（認定講習の終了を証する書面の交付）</ArticleCaption>
          <ArticleTitle>第十九条</ArticleTitle>
          <Paragraph Num="1">
            <ParagraphNum/>
            <ParagraphSentence>
              <Sentence Num="1" WritingMode="vertical">認定講習の実施者は、その認定講習における各授業科目の課程を終了し、且つ、成績審査に合格した者に対して、認定講習を終了したことを証する書面を交付しなければならない。</Sentence>
            </ParagraphSentence>
          </Paragraph>
        </Article>
        <Article Num="20">
          <ArticleTitle>第二十条</ArticleTitle>
          <Paragraph Num="1">
            <ParagraphNum/>
            <ParagraphSentence>
              <Sentence Num="1" WritingMode="vertical">削除</Sentence>
            </ParagraphSentence>
          </Paragraph>
        </Article>
      </Chapter>
      <Chapter Num="3">
        <ChapterTitle>第三章　削除</ChapterTitle>
        <Article Num="21:26">
          <ArticleTitle>第二十一条から第二十六条まで</ArticleTitle>
          <Paragraph Num="1">
            <ParagraphNum/>
            <ParagraphSentence>
              <Sentence Num="1" WritingMode="vertical">削除</Sentence>
            </ParagraphSentence>
          </Paragraph>
        </Article>
      </Chapter>
      <Chapter Num="4">
        <ChapterTitle>第四章　雑則</ChapterTitle>
        <Article Num="27">
          <ArticleCaption>（法第二十五条の届出）</ArticleCaption>
          <ArticleTitle>第二十七条</ArticleTitle>
          <Paragraph Num="1">
            <ParagraphNum/>
            <ParagraphSentence>
              <Sentence Num="1" WritingMode="vertical">法第二十五条に規定する法第三条第一項に関する届出は、別記様式第十二号による報告書により、法第十四条第一項に関する届出は、別記様式第十三号による報告書によらなければならない。</Sentence>
            </ParagraphSentence>
          </Paragraph>
        </Article>
        <Article Num="28">
          <ArticleCaption>（保健所長の経由）</ArticleCaption>
          <ArticleTitle>第二十八条</ArticleTitle>
          <Paragraph Num="1">
            <ParagraphNum/>
            <ParagraphSentence>
              <Sentence Num="1" WritingMode="vertical">令第七条第一項に規定する厚生労働省令で定める申請、届出その他の行為は、第九条、第十二条、第十四条第一項及び第二項並びに第十五条第一項の申請、第十四条第三項の提出並びに第十三条第一項及び第十五条第二項の届出とする。</Sentence>
            </ParagraphSentence>
          </Paragraph>
          <Paragraph Num="2">
            <ParagraphNum>２</ParagraphNum>
            <ParagraphSentence>
              <Sentence Num="1" WritingMode="vertical">令第七条第二項に規定する厚生労働省令で定める申請及び届出は、第十六条の申請及び第十八条の届出とする。</Sentence>
            </ParagraphSentence>
          </Paragraph>
        </Article>
        <Article Num="29">
          <ArticleCaption>（フレキシブルディスクによる手続）</ArticleCaption>
          <ArticleTitle>第二十九条</ArticleTitle>
          <Paragraph Num="1">
            <ParagraphNum/>
            <ParagraphSentence>
              <Sentence Num="1" WritingMode="vertical">第九条に規定する別記様式第八号による申請書並びに第二十七条第一項に規定する別記様式第十二号及び別記様式第十三号による報告書（以下この条において「申請書等」という。）の提出については、これらの申請書等の各欄に掲げる事項を記録したフレキシブルディスク並びに申請者又は報告者の氏名及び住所並びに申請又は報告の趣旨及びその年月日を記載した書類を提出することによつて行うことができる。</Sentence>
            </ParagraphSentence>
          </Paragraph>
        </Article>
        <Article Num="30">
          <ArticleCaption>（フレキシブルディスクの構造）</ArticleCaption>
          <ArticleTitle>第三十条</ArticleTitle>
          <Paragraph Num="1">
            <ParagraphNum/>
            <ParagraphSentence>
              <Sentence Num="1" WritingMode="vertical">前条のフレキシブルディスクは、産業標準化法（昭和二十四年法律第百八十五号）に基づく日本産業規格（以下「日本産業規格」という。）Ｘ六二二三号に適合する九十ミリメートルフレキシブルディスクカートリッジでなければならない。</Sentence>
            </ParagraphSentence>
          </Paragraph>
        </Article>
        <Article Num="31">
          <ArticleCaption>（フレキシブルディスクへの記録方式）</ArticleCaption>
          <ArticleTitle>第三十一条</ArticleTitle>
          <Paragraph Num="1">
            <ParagraphNum/>
            <ParagraphSentence>
              <Sentence Num="1" WritingMode="vertical">第二十九条のフレキシブルディスクへの記録は、次に掲げる方式に従つてしなければならない。</Sentence>
            </ParagraphSentence>
            <Item Num="1">
              <ItemTitle>一</ItemTitle>
              <ItemSentence>
                <Sentence Num="1" WritingMode="vertical">トラックフォーマットについては、不正競争防止法等の一部を改正する法律（平成三十年法律第三十三号）第二条の規定による改正前の工業標準化法に基づく日本工業規格Ｘ六二二四号又は日本産業規格Ｘ六二二五号に規定する方式</Sentence>
              </ItemSentence>
            </Item>
            <Item Num="2">
              <ItemTitle>二</ItemTitle>
              <ItemSentence>
                <Sentence Num="1" WritingMode="vertical">ボリューム及びファイル構成については、日本産業規格Ｘ〇六〇五号に規定する方式</Sentence>
              </ItemSentence>
            </Item>
          </Paragraph>
        </Article>
        <Article Num="32">
          <ArticleCaption>（フレキシブルディスクに貼り付ける書面）</ArticleCaption>
          <ArticleTitle>第三十二条</ArticleTitle>
          <Paragraph Num="1">
            <ParagraphNum/>
            <ParagraphSentence>
              <Sentence Num="1" WritingMode="vertical">第二十九条のフレキシブルディスクには、日本産業規格Ｘ六二二三号に規定するラベル領域に、次に掲げる事項を記載した書面を貼り付けなければならない。</Sentence>
            </ParagraphSentence>
            <Item Num="1">
              <ItemTitle>一</ItemTitle>
              <ItemSentence>
                <Sentence Num="1" WritingMode="vertical">申請者又は報告者の氏名</Sentence>
              </ItemSentence>
            </Item>
            <Item Num="2">
              <ItemTitle>二</ItemTitle>
              <ItemSentence>
                <Sentence Num="1" WritingMode="vertical">申請年月日又は報告年月日</Sentence>
              </ItemSentence>
            </Item>
          </Paragraph>
        </Article>
      </Chapter>
    </MainProvision>
    <SupplProvision>
      <SupplProvisionLabel>附　則</SupplProvisionLabel>
      <Paragraph Num="1">
        <ParagraphNum/>
        <ParagraphSentence>
          <Sentence Num="1" WritingMode="vertical">この省令は、公布の日から施行し、昭和二十七年七月一日から適用する。</Sentence>
        </ParagraphSentence>
      </Paragraph>
    </SupplProvision>
    <SupplProvision AmendLawNum="昭和二八年一一月五日厚生省令第六三号">
      <SupplProvisionLabel>附　則</SupplProvisionLabel>
      <Paragraph Num="1">
        <ParagraphNum/>
        <ParagraphSentence>
          <Sentence Num="1" WritingMode="vertical">この省令は、公布の日から施行し、昭和二十八年九月一日から適用する。</Sentence>
        </ParagraphSentence>
      </Paragraph>
    </SupplProvision>
    <SupplProvision AmendLawNum="昭和二九年七月一日厚生省令第三四号">
      <SupplProvisionLabel>附　則</SupplProvisionLabel>
      <Paragraph Num="1">
        <ParagraphNum/>
        <ParagraphSentence>
          <Sentence Num="1" WritingMode="vertical">この省令は、公布の日から施行する。</Sentence>
        </ParagraphSentence>
      </Paragraph>
    </SupplProvision>
    <SupplProvision AmendLawNum="昭和三〇年一二月二八日厚生省令第三一号">
      <SupplProvisionLabel>附　則</SupplProvisionLabel>
      <Paragraph Num="1">
        <ParagraphNum/>
        <ParagraphSentence>
          <Sentence Num="1" WritingMode="vertical">この省令は、公布の日から施行する。</Sentence>
        </ParagraphSentence>
      </Paragraph>
    </SupplProvision>
    <SupplProvision AmendLawNum="昭和三六年一二月四日厚生省令第五〇号">
      <SupplProvisionLabel>附　則</SupplProvisionLabel>
      <Paragraph Num="1">
        <ParagraphNum/>
        <ParagraphSentence>
          <Sentence Num="1" WritingMode="vertical">この省令は、公布の日から施行する。</Sentence>
        </ParagraphSentence>
      </Paragraph>
    </SupplProvision>
    <SupplProvision AmendLawNum="昭和三七年一〇月一日厚生省令第四七号" Extract="true">
      <SupplProvisionLabel>附　則</SupplProvisionLabel>
      <Paragraph Num="1">
        <ParagraphNum>１</ParagraphNum>
        <ParagraphSentence>
          <Sentence Num="1" WritingMode="vertical">この省令は、行政不服審査法（昭和三十七年法律第百六十号）の施行の日（昭和三十七年十月一日）から施行する。</Sentence>
        </ParagraphSentence>
      </Paragraph>
    </SupplProvision>
    <SupplProvision AmendLawNum="昭和四二年八月一日厚生省令第二五号">
      <SupplProvisionLabel>附　則</SupplProvisionLabel>
      <Paragraph Num="1">
        <ParagraphNum/>
        <ParagraphSentence>
          <Sentence Num="1" WritingMode="vertical">この省令は、公布の日から施行する。</Sentence>
        </ParagraphSentence>
      </Paragraph>
    </SupplProvision>
    <SupplProvision AmendLawNum="昭和四四年六月二一日厚生省令第一四号">
      <SupplProvisionLabel>附　則</SupplProvisionLabel>
      <Paragraph Num="1">
        <ParagraphNum/>
        <ParagraphSentence>
          <Sentence Num="1" WritingMode="vertical">この省令は、公布の日から施行する。</Sentence>
        </ParagraphSentence>
      </Paragraph>
    </SupplProvision>
    <SupplProvision AmendLawNum="昭和五一年一二月一〇日厚生省令第五三号" Extract="true">
      <SupplProvisionLabel>附　則</SupplProvisionLabel>
      <Paragraph Num="1">
        <ParagraphNum>１</ParagraphNum>
        <ParagraphSentence>
          <Sentence Num="1" WritingMode="vertical">この省令は、公布の日から施行する。</Sentence>
        </ParagraphSentence>
      </Paragraph>
    </SupplProvision>
    <SupplProvision AmendLawNum="昭和五三年一〇月二一日厚生省令第六六号">
      <SupplProvisionLabel>附　則</SupplProvisionLabel>
      <Paragraph Num="1">
        <ParagraphNum/>
        <ParagraphSentence>
          <Sentence Num="1" WritingMode="vertical">この省令は、昭和五十四年一月一日から施行する。</Sentence>
        </ParagraphSentence>
      </Paragraph>
    </SupplProvision>
    <SupplProvision AmendLawNum="昭和五六年五月二六日厚生省令第三六号">
      <SupplProvisionLabel>附　則</SupplProvisionLabel>
      <Paragraph Num="1">
        <ParagraphNum/>
        <ParagraphSentence>
          <Sentence Num="1" WritingMode="vertical">この省令は、公布の日から施行する。</Sentence>
        </ParagraphSentence>
      </Paragraph>
    </SupplProvision>
    <SupplProvision AmendLawNum="昭和五七年八月三〇日厚生省令第三九号">
      <SupplProvisionLabel>附　則</SupplProvisionLabel>
      <Paragraph Num="1">
        <ParagraphNum/>
        <ParagraphSentence>
          <Sentence Num="1" WritingMode="vertical">この省令は、公布の日から施行する。</Sentence>
        </ParagraphSentence>
      </Paragraph>
    </SupplProvision>
    <SupplProvision AmendLawNum="平成元年三月二四日厚生省令第一〇号" Extract="true">
      <SupplProvisionLabel>附　則</SupplProvisionLabel>
      <Paragraph Num="1">
        <ParagraphNum>１</ParagraphNum>
        <ParagraphSentence>
          <Sentence Num="1" WritingMode="vertical">この省令は、公布の日から施行する。</Sentence>
        </ParagraphSentence>
      </Paragraph>
      <Paragraph Num="2">
        <ParagraphNum>２</ParagraphNum>
        <ParagraphSentence>
          <Sentence Num="1" WritingMode="vertical">この省令の施行の際この省令による改正前の様式（以下「旧様式」という。）により使用されている書類は、この省令による改正後の様式によるものとみなす。</Sentence>
        </ParagraphSentence>
      </Paragraph>
      <Paragraph Num="3">
        <ParagraphNum>３</ParagraphNum>
        <ParagraphSentence>
          <Sentence Num="1" WritingMode="vertical">この省令の施行の際現にある旧様式による用紙及び板については、当分の間、これを取り繕って使用することができる。</Sentence>
        </ParagraphSentence>
      </Paragraph>
      <Paragraph Num="4">
        <ParagraphNum>４</ParagraphNum>
        <ParagraphSentence>
          <Sentence Num="1" WritingMode="vertical">この省令による改正後の省令の規定にかかわらず、この省令により改正された規定であって改正後の様式により記載することが適当でないものについては、当分の間、なお従前の例による。</Sentence>
        </ParagraphSentence>
      </Paragraph>
    </SupplProvision>
    <SupplProvision AmendLawNum="平成五年一二月二四日厚生省令第五二号">
      <SupplProvisionLabel>附　則</SupplProvisionLabel>
      <Paragraph Num="1">
        <ParagraphNum>１</ParagraphNum>
        <ParagraphSentence>
          <Sentence Num="1" WritingMode="vertical">この省令は、平成六年一月一日から施行する。</Sentence>
        </ParagraphSentence>
      </Paragraph>
      <Paragraph Num="2">
        <ParagraphNum>２</ParagraphNum>
        <ParagraphSentence>
          <Sentence Num="1" WritingMode="vertical">この省令の施行の際現にある旧様式による様式については、当分の間、これを取り繕って使用することができる。</Sentence>
        </ParagraphSentence>
      </Paragraph>
    </SupplProvision>
    <SupplProvision AmendLawNum="平成六年三月一四日厚生省令第九号">
      <SupplProvisionLabel>附　則</SupplProvisionLabel>
      <Paragraph Num="1">
        <ParagraphNum/>
        <ParagraphSentence>
          <Sentence Num="1" WritingMode="vertical">この省令は、精神保健法等の一部を改正する法律の施行の日（平成六年四月一日）から施行する。</Sentence>
        </ParagraphSentence>
      </Paragraph>
    </SupplProvision>
    <SupplProvision AmendLawNum="平成八年五月一六日厚生省令第三一号">
      <SupplProvisionLabel>附　則</SupplProvisionLabel>
      <Paragraph Num="1">
        <ParagraphNum/>
        <ParagraphSentence>
          <Sentence Num="1" WritingMode="vertical">この省令は、公布の日から施行する。</Sentence>
        </ParagraphSentence>
      </Paragraph>
    </SupplProvision>
    <SupplProvision AmendLawNum="平成八年九月六日厚生省令第五四号">
      <SupplProvisionLabel>附　則</SupplProvisionLabel>
      <Paragraph Num="1">
        <ParagraphCaption>（施行期日）</ParagraphCaption>
        <ParagraphNum>１</ParagraphNum>
        <ParagraphSentence>
          <Sentence Num="1" WritingMode="vertical">この省令は、平成八年九月二十六日から施行する。</Sentence>
        </ParagraphSentence>
      </Paragraph>
      <Paragraph Num="2">
        <ParagraphCaption>（経過措置）</ParagraphCaption>
        <ParagraphNum>２</ParagraphNum>
        <ParagraphSentence>
          <Sentence Num="1" WritingMode="vertical">この省令の施行の際現に交付されている第一条の規定による改正前の別記様式第七号による標識は、第一条による改正後の別記様式第七号による標識とみなす。</Sentence>
        </ParagraphSentence>
      </Paragraph>
      <Paragraph Num="3">
        <ParagraphNum>３</ParagraphNum>
        <ParagraphSentence>
          <Sentence Num="1" WritingMode="vertical">この省令の施行の際現に交付されている第一条の規定による改正前の別記様式第九号による指定証は、第一条による改正後の別記様式第九号による指定証とみなす。</Sentence>
        </ParagraphSentence>
      </Paragraph>
    </SupplProvision>
    <SupplProvision AmendLawNum="平成一一年三月三一日厚生省令第四七号">
      <SupplProvisionLabel>附　則</SupplProvisionLabel>
      <Paragraph Num="1">
        <ParagraphNum/>
        <ParagraphSentence>
          <Sentence Num="1" WritingMode="vertical">この省令は、公布の日から施行する。</Sentence>
        </ParagraphSentence>
      </Paragraph>
    </SupplProvision>
    <SupplProvision AmendLawNum="平成一二年三月二八日厚生省令第四五号">
      <SupplProvisionLabel>附　則</SupplProvisionLabel>
      <Paragraph Num="1">
        <ParagraphNum/>
        <ParagraphSentence>
          <Sentence Num="1" WritingMode="vertical">この省令は、平成十二年四月一日から施行する。</Sentence>
        </ParagraphSentence>
      </Paragraph>
    </SupplProvision>
    <SupplProvision AmendLawNum="平成一二年一〇月二〇日厚生省令第一二七号" Extract="true">
      <SupplProvisionLabel>附　則</SupplProvisionLabel>
      <Paragraph Num="1">
        <ParagraphCaption>（施行期日）</ParagraphCaption>
        <ParagraphNum>１</ParagraphNum>
        <ParagraphSentence>
          <Sentence Num="1" WritingMode="vertical">この省令は、内閣法の一部を改正する法律（平成十一年法律第八十八号）の施行の日（平成十三年一月六日）から施行する。</Sentence>
        </ParagraphSentence>
      </Paragraph>
    </SupplProvision>
    <SupplProvision AmendLawNum="平成一四年二月二二日厚生労働省令第一四号">
      <SupplProvisionLabel>附　則</SupplProvisionLabel>
      <Paragraph Num="1">
        <ParagraphNum>１</ParagraphNum>
        <ParagraphSentence>
          <Sentence Num="1" WritingMode="vertical">この省令は、保健婦助産婦看護婦法の一部を改正する法律の施行の日（平成十四年三月一日）から施行する。</Sentence>
        </ParagraphSentence>
      </Paragraph>
      <Paragraph Num="2">
        <ParagraphNum>２</ParagraphNum>
        <ParagraphSentence>
          <Sentence Num="1" WritingMode="vertical">この省令の施行の際現にあるこの省令による改正前の様式による用紙については、当分の間、これを取り繕って使用することができる。</Sentence>
        </ParagraphSentence>
      </Paragraph>
    </SupplProvision>
    <SupplProvision AmendLawNum="平成二〇年一一月二八日厚生労働省令第一六三号" Extract="true">
      <SupplProvisionLabel>附　則</SupplProvisionLabel>
      <Article Num="1">
        <ArticleCaption>（施行期日）</ArticleCaption>
        <ArticleTitle>第一条</ArticleTitle>
        <Paragraph Num="1">
          <ParagraphNum/>
          <ParagraphSentence>
            <Sentence Num="1" WritingMode="vertical">この省令は、一般社団法人及び一般財団法人に関する法律の施行の日（平成二十年十二月一日）から施行する。</Sentence>
          </ParagraphSentence>
        </Paragraph>
      </Article>
      <Article Num="3">
        <ArticleCaption>（母体保護法施行規則の一部改正に伴う経過措置）</ArticleCaption>
        <ArticleTitle>第三条</ArticleTitle>
        <Paragraph Num="1">
          <ParagraphNum/>
          <ParagraphSentence>
            <Sentence Num="1" WritingMode="vertical">整備法第四十二条第一項に規定する特例社団法人たる医師会は、母体保護法（昭和二十三年法律第百五十六号）第十四条第一項の規定により医師を指定したときは、第六条の規定による改正前の別記様式第七号による標識をその医師に交付するものとする。</Sentence>
          </ParagraphSentence>
        </Paragraph>
        <Paragraph Num="2">
          <ParagraphNum>２</ParagraphNum>
          <ParagraphSentence>
            <Sentence Num="1" WritingMode="vertical">この省令の施行の際現に交付されている第六条の規定による改正前の別記様式第七号による標識及び前項の規定により交付する標識は、第六条の規定による改正後の別記様式第七号による標識とみなす。</Sentence>
          </ParagraphSentence>
        </Paragraph>
      </Article>
    </SupplProvision>
    <SupplProvision AmendLawNum="平成二六年七月三〇日厚生労働省令第八七号" Extract="true">
      <SupplProvisionLabel>附　則</SupplProvisionLabel>
      <Article Num="1">
        <ArticleCaption>（施行期日）</ArticleCaption>
        <ArticleTitle>第一条</ArticleTitle>
        <Paragraph Num="1">
          <ParagraphNum/>
          <ParagraphSentence>
            <Sentence Num="1" WritingMode="vertical">この省令は、薬事法等の一部を改正する法律（以下「改正法」という。）の施行の日（平成二十六年十一月二十五日）から施行する。</Sentence>
          </ParagraphSentence>
        </Paragraph>
      </Article>
    </SupplProvision>
    <SupplProvision AmendLawNum="平成二七年二月二七日厚生労働省令第二六号">
      <SupplProvisionLabel>附　則</SupplProvisionLabel>
      <Paragraph Num="1">
        <ParagraphNum/>
        <ParagraphSentence>
          <Sentence Num="1" WritingMode="vertical">この省令は、公布の日から施行する。</Sentence>
        </ParagraphSentence>
      </Paragraph>
    </SupplProvision>
    <SupplProvision AmendLawNum="令和元年五月七日厚生労働省令第一号" Extract="true">
      <SupplProvisionLabel>附　則</SupplProvisionLabel>
      <Article Num="1">
        <ArticleCaption>（施行期日）</ArticleCaption>
        <ArticleTitle>第一条</ArticleTitle>
        <Paragraph Num="1">
          <ParagraphNum/>
          <ParagraphSentence>
            <Sentence Num="1" WritingMode="vertical">この省令は、公布の日から施行する。</Sentence>
          </ParagraphSentence>
        </Paragraph>
      </Article>
      <Article Num="2">
        <ArticleCaption>（経過措置）</ArticleCaption>
        <ArticleTitle>第二条</ArticleTitle>
        <Paragraph Num="1">
          <ParagraphNum/>
          <ParagraphSentence>
            <Sentence Num="1" WritingMode="vertical">この省令による改正前のそれぞれの省令で定める様式（次項において「旧様式」という。）により使用されている書類は、この省令による改正後のそれぞれの省令で定める様式によるものとみなす。</Sentence>
          </ParagraphSentence>
        </Paragraph>
        <Paragraph Num="2">
          <ParagraphNum>２</ParagraphNum>
          <ParagraphSentence>
            <Sentence Num="1" WritingMode="vertical">旧様式による用紙については、合理的に必要と認められる範囲内で、当分の間、これを取り繕って使用することができる。</Sentence>
          </ParagraphSentence>
        </Paragraph>
      </Article>
    </SupplProvision>
    <SupplProvision AmendLawNum="令和元年六月二八日厚生労働省令第二〇号" Extract="true">
      <SupplProvisionLabel>附　則</SupplProvisionLabel>
      <Article Num="1">
        <ArticleCaption>（施行期日）</ArticleCaption>
        <ArticleTitle>第一条</ArticleTitle>
        <Paragraph Num="1">
          <ParagraphNum/>
          <ParagraphSentence>
            <Sentence Num="1" WritingMode="vertical">この省令は、不正競争防止法等の一部を改正する法律の施行の日（令和元年七月一日）から施行する。</Sentence>
          </ParagraphSentence>
        </Paragraph>
      </Article>
      <Article Num="2">
        <ArticleCaption>（様式に関する経過措置）</ArticleCaption>
        <ArticleTitle>第二条</ArticleTitle>
        <Paragraph Num="1">
          <ParagraphNum/>
          <ParagraphSentence>
            <Sentence Num="1" WritingMode="vertical">この省令の施行の際現にあるこの省令による改正前の様式（次項において「旧様式」という。）により使用されている書類は、この省令による改正後の様式によるものとみなす。</Sentence>
          </ParagraphSentence>
        </Paragraph>
        <Paragraph Num="2">
          <ParagraphNum>２</ParagraphNum>
          <ParagraphSentence>
            <Sentence Num="1" WritingMode="vertical">この省令の施行の際現にある旧様式による用紙については、当分の間、これを取り繕って使用することができる。</Sentence>
          </ParagraphSentence>
        </Paragraph>
      </Article>
    </SupplProvision>
    <AppdxStyle Num="6">
      <AppdxStyleTitle WritingMode="vertical">別記様式第一号から別記様式第六号まで</AppdxStyleTitle>
      <RelatedArticleNum>　削除</RelatedArticleNum>
    </AppdxStyle>
    <AppdxStyle Num="7">
      <AppdxStyleTitle WritingMode="vertical">別記様式第七号</AppdxStyleTitle>
      <RelatedArticleNum>（第八条関係）</RelatedArticleNum>
      <StyleStruct>
        <Style>
          <Fig src="./pict/2FH00000016721.pdf"/>
        </Style>
      </StyleStruct>
    </AppdxStyle>
    <AppdxStyle Num="8">
      <AppdxStyleTitle WritingMode="vertical">別記様式第八号</AppdxStyleTitle>
      <RelatedArticleNum>（第九条関係）</RelatedArticleNum>
      <StyleStruct>
        <Style>
          <Fig src="./pict/2FH00000016683.pdf"/>
        </Style>
      </StyleStruct>
    </AppdxStyle>
    <AppdxStyle Num="9">
      <AppdxStyleTitle WritingMode="vertical">別記様式第九号</AppdxStyleTitle>
      <RelatedArticleNum>（第十条関係）</RelatedArticleNum>
      <StyleStruct>
        <Style>
          <Fig src="./pict/2FH00000016700.pdf"/>
        </Style>
      </StyleStruct>
    </AppdxStyle>
    <AppdxStyle Num="10">
      <AppdxStyleTitle WritingMode="vertical">別記様式第十号</AppdxStyleTitle>
      <RelatedArticleNum>（一）（第十条関係）</RelatedArticleNum>
      <StyleStruct>
        <Style>
          <Fig src="./pict/2FH00000016722.pdf"/>
        </Style>
      </StyleStruct>
    </AppdxStyle>
    <AppdxStyle Num="10">
      <AppdxStyleTitle WritingMode="vertical">別記様式第十号</AppdxStyleTitle>
      <RelatedArticleNum>（二）（第十条関係）</RelatedArticleNum>
      <StyleStruct>
        <Style>
          <Fig src="./pict/2FH00000016723.pdf"/>
        </Style>
      </StyleStruct>
    </AppdxStyle>
    <AppdxStyle Num="11">
      <AppdxStyleTitle WritingMode="vertical">別記様式第十一号</AppdxStyleTitle>
      <RelatedArticleNum>　削除</RelatedArticleNum>
    </AppdxStyle>
    <AppdxStyle Num="12">
      <AppdxStyleTitle WritingMode="vertical">別記様式第十二号</AppdxStyleTitle>
      <RelatedArticleNum>　（一）（第二十七条関係）</RelatedArticleNum>
      <StyleStruct>
        <Style>
          <Fig src="./pict/2FH00000024949.pdf"/>
        </Style>
      </StyleStruct>
    </AppdxStyle>
    <AppdxStyle Num="12">
      <AppdxStyleTitle WritingMode="vertical">別記様式第十二号</AppdxStyleTitle>
      <RelatedArticleNum>　（二）（第二十七条関係）</RelatedArticleNum>
      <StyleStruct>
        <Style>
          <Fig src="./pict/2FH00000028622.pdf"/>
        </Style>
      </StyleStruct>
    </AppdxStyle>
    <AppdxStyle Num="13">
      <AppdxStyleTitle WritingMode="vertical">別記様式第十三号</AppdxStyleTitle>
      <RelatedArticleNum>　（一）（第二十七条関係）</RelatedArticleNum>
      <StyleStruct>
        <Style>
          <Fig src="./pict/2FH00000024951.pdf"/>
        </Style>
      </StyleStruct>
    </AppdxStyle>
    <AppdxStyle Num="13">
      <AppdxStyleTitle WritingMode="vertical">別記様式第十三号</AppdxStyleTitle>
      <RelatedArticleNum>　（二）（第二十七条関係）</RelatedArticleNum>
      <StyleStruct>
        <Style>
          <Fig src="./pict/2FH00000028623.pdf"/>
        </Style>
      </StyleStruct>
    </AppdxStyle>
    <AppdxTable Num="0">
      <AppdxTableTitle WritingMode="vertical">別表</AppdxTableTitle>
      <RelatedArticleNum>（第十七条関係）</RelatedArticleNum>
      <TableStruct>
        <Table WritingMode="vertical">
          <TableRow>
            <TableColumn BorderBottom="solid" BorderRight="solid">
              <Sentence Num="1" WritingMode="vertical">科目</Sentence>
            </TableColumn>
            <TableColumn BorderBottom="solid" BorderRight="solid">
              <Sentence Num="1" WritingMode="vertical">時間数</Sentence>
            </TableColumn>
            <TableColumn BorderBottom="solid" BorderRight="solid">
              <Sentence Num="1" WritingMode="vertical">備考</Sentence>
            </TableColumn>
          </TableRow>
          <TableRow>
            <TableColumn BorderRight="solid">
              <Sentence Num="1" WritingMode="vertical">総論</Sentence>
            </TableColumn>
            <TableColumn BorderRight="solid">
              <Sentence Num="1" WritingMode="vertical">九</Sentence>
            </TableColumn>
            <TableColumn BorderRight="solid">
              <Sentence Num="1" WritingMode="vertical">受胎調節の意義と目的、母体保護と受胎調節、関連概念の整理、母体保護法及び医薬品、医療機器等の品質、有効性及び安全性の確保等に関する法律の解説並びに人工妊娠中絶の現状と母体に及ぼす影響を含む。</Sentence>
            </TableColumn>
          </TableRow>
          <TableRow>
            <TableColumn BorderRight="solid">
              <Sentence Num="1" WritingMode="vertical">受胎調節の基礎</Sentence>
            </TableColumn>
            <TableColumn BorderRight="solid">
              <Sentence Num="1" WritingMode="vertical">五</Sentence>
            </TableColumn>
            <TableColumn BorderRight="solid">
              <Sentence Num="1" WritingMode="vertical">　</Sentence>
            </TableColumn>
          </TableRow>
          <TableRow>
            <TableColumn BorderRight="solid">
              <Sentence Num="1" WritingMode="vertical">受胎調節の指導</Sentence>
            </TableColumn>
            <TableColumn BorderRight="solid">
              <Sentence Num="1" WritingMode="vertical">一三</Sentence>
            </TableColumn>
            <TableColumn BorderRight="solid">
              <Sentence Num="1" WritingMode="vertical">　</Sentence>
            </TableColumn>
          </TableRow>
          <TableRow>
            <TableColumn BorderRight="solid">
              <Sentence Num="1" WritingMode="vertical">実習</Sentence>
            </TableColumn>
            <TableColumn BorderRight="solid">
              <Sentence Num="1" WritingMode="vertical">一〇</Sentence>
            </TableColumn>
            <TableColumn BorderRight="solid">
              <Sentence Num="1" WritingMode="vertical">実習は模型又は人体で行うものとし、実習に必要な模型は三人に一個、モデルは三人に一人を基準とする。</Sentence>
            </TableColumn>
          </TableRow>
          <TableRow>
            <TableColumn BorderRight="solid">
              <Sentence Num="1" WritingMode="vertical">討論</Sentence>
            </TableColumn>
            <TableColumn BorderRight="solid">
              <Sentence Num="1" WritingMode="vertical">二</Sentence>
            </TableColumn>
            <TableColumn BorderRight="solid">
              <Sentence Num="1" WritingMode="vertical">　</Sentence>
            </TableColumn>
          </TableRow>
          <TableRow>
            <TableColumn BorderRight="solid">
              <Sentence Num="1" WritingMode="vertical">考査</Sentence>
            </TableColumn>
            <TableColumn BorderRight="solid">
              <Sentence Num="1" WritingMode="vertical">一</Sentence>
            </TableColumn>
            <TableColumn BorderRight="solid">
              <Sentence Num="1" WritingMode="vertical">　</Sentence>
            </TableColumn>
          </TableRow>
          <TableRow>
            <TableColumn BorderBottom="solid" BorderRight="solid">
              <Sentence Num="1" WritingMode="vertical">計</Sentence>
            </TableColumn>
            <TableColumn BorderBottom="solid" BorderRight="solid">
              <Sentence Num="1" WritingMode="vertical">四〇</Sentence>
            </TableColumn>
            <TableColumn BorderBottom="solid" BorderRight="solid">
              <Sentence Num="1" WritingMode="vertical">　</Sentence>
            </TableColumn>
          </TableRow>
        </Table>
      </TableStruct>
    </AppdxTable>
  </LawBody>
</Law>
