<?xml version="1.0" encoding="UTF-8" standalone="no"?>
<Law Era="Showa" Lang="ja" LawType="Act" Num="136" Year="30">
  <LawNum>昭和三十年法律第百三十六号</LawNum>
  <LawBody>
    <LawTitle>天災による被害農林漁業者等に対する資金の融通に関する暫定措置法</LawTitle>
    <MainProvision>
      <Article Delete="false" Hide="false" Num="1">
        <ArticleCaption>（目的）</ArticleCaption>
        <ArticleTitle>第一条</ArticleTitle>
        <Paragraph Hide="false" Num="1">
          <ParagraphNum/>
          <ParagraphSentence>
            <Sentence WritingMode="vertical">この法律は、暴風雨、豪雨、地震、暴風浪、高潮、降雪、降霜、低温又は降ひよう等の天災によつて損失を受けた農林漁業者及び農林漁業者の組織する団体に対し、農林漁業の経営等に必要な資金の融通を円滑にする措置を講じて、その経営の安定に資することを目的とする。</Sentence>
          </ParagraphSentence>
        </Paragraph>
      </Article>
      <Article Delete="false" Hide="false" Num="2">
        <ArticleCaption>（定義）</ArticleCaption>
        <ArticleTitle>第二条</ArticleTitle>
        <Paragraph Hide="false" Num="1">
          <ParagraphNum/>
          <ParagraphSentence>
            <Sentence WritingMode="vertical">この法律において「被害農業者」とは、農業を主な業務とする者であつて、天災（当該天災による被害が著しくかつその国民経済に及ぼす影響が大であると認めて政令で指定するものに限る。以下この項、次項、第四項及び第五項において同じ。）による農作物、畜産物若しくは繭の減収量がその農作物、畜産物若しくは繭の平年における収穫量の百分の三十以上であり、かつ、天災による農作物、畜産物及び繭の減収による損失額がその者の平年における農業による総収入額の百分の十以上である旨又は天災による果樹、茶樹若しくは桑樹（その者がこれらを栽培する面積が政令で定める面積以上である場合におけるその果樹、茶樹又は桑樹に限る。以下この項及び次項において同じ。）の流失、損傷、枯死等による損失額がその者の栽培する果樹、茶樹若しくは桑樹の被害時における価額の百分の三十以上である旨の市町村長の認定を受けたものをいい、「被害林業者」とは、林業を主な業務とする者であつて、天災による薪炭（薪炭原木を含む。次項及び第四項において同じ。）、木材、林業用種苗その他の林産物の流失等による損失額がその者の平年における林業による総収入額の百分の十以上である旨又は天災によるその所有する炭がま、しいたけほだ木、わさび育成施設若しくは樹苗育成施設の流失、損壊等による損失額が当該施設の被害時における価額の百分の五十以上である旨の市町村長の認定を受けたものをいい、「被害漁業者」とは、漁業を主な業務とする者であつて、天災による魚類、貝類及び海そう類の流失等による損失額がその者の平年における漁業による総収入額の百分の十以上である旨又は天災によるその所有する漁船（政令で定めるものを除く。次項において同じ。）若しくは漁具（政令で定めるものを除く。次項において同じ。）の沈没、流失、滅失、損壊等による損失額が当該施設の被害時における価額の百分の五十以上である旨の市町村長の認定を受けたものをいう。</Sentence>
          </ParagraphSentence>
        </Paragraph>
        <Paragraph Hide="false" Num="2">
          <ParagraphNum>２</ParagraphNum>
          <ParagraphSentence>
            <Sentence WritingMode="vertical">この法律において「特別被害農業者」とは、被害農業者であつて、天災による農作物、畜産物及び繭の減収による損失額がその者の平年における農業による総収入額の百分の五十（開拓者にあつては百分の三十）以上である旨又は天災による果樹、茶樹若しくは桑樹の流失、損傷、枯死等による損失額がその者の栽培する果樹、茶樹若しくは桑樹の被害時における価額の百分の五十（開拓者にあつては百分の四十）以上である旨の市町村長の認定を受けたものをいい、「特別被害林業者」とは、被害林業者であつて、天災による薪炭、木材、林業用種苗その他の林産物の流失等による損失額がその者の平年における林業による総収入額の百分の五十以上である旨又は天災によるその所有する炭がま、しいたけほだ木、わさび育成施設若しくは樹苗育成施設の流失、損壊等による損失額が当該施設の被害時における価額の百分の七十以上である旨の市町村長の認定を受けたものをいい、「特別被害漁業者」とは、被害漁業者であつて、天災による魚類、貝類及び海そう類の流失等による損失額がその者の平年における漁業による総収入額の百分の五十以上である旨又は天災によるその所有する漁船若しくは漁具の沈没、流失、滅失、損壊等による損失額が当該施設の被害時における価額の百分の七十以上である旨の市町村長の認定を受けたものをいう。</Sentence>
          </ParagraphSentence>
        </Paragraph>
        <Paragraph Hide="false" Num="3">
          <ParagraphNum>３</ParagraphNum>
          <ParagraphSentence>
            <Sentence WritingMode="vertical">この法律において「被害組合」とは、農業協同組合、農業協同組合連合会、森林組合、森林組合連合会又は水産業協同組合であつて天災（当該天災による被害が特に著しいと認めて政令で指定するものに限る。以下第八項において同じ。）によりその所有し又は管理する施設、在庫品等につき著しい被害を受けたものをいう。</Sentence>
          </ParagraphSentence>
        </Paragraph>
        <Paragraph Hide="false" Num="4">
          <ParagraphNum>４</ParagraphNum>
          <ParagraphSentence>
            <Sentence WritingMode="vertical">この法律において「経営資金」とは、農業協同組合、森林組合、漁業協同組合（以下「組合」と総称する。）又は金融機関が被害農業者、被害林業者又は被害漁業者（以下「被害農林漁業者」と総称する。）に対し、種苗、肥料、飼料、薬剤、農機具（政令で定めるものに限る。）、家畜、家きん、薪炭原木、しいたけほだ木、漁具（政令で定めるものに限る。）、稚魚、稚貝、<Ruby>餌<Rt>じ</Rt>
</Ruby>料、漁業用燃油等の購入資金、炭がまの構築資金、漁船（政令で定めるものに限る。）の建造又は取得に必要な資金その他農林漁業経営に必要な資金として政令で定める期間内に貸し付ける資金で次の各号に該当するものをいう。</Sentence>
          </ParagraphSentence>
          <Item Delete="false" Hide="false" Num="1">
            <ItemTitle>一</ItemTitle>
            <ItemSentence>
              <Sentence WritingMode="vertical">市町村長が認定する損失額を基準として政令で定めるところにより算出される額又は二百万円（北海道にあつては三百五十万円、政令で定める資金として貸し付けられる場合は五百万円、政令で定める法人に貸し付けられる場合は二千五百万円、漁具の購入資金として貸し付けられる場合は五千万円）の範囲内で政令で定める額のどちらか低い額（乳牛を所有する被害農業者に貸し付けられる場合はその額に五万円を、乳牛以外の牛又は馬を所有する被害農業者に貸し付けられる場合はその額に三万円を加えた額。以下第六項において「貸付限度額」という。）の範囲内のものであること。</Sentence>
            </ItemSentence>
          </Item>
          <Item Delete="false" Hide="false" Num="2">
            <ItemTitle>二</ItemTitle>
            <ItemSentence>
              <Sentence WritingMode="vertical">償還期限が、六年の範囲内において政令で定める期限以内のものであること。</Sentence>
            </ItemSentence>
          </Item>
          <Item Delete="false" Hide="false" Num="3">
            <ItemTitle>三</ItemTitle>
            <ItemSentence>
              <Sentence WritingMode="vertical">利率が、特別被害農業者若しくは特別被害林業者で特別被害地域内において農業若しくは林業を営むもの又は特別被害漁業者で特別被害地域内に住所を有するものに貸し付けられる場合（漁具の購入資金として貸し付けられる場合のうち政令で定める場合を除く。）は年三分以内、開拓者（特別被害地域内において農業を営む特別被害農業者を除く。）又は被害農業者で天災による農作物、畜産物及び繭の減収による損失額がその者の平年における農業による総収入額の百分の三十以上である旨の市町村長の認定を受けたもの（特別被害地域内において農業を営む特別被害農業者を除く。）、被害林業者で天災による薪炭、木材、林業用種苗その他の林産物の流失等による損失額がその者の平年における林業による総収入額の百分の三十以上である旨の市町村長の認定を受けたもの（特別被害地域内において林業を営む特別被害林業者を除く。）若しくは被害漁業者で天災による魚類、貝類及び海そう類の流失等による損失額がその者の平年における漁業による総収入額の百分の三十以上である旨の市町村長の認定を受けたもの（特別被害地域内に住所を有する特別被害漁業者を除く。）に貸し付けられる場合は年五分五厘以内、その他の場合は年六分五厘以内のものであること。</Sentence>
            </ItemSentence>
          </Item>
        </Paragraph>
        <Paragraph Hide="false" Num="5">
          <ParagraphNum>５</ParagraphNum>
          <ParagraphSentence>
            <Sentence WritingMode="vertical">前項に規定する特別被害地域は、特別被害農業者については第一号、特別被害林業者については第二号、特別被害漁業者については第三号に掲げる区域とする。</Sentence>
          </ParagraphSentence>
          <Item Delete="false" Hide="false" Num="1">
            <ItemTitle>一</ItemTitle>
            <ItemSentence>
              <Sentence WritingMode="vertical">政令で定める都道府県の区域内の旧市町村の区域（昭和二十八年九月三十日現在における市町村の区域をいう。以下この項において同じ。）の全部若しくは一部又はその都道府県の区域内の耕地面積が十ヘクタール以上である開拓地区の区域であつて、その区域内において農業を営む被害農業者中に含まれる当該天災に係る特別被害農業者の数が当該被害農業者の数の百分の十以上である区域のうち、都道府県知事があらかじめ農林水産大臣に協議し、その同意を得て指定する区域</Sentence>
            </ItemSentence>
          </Item>
          <Item Delete="false" Hide="false" Num="2">
            <ItemTitle>二</ItemTitle>
            <ItemSentence>
              <Sentence WritingMode="vertical">政令で定める都道府県の区域内の旧市町村の区域の全部若しくは一部であつて、その区域内において林業を営む被害林業者中に含まれる当該天災に係る特別被害林業者の数が当該被害林業者の数の百分の十以上である区域のうち、都道府県知事があらかじめ農林水産大臣に協議し、その同意を得て指定する区域</Sentence>
            </ItemSentence>
          </Item>
          <Item Delete="false" Hide="false" Num="3">
            <ItemTitle>三</ItemTitle>
            <ItemSentence>
              <Sentence WritingMode="vertical">政令で定める都道府県の区域内の旧市町村の区域の全部若しくは一部であつて、その区域内に住所を有する被害漁業者中に含まれる当該天災に係る特別被害漁業者の数が当該被害漁業者の数の百分の十以上である区域のうち、都道府県知事があらかじめ農林水産大臣に協議し、その同意を得て指定する区域</Sentence>
            </ItemSentence>
          </Item>
        </Paragraph>
        <Paragraph Hide="false" Num="6">
          <ParagraphNum>６</ParagraphNum>
          <ParagraphSentence>
            <Sentence WritingMode="vertical">既に経営資金の貸付けを受けている者でその償還期限内に再び被害農林漁業者に該当することとなつたものについての第四項第一号の規定の適用については、同号の規定により算出される貸付限度額にその既に貸付けを受けている経営資金の償還に充てるために必要な資金の額（その額が政令で定める額をこえるときは、当該政令で定める額）を加えた額をもつて貸付限度額とする。</Sentence>
          </ParagraphSentence>
        </Paragraph>
        <Paragraph Hide="false" Num="7">
          <ParagraphNum>７</ParagraphNum>
          <ParagraphSentence>
            <Sentence WritingMode="vertical">既に経営資金の貸付を受けている者がその償還期限内に再び被害農林漁業者に該当することとなつた場合におけるその経営資金については、その償還期限を政令で定めるところにより二年をこえない範囲内で延長する旨の貸付条件の変更があつたときも、第四項第二号の規定にかかわらず、これを経営資金とみなす。</Sentence>
          </ParagraphSentence>
        </Paragraph>
        <Paragraph Hide="false" Num="8">
          <ParagraphNum>８</ParagraphNum>
          <ParagraphSentence>
            <Sentence WritingMode="vertical">この法律において「事業資金」とは、農業協同組合連合会、森林組合連合会、漁業協同組合連合会（以下「連合会」と総称する。）又は金融機関が、被害組合に対し、天災により被害を受けたために必要となつた事業運営資金として二千五百万円（連合会に貸し付けられる場合は五千万円）の範囲内において、償還期限三年以内及び利率年六分五厘以内の条件で政令で定める期間内に貸し付けるものをいう。</Sentence>
          </ParagraphSentence>
        </Paragraph>
      </Article>
      <Article Delete="false" Hide="false" Num="3">
        <ArticleCaption>（国庫補助）</ArticleCaption>
        <ArticleTitle>第三条</ArticleTitle>
        <Paragraph Hide="false" Num="1">
          <ParagraphNum/>
          <ParagraphSentence>
            <Sentence WritingMode="vertical">政府は、都道府県に対し、予算の範囲内で、次の各号に掲げる経費の全部又は一部を補助する。</Sentence>
          </ParagraphSentence>
          <Item Delete="false" Hide="false" Num="1">
            <ItemTitle>一</ItemTitle>
            <ItemSentence>
              <Sentence WritingMode="vertical">市町村が、組合又は金融機関との契約により、当該組合又は当該金融機関が貸し付けた経営資金につき利子補給を行うのに要する経費の一部を都道府県が補助する場合における当該補助に要する経費</Sentence>
            </ItemSentence>
          </Item>
          <Item Delete="false" Hide="false" Num="2">
            <ItemTitle>二</ItemTitle>
            <ItemSentence>
              <Sentence WritingMode="vertical">都道府県が、組合又は金融機関との契約により、当該組合又は当該金融機関が貸し付けた経営資金につき利子補給を行う場合における当該利子補給に要する経費</Sentence>
            </ItemSentence>
          </Item>
          <Item Delete="false" Hide="false" Num="3">
            <ItemTitle>三</ItemTitle>
            <ItemSentence>
              <Sentence WritingMode="vertical">市町村が、組合又は金融機関との契約により、当該組合又は当該金融機関が経営資金を貸し付けたことによつて受けた損失をこれに対し補償するのに要する経費の百分の八十以内を都道府県が補助する場合における当該補助に要する経費</Sentence>
            </ItemSentence>
          </Item>
          <Item Delete="false" Hide="false" Num="4">
            <ItemTitle>四</ItemTitle>
            <ItemSentence>
              <Sentence WritingMode="vertical">都道府県が、組合又は金融機関との契約により、当該組合又は当該金融機関が経営資金を貸し付けたことによつて受けた損失をこれに対し補償する場合における当該損失補償に要する経費</Sentence>
            </ItemSentence>
          </Item>
          <Item Delete="false" Hide="false" Num="5">
            <ItemTitle>五</ItemTitle>
            <ItemSentence>
              <Sentence WritingMode="vertical">市町村が、連合会又は農林中央金庫その他の金融機関との契約により、当該連合会又は当該金融機関が経営資金を貸し付けようとする組合（政令で定めるものに限る。次号において同じ。）に対し当該資金に充てるための資金を貸し付けたことによつて受けた損失を、当該連合会又は当該金融機関に対し補償するのに要する経費の百分の八十以内を都道府県が補助する場合における当該補助に要する経費</Sentence>
            </ItemSentence>
          </Item>
          <Item Delete="false" Hide="false" Num="6">
            <ItemTitle>六</ItemTitle>
            <ItemSentence>
              <Sentence WritingMode="vertical">都道府県が、連合会又は農林中央金庫その他の金融機関との契約により、当該連合会又は当該金融機関が、経営資金を貸し付けようとする組合に対し当該資金に充てるための資金を貸し付けたことによつて受けた損失を、当該連合会又は当該金融機関に対し補償する場合における当該損失補償に要する経費</Sentence>
            </ItemSentence>
          </Item>
          <Item Delete="false" Hide="false" Num="7">
            <ItemTitle>七</ItemTitle>
            <ItemSentence>
              <Sentence WritingMode="vertical">市町村が、連合会又は農林中央金庫その他の金融機関との契約により、当該連合会又は当該金融機関が貸し付けた事業資金につき利子補給を行うのに要する経費の一部を都道府県が補助する場合における当該補助に要する経費</Sentence>
            </ItemSentence>
          </Item>
          <Item Delete="false" Hide="false" Num="8">
            <ItemTitle>八</ItemTitle>
            <ItemSentence>
              <Sentence WritingMode="vertical">都道府県が、連合会又は農林中央金庫その他の金融機関との契約により、当該連合会又は当該金融機関が貸し付けた事業資金につき利子補給を行う場合における当該利子補給に要する経費</Sentence>
            </ItemSentence>
          </Item>
          <Item Delete="false" Hide="false" Num="9">
            <ItemTitle>九</ItemTitle>
            <ItemSentence>
              <Sentence WritingMode="vertical">市町村が、連合会又は農林中央金庫その他の金融機関との契約により、当該連合会又は当該金融機関が事業資金を貸し付けたことによつて受けた損失をこれに対し補償するのに要する経費の百分の八十以内を都道府県が補助する場合における当該補助に要する経費</Sentence>
            </ItemSentence>
          </Item>
          <Item Delete="false" Hide="false" Num="10">
            <ItemTitle>十</ItemTitle>
            <ItemSentence>
              <Sentence WritingMode="vertical">都道府県が、連合会又は農林中央金庫その他の金融機関との契約により、当該連合会又は当該金融機関が事業資金を貸し付けたことによつて受けた損失をこれに対し補償する場合における当該損失補償に要する経費</Sentence>
            </ItemSentence>
          </Item>
        </Paragraph>
        <Paragraph Hide="false" Num="2">
          <ParagraphNum>２</ParagraphNum>
          <ParagraphSentence>
            <Sentence WritingMode="vertical">前項第三号から第六号まで、第九号及び第十号の契約には、次の各号に掲げる事項を含まなければならない。</Sentence>
          </ParagraphSentence>
          <Item Delete="false" Hide="false" Num="1">
            <ItemTitle>一</ItemTitle>
            <ItemSentence>
              <Sentence WritingMode="vertical">当該契約の当事者である組合、連合会又は農林中央金庫その他の金融機関（以下「融資機関」と総称する。）は、当該契約により損失補償を受けた後も、善良な管理者の注意をもつて当該融資に係る債権の回収に努めなければならないこと。</Sentence>
            </ItemSentence>
          </Item>
          <Item Delete="false" Hide="false" Num="2">
            <ItemTitle>二</ItemTitle>
            <ItemSentence>
              <Sentence WritingMode="vertical">融資機関は、当該契約により損失補償を受けた後に当該融資に係る債権の回収によつて得た金額のうちから、債権行使のために必要とした費用を控除し、残額があるときは、これで当該融資について損失補償を受けない損失をうめ、なお残額があるときは、当該契約により都道府県又は市町村から受けた損失補償の金額に達するまでの金額を当該都道府県又は当該市町村に納付しなければならないこと。</Sentence>
            </ItemSentence>
          </Item>
        </Paragraph>
        <Paragraph Hide="false" Num="3">
          <ParagraphNum>３</ParagraphNum>
          <ParagraphSentence>
            <Sentence WritingMode="vertical">第一項第三号から第六号まで、第九号及び第十号の損失は、融資元本の償還期限到来後政令で定める期間を経過してなお元本又は利子（政令で定める遅延利子を含む。）の全部又は一部が回収されなかつた場合におけるその回収されなかつた金額とする。</Sentence>
          </ParagraphSentence>
        </Paragraph>
      </Article>
      <Article Delete="false" Hide="false" Num="4">
        <ArticleTitle>第四条</ArticleTitle>
        <Paragraph Hide="false" Num="1">
          <ParagraphNum/>
          <ParagraphSentence>
            <Sentence WritingMode="vertical">前条第一項の規定により政府が都道府県に対し補助する場合における当該補助に係る同項各号に掲げる資金の総額は、それぞれの天災ごとに政令で定める額を限度とする。</Sentence>
          </ParagraphSentence>
        </Paragraph>
        <Paragraph Hide="false" Num="2">
          <ParagraphNum>２</ParagraphNum>
          <ParagraphSentence>
            <Sentence Function="main" Num="1" WritingMode="vertical">前条第一項の規定により政府が都道府県に対して交付する補助金は、同項第一号、第二号、第七号及び第八号の経費については当該利子補給額の百分の五十に相当する額又は当該利子補給の対象となつた貸付金の総額につき年二分五厘の割合で計算した額のどちらか低い額の範囲内とし、同項第三号から第六号まで、第九号及び第十号の経費については、当該損失補償額の百分の五十に相当する額又は当該損失補償の対象となつた貸付金の総額の百分の二十五に相当する額のどちらか低い額の範囲内とする。</Sentence>
            <Sentence Function="proviso" Num="2" WritingMode="vertical">ただし、同項第一号及び第二号の経費につき、経営資金の貸付の利率が第二条第四項第三号の規定により年五分五厘以内に定められている資金に係るものにあつては当該利子補給額の百分の五十に相当する額又は当該利子補給の対象となつた貸付金の総額につき年三分の割合で計算した額のどちらか低い額の範囲内とし、年三分以内に定められている資金に係るものにあつては当該利子補給額の百分の六十五に相当する額又は当該利子補給の対象となつた貸付金の総額につき年五分五厘の割合で計算した額のどちらか低い額の範囲内とする。</Sentence>
          </ParagraphSentence>
        </Paragraph>
      </Article>
      <Article Delete="false" Hide="false" Num="5">
        <ArticleCaption>（政府への納付金）</ArticleCaption>
        <ArticleTitle>第五条</ArticleTitle>
        <Paragraph Hide="false" Num="1">
          <ParagraphNum/>
          <ParagraphSentence>
            <Sentence WritingMode="vertical">第三条第一項の規定により補助金の交付を受けた都道府県は、融資機関から同条第二項第二号の契約事項による納付金を受けたときは、その一部を政府から補助を受けた割合に応じて政府に納付しなければならない。</Sentence>
          </ParagraphSentence>
        </Paragraph>
        <Paragraph Hide="false" Num="2">
          <ParagraphNum>２</ParagraphNum>
          <ParagraphSentence>
            <Sentence WritingMode="vertical">第三条第一項の規定により補助金の交付を受けた都道府県は、当該都道府県から補助金の交付を受けた市町村が融資機関から同条第二項第二号の契約事項によつて納付金を受けたときは、その一部を当該市町村が都道府県から補助を受けた割合に応じて当該市町村から納付させ、その納付金の全部又は一部を政府から補助を受けた割合に応じて政府に納付しなければならない。</Sentence>
          </ParagraphSentence>
        </Paragraph>
      </Article>
      <Article Delete="false" Hide="false" Num="6">
        <ArticleCaption>（補助金の打切又は返還）</ArticleCaption>
        <ArticleTitle>第六条</ArticleTitle>
        <Paragraph Hide="false" Num="1">
          <ParagraphNum/>
          <ParagraphSentence>
            <Sentence WritingMode="vertical">政府は、都道府県若しくはその補助を受けた市町村がこの法律若しくはこの法律に基く命令に違反したとき、又は都道府県若しくは市町村と第三条第一項第三号から第六号まで、第九号及び第十号の契約を結んだ融資機関が同条第二項各号の契約事項に違反したときは、当該都道府県に対し交付すべき補助金の全部若しくは一部を交付せず、又は既に交付した補助金の全部若しくは一部の返還を命ずることができる。</Sentence>
          </ParagraphSentence>
        </Paragraph>
      </Article>
      <Article Delete="false" Hide="false" Num="7">
        <ArticleCaption>（報告及び検査）</ArticleCaption>
        <ArticleTitle>第七条</ArticleTitle>
        <Paragraph Hide="false" Num="1">
          <ParagraphNum/>
          <ParagraphSentence>
            <Sentence WritingMode="vertical">農林水産大臣は、経営資金又は事業資金の貸付が適正に行われているかどうかを知るために必要があると認めるときは、当該資金を貸し付けた組合、連合会若しくは金融機関から報告を徴し、又はその職員をして組合、連合会若しくは金融機関の事務所に立ち入り、帳簿、書類その他必要な物件を検査させることができる。</Sentence>
          </ParagraphSentence>
        </Paragraph>
        <Paragraph Hide="false" Num="2">
          <ParagraphNum>２</ParagraphNum>
          <ParagraphSentence>
            <Sentence WritingMode="vertical">前項の規定により職員が立入検査をする場合には、その身分を示す証票を携帯し、関係人にこれを提示しなければならない。</Sentence>
          </ParagraphSentence>
        </Paragraph>
      </Article>
      <Article Delete="false" Hide="false" Num="8">
        <ArticleCaption>（都道府県が処理する事務等）</ArticleCaption>
        <ArticleTitle>第八条</ArticleTitle>
        <Paragraph Hide="false" Num="1">
          <ParagraphNum/>
          <ParagraphSentence>
            <Sentence WritingMode="vertical">前条第一項の規定による農林水産大臣の権限に属する事務の一部は、政令で定めるところにより、都道府県知事が行うこととすることができる。</Sentence>
          </ParagraphSentence>
        </Paragraph>
        <Paragraph Hide="false" Num="2">
          <ParagraphNum>２</ParagraphNum>
          <ParagraphSentence>
            <Sentence WritingMode="vertical">前条第一項の規定による農林水産大臣の権限は、農林水産省令で定めるところにより、その一部を地方農政局長に委任することができる。</Sentence>
          </ParagraphSentence>
        </Paragraph>
      </Article>
    </MainProvision>
    <SupplProvision Extract="true">
      <SupplProvisionLabel>附　則</SupplProvisionLabel>
      <Paragraph Hide="false" Num="1">
        <ParagraphNum>１</ParagraphNum>
        <ParagraphSentence>
          <Sentence Function="main" Num="1" WritingMode="vertical">この法律は、公布の日から施行し、昭和三十年四月一日以降発生した天災に関し適用する。</Sentence>
          <Sentence Function="proviso" Num="2" WritingMode="vertical">ただし、昭和三十年四月一日から同年五月三十一日までの間に発生した天災に関しては、昭和三十年四月及び五月の凍霜害、水害等の被害農家に対する資金の融通に関する特別措置法（昭和三十年法律第四十五号）の規定による資金の融通を受けない者について、この法律の規定を適用する。</Sentence>
        </ParagraphSentence>
      </Paragraph>
    </SupplProvision>
    <SupplProvision AmendLawNum="昭和三二年四月一五日法律第六六号" Extract="true">
      <SupplProvisionLabel>附　則</SupplProvisionLabel>
      <Paragraph Hide="false" Num="1">
        <ParagraphNum>１</ParagraphNum>
        <ParagraphSentence>
          <Sentence WritingMode="vertical">この法律は、公布の日から施行する。</Sentence>
        </ParagraphSentence>
      </Paragraph>
    </SupplProvision>
    <SupplProvision AmendLawNum="昭和三四年一二月一〇日法律第一九二号">
      <SupplProvisionLabel>附　則</SupplProvisionLabel>
      <Paragraph Hide="false" Num="1">
        <ParagraphNum/>
        <ParagraphSentence>
          <Sentence WritingMode="vertical">この法律は、公布の日から施行し、昭和三十四年七月一日以後の天災につき適用する。</Sentence>
        </ParagraphSentence>
      </Paragraph>
    </SupplProvision>
    <SupplProvision AmendLawNum="昭和三五年六月二三日法律第一〇一号">
      <SupplProvisionLabel>附　則</SupplProvisionLabel>
      <Paragraph Hide="false" Num="1">
        <ParagraphNum/>
        <ParagraphSentence>
          <Sentence WritingMode="vertical">この法律は、公布の日から施行する。</Sentence>
        </ParagraphSentence>
      </Paragraph>
    </SupplProvision>
    <SupplProvision AmendLawNum="昭和三八年七月一〇日法律第一三一号">
      <SupplProvisionLabel>附　則</SupplProvisionLabel>
      <Paragraph Hide="false" Num="1">
        <ParagraphNum/>
        <ParagraphSentence>
          <Sentence WritingMode="vertical">この法律は、公布の日から施行し、昭和三十八年一月一日以後の天災につき適用する。</Sentence>
        </ParagraphSentence>
      </Paragraph>
    </SupplProvision>
    <SupplProvision AmendLawNum="昭和三九年一二月二四日法律第一八四号" Extract="true">
      <SupplProvisionLabel>附　則</SupplProvisionLabel>
      <Paragraph Hide="false" Num="1">
        <ParagraphNum>１</ParagraphNum>
        <ParagraphSentence>
          <Sentence WritingMode="vertical">この法律は、公布の日から施行し、昭和三十九年七月一日以後の天災及びこれによる災害につき適用する。</Sentence>
        </ParagraphSentence>
      </Paragraph>
    </SupplProvision>
    <SupplProvision AmendLawNum="昭和四〇年六月二日法律第一〇八号" Extract="true">
      <SupplProvisionLabel>附　則</SupplProvisionLabel>
      <Paragraph Hide="false" Num="1">
        <ParagraphNum>１</ParagraphNum>
        <ParagraphSentence>
          <Sentence WritingMode="vertical">この法律は、公布の日から施行し、同日以後に天災による被害農林漁業者等に対する資金の融通に関する暫定措置法（以下「天災融資法」という。）第二条第一項の規定による指定又は開拓営農振興臨時措置法第五条の二第一項の規定による指定のあつた天災又は異常な天然現象及び同日以後に激<Ruby>甚<Rt>じん</Rt>
</Ruby>災害に対処するための特別の財政援助等に関する法律（昭和三十七年法律第百五十号。以下「激<Ruby>甚<Rt>じん</Rt>
</Ruby>災害法」という。）第二条第二項の規定により同法第八条第一項に規定する措置が指定された災害につき適用する。</Sentence>
        </ParagraphSentence>
      </Paragraph>
      <Paragraph Hide="false" Num="2">
        <ParagraphNum>２</ParagraphNum>
        <ParagraphSentence>
          <Sentence WritingMode="vertical">この法律の施行の日の前日までに天災融資法第二条第一項の規定による指定又は開拓営農振興臨時措置法第五条の二第一項の規定による指定のあつた天災又は異常な天然現象及び同日までに激<Ruby>甚<Rt>じん</Rt>
</Ruby>災害法第二条第二項の規定により同法第八条第一項に規定する措置が指定された災害であつて、昭和三十九年七月一日以後に発生したものについては、前項の規定にかかわらず、この法律の施行の日から、それぞれ、改正後の天災融資法第二条第四項第一号及び第二号、改正後の開拓営農振興臨時措置法第五条の二第二項並びに改正後の激<Ruby>甚<Rt>じん</Rt>
</Ruby>災害法第八条第一項の規定を適用する。</Sentence>
        </ParagraphSentence>
      </Paragraph>
    </SupplProvision>
    <SupplProvision AmendLawNum="昭和四一年三月三一日法律第四一号" Extract="true">
      <SupplProvisionLabel>附　則</SupplProvisionLabel>
      <Paragraph Hide="false" Num="1">
        <ParagraphNum>１</ParagraphNum>
        <ParagraphSentence>
          <Sentence WritingMode="vertical">この法律は、昭和四十一年四月一日から施行する。</Sentence>
        </ParagraphSentence>
      </Paragraph>
    </SupplProvision>
    <SupplProvision AmendLawNum="昭和四六年一一月二九日法律第一一五号" Extract="true">
      <SupplProvisionLabel>附　則</SupplProvisionLabel>
      <Paragraph Hide="false" Num="1">
        <ParagraphNum>１</ParagraphNum>
        <ParagraphSentence>
          <Sentence WritingMode="vertical">この法律は、公布の日から施行する。</Sentence>
        </ParagraphSentence>
      </Paragraph>
      <Paragraph Hide="false" Num="2">
        <ParagraphNum>２</ParagraphNum>
        <ParagraphSentence>
          <Sentence WritingMode="vertical">この法律の施行前に天災による被害農林漁業者等に対する資金の融通に関する暫定措置法第二条第一項の規定による指定のあつた天災及びこの法律の施行前に激<Ruby>甚<Rt>じん</Rt>
</Ruby>災害に対処するための特別の財政援助等に関する法律第二条第二項の規定により同法第八条第一項又は第十五条に規定する措置が指定された災害に関しては、なお従前の例による。</Sentence>
        </ParagraphSentence>
      </Paragraph>
    </SupplProvision>
    <SupplProvision AmendLawNum="昭和五三年七月五日法律第八七号" Extract="true">
      <SupplProvisionLabel>附　則</SupplProvisionLabel>
      <Article Delete="false" Hide="false" Num="1">
        <ArticleCaption>（施行期日）</ArticleCaption>
        <ArticleTitle>第一条</ArticleTitle>
        <Paragraph Hide="false" Num="1">
          <ParagraphNum/>
          <ParagraphSentence>
            <Sentence WritingMode="vertical">この法律は、公布の日から施行する。</Sentence>
          </ParagraphSentence>
        </Paragraph>
      </Article>
    </SupplProvision>
    <SupplProvision AmendLawNum="昭和五七年八月三一日法律第八七号">
      <SupplProvisionLabel>附　則</SupplProvisionLabel>
      <Paragraph Hide="false" Num="1">
        <ParagraphNum/>
        <ParagraphSentence>
          <Sentence WritingMode="vertical">この法律は、公布の日から施行し、第一条の規定による改正後の天災による被害農林漁業者等に対する資金の融通に関する暫定措置法第二条第四項第一号及び第八項並びに第二条の規定による改正後の激<Ruby>甚<Rt>じん</Rt>
</Ruby>災害に対処するための特別の財政援助等に関する法律第八条及び第十五条第一項の規定は、昭和五十七年七月五日以後に発生した天災又は災害につき適用する。</Sentence>
        </ParagraphSentence>
      </Paragraph>
    </SupplProvision>
    <SupplProvision AmendLawNum="平成一一年七月一六日法律第八七号" Extract="true">
      <SupplProvisionLabel>附　則</SupplProvisionLabel>
      <Article Delete="false" Hide="false" Num="1">
        <ArticleCaption>（施行期日）</ArticleCaption>
        <ArticleTitle>第一条</ArticleTitle>
        <Paragraph Hide="false" Num="1">
          <ParagraphNum/>
          <ParagraphSentence>
            <Sentence Function="main" Num="1" WritingMode="vertical">この法律は、平成十二年四月一日から施行する。</Sentence>
            <Sentence Function="proviso" Num="2" WritingMode="vertical">ただし、次の各号に掲げる規定は、当該各号に定める日から施行する。</Sentence>
          </ParagraphSentence>
          <Item Delete="false" Hide="false" Num="1">
            <ItemTitle>一</ItemTitle>
            <ItemSentence>
              <Column LineBreak="false" Num="1">
                <Sentence WritingMode="vertical">第一条中地方自治法第二百五十条の次に五条、節名並びに二款及び款名を加える改正規定（同法第二百五十条の九第一項に係る部分（両議院の同意を得ることに係る部分に限る。）に限る。）、第四十条中自然公園法附則第九項及び第十項の改正規定（同法附則第十項に係る部分に限る。）、第二百四十四条の規定（農業改良助長法第十四条の三の改正規定に係る部分を除く。）並びに第四百七十二条の規定（市町村の合併の特例に関する法律第六条、第八条及び第十七条の改正規定に係る部分を除く。）並びに附則第七条、第十条、第十二条、第五十九条ただし書、第六十条第四項及び第五項、第七十三条、第七十七条、第百五十七条第四項から第六項まで、第百六十条、第百六十三条、第百六十四条並びに第二百二条の規定</Sentence>
              </Column>
              <Column LineBreak="false" Num="2">
                <Sentence WritingMode="vertical">公布の日</Sentence>
              </Column>
            </ItemSentence>
          </Item>
        </Paragraph>
      </Article>
      <Article Delete="false" Hide="false" Num="89">
        <ArticleCaption>（天災による被害農林漁業者等に対する資金の融通に関する暫定措置法の一部改正に伴う経過措置）</ArticleCaption>
        <ArticleTitle>第八十九条</ArticleTitle>
        <Paragraph Hide="false" Num="1">
          <ParagraphNum/>
          <ParagraphSentence>
            <Sentence WritingMode="vertical">施行日前に第二百七十四条の規定による改正前の天災による被害農林漁業者等に対する資金の融通に関する暫定措置法第二条第五項各号の規定によりされた承認又はこの法律の施行の際現にこれらの規定によりされている承認の申請は、それぞれ第二百七十四条の規定による改正後の天災による被害農林漁業者等に対する資金の融通に関する暫定措置法第二条第五項各号の規定によりされた同意又は協議の申出とみなす。</Sentence>
          </ParagraphSentence>
        </Paragraph>
      </Article>
      <Article Delete="false" Hide="false" Num="159">
        <ArticleCaption>（国等の事務）</ArticleCaption>
        <ArticleTitle>第百五十九条</ArticleTitle>
        <Paragraph Hide="false" Num="1">
          <ParagraphNum/>
          <ParagraphSentence>
            <Sentence WritingMode="vertical">この法律による改正前のそれぞれの法律に規定するもののほか、この法律の施行前において、地方公共団体の機関が法律又はこれに基づく政令により管理し又は執行する国、他の地方公共団体その他公共団体の事務（附則第百六十一条において「国等の事務」という。）は、この法律の施行後は、地方公共団体が法律又はこれに基づく政令により当該地方公共団体の事務として処理するものとする。</Sentence>
          </ParagraphSentence>
        </Paragraph>
      </Article>
      <Article Delete="false" Hide="false" Num="160">
        <ArticleCaption>（処分、申請等に関する経過措置）</ArticleCaption>
        <ArticleTitle>第百六十条</ArticleTitle>
        <Paragraph Hide="false" Num="1">
          <ParagraphNum/>
          <ParagraphSentence>
            <Sentence WritingMode="vertical">この法律（附則第一条各号に掲げる規定については、当該各規定。以下この条及び附則第百六十三条において同じ。）の施行前に改正前のそれぞれの法律の規定によりされた許可等の処分その他の行為（以下この条において「処分等の行為」という。）又はこの法律の施行の際現に改正前のそれぞれの法律の規定によりされている許可等の申請その他の行為（以下この条において「申請等の行為」という。）で、この法律の施行の日においてこれらの行為に係る行政事務を行うべき者が異なることとなるものは、附則第二条から前条までの規定又は改正後のそれぞれの法律（これに基づく命令を含む。）の経過措置に関する規定に定めるものを除き、この法律の施行の日以後における改正後のそれぞれの法律の適用については、改正後のそれぞれの法律の相当規定によりされた処分等の行為又は申請等の行為とみなす。</Sentence>
          </ParagraphSentence>
        </Paragraph>
        <Paragraph Hide="false" Num="2">
          <ParagraphNum>２</ParagraphNum>
          <ParagraphSentence>
            <Sentence WritingMode="vertical">この法律の施行前に改正前のそれぞれの法律の規定により国又は地方公共団体の機関に対し報告、届出、提出その他の手続をしなければならない事項で、この法律の施行の日前にその手続がされていないものについては、この法律及びこれに基づく政令に別段の定めがあるもののほか、これを、改正後のそれぞれの法律の相当規定により国又は地方公共団体の相当の機関に対して報告、届出、提出その他の手続をしなければならない事項についてその手続がされていないものとみなして、この法律による改正後のそれぞれの法律の規定を適用する。</Sentence>
          </ParagraphSentence>
        </Paragraph>
      </Article>
      <Article Delete="false" Hide="false" Num="161">
        <ArticleCaption>（不服申立てに関する経過措置）</ArticleCaption>
        <ArticleTitle>第百六十一条</ArticleTitle>
        <Paragraph Hide="false" Num="1">
          <ParagraphNum/>
          <ParagraphSentence>
            <Sentence Num="1" WritingMode="vertical">施行日前にされた国等の事務に係る処分であって、当該処分をした行政庁（以下この条において「処分庁」という。）に施行日前に行政不服審査法に規定する上級行政庁（以下この条において「上級行政庁」という。）があったものについての同法による不服申立てについては、施行日以後においても、当該処分庁に引き続き上級行政庁があるものとみなして、行政不服審査法の規定を適用する。</Sentence>
            <Sentence Num="2" WritingMode="vertical">この場合において、当該処分庁の上級行政庁とみなされる行政庁は、施行日前に当該処分庁の上級行政庁であった行政庁とする。</Sentence>
          </ParagraphSentence>
        </Paragraph>
        <Paragraph Hide="false" Num="2">
          <ParagraphNum>２</ParagraphNum>
          <ParagraphSentence>
            <Sentence WritingMode="vertical">前項の場合において、上級行政庁とみなされる行政庁が地方公共団体の機関であるときは、当該機関が行政不服審査法の規定により処理することとされる事務は、新地方自治法第二条第九項第一号に規定する第一号法定受託事務とする。</Sentence>
          </ParagraphSentence>
        </Paragraph>
      </Article>
      <Article Delete="false" Hide="false" Num="164">
        <ArticleCaption>（その他の経過措置の政令への委任）</ArticleCaption>
        <ArticleTitle>第百六十四条</ArticleTitle>
        <Paragraph Hide="false" Num="1">
          <ParagraphNum/>
          <ParagraphSentence>
            <Sentence WritingMode="vertical">この附則に規定するもののほか、この法律の施行に伴い必要な経過措置（罰則に関する経過措置を含む。）は、政令で定める。</Sentence>
          </ParagraphSentence>
        </Paragraph>
      </Article>
      <Article Delete="false" Hide="false" Num="250">
        <ArticleCaption>（検討）</ArticleCaption>
        <ArticleTitle>第二百五十条</ArticleTitle>
        <Paragraph Hide="false" Num="1">
          <ParagraphNum/>
          <ParagraphSentence>
            <Sentence WritingMode="vertical">新地方自治法第二条第九項第一号に規定する第一号法定受託事務については、できる限り新たに設けることのないようにするとともに、新地方自治法別表第一に掲げるもの及び新地方自治法に基づく政令に示すものについては、地方分権を推進する観点から検討を加え、適宜、適切な見直しを行うものとする。</Sentence>
          </ParagraphSentence>
        </Paragraph>
      </Article>
      <Article Delete="false" Hide="false" Num="251">
        <ArticleTitle>第二百五十一条</ArticleTitle>
        <Paragraph Hide="false" Num="1">
          <ParagraphNum/>
          <ParagraphSentence>
            <Sentence WritingMode="vertical">政府は、地方公共団体が事務及び事業を自主的かつ自立的に執行できるよう、国と地方公共団体との役割分担に応じた地方税財源の充実確保の方途について、経済情勢の推移等を勘案しつつ検討し、その結果に基づいて必要な措置を講ずるものとする。</Sentence>
          </ParagraphSentence>
        </Paragraph>
      </Article>
    </SupplProvision>
    <SupplProvision AmendLawNum="平成一一年一二月二二日法律第一六〇号" Extract="true">
      <SupplProvisionLabel>附　則</SupplProvisionLabel>
      <Article Delete="false" Hide="false" Num="1">
        <ArticleCaption>（施行期日）</ArticleCaption>
        <ArticleTitle>第一条</ArticleTitle>
        <Paragraph Hide="false" Num="1">
          <ParagraphNum/>
          <ParagraphSentence>
            <Sentence Function="main" Num="1" WritingMode="vertical">この法律（第二条及び第三条を除く。）は、平成十三年一月六日から施行する。</Sentence>
            <Sentence Function="proviso" Num="2" WritingMode="vertical">ただし、次の各号に掲げる規定は、当該各号に定める日から施行する。</Sentence>
          </ParagraphSentence>
          <Item Delete="false" Hide="false" Num="1">
            <ItemTitle>一</ItemTitle>
            <ItemSentence>
              <Column LineBreak="false" Num="1">
                <Sentence WritingMode="vertical">第九百九十五条（核原料物質、核燃料物質及び原子炉の規制に関する法律の一部を改正する法律附則の改正規定に係る部分に限る。）、第千三百五条、第千三百六条、第千三百二十四条第二項、第千三百二十六条第二項及び第千三百四十四条の規定</Sentence>
              </Column>
              <Column LineBreak="false" Num="2">
                <Sentence WritingMode="vertical">公布の日</Sentence>
              </Column>
            </ItemSentence>
          </Item>
        </Paragraph>
      </Article>
    </SupplProvision>
    <SupplProvision AmendLawNum="平成二三年五月二日法律第三五号" Extract="true">
      <SupplProvisionLabel>附　則</SupplProvisionLabel>
      <Article Delete="false" Hide="false" Num="1">
        <ArticleCaption>（施行期日）</ArticleCaption>
        <ArticleTitle>第一条</ArticleTitle>
        <Paragraph Hide="false" Num="1">
          <ParagraphNum/>
          <ParagraphSentence>
            <Sentence WritingMode="vertical">この法律は、公布の日から起算して三月を超えない範囲内において政令で定める日から施行する。</Sentence>
          </ParagraphSentence>
        </Paragraph>
      </Article>
    </SupplProvision>
  </LawBody>
</Law>
