<?xml version="1.0" encoding="UTF-8" standalone="no"?>
<Law DataInfo="191126e81k80m01" Era="Showa" Lang="ja" LawType="MinisterialOrdinance" Num="23" Year="30">
  <LawNum>昭和三十年厚生省令第二十三号</LawNum>
  <LawBody>
    <LawTitle>歯科技工士法施行規則</LawTitle>
    <EnactStatement>歯科技工法（昭和三十年法律第百六十八号）第七条第三項、第十六条、第十八条、第二十一条第一項及び附則第二条第二項並びに歯科技工法施行令（昭和三十年政令第二百二十八号）第一条、第二条第五号及び第十条の規定に基き、並びにこれらの法令を実施するため、歯科技工法施行規則を次のように定める。</EnactStatement>
    <TOC>
      <TOCLabel>目次</TOCLabel>
      <TOCChapter Num="1">
        <ChapterTitle>第一章　免許</ChapterTitle>
        <ArticleRange>（第一条―第五条）</ArticleRange>
      </TOCChapter>
      <TOCChapter Num="2">
        <ChapterTitle>第二章　試験</ChapterTitle>
        <ArticleRange>（第六条―第十一条の二）</ArticleRange>
      </TOCChapter>
      <TOCChapter Num="3">
        <ChapterTitle>第三章　指示書及び歯科技工所</ChapterTitle>
        <ArticleRange>（第十二条・第十三条）</ArticleRange>
      </TOCChapter>
      <TOCSupplProvision>
        <SupplProvisionLabel>附則</SupplProvisionLabel>
      </TOCSupplProvision>
    </TOC>
    <MainProvision>
      <Chapter Num="1">
        <ChapterTitle>第一章　免許</ChapterTitle>
        <Article Num="1">
          <ArticleCaption>（法第四条第二号の厚生労働省令で定める者）</ArticleCaption>
          <ArticleTitle>第一条</ArticleTitle>
          <Paragraph Num="1">
            <ParagraphNum/>
            <ParagraphSentence>
              <Sentence Num="1" WritingMode="vertical">歯科技工士法（昭和三十年法律第百六十八号。以下「法」という。）第四条第二号の厚生労働省令で定める者は、視覚又は精神の機能の障害により歯科技工士の業務を適正に行うに当たつて必要な認知、判断及び意思疎通を適切に行うことができない者とする。</Sentence>
            </ParagraphSentence>
          </Paragraph>
        </Article>
        <Article Num="1_2">
          <ArticleCaption>（障害を補う手段等の考慮）</ArticleCaption>
          <ArticleTitle>第一条の二</ArticleTitle>
          <Paragraph Num="1">
            <ParagraphNum/>
            <ParagraphSentence>
              <Sentence Num="1" WritingMode="vertical">厚生労働大臣は、歯科技工士免許の申請を行つた者が前条に規定する者に該当すると認める場合において、当該者に免許を与えるかどうかを決定するときは、当該者が現に利用している障害を補う手段又は当該者が現に受けている治療等により障害が補われ、又は障害の程度が軽減している状況を考慮しなければならない。</Sentence>
            </ParagraphSentence>
          </Paragraph>
        </Article>
        <Article Num="1_3">
          <ArticleCaption>（免許の申請手続）</ArticleCaption>
          <ArticleTitle>第一条の三</ArticleTitle>
          <Paragraph Num="1">
            <ParagraphNum/>
            <ParagraphSentence>
              <Sentence Num="1" WritingMode="vertical">歯科技工士法施行令（昭和三十年政令第二百二十八号。以下「令」という。）第一条の二（令第七条の二の規定により読み替えて適用する場合を含む。）の歯科技工士の免許の申請書は、様式第一号によるものとする。</Sentence>
            </ParagraphSentence>
          </Paragraph>
          <Paragraph Num="2">
            <ParagraphNum>２</ParagraphNum>
            <ParagraphSentence>
              <Sentence Num="1" WritingMode="vertical">令第一条の二（令第七条の二の規定により読み替えて適用する場合を含む。）の規定により、前項の申請書に添えなければならない書類は、次のとおりとする。</Sentence>
            </ParagraphSentence>
            <Item Num="1">
              <ItemTitle>一</ItemTitle>
              <ItemSentence>
                <Sentence Num="1" WritingMode="vertical">歯科技工士国家試験（以下「試験」という。）の合格証書の写又は合格証明書</Sentence>
              </ItemSentence>
            </Item>
            <Item Num="2">
              <ItemTitle>二</ItemTitle>
              <ItemSentence>
                <Sentence Num="1" WritingMode="vertical">戸籍の謄本若しくは抄本又は住民票の写し（住民基本台帳法（昭和四十二年法律第八十一号）第七条第五号に掲げる事項（出入国管理及び難民認定法（昭和二十六年政令第三百十九号）第十九条の三に規定する中長期在留者（以下「中長期在留者」という。）及び日本国との平和条約に基づき日本の国籍を離脱した者等の出入国管理に関する特例法（平成三年法律第七十一号）に定める特別永住者（以下「特別永住者」という。）については住民基本台帳法第三十条の四十五に規定する国籍等）を記載したものに限る。第四条の二第二項において同じ。）（出入国管理及び難民認定法第十九条の三各号に掲げる者については旅券その他の身分を証する書類の写し。第四条の二第二項において同じ。）</Sentence>
              </ItemSentence>
            </Item>
            <Item Num="3">
              <ItemTitle>三</ItemTitle>
              <ItemSentence>
                <Sentence Num="1" WritingMode="vertical">視覚若しくは精神の機能の障害又は麻薬、あへん若しくは大麻の中毒者であるかないかに関する医師の診断書</Sentence>
              </ItemSentence>
            </Item>
          </Paragraph>
          <Paragraph Num="3">
            <ParagraphNum>３</ParagraphNum>
            <ParagraphSentence>
              <Sentence Num="1" WritingMode="vertical">第一項の申請書に合格した試験の施行年月、受験地及び受験番号を記載した場合には、前項第一号の書類の添付を省略することができる。</Sentence>
            </ParagraphSentence>
          </Paragraph>
        </Article>
        <Article Num="2">
          <ArticleCaption>（登録事項）</ArticleCaption>
          <ArticleTitle>第二条</ArticleTitle>
          <Paragraph Num="1">
            <ParagraphNum/>
            <ParagraphSentence>
              <Sentence Num="1" WritingMode="vertical">令第二条第五号の規定により、同条第一号から第四号までに掲げる事項以外で、歯科技工士名簿（以下「名簿」という。）に登録する事項は、次のとおりとする。</Sentence>
            </ParagraphSentence>
            <Item Num="1">
              <ItemTitle>一</ItemTitle>
              <ItemSentence>
                <Sentence Num="1" WritingMode="vertical">再免許の場合には、その旨</Sentence>
              </ItemSentence>
            </Item>
            <Item Num="2">
              <ItemTitle>二</ItemTitle>
              <ItemSentence>
                <Sentence Num="1" WritingMode="vertical">歯科技工士免許証（以下「免許証」という。）若しくは歯科技工士免許証明書（以下「免許証明書」という。）を書換え交付し、又は再交付した場合には、その旨並びにその理由及び年月日</Sentence>
              </ItemSentence>
            </Item>
            <Item Num="3">
              <ItemTitle>三</ItemTitle>
              <ItemSentence>
                <Sentence Num="1" WritingMode="vertical">登録の消除をした場合には、その旨並びにその理由及び年月日</Sentence>
              </ItemSentence>
            </Item>
          </Paragraph>
        </Article>
        <Article Num="3">
          <ArticleCaption>（名簿の訂正の申請手続）</ArticleCaption>
          <ArticleTitle>第三条</ArticleTitle>
          <Paragraph Num="1">
            <ParagraphNum/>
            <ParagraphSentence>
              <Sentence Num="1" WritingMode="vertical">令第三条第二項（令第七条の二の規定により読み替えて適用する場合を含む。）の名簿の訂正の申請書は、様式第一号の二によるものとする。</Sentence>
            </ParagraphSentence>
          </Paragraph>
          <Paragraph Num="2">
            <ParagraphNum>２</ParagraphNum>
            <ParagraphSentence>
              <Sentence Num="1" WritingMode="vertical">前項の申請書には、戸籍の謄本又は抄本（中長期在留者及び特別永住者については住民票の写し（住民基本台帳法第三十条の四十五に規定する国籍等を記載したものに限る。第四条第二項において同じ。）及び令第三条第一項の申請の事由を証する書類とし、出入国管理及び難民認定法第十九条の三各号に掲げる者については旅券その他の身分を証する書類の写し及び同項の申請の事由を証する書類とする。）を添えなければならない。</Sentence>
            </ParagraphSentence>
          </Paragraph>
        </Article>
        <Article Num="4">
          <ArticleCaption>（免許証及び免許証明書の書換え交付申請）</ArticleCaption>
          <ArticleTitle>第四条</ArticleTitle>
          <Paragraph Num="1">
            <ParagraphNum/>
            <ParagraphSentence>
              <Sentence Num="1" WritingMode="vertical">令第五条第二項の免許証の書換え交付の申請書及び令第七条の二の規定により読み替えて適用する令第五条第二項の免許証明書の書換え交付の申請書は、様式第一号の二によるものとする。</Sentence>
            </ParagraphSentence>
          </Paragraph>
          <Paragraph Num="2">
            <ParagraphNum>２</ParagraphNum>
            <ParagraphSentence>
              <Sentence Num="1" WritingMode="vertical">前項の申請書には、免許証又は免許証明書及び戸籍の謄本又は抄本（中長期在留者及び特別永住者については住民票の写し及び令第五条第一項の申請の事由を証する書類とし、出入国管理及び難民認定法第十九条の三各号に掲げる者については旅券その他の身分を証する書類の写し及び同項の申請の事由を証する書類とする。）を添えなければならない。</Sentence>
            </ParagraphSentence>
          </Paragraph>
        </Article>
        <Article Num="4_2">
          <ArticleCaption>（免許証及び免許証明書の再交付申請）</ArticleCaption>
          <ArticleTitle>第四条の二</ArticleTitle>
          <Paragraph Num="1">
            <ParagraphNum/>
            <ParagraphSentence>
              <Sentence Num="1" WritingMode="vertical">令第六条第二項の免許証の再交付の申請書及び令第七条の二の規定により読み替えて適用する令第六条第二項の免許証明書の再交付の申請書は、様式第二号によるものとする。</Sentence>
            </ParagraphSentence>
          </Paragraph>
          <Paragraph Num="2">
            <ParagraphNum>２</ParagraphNum>
            <ParagraphSentence>
              <Sentence Num="1" WritingMode="vertical">前項の申請書には、戸籍の謄本若しくは抄本又は住民票の写しを添えなければならない。</Sentence>
            </ParagraphSentence>
          </Paragraph>
          <Paragraph Num="3">
            <ParagraphNum>３</ParagraphNum>
            <ParagraphSentence>
              <Sentence Num="1" WritingMode="vertical">令第六条第三項（令第七条の二の規定により読み替えて適用する場合を含む。）の手数料の額は、三千百円とする。</Sentence>
            </ParagraphSentence>
          </Paragraph>
        </Article>
        <Article Num="4_3">
          <ArticleCaption>（登録免許税及び手数料の納付）</ArticleCaption>
          <ArticleTitle>第四条の三</ArticleTitle>
          <Paragraph Num="1">
            <ParagraphNum/>
            <ParagraphSentence>
              <Sentence Num="1" WritingMode="vertical">第一条の三第一項又は第三条第一項の申請書には、登録免許税の領収証書又は登録免許税の額に相当する収入印紙をはらなければならない。</Sentence>
            </ParagraphSentence>
          </Paragraph>
          <Paragraph Num="2">
            <ParagraphNum>２</ParagraphNum>
            <ParagraphSentence>
              <Sentence Function="main" Num="1" WritingMode="vertical">前条第一項の申請書には、手数料の額に相当する収入印紙をはらなければならない。</Sentence>
              <Sentence Function="proviso" Num="2" WritingMode="vertical">ただし、法第九条の二第一項に規定する指定登録機関が歯科技工士の登録の実施及びこれに関連する事務を行う場合にあつては、この限りでない。</Sentence>
            </ParagraphSentence>
          </Paragraph>
        </Article>
        <Article Num="5">
          <ArticleCaption>（届出等）</ArticleCaption>
          <ArticleTitle>第五条</ArticleTitle>
          <Paragraph Num="1">
            <ParagraphNum/>
            <ParagraphSentence>
              <Sentence Num="1" WritingMode="vertical">法第六条第三項の厚生労働省令で定める二年ごとの年は、昭和五十七年を初年とする同年以後の二年ごとの各年とする。</Sentence>
            </ParagraphSentence>
          </Paragraph>
          <Paragraph Num="2">
            <ParagraphNum>２</ParagraphNum>
            <ParagraphSentence>
              <Sentence Num="1" WritingMode="vertical">法第六条第三項の規定による届出事項は、次のとおりとする。</Sentence>
            </ParagraphSentence>
            <Item Num="1">
              <ItemTitle>一</ItemTitle>
              <ItemSentence>
                <Sentence Num="1" WritingMode="vertical">氏名、年令及び性別</Sentence>
              </ItemSentence>
            </Item>
            <Item Num="2">
              <ItemTitle>二</ItemTitle>
              <ItemSentence>
                <Sentence Num="1" WritingMode="vertical">住所</Sentence>
              </ItemSentence>
            </Item>
            <Item Num="3">
              <ItemTitle>三</ItemTitle>
              <ItemSentence>
                <Sentence Num="1" WritingMode="vertical">歯科技工士名簿登録番号及び登録年月日</Sentence>
              </ItemSentence>
            </Item>
            <Item Num="4">
              <ItemTitle>四</ItemTitle>
              <ItemSentence>
                <Sentence Num="1" WritingMode="vertical">業務に従事する場所の所在地及び名称</Sentence>
              </ItemSentence>
            </Item>
          </Paragraph>
          <Paragraph Num="3">
            <ParagraphNum>３</ParagraphNum>
            <ParagraphSentence>
              <Sentence Num="1" WritingMode="vertical">前項の届出は、様式第三号によらなければならない。</Sentence>
            </ParagraphSentence>
          </Paragraph>
        </Article>
      </Chapter>
      <Chapter Num="2">
        <ChapterTitle>第二章　試験</ChapterTitle>
        <Article Num="6">
          <ArticleCaption>（試験の公告）</ArticleCaption>
          <ArticleTitle>第六条</ArticleTitle>
          <Paragraph Num="1">
            <ParagraphNum/>
            <ParagraphSentence>
              <Sentence Num="1" WritingMode="vertical">試験を施行する場所及び期日並びに受験願書の提出期間は、あらかじめ、官報で公告するものとする。</Sentence>
            </ParagraphSentence>
          </Paragraph>
        </Article>
        <Article Num="6_2">
          <ArticleCaption>（受験資格の認定申請）</ArticleCaption>
          <ArticleTitle>第六条の二</ArticleTitle>
          <Paragraph Num="1">
            <ParagraphNum/>
            <ParagraphSentence>
              <Sentence Num="1" WritingMode="vertical">法第十四条第四号の規定による厚生労働大臣の認定を受けようとする者は、申請書に、外国の歯科技工士学校若しくは養成所を卒業し、又は外国で歯科技工士の免許を受けたことを証する書面その他の必要な書類を添えて厚生労働大臣に提出しなければならない。</Sentence>
            </ParagraphSentence>
          </Paragraph>
        </Article>
        <Article Num="7">
          <ArticleCaption>（受験の手続）</ArticleCaption>
          <ArticleTitle>第七条</ArticleTitle>
          <Paragraph Num="1">
            <ParagraphNum/>
            <ParagraphSentence>
              <Sentence Num="1" WritingMode="vertical">試験を受けようとする者は、受験願書に次に掲げる書類を添えて厚生労働大臣に提出しなければならない。</Sentence>
            </ParagraphSentence>
            <Item Num="1">
              <ItemTitle>一</ItemTitle>
              <ItemSentence>
                <Sentence Num="1" WritingMode="vertical">法第十四条第一号又は第二号に該当する者であるときは、卒業証明書</Sentence>
              </ItemSentence>
            </Item>
            <Item Num="2">
              <ItemTitle>二</ItemTitle>
              <ItemSentence>
                <Sentence Num="1" WritingMode="vertical">法第十四条第三号に該当する者であるときは、歯科医師国家試験又は歯科医師国家試験予備試験を受けることができる者であることを証する書類</Sentence>
              </ItemSentence>
            </Item>
            <Item Num="3">
              <ItemTitle>三</ItemTitle>
              <ItemSentence>
                <Sentence Num="1" WritingMode="vertical">法第十四条第四号に該当する者であるときは、同号に規定する厚生労働大臣の認定を受けたことを証する書類</Sentence>
              </ItemSentence>
            </Item>
            <Item Num="4">
              <ItemTitle>四</ItemTitle>
              <ItemSentence>
                <Sentence Num="1" WritingMode="vertical">写真（手札形台紙付とし、出願前六箇月以内に脱帽で正面から撮影したもので、その裏面に<QuoteStruct>
<Fig src="./pict/3JH00000234804.jpg"/>
</QuoteStruct>の記号、撮影年月日及び氏名を記載すること。）</Sentence>
              </ItemSentence>
            </Item>
          </Paragraph>
          <Paragraph Num="2">
            <ParagraphNum>２</ParagraphNum>
            <ParagraphSentence>
              <Sentence Num="1" WritingMode="vertical">前項の受験願書は様式第四号によるものとする。</Sentence>
            </ParagraphSentence>
          </Paragraph>
        </Article>
        <Article Num="8">
          <ArticleCaption>（試験の科目）</ArticleCaption>
          <ArticleTitle>第八条</ArticleTitle>
          <Paragraph Num="1">
            <ParagraphNum/>
            <ParagraphSentence>
              <Sentence Num="1" WritingMode="vertical">試験の科目は、次のとおりとする。</Sentence>
            </ParagraphSentence>
            <List>
              <ListSentence>
                <Sentence Num="1" WritingMode="vertical">学説試験</Sentence>
              </ListSentence>
</List>
             <List>
<ListSentence>
<Sentence>歯科理工学</Sentence>
               </ListSentence>
</List>
<List>
<ListSentence>
<Sentence>歯の解剖学</Sentence>
                </ListSentence>
</List>
<List>
<ListSentence>
<Sentence>
<Ruby>顎<Rt>がく</Rt>
                    </Ruby>口<Ruby>腔<Rt>くう</Rt>
                    </Ruby>機能学</Sentence>
               </ListSentence>
</List>
<List>
<ListSentence>
<Sentence>有床義歯技工学</Sentence>
               </ListSentence>
</List>
<List>
<ListSentence>
<Sentence>歯冠修復技工学</Sentence>
               </ListSentence>
</List>
<List>
<ListSentence>
<Sentence>矯正歯科技工学</Sentence>
               </ListSentence>
</List>
<List>
<ListSentence>
<Sentence>小児歯科技工学</Sentence>
                </ListSentence>
</List>
<List>
<ListSentence>
<Sentence>関係法規</Sentence>
                </ListSentence>
</List>
<List>
<ListSentence>
<Sentence>実地試験</Sentence>
              </ListSentence>
</List>
<List>
<ListSentence>
<Sentence>歯科技工実技</Sentence>
                </ListSentence>
            </List>
          </Paragraph>
        </Article>
        <Article Num="9">
          <ArticleCaption>（合格証書）</ArticleCaption>
          <ArticleTitle>第九条</ArticleTitle>
          <Paragraph Num="1">
            <ParagraphNum/>
            <ParagraphSentence>
              <Sentence Num="1" WritingMode="vertical">厚生労働大臣は、試験に合格した者に合格証書を交付するものとする。</Sentence>
            </ParagraphSentence>
          </Paragraph>
        </Article>
        <Article Num="10">
          <ArticleCaption>（合格証明書の交付及び手数料）</ArticleCaption>
          <ArticleTitle>第十条</ArticleTitle>
          <Paragraph Num="1">
            <ParagraphNum/>
            <ParagraphSentence>
              <Sentence Num="1" WritingMode="vertical">試験に合格した者は、厚生労働大臣に合格証明書の交付を申請することができる。</Sentence>
            </ParagraphSentence>
          </Paragraph>
          <Paragraph Num="2">
            <ParagraphNum>２</ParagraphNum>
            <ParagraphSentence>
              <Sentence Num="1" WritingMode="vertical">前項の申請をする場合には、手数料として二千九百五十円を国に納めなければならない。</Sentence>
            </ParagraphSentence>
          </Paragraph>
        </Article>
        <Article Num="11">
          <ArticleCaption>（手数料の納入方法）</ArticleCaption>
          <ArticleTitle>第十一条</ArticleTitle>
          <Paragraph Num="1">
            <ParagraphNum/>
            <ParagraphSentence>
              <Sentence Num="1" WritingMode="vertical">第七条第一項又は前条第一項の出願又は申請をする場合には、手数料の額に相当する収入印紙を受験願書又は申請書にはらなければならない。</Sentence>
            </ParagraphSentence>
          </Paragraph>
        </Article>
        <Article Num="11_2">
          <ArticleCaption>（規定の適用等）</ArticleCaption>
          <ArticleTitle>第十一条の二</ArticleTitle>
          <Paragraph Num="1">
            <ParagraphNum/>
            <ParagraphSentence>
              <Sentence Num="1" WritingMode="vertical">法第十五条の三第一項に規定する指定試験機関（以下この条において「指定試験機関」という。）が試験の実施に関する事務を行う場合における第七条第一項、第九条及び第十条の規定の適用については、第七条第一項中「厚生労働大臣に」とあるのは「法第十五条の三第一項に規定する指定試験機関（第九条及び第十条において「指定試験機関」という。）に」と、第九条及び第十条中「厚生労働大臣」とあり、及び「国」とあるのは、「指定試験機関」とする。</Sentence>
            </ParagraphSentence>
          </Paragraph>
          <Paragraph Num="2">
            <ParagraphNum>２</ParagraphNum>
            <ParagraphSentence>
              <Sentence Num="1" WritingMode="vertical">前項の規定により読み替えて適用する第十条第二項の規定により指定試験機関に納められた手数料は、指定試験機関の収入とする。</Sentence>
            </ParagraphSentence>
          </Paragraph>
          <Paragraph Num="3">
            <ParagraphNum>３</ParagraphNum>
            <ParagraphSentence>
              <Sentence Num="1" WritingMode="vertical">第一項に規定する場合においては、前条の規定は適用しない。</Sentence>
            </ParagraphSentence>
          </Paragraph>
        </Article>
      </Chapter>
      <Chapter Num="3">
        <ChapterTitle>第三章　指示書及び歯科技工所</ChapterTitle>
        <Article Num="12">
          <ArticleCaption>（指示書）</ArticleCaption>
          <ArticleTitle>第十二条</ArticleTitle>
          <Paragraph Num="1">
            <ParagraphNum/>
            <ParagraphSentence>
              <Sentence Num="1" WritingMode="vertical">法第十八条の規定による指示書の記載事項は、次のとおりとする。</Sentence>
            </ParagraphSentence>
            <Item Num="1">
              <ItemTitle>一</ItemTitle>
              <ItemSentence>
                <Sentence Num="1" WritingMode="vertical">患者の氏名</Sentence>
              </ItemSentence>
            </Item>
            <Item Num="2">
              <ItemTitle>二</ItemTitle>
              <ItemSentence>
                <Sentence Num="1" WritingMode="vertical">設計</Sentence>
              </ItemSentence>
            </Item>
            <Item Num="3">
              <ItemTitle>三</ItemTitle>
              <ItemSentence>
                <Sentence Num="1" WritingMode="vertical">作成の方法</Sentence>
              </ItemSentence>
            </Item>
            <Item Num="4">
              <ItemTitle>四</ItemTitle>
              <ItemSentence>
                <Sentence Num="1" WritingMode="vertical">使用材料</Sentence>
              </ItemSentence>
            </Item>
            <Item Num="5">
              <ItemTitle>五</ItemTitle>
              <ItemSentence>
                <Sentence Num="1" WritingMode="vertical">発行の年月日</Sentence>
              </ItemSentence>
            </Item>
            <Item Num="6">
              <ItemTitle>六</ItemTitle>
              <ItemSentence>
                <Sentence Num="1" WritingMode="vertical">発行した歯科医師の氏名及び当該歯科医師の勤務する病院又は診療所の所在地</Sentence>
              </ItemSentence>
            </Item>
            <Item Num="7">
              <ItemTitle>七</ItemTitle>
              <ItemSentence>
                <Sentence Num="1" WritingMode="vertical">当該指示書による歯科技工が行われる場所が歯科技工所であるときは、その名称及び所在地</Sentence>
              </ItemSentence>
            </Item>
          </Paragraph>
        </Article>
        <Article Num="13">
          <ArticleCaption>（届出事項）</ArticleCaption>
          <ArticleTitle>第十三条</ArticleTitle>
          <Paragraph Num="1">
            <ParagraphNum/>
            <ParagraphSentence>
              <Sentence Num="1" WritingMode="vertical">法第二十一条第一項前段の規定により届け出なければならない事項は、次のとおりとする。</Sentence>
            </ParagraphSentence>
            <Item Num="1">
              <ItemTitle>一</ItemTitle>
              <ItemSentence>
                <Sentence Num="1" WritingMode="vertical">開設者の住所及び氏名（法人であるときは、その名称及び主たる事務所の所在地）</Sentence>
              </ItemSentence>
            </Item>
            <Item Num="2">
              <ItemTitle>二</ItemTitle>
              <ItemSentence>
                <Sentence Num="1" WritingMode="vertical">開設の年月日</Sentence>
              </ItemSentence>
            </Item>
            <Item Num="3">
              <ItemTitle>三</ItemTitle>
              <ItemSentence>
                <Sentence Num="1" WritingMode="vertical">名称</Sentence>
              </ItemSentence>
            </Item>
            <Item Num="4">
              <ItemTitle>四</ItemTitle>
              <ItemSentence>
                <Sentence Num="1" WritingMode="vertical">開設の場所</Sentence>
              </ItemSentence>
            </Item>
            <Item Num="5">
              <ItemTitle>五</ItemTitle>
              <ItemSentence>
                <Sentence Num="1" WritingMode="vertical">管理者の住所及び氏名</Sentence>
              </ItemSentence>
            </Item>
            <Item Num="6">
              <ItemTitle>六</ItemTitle>
              <ItemSentence>
                <Sentence Num="1" WritingMode="vertical">業務に従事する者の氏名</Sentence>
              </ItemSentence>
            </Item>
            <Item Num="7">
              <ItemTitle>七</ItemTitle>
              <ItemSentence>
                <Sentence Num="1" WritingMode="vertical">構造設備の概要及び平面図</Sentence>
              </ItemSentence>
            </Item>
          </Paragraph>
          <Paragraph Num="2">
            <ParagraphNum>２</ParagraphNum>
            <ParagraphSentence>
              <Sentence Num="1" WritingMode="vertical">法第二十一条第一項後段の規定により届け出なければならない事項は、前項第一号及び第三号から第七号までに掲げる事項とする。</Sentence>
            </ParagraphSentence>
          </Paragraph>
        </Article>
        <Article Num="13_2">
          <ArticleCaption>（歯科技工所の構造設備基準）</ArticleCaption>
          <ArticleTitle>第十三条の二</ArticleTitle>
          <Paragraph Num="1">
            <ParagraphNum/>
            <ParagraphSentence>
              <Sentence Num="1" WritingMode="vertical">法第二十四条に規定する歯科技工所の構造設備は、次の各号に掲げる基準のいずれにも適合するものでなければならない。</Sentence>
            </ParagraphSentence>
            <Item Num="1">
              <ItemTitle>一</ItemTitle>
              <ItemSentence>
                <Sentence Num="1" WritingMode="vertical">歯科技工を行うのに必要な設備及び器具等を備えていること。</Sentence>
              </ItemSentence>
            </Item>
            <Item Num="2">
              <ItemTitle>二</ItemTitle>
              <ItemSentence>
                <Sentence Num="1" WritingMode="vertical">歯科技工を円滑かつ適切に行うのに支障のないよう設備及び器具等が整備及び配置されており、かつ、清掃及び保守が容易に実施できるものであること。</Sentence>
              </ItemSentence>
            </Item>
            <Item Num="3">
              <ItemTitle>三</ItemTitle>
              <ItemSentence>
                <Sentence Num="1" WritingMode="vertical">手洗設備を有すること。</Sentence>
              </ItemSentence>
            </Item>
            <Item Num="4">
              <ItemTitle>四</ItemTitle>
              <ItemSentence>
                <Sentence Num="1" WritingMode="vertical">常時居住する場所及び不潔な場所から明確に区別されていること。</Sentence>
              </ItemSentence>
            </Item>
            <Item Num="5">
              <ItemTitle>五</ItemTitle>
              <ItemSentence>
                <Sentence Num="1" WritingMode="vertical">安全上及び防火上支障がないよう機器を配置でき、かつ、十平方メートル以上の面積を有すること。</Sentence>
              </ItemSentence>
            </Item>
            <Item Num="6">
              <ItemTitle>六</ItemTitle>
              <ItemSentence>
                <Sentence Num="1" WritingMode="vertical">照明及び換気が適切であること。</Sentence>
              </ItemSentence>
            </Item>
            <Item Num="7">
              <ItemTitle>七</ItemTitle>
              <ItemSentence>
                <Sentence Function="main" Num="1" WritingMode="vertical">床は、板張り、コンクリート又はこれらに準ずるものであること。</Sentence>
                <Sentence Function="proviso" Num="2" WritingMode="vertical">ただし、歯科技工作業の性質上やむを得ないと認められる場合は、この限りでない。</Sentence>
              </ItemSentence>
            </Item>
            <Item Num="8">
              <ItemTitle>八</ItemTitle>
              <ItemSentence>
                <Sentence Num="1" WritingMode="vertical">出入口及び窓は、閉鎖できるものであること。</Sentence>
              </ItemSentence>
            </Item>
            <Item Num="9">
              <ItemTitle>九</ItemTitle>
              <ItemSentence>
                <Sentence Num="1" WritingMode="vertical">防じん、防湿、防虫又は防そのための設備を有すること。</Sentence>
              </ItemSentence>
            </Item>
            <Item Num="10">
              <ItemTitle>十</ItemTitle>
              <ItemSentence>
                <Sentence Num="1" WritingMode="vertical">廃水及び廃棄物の処理に要する設備及び器具を備えていること。</Sentence>
              </ItemSentence>
            </Item>
            <Item Num="11">
              <ItemTitle>十一</ItemTitle>
              <ItemSentence>
                <Sentence Num="1" WritingMode="vertical">歯科技工に伴って生じるじんあい又は微生物による汚染を防止するのに必要な構造及び設備を有すること。</Sentence>
              </ItemSentence>
            </Item>
            <Item Num="12">
              <ItemTitle>十二</ItemTitle>
              <ItemSentence>
                <Sentence Num="1" WritingMode="vertical">歯科技工に使用される原料、材料、中間物等を衛生的かつ安全に貯蔵するために必要な設備を有すること。</Sentence>
              </ItemSentence>
            </Item>
          </Paragraph>
        </Article>
        <Article Num="14">
          <ArticleTitle>第十四条</ArticleTitle>
          <Paragraph Num="1">
            <ParagraphNum/>
            <ParagraphSentence>
              <Sentence Num="1" WritingMode="vertical">法第二十七条第二項に規定する証明書は、様式第五号による。</Sentence>
            </ParagraphSentence>
          </Paragraph>
        </Article>
      </Chapter>
    </MainProvision>
    <SupplProvision>
      <SupplProvisionLabel>附　則</SupplProvisionLabel>
      <Paragraph Num="1">
        <ParagraphCaption>（施行期日）</ParagraphCaption>
        <ParagraphNum>１</ParagraphNum>
        <ParagraphSentence>
          <Sentence Num="1" WritingMode="vertical">この省令は、法の施行の日（昭和三十年十月十五日）から施行する。</Sentence>
        </ParagraphSentence>
      </Paragraph>
      <Paragraph Num="2">
        <ParagraphCaption>（経過規定）</ParagraphCaption>
        <ParagraphNum>２</ParagraphNum>
        <ParagraphSentence>
          <Sentence Num="1" WritingMode="vertical">法附則第二条第二項の規定による届出事項は、次の通りとする。</Sentence>
        </ParagraphSentence>
        <Item Num="1">
          <ItemTitle>一</ItemTitle>
          <ItemSentence>
            <Sentence Num="1" WritingMode="vertical">氏名、年令及び性別</Sentence>
          </ItemSentence>
        </Item>
        <Item Num="2">
          <ItemTitle>二</ItemTitle>
          <ItemSentence>
            <Sentence Num="1" WritingMode="vertical">本籍及び住所</Sentence>
          </ItemSentence>
        </Item>
      </Paragraph>
      <Paragraph Num="3">
        <ParagraphNum>３</ParagraphNum>
        <ParagraphSentence>
          <Sentence Num="1" WritingMode="vertical">法附則第二条第二項の規定により届出をする者は、前項に掲げる事項を記載した届出書に、その者が法附則第二条第一項に規定する者に該当する者であることを証するに足る書類を添えなければならない。</Sentence>
        </ParagraphSentence>
      </Paragraph>
      <Paragraph Num="4">
        <ParagraphNum>４</ParagraphNum>
        <ParagraphSentence>
          <Sentence Num="1" WritingMode="vertical">都道府県知事は、名簿を作り、第二項の届出をした者について、その届出事項を記載し、その者に届出を受理した旨の証明書を交付するものとする。</Sentence>
        </ParagraphSentence>
      </Paragraph>
      <Paragraph Num="5">
        <ParagraphNum>５</ParagraphNum>
        <ParagraphSentence>
          <Sentence Num="1" WritingMode="vertical">法附則第二条第七項の規定により試験を受けようとする者は、受験願書に、第七条第一項第一号及び第五号に掲げる書類並びにその者が法附則第二条第三項に該当する者であることを証する書類を添えなければならない。</Sentence>
        </ParagraphSentence>
      </Paragraph>
    </SupplProvision>
    <SupplProvision AmendLawNum="昭和三三年五月八日厚生省令第一〇号">
      <SupplProvisionLabel>附　則</SupplProvisionLabel>
      <Paragraph Num="1">
        <ParagraphNum/>
        <ParagraphSentence>
          <Sentence Num="1" WritingMode="vertical">この省令は、公布の日から施行する。</Sentence>
        </ParagraphSentence>
      </Paragraph>
    </SupplProvision>
    <SupplProvision AmendLawNum="昭和四二年八月一日厚生省令第二五号">
      <SupplProvisionLabel>附　則</SupplProvisionLabel>
      <Paragraph Num="1">
        <ParagraphNum/>
        <ParagraphSentence>
          <Sentence Num="1" WritingMode="vertical">この省令は、公布の日から施行する。</Sentence>
        </ParagraphSentence>
      </Paragraph>
    </SupplProvision>
    <SupplProvision AmendLawNum="昭和四八年一一月一日厚生省令第四八号">
      <SupplProvisionLabel>附　則</SupplProvisionLabel>
      <Paragraph Num="1">
        <ParagraphNum/>
        <ParagraphSentence>
          <Sentence Num="1" WritingMode="vertical">この省令は、公布の日から施行する。</Sentence>
        </ParagraphSentence>
      </Paragraph>
    </SupplProvision>
    <SupplProvision AmendLawNum="昭和四九年一二月五日厚生省令第四五号" Extract="true">
      <SupplProvisionLabel>附　則</SupplProvisionLabel>
      <Paragraph Num="1">
        <ParagraphNum>１</ParagraphNum>
        <ParagraphSentence>
          <Sentence Num="1" WritingMode="vertical">この省令は、公布の日から施行する。</Sentence>
        </ParagraphSentence>
      </Paragraph>
      <Paragraph Num="2">
        <ParagraphNum>２</ParagraphNum>
        <ParagraphSentence>
          <Sentence Num="1" WritingMode="vertical">この省令の施行の際、指定又は承認を受けている歯科技工士養成所（以下「養成所」という。）を既に卒業した者又は養成所において現に歯科技工士として必要な知識及び技能を修習中の者の歯科技工士試験の科目については、この省令による改正後の歯科技工法施行規則第八条の規定にかかわらず、昭和五十三年三月三十一日までの間は、なお従前の例によることができる。</Sentence>
        </ParagraphSentence>
      </Paragraph>
    </SupplProvision>
    <SupplProvision AmendLawNum="昭和五一年三月三一日厚生省令第一〇号">
      <SupplProvisionLabel>附　則</SupplProvisionLabel>
      <Paragraph Num="1">
        <ParagraphNum>１</ParagraphNum>
        <ParagraphSentence>
          <Sentence Num="1" WritingMode="vertical">この省令は、昭和五十一年四月十日から施行する。</Sentence>
        </ParagraphSentence>
      </Paragraph>
      <Paragraph Num="2">
        <ParagraphNum>２</ParagraphNum>
        <ParagraphSentence>
          <Sentence Num="1" WritingMode="vertical">歯科衛生士、准看護師及び歯科技工士に係る免許申請書、受験願書又は履歴書の書式又は様式については、この省令による改正後の歯科衛生士法施行規則第一号書式、第三号書式及び第四号書式、保健師助産師看護師法施行規則第一号様式、第二号様式及び第三号様式並びに歯科技工法施行規則様式第一号、様式第四号及び様式第五号の規定にかかわらず、当分の間、なお従前の例によることができる。</Sentence>
        </ParagraphSentence>
      </Paragraph>
    </SupplProvision>
    <SupplProvision AmendLawNum="昭和五六年五月二五日厚生省令第三四号">
      <SupplProvisionLabel>附　則</SupplProvisionLabel>
      <Paragraph Num="1">
        <ParagraphNum/>
        <ParagraphSentence>
          <Sentence Num="1" WritingMode="vertical">この省令は、公布の日から施行する。</Sentence>
        </ParagraphSentence>
      </Paragraph>
    </SupplProvision>
    <SupplProvision AmendLawNum="昭和五七年三月二〇日厚生省令第八号">
      <SupplProvisionLabel>附　則</SupplProvisionLabel>
      <Paragraph Num="1">
        <ParagraphNum/>
        <ParagraphSentence>
          <Sentence Num="1" WritingMode="vertical">（施行期日）</Sentence>
          <Sentence Num="2" WritingMode="vertical">この省令は、昭和五十七年四月一日から施行する。</Sentence>
        </ParagraphSentence>
      </Paragraph>
    </SupplProvision>
    <SupplProvision AmendLawNum="昭和五七年九月一八日厚生省令第四四号" Extract="true">
      <SupplProvisionLabel>附　則</SupplProvisionLabel>
      <Paragraph Num="1">
        <ParagraphNum/>
        <ParagraphSentence>
          <Sentence Num="1" WritingMode="vertical">この省令は、公布の日から施行する。</Sentence>
        </ParagraphSentence>
      </Paragraph>
    </SupplProvision>
    <SupplProvision AmendLawNum="平成元年三月二四日厚生省令第一〇号" Extract="true">
      <SupplProvisionLabel>附　則</SupplProvisionLabel>
      <Paragraph Num="1">
        <ParagraphNum>１</ParagraphNum>
        <ParagraphSentence>
          <Sentence Num="1" WritingMode="vertical">この省令は、公布の日から施行する。</Sentence>
        </ParagraphSentence>
      </Paragraph>
      <Paragraph Num="2">
        <ParagraphNum>２</ParagraphNum>
        <ParagraphSentence>
          <Sentence Num="1" WritingMode="vertical">この省令の施行の際この省令による改正前の様式（以下「旧様式」という。）により使用されている書類は、この省令による改正後の様式によるものとみなす。</Sentence>
        </ParagraphSentence>
      </Paragraph>
      <Paragraph Num="3">
        <ParagraphNum>３</ParagraphNum>
        <ParagraphSentence>
          <Sentence Num="1" WritingMode="vertical">この省令の施行の際現にある旧様式による用紙及び板については、当分の間、これを取り繕って使用することができる。</Sentence>
        </ParagraphSentence>
      </Paragraph>
      <Paragraph Num="4">
        <ParagraphNum>４</ParagraphNum>
        <ParagraphSentence>
          <Sentence Num="1" WritingMode="vertical">この省令による改正後の省令の規定にかかわらず、この省令により改正された規定であって改正後の様式により記載することが適当でないものについては、当分の間、なお従前の例による。</Sentence>
        </ParagraphSentence>
      </Paragraph>
    </SupplProvision>
    <SupplProvision AmendLawNum="平成三年三月一九日厚生省令第一〇号">
      <SupplProvisionLabel>附　則</SupplProvisionLabel>
      <Paragraph Num="1">
        <ParagraphNum/>
        <ParagraphSentence>
          <Sentence Num="1" WritingMode="vertical">この省令は、平成三年四月一日から施行する。</Sentence>
        </ParagraphSentence>
      </Paragraph>
    </SupplProvision>
    <SupplProvision AmendLawNum="平成三年三月二七日厚生省令第一五号">
      <SupplProvisionLabel>附　則</SupplProvisionLabel>
      <Paragraph Num="1">
        <ParagraphNum/>
        <ParagraphSentence>
          <Sentence Num="1" WritingMode="vertical">この省令は、平成三年四月一日から施行する。</Sentence>
        </ParagraphSentence>
      </Paragraph>
    </SupplProvision>
    <SupplProvision AmendLawNum="平成六年二月二八日厚生省令第六号">
      <SupplProvisionLabel>附　則</SupplProvisionLabel>
      <Paragraph Num="1">
        <ParagraphNum>１</ParagraphNum>
        <ParagraphSentence>
          <Sentence Num="1" WritingMode="vertical">この省令は、平成六年四月一日から施行する。</Sentence>
        </ParagraphSentence>
      </Paragraph>
      <Paragraph Num="2">
        <ParagraphNum>２</ParagraphNum>
        <ParagraphSentence>
          <Sentence Num="1" WritingMode="vertical">この省令の施行の際現にあるこの省令による改正前の様式による用紙については、当分の間、これを使用することができる。</Sentence>
        </ParagraphSentence>
      </Paragraph>
    </SupplProvision>
    <SupplProvision AmendLawNum="平成六年三月三〇日厚生省令第一九号">
      <SupplProvisionLabel>附　則</SupplProvisionLabel>
      <Paragraph Num="1">
        <ParagraphNum/>
        <ParagraphSentence>
          <Sentence Num="1" WritingMode="vertical">この省令は、平成六年四月一日から施行する。</Sentence>
        </ParagraphSentence>
      </Paragraph>
    </SupplProvision>
    <SupplProvision AmendLawNum="平成六年四月一日厚生省令第三〇号">
      <SupplProvisionLabel>附　則</SupplProvisionLabel>
      <Paragraph Num="1">
        <ParagraphNum/>
        <ParagraphSentence>
          <Sentence Num="1" WritingMode="vertical">この省令は、平成六年四月三日から施行する。</Sentence>
        </ParagraphSentence>
      </Paragraph>
    </SupplProvision>
    <SupplProvision AmendLawNum="平成六年七月一日厚生省令第四七号" Extract="true">
      <SupplProvisionLabel>附　則</SupplProvisionLabel>
      <Paragraph Num="1">
        <ParagraphNum>１</ParagraphNum>
        <ParagraphSentence>
          <Sentence Num="1" WritingMode="vertical">この省令は、公布の日から施行する。</Sentence>
        </ParagraphSentence>
      </Paragraph>
      <Paragraph Num="5">
        <ParagraphNum>５</ParagraphNum>
        <ParagraphSentence>
          <Sentence Num="1" WritingMode="vertical">この省令の施行の際現にある旧様式による用紙については、当分の間、これを取り繕って使用することができる。</Sentence>
        </ParagraphSentence>
      </Paragraph>
    </SupplProvision>
    <SupplProvision AmendLawNum="平成八年三月一四日厚生省令第七号">
      <SupplProvisionLabel>附　則</SupplProvisionLabel>
      <Paragraph Num="1">
        <ParagraphNum>１</ParagraphNum>
        <ParagraphSentence>
          <Sentence Num="1" WritingMode="vertical">この省令は、平成八年四月一日から施行する。</Sentence>
        </ParagraphSentence>
      </Paragraph>
      <Paragraph Num="2">
        <ParagraphNum>２</ParagraphNum>
        <ParagraphSentence>
          <Sentence Num="1" WritingMode="vertical">この省令の施行の際現に発行されている改正前の歯科技工士法施行規則第十二条に定める事項を記載した指示書は、改正後の歯科技工士法施行規則第十二条に定める事項を記載した指示書とみなす。</Sentence>
        </ParagraphSentence>
      </Paragraph>
    </SupplProvision>
    <SupplProvision AmendLawNum="平成八年七月三日厚生省令第四三号">
      <SupplProvisionLabel>附　則</SupplProvisionLabel>
      <Paragraph Num="1">
        <ParagraphNum/>
        <ParagraphSentence>
          <Sentence Num="1" WritingMode="vertical">この省令は、公布の日から施行する。</Sentence>
        </ParagraphSentence>
      </Paragraph>
    </SupplProvision>
    <SupplProvision AmendLawNum="平成八年一一月二〇日厚生省令第六二号" Extract="true">
      <SupplProvisionLabel>附　則</SupplProvisionLabel>
      <Paragraph Num="1">
        <ParagraphNum>１</ParagraphNum>
        <ParagraphSentence>
          <Sentence Num="1" WritingMode="vertical">この省令は、平成九年四月一日から施行する。</Sentence>
        </ParagraphSentence>
      </Paragraph>
      <Paragraph Num="6">
        <ParagraphNum>６</ParagraphNum>
        <ParagraphSentence>
          <Sentence Num="1" WritingMode="vertical">この省令による施行前のそれぞれの省令の規定によりされた申請、届出その他の手続は、附則第二項から前項までの規定に定めるものを除き、この省令による改正後のそれぞれの省令の相当規定によりされた申請、届出その他の手続とみなす。</Sentence>
        </ParagraphSentence>
      </Paragraph>
      <Paragraph Num="7">
        <ParagraphNum>７</ParagraphNum>
        <ParagraphSentence>
          <Sentence Num="1" WritingMode="vertical">この省令の施行の際現にあるこの省令による改正前の様式（以下「旧様式」という。）により使用されている書類は、この省令による改正後の様式によるものとみなす。</Sentence>
        </ParagraphSentence>
      </Paragraph>
      <Paragraph Num="8">
        <ParagraphNum>８</ParagraphNum>
        <ParagraphSentence>
          <Sentence Num="1" WritingMode="vertical">この省令の施行の際現にある旧様式による用紙については、当分の間、これを取り繕って使用することができる。</Sentence>
        </ParagraphSentence>
      </Paragraph>
    </SupplProvision>
    <SupplProvision AmendLawNum="平成九年三月二七日厚生省令第二五号">
      <SupplProvisionLabel>附　則</SupplProvisionLabel>
      <Paragraph Num="1">
        <ParagraphNum/>
        <ParagraphSentence>
          <Sentence Num="1" WritingMode="vertical">この省令は、平成九年四月一日から施行する。</Sentence>
        </ParagraphSentence>
      </Paragraph>
    </SupplProvision>
    <SupplProvision AmendLawNum="平成一一年一月一一日厚生省令第二号">
      <SupplProvisionLabel>附　則</SupplProvisionLabel>
      <Paragraph Num="1">
        <ParagraphNum>１</ParagraphNum>
        <ParagraphSentence>
          <Sentence Num="1" WritingMode="vertical">この省令は、公布の日から施行する。</Sentence>
        </ParagraphSentence>
      </Paragraph>
      <Paragraph Num="2">
        <ParagraphNum>２</ParagraphNum>
        <ParagraphSentence>
          <Sentence Num="1" WritingMode="vertical">この省令の施行の際現にあるこの省令による改正前の様式による用紙については、当分の間、これを取り繕って使用することができる。</Sentence>
        </ParagraphSentence>
      </Paragraph>
    </SupplProvision>
    <SupplProvision AmendLawNum="平成一二年三月三〇日厚生省令第五五号">
      <SupplProvisionLabel>附　則</SupplProvisionLabel>
      <Paragraph Num="1">
        <ParagraphNum/>
        <ParagraphSentence>
          <Sentence Num="1" WritingMode="vertical">この省令は、平成十二年四月一日から施行する。</Sentence>
        </ParagraphSentence>
      </Paragraph>
    </SupplProvision>
    <SupplProvision AmendLawNum="平成一二年六月一三日厚生省令第一〇一号" Extract="true">
      <SupplProvisionLabel>附　則</SupplProvisionLabel>
      <Paragraph Num="1">
        <ParagraphCaption>（施行期日）</ParagraphCaption>
        <ParagraphNum>１</ParagraphNum>
        <ParagraphSentence>
          <Sentence Num="1" WritingMode="vertical">この省令は、平成十二年十月一日から施行する。</Sentence>
        </ParagraphSentence>
      </Paragraph>
    </SupplProvision>
    <SupplProvision AmendLawNum="平成一二年一〇月二〇日厚生省令第一二七号" Extract="true">
      <SupplProvisionLabel>附　則</SupplProvisionLabel>
      <Paragraph Num="1">
        <ParagraphCaption>（施行期日）</ParagraphCaption>
        <ParagraphNum>１</ParagraphNum>
        <ParagraphSentence>
          <Sentence Num="1" WritingMode="vertical">この省令は、内閣法の一部を改正する法律（平成十一年法律第八十八号）の施行の日（平成十三年一月六日）から施行する。</Sentence>
        </ParagraphSentence>
      </Paragraph>
      <Paragraph Num="3">
        <ParagraphCaption>（様式に関する経過措置）</ParagraphCaption>
        <ParagraphNum>３</ParagraphNum>
        <ParagraphSentence>
          <Sentence Num="1" WritingMode="vertical">この省令の施行の際現にあるこの省令による改正前の様式（次項において「旧様式」という。）により使用されている書類は、この省令による改正後の様式によるものとみなす。</Sentence>
        </ParagraphSentence>
      </Paragraph>
      <Paragraph Num="4">
        <ParagraphNum>４</ParagraphNum>
        <ParagraphSentence>
          <Sentence Num="1" WritingMode="vertical">この省令の施行の際現にある旧様式による用紙については、当分の間、これを取り繕って使用することができる。</Sentence>
        </ParagraphSentence>
      </Paragraph>
    </SupplProvision>
    <SupplProvision AmendLawNum="平成一三年七月一三日厚生労働省令第一五五号">
      <SupplProvisionLabel>附　則</SupplProvisionLabel>
      <Paragraph Num="1">
        <ParagraphNum/>
        <ParagraphSentence>
          <Sentence Num="1" WritingMode="vertical">この省令は、障害者等に係る欠格事由の適正化等を図るための医師法等の一部を改正する法律の施行の日（平成十三年七月十六日）から施行する。</Sentence>
        </ParagraphSentence>
      </Paragraph>
    </SupplProvision>
    <SupplProvision AmendLawNum="平成一四年二月二二日厚生労働省令第一四号" Extract="true">
      <SupplProvisionLabel>附　則</SupplProvisionLabel>
      <Paragraph Num="1">
        <ParagraphNum>１</ParagraphNum>
        <ParagraphSentence>
          <Sentence Num="1" WritingMode="vertical">この省令は、保健婦助産婦看護婦法の一部を改正する法律の施行の日（平成十四年三月一日）から施行する。</Sentence>
        </ParagraphSentence>
      </Paragraph>
    </SupplProvision>
    <SupplProvision AmendLawNum="平成一五年三月三一日厚生労働省令第六七号">
      <SupplProvisionLabel>附　則</SupplProvisionLabel>
      <Paragraph Num="1">
        <ParagraphCaption>（施行期日）</ParagraphCaption>
        <ParagraphNum>１</ParagraphNum>
        <ParagraphSentence>
          <Sentence Num="1" WritingMode="vertical">この省令は、平成十五年四月一日から施行する。</Sentence>
        </ParagraphSentence>
      </Paragraph>
      <Paragraph Num="2">
        <ParagraphCaption>（経過措置）</ParagraphCaption>
        <ParagraphNum>２</ParagraphNum>
        <ParagraphSentence>
          <Sentence Num="1" WritingMode="vertical">この省令の施行前にこの省令による改正前の歯科技工士法施行規則第七条の規定によりされた受験手続は、この省令による改正後の歯科技工士法施行規則第七条の規定によりされたものとみなす。</Sentence>
        </ParagraphSentence>
      </Paragraph>
    </SupplProvision>
    <SupplProvision AmendLawNum="平成一六年三月二六日厚生労働省令第四七号">
      <SupplProvisionLabel>附　則</SupplProvisionLabel>
      <Paragraph Num="1">
        <ParagraphNum/>
        <ParagraphSentence>
          <Sentence Num="1" WritingMode="vertical">この省令は、平成十六年三月二十九日から施行する。</Sentence>
        </ParagraphSentence>
      </Paragraph>
    </SupplProvision>
    <SupplProvision AmendLawNum="平成二一年九月一日厚生労働省令第一三九号">
      <SupplProvisionLabel>附　則</SupplProvisionLabel>
      <Paragraph Num="1">
        <ParagraphNum>１</ParagraphNum>
        <ParagraphSentence>
          <Sentence Num="1" WritingMode="vertical">この省令は、公布の日から施行する。</Sentence>
        </ParagraphSentence>
      </Paragraph>
      <Paragraph Num="2">
        <ParagraphNum>２</ParagraphNum>
        <ParagraphSentence>
          <Sentence Num="1" WritingMode="vertical">この省令の施行の際現にあるこの省令による改正前の様式による用紙については、当分の間、これを取り繕って使用することができる。</Sentence>
        </ParagraphSentence>
      </Paragraph>
    </SupplProvision>
    <SupplProvision AmendLawNum="平成二四年一〇月二日厚生労働省令第一四五号">
      <SupplProvisionLabel>附　則</SupplProvisionLabel>
      <Article Num="1">
        <ArticleCaption>（施行期日）</ArticleCaption>
        <ArticleTitle>第一条</ArticleTitle>
        <Paragraph Num="1">
          <ParagraphNum/>
          <ParagraphSentence>
            <Sentence Num="1" WritingMode="vertical">この省令は、平成二十五年四月一日から施行する。</Sentence>
          </ParagraphSentence>
        </Paragraph>
      </Article>
      <Article Num="2">
        <ArticleCaption>（経過措置）</ArticleCaption>
        <ArticleTitle>第二条</ArticleTitle>
        <Paragraph Num="1">
          <ParagraphNum/>
          <ParagraphSentence>
            <Sentence Num="1" WritingMode="vertical">この省令の施行の際現に発行されている改正前の歯科技工士法施行規則第十二条に定める事項を記載した指示書は、改正後の歯科技工士法施行規則第十二条に定める事項を記載した指示書とみなす。</Sentence>
          </ParagraphSentence>
        </Paragraph>
      </Article>
    </SupplProvision>
    <SupplProvision AmendLawNum="平成二五年一月九日厚生労働省令第二号">
      <SupplProvisionLabel>附　則</SupplProvisionLabel>
      <Paragraph Num="1">
        <ParagraphNum/>
        <ParagraphSentence>
          <Sentence Num="1" WritingMode="vertical">この省令は、公布の日から施行する。</Sentence>
        </ParagraphSentence>
      </Paragraph>
    </SupplProvision>
    <SupplProvision AmendLawNum="平成二七年三月二七日厚生労働省令第五一号">
      <SupplProvisionLabel>附　則</SupplProvisionLabel>
      <Paragraph Num="1">
        <ParagraphCaption>（施行期日）</ParagraphCaption>
        <ParagraphNum>１</ParagraphNum>
        <ParagraphSentence>
          <Sentence Num="1" WritingMode="vertical">この省令は、平成二十七年四月一日から施行する。</Sentence>
        </ParagraphSentence>
      </Paragraph>
    </SupplProvision>
    <SupplProvision AmendLawNum="平成二七年一二月一日厚生労働省令第一六五号">
      <SupplProvisionLabel>附　則</SupplProvisionLabel>
      <Paragraph Num="1">
        <ParagraphNum/>
        <ParagraphSentence>
          <Sentence Function="main" Num="1" WritingMode="vertical">この省令は、公布の日から施行する。</Sentence>
          <Sentence Function="proviso" Num="2" WritingMode="vertical">ただし、第二条の規定は、平成二十八年三月一日から施行する。</Sentence>
        </ParagraphSentence>
      </Paragraph>
    </SupplProvision>
    <SupplProvision AmendLawNum="平成二八年四月八日厚生労働省令第九一号">
      <SupplProvisionLabel>附　則</SupplProvisionLabel>
      <Paragraph Num="1">
        <ParagraphNum/>
        <ParagraphSentence>
          <Sentence Num="1" WritingMode="vertical">この省令は、公布の日から施行する。</Sentence>
        </ParagraphSentence>
      </Paragraph>
    </SupplProvision>
    <SupplProvision AmendLawNum="平成三〇年一一月九日厚生労働省令第一三一号">
      <SupplProvisionLabel>附　則</SupplProvisionLabel>
      <Paragraph Num="1">
        <ParagraphCaption>（施行期日）</ParagraphCaption>
        <ParagraphNum>１</ParagraphNum>
        <ParagraphSentence>
          <Sentence Num="1" WritingMode="vertical">この省令は、平成三十一年一月一日から施行する。</Sentence>
        </ParagraphSentence>
      </Paragraph>
      <Paragraph Num="2">
        <ParagraphCaption>（経過措置）</ParagraphCaption>
        <ParagraphNum>２</ParagraphNum>
        <ParagraphSentence>
          <Sentence Num="1" WritingMode="vertical">この省令の施行の際現にあるこの省令による改正前の様式（次項において「旧様式」という。）により使用されている書類は、この省令による改正後の様式によるものとみなす。</Sentence>
        </ParagraphSentence>
      </Paragraph>
      <Paragraph Num="3">
        <ParagraphNum>３</ParagraphNum>
        <ParagraphSentence>
          <Sentence Num="1" WritingMode="vertical">この省令の施行の際現にある旧様式による用紙については、当分の間、これを取り繕って使用することができる。</Sentence>
        </ParagraphSentence>
      </Paragraph>
    </SupplProvision>
    <SupplProvision AmendLawNum="平成三〇年一一月三〇日厚生労働省令第一三九号" Extract="true">
      <SupplProvisionLabel>附　則</SupplProvisionLabel>
      <Article Num="1">
        <ArticleCaption>（施行期日）</ArticleCaption>
        <ArticleTitle>第一条</ArticleTitle>
        <Paragraph Num="1">
          <ParagraphNum/>
          <ParagraphSentence>
            <Sentence Num="1" WritingMode="vertical">この省令は、平成三十一年一月一日から施行する。</Sentence>
          </ParagraphSentence>
        </Paragraph>
      </Article>
    </SupplProvision>
    <SupplProvision AmendLawNum="令和元年五月七日厚生労働省令第一号" Extract="true">
      <SupplProvisionLabel>附　則</SupplProvisionLabel>
      <Article Num="1">
        <ArticleCaption>（施行期日）</ArticleCaption>
        <ArticleTitle>第一条</ArticleTitle>
        <Paragraph Num="1">
          <ParagraphNum/>
          <ParagraphSentence>
            <Sentence Num="1" WritingMode="vertical">この省令は、公布の日から施行する。</Sentence>
          </ParagraphSentence>
        </Paragraph>
      </Article>
      <Article Num="2">
        <ArticleCaption>（経過措置）</ArticleCaption>
        <ArticleTitle>第二条</ArticleTitle>
        <Paragraph Num="1">
          <ParagraphNum/>
          <ParagraphSentence>
            <Sentence Num="1" WritingMode="vertical">この省令による改正前のそれぞれの省令で定める様式（次項において「旧様式」という。）により使用されている書類は、この省令による改正後のそれぞれの省令で定める様式によるものとみなす。</Sentence>
          </ParagraphSentence>
        </Paragraph>
        <Paragraph Num="2">
          <ParagraphNum>２</ParagraphNum>
          <ParagraphSentence>
            <Sentence Num="1" WritingMode="vertical">旧様式による用紙については、合理的に必要と認められる範囲内で、当分の間、これを取り繕って使用することができる。</Sentence>
          </ParagraphSentence>
        </Paragraph>
      </Article>
    </SupplProvision>
    <AppdxStyle Num="1">
      <AppdxStyleTitle WritingMode="vertical">様式第一号</AppdxStyleTitle>
      <RelatedArticleNum>（第一条の三関係）</RelatedArticleNum>
      <StyleStruct>
        <Style>
          <Fig src="./pict/2FH00000026320.pdf"/>
        </Style>
      </StyleStruct>
    </AppdxStyle>
    <AppdxStyle Num="1_2">
      <AppdxStyleTitle WritingMode="vertical">様式第一号の二</AppdxStyleTitle>
      <RelatedArticleNum>（第三条、第四条関係）</RelatedArticleNum>
      <StyleStruct>
        <Style>
          <Fig src="./pict/2FH00000026321.pdf"/>
        </Style>
      </StyleStruct>
    </AppdxStyle>
    <AppdxStyle Num="2">
      <AppdxStyleTitle WritingMode="vertical">様式第二号</AppdxStyleTitle>
      <RelatedArticleNum>（第四条の二関係）</RelatedArticleNum>
      <StyleStruct>
        <Style>
          <Fig src="./pict/2FH00000026322.pdf"/>
        </Style>
      </StyleStruct>
    </AppdxStyle>
    <AppdxStyle Num="3">
      <AppdxStyleTitle WritingMode="vertical">様式第三号</AppdxStyleTitle>
      <RelatedArticleNum>（第五条関係）</RelatedArticleNum>
      <StyleStruct>
        <Style>
          <Fig src="./pict/2FH00000014443.pdf"/>
        </Style>
      </StyleStruct>
    </AppdxStyle>
    <AppdxStyle Num="4">
      <AppdxStyleTitle WritingMode="vertical">様式第四号</AppdxStyleTitle>
      <RelatedArticleNum>（第七条関係）</RelatedArticleNum>
      <StyleStruct>
        <Style>
          <Fig src="./pict/2FH00000026323.pdf"/>
        </Style>
      </StyleStruct>
    </AppdxStyle>
    <AppdxStyle Num="5">
      <AppdxStyleTitle WritingMode="vertical">様式第五号</AppdxStyleTitle>
      <RelatedArticleNum>（第十四条関係）</RelatedArticleNum>
      <StyleStruct>
        <Style>
          <Fig src="./pict/2FH00000009876.pdf"/>
        </Style>
      </StyleStruct>
    </AppdxStyle>
  </LawBody>
</Law>
