<?xml version="1.0" encoding="UTF-8" standalone="no"?>
<Law DataInfo="200402e80k80m01" Era="Showa" Lang="ja" LawType="Act" Num="132" Year="31">
  <LawNum>昭和三十一年法律第百三十二号</LawNum>
  <LawBody>
    <LawTitle>国家公務員共済組合法第九十条の規定による公務傷病年金等の額の改定に関する法律</LawTitle>
    <MainProvision>
      <Article Delete="false" Hide="false" Num="1">
        <ArticleCaption>（国家公務員共済組合法第九十条の規定による公務傷病年金等の額の改定）</ArticleCaption>
        <ArticleTitle>第一条</ArticleTitle>
        <Paragraph Hide="false" Num="1">
          <ParagraphNum/>
          <ParagraphSentence>
            <Sentence WritingMode="vertical">国家公務員共済組合法（昭和二十三年法律第六十九号。以下「共済組合法」という。）第九十条の規定による年金のうち次の各号に掲げるものの額は、昭和二十七年度における給与の改訂に伴う国家公務員共済組合法等の規定による年金の額の改定に関する法律（昭和二十八年法律第百六十号。以下「年金額改定法」という。）第二条の規定により改定された額が当該各号に掲げる額に満たないときは、昭和三十一年四月分以後、当該各号に掲げる額に改定する。</Sentence>
          </ParagraphSentence>
          <Item Delete="false" Hide="false" Num="1">
            <ItemTitle>一</ItemTitle>
            <ItemSentence>
              <Column LineBreak="false" Num="1">
                <Sentence WritingMode="vertical">公務による傷病を給付事由とする年金</Sentence>
              </Column>
              <Column LineBreak="false" Num="2">
                <Sentence WritingMode="vertical">別表に定める障害の等級に対応する年金額</Sentence>
              </Column>
            </ItemSentence>
          </Item>
          <Item Delete="false" Hide="false" Num="2">
            <ItemTitle>二</ItemTitle>
            <ItemSentence>
              <Column LineBreak="false" Num="1">
                <Sentence WritingMode="vertical">公務による死亡を給付事由とする年金</Sentence>
              </Column>
              <Column LineBreak="false" Num="2">
                <Sentence WritingMode="vertical">三万一千五円</Sentence>
              </Column>
            </ItemSentence>
          </Item>
          <Item Delete="false" Hide="false" Num="3">
            <ItemTitle>三</ItemTitle>
            <ItemSentence>
              <Column LineBreak="false" Num="1">
                <Sentence WritingMode="vertical">公務による傷病を給付事由とする年金を受ける権利を有する者の当該傷病以外の事由による死亡を給付事由とする年金</Sentence>
              </Column>
              <Column LineBreak="false" Num="2">
                <Sentence WritingMode="vertical">一万八千六百三円</Sentence>
              </Column>
            </ItemSentence>
          </Item>
        </Paragraph>
        <Paragraph Hide="false" Num="2">
          <ParagraphNum>２</ParagraphNum>
          <ParagraphSentence>
            <Sentence WritingMode="vertical">次の各号に掲げる年金の額は、年金額改定法第二条の規定により改定された額が当該各号に掲げる額に満たないときは、昭和三十一年七月分以後、当該各号に掲げる額に改定する。</Sentence>
          </ParagraphSentence>
          <Item Delete="false" Hide="false" Num="1">
            <ItemTitle>一</ItemTitle>
            <ItemSentence>
              <Column LineBreak="false" Num="1">
                <Sentence WritingMode="vertical">前項第二号に掲げる年金</Sentence>
              </Column>
              <Column LineBreak="false" Num="2">
                <Sentence WritingMode="vertical">三万五千二百四十五円</Sentence>
              </Column>
            </ItemSentence>
          </Item>
          <Item Delete="false" Hide="false" Num="2">
            <ItemTitle>二</ItemTitle>
            <ItemSentence>
              <Column LineBreak="false" Num="1">
                <Sentence WritingMode="vertical">前項第三号に掲げる年金</Sentence>
              </Column>
              <Column LineBreak="false" Num="2">
                <Sentence WritingMode="vertical">二万一千百四十七円</Sentence>
              </Column>
            </ItemSentence>
          </Item>
        </Paragraph>
        <Paragraph Hide="false" Num="3">
          <ParagraphNum>３</ParagraphNum>
          <ParagraphSentence>
            <Sentence WritingMode="vertical">第一項第一号に掲げる年金の基礎となつた障害の程度が別表に定める四級、五級又は六級に該当するものでそれぞれ恩給法（大正十二年法律第四十八号）別表第一号表ノ二に定める第三項症以上、第四項症以上又は第五項症以上に相当するものに係る当該年金については、大蔵大臣の定めるところにより、当該障害の程度が別表に定める五級又は六級に該当するものにあつてはそれぞれその一級上位の等級に該当するものとみなし、当該障害の程度が同表に定める四級に該当するものにあつては同表中「四八、〇〇〇円」とあるのは「六五、〇〇〇円」と読み替えて、第一項の規定を適用する。</Sentence>
          </ParagraphSentence>
        </Paragraph>
      </Article>
      <Article Delete="false" Hide="false" Num="2">
        <ArticleCaption>（旧令による共済組合等からの年金受給者のための特別措置法の規定による公務傷病年金等の額の改定）</ArticleCaption>
        <ArticleTitle>第二条</ArticleTitle>
        <Paragraph Hide="false" Num="1">
          <ParagraphNum/>
          <ParagraphSentence>
            <Sentence WritingMode="vertical">旧令による共済組合等からの年金受給者のための特別措置法（昭和二十五年法律第二百五十六号。以下「特別措置法」という。）第六条第一項の規定により改定された年金のうち前条第一項各号に掲げるものの額は、年金額改定法第三条の規定により改定された額が当該各号に掲げる額に満たないときは、昭和三十一年四月分以後、当該各号に掲げる額に改定する。</Sentence>
          </ParagraphSentence>
        </Paragraph>
        <Paragraph Hide="false" Num="2">
          <ParagraphNum>２</ParagraphNum>
          <ParagraphSentence>
            <Sentence WritingMode="vertical">前項の年金のうち前条第二項各号に掲げるものの額は、年金額改定法第三条の規定により改定された額が当該各号に掲げる額に満たないときは、昭和三十一年七月分以後、当該各号に掲げる額に改定する。</Sentence>
          </ParagraphSentence>
        </Paragraph>
        <Paragraph Hide="false" Num="3">
          <ParagraphNum>３</ParagraphNum>
          <ParagraphSentence>
            <Sentence WritingMode="vertical">前条第三項の規定は、第一項の場合に準用する。</Sentence>
          </ParagraphSentence>
        </Paragraph>
      </Article>
      <Article Delete="false" Hide="false" Num="3">
        <ArticleCaption>（費用負担）</ArticleCaption>
        <ArticleTitle>第三条</ArticleTitle>
        <Paragraph Hide="false" Num="1">
          <ParagraphNum/>
          <ParagraphSentence>
            <Sentence Function="main" Num="1" WritingMode="vertical">国庫は、第一条の規定による年金額の改定により増加する費用を負担する。</Sentence>
            <Sentence Function="proviso" Num="2" WritingMode="vertical">ただし、第一号に掲げる共済組合が支給する年金の額の改定により増加する費用は、当該共済組合の組合員（共済組合法第九十四条第一項各号に掲げる者を除く。）のうち国家公務員である者及び第一号に掲げる団体の職員である者がそれぞれ受ける俸給の総額の割合に応じて、国庫及び当該団体が負担するものとし、第二号から第四号までに掲げる共済組合が支給する年金の額の改定により増加する費用は、当該各号に掲げる団体が負担するものとする。</Sentence>
          </ParagraphSentence>
          <Item Delete="false" Hide="false" Num="1">
            <ItemTitle>一</ItemTitle>
            <ItemSentence>
              <Column LineBreak="false" Num="1">
                <Sentence WritingMode="vertical">共済組合法第八十六条第一項に規定する地方職員を組合員とする共済組合</Sentence>
              </Column>
              <Column LineBreak="false" Num="2">
                <Sentence WritingMode="vertical">同法第六十九条第一項に掲げる費用を負担する地方公共団体</Sentence>
              </Column>
            </ItemSentence>
          </Item>
          <Item Delete="false" Hide="false" Num="2">
            <ItemTitle>二</ItemTitle>
            <ItemSentence>
              <Column LineBreak="false" Num="1">
                <Sentence WritingMode="vertical">専売共済組合</Sentence>
              </Column>
              <Column LineBreak="false" Num="2">
                <Sentence WritingMode="vertical">日本専売公社</Sentence>
              </Column>
            </ItemSentence>
          </Item>
          <Item Delete="false" Hide="false" Num="3">
            <ItemTitle>三</ItemTitle>
            <ItemSentence>
              <Column LineBreak="false" Num="1">
                <Sentence WritingMode="vertical">国鉄共済組合</Sentence>
              </Column>
              <Column LineBreak="false" Num="2">
                <Sentence WritingMode="vertical">日本国有鉄道</Sentence>
              </Column>
            </ItemSentence>
          </Item>
          <Item Delete="false" Hide="false" Num="4">
            <ItemTitle>四</ItemTitle>
            <ItemSentence>
              <Column LineBreak="false" Num="1">
                <Sentence WritingMode="vertical">日本電信電話公社共済組合</Sentence>
              </Column>
              <Column LineBreak="false" Num="2">
                <Sentence WritingMode="vertical">日本電信電話公社</Sentence>
              </Column>
            </ItemSentence>
          </Item>
        </Paragraph>
      </Article>
    </MainProvision>
    <SupplProvision Extract="true">
      <SupplProvisionLabel>附　則</SupplProvisionLabel>
      <Paragraph Hide="false" Num="1">
        <ParagraphNum>１</ParagraphNum>
        <ParagraphSentence>
          <Sentence WritingMode="vertical">この法律は、公布の日から施行する。</Sentence>
        </ParagraphSentence>
      </Paragraph>
      <Paragraph Hide="false" Num="2">
        <ParagraphNum>２</ParagraphNum>
        <ParagraphSentence>
          <Sentence WritingMode="vertical">この法律の施行の際、特別措置法の規定による年金の受給者のうち、公務による傷病又は死亡を給付事由とする年金を受ける権利を有するもので、同一の給付事由により、戦傷病者戦没者遺族等援護法（昭和二十七年法律第百二十七号）の規定による年金を受ける権利をあわせ有するものについては、この法律は、適用しない。</Sentence>
        </ParagraphSentence>
      </Paragraph>
    </SupplProvision>
    <SupplProvision AmendLawNum="昭和三一年六月六日法律第一三四号" Extract="true">
      <SupplProvisionLabel>附　則</SupplProvisionLabel>
      <Article Delete="false" Hide="false" Num="1">
        <ArticleCaption>（施行期日）</ArticleCaption>
        <ArticleTitle>第一条</ArticleTitle>
        <Paragraph Hide="false" Num="1">
          <ParagraphNum/>
          <ParagraphSentence>
            <Sentence WritingMode="vertical">この法律は、昭和三十一年七月一日から施行する。</Sentence>
          </ParagraphSentence>
        </Paragraph>
      </Article>
    </SupplProvision>
    <AppdxTable>
      <AppdxTableTitle WritingMode="vertical">別表</AppdxTableTitle>
      <TableStruct>
        <Table WritingMode="vertical">
          <TableRow>
            <TableColumn BorderBottom="solid" BorderLeft="solid" BorderRight="solid" BorderTop="solid">
              <Sentence WritingMode="vertical">障害の等級</Sentence>
            </TableColumn>
            <TableColumn BorderBottom="solid" BorderLeft="solid" BorderRight="solid" BorderTop="solid">
              <Sentence WritingMode="vertical">年金額</Sentence>
            </TableColumn>
          </TableRow>
          <TableRow>
            <TableColumn BorderBottom="solid" BorderLeft="solid" BorderRight="solid" BorderTop="solid">
              <Sentence WritingMode="vertical">一級</Sentence>
            </TableColumn>
            <TableColumn BorderBottom="solid" BorderLeft="solid" BorderRight="solid" BorderTop="solid">
              <Sentence WritingMode="vertical">一二三、〇〇〇円</Sentence>
            </TableColumn>
          </TableRow>
          <TableRow>
            <TableColumn BorderBottom="solid" BorderLeft="solid" BorderRight="solid" BorderTop="solid">
              <Sentence WritingMode="vertical">二級</Sentence>
            </TableColumn>
            <TableColumn BorderBottom="solid" BorderLeft="solid" BorderRight="solid" BorderTop="solid">
              <Sentence WritingMode="vertical">一〇一、〇〇〇円</Sentence>
            </TableColumn>
          </TableRow>
          <TableRow>
            <TableColumn BorderBottom="solid" BorderLeft="solid" BorderRight="solid" BorderTop="solid">
              <Sentence WritingMode="vertical">三級</Sentence>
            </TableColumn>
            <TableColumn BorderBottom="solid" BorderLeft="solid" BorderRight="solid" BorderTop="solid">
              <Sentence WritingMode="vertical">八二、〇〇〇円</Sentence>
            </TableColumn>
          </TableRow>
          <TableRow>
            <TableColumn BorderBottom="solid" BorderLeft="solid" BorderRight="solid" BorderTop="solid">
              <Sentence WritingMode="vertical">四級</Sentence>
            </TableColumn>
            <TableColumn BorderBottom="solid" BorderLeft="solid" BorderRight="solid" BorderTop="solid">
              <Sentence WritingMode="vertical">四八、〇〇〇円</Sentence>
            </TableColumn>
          </TableRow>
          <TableRow>
            <TableColumn BorderBottom="solid" BorderLeft="solid" BorderRight="solid" BorderTop="solid">
              <Sentence WritingMode="vertical">五級</Sentence>
            </TableColumn>
            <TableColumn BorderBottom="solid" BorderLeft="solid" BorderRight="solid" BorderTop="solid">
              <Sentence WritingMode="vertical">三〇、〇〇〇円</Sentence>
            </TableColumn>
          </TableRow>
          <TableRow>
            <TableColumn BorderBottom="solid" BorderLeft="solid" BorderRight="solid" BorderTop="solid">
              <Sentence WritingMode="vertical">六級</Sentence>
            </TableColumn>
            <TableColumn BorderBottom="solid" BorderLeft="solid" BorderRight="solid" BorderTop="solid">
              <Sentence WritingMode="vertical">二四、〇〇〇円</Sentence>
            </TableColumn>
          </TableRow>
          <TableRow>
            <TableColumn BorderBottom="solid" BorderLeft="solid" BorderRight="solid" BorderTop="solid" colspan="2">
              <Sentence WritingMode="vertical">備考</Sentence>
              <Sentence WritingMode="vertical">障害の等級の区分は、昭和二十三年六月三十日以前に給付事由の生じた国家公務員共済組合法等の規定による年金の特別措置に関する法律（昭和二十八年法律第百五十九号）別表第二に基いて大蔵大臣が定めたところによる。</Sentence>
            </TableColumn>
          </TableRow>
        </Table>
      </TableStruct>
    </AppdxTable>
  </LawBody>
</Law>
