<?xml version="1.0" encoding="UTF-8" standalone="no"?>
<Law DataInfo="200402e80k80m01" Era="Showa" Lang="ja" LawType="MinisterialOrdinance" Num="1" Year="32">
  <LawNum>昭和三十二年法務省・建設省令第一号</LawNum>
  <LawBody>
    <LawTitle>宅地建物取引業者営業保証金規則</LawTitle>
    <EnactStatement>宅地建物取引業法（昭和二十七年法律第百七十六号）第十二条の四第二項、第十二条の五第一項、第十二条の六及び第十二条の七第三項の規定に基き、宅地建物取引業者営業保証金規則を次のように定める。</EnactStatement>
    <MainProvision>
      <Article Num="1">
        <ArticleCaption>（営業保証金の還付）</ArticleCaption>
        <ArticleTitle>第一条</ArticleTitle>
        <Paragraph Num="1">
          <ParagraphNum/>
          <ParagraphSentence>
            <Sentence>宅地建物取引業法（以下「法」という。）第二十七条第一項の権利の実行のため供託物の還付を受けようとする者は、国土交通大臣に対し、同項に規定する宅地建物取引業者と宅地建物取引業に関し取引をした者（以下「取引をした者」という。）がその取引をした時において宅地建物取引業者に該当しないことを確認する書面の交付を申請しなければならない。</Sentence>
          </ParagraphSentence>
        </Paragraph>
        <Paragraph Num="2">
          <ParagraphNum>２</ParagraphNum>
          <ParagraphSentence>
            <Sentence>前項の場合において、法第二十七条第一項の取引が平成二十九年三月三十一日以前にされた取引であるときは、前項中「同項に規定する宅地建物取引業者と宅地建物取引業に関し取引をした者（以下「取引をした者」という。）がその取引をした時において宅地建物取引業者に該当しないこと」を「同項の取引が平成二十九年三月三十一日以前にされたものであること」とする。</Sentence>
          </ParagraphSentence>
        </Paragraph>
        <Paragraph Num="3">
          <ParagraphNum>３</ParagraphNum>
          <ParagraphSentence>
            <Sentence>第一項（前項の規定により読み替えて適用する場合を含む。）の申請をしようとする者（以下「申請者」という。）は、様式第一号の申請書に次に掲げる書類を添えて、国土交通大臣に提出しなければならない。</Sentence>
          </ParagraphSentence>
          <Item Num="1">
            <ItemTitle>一</ItemTitle>
            <ItemSentence>
              <Sentence>第一項の申請にあつては、次に掲げる書類</Sentence>
            </ItemSentence>
            <Subitem1 Num="1">
              <Subitem1Title>イ</Subitem1Title>
              <Subitem1Sentence>
                <Sentence>取引をした者を確認することができる書類</Sentence>
              </Subitem1Sentence>
            </Subitem1>
            <Subitem1 Num="2">
              <Subitem1Title>ロ</Subitem1Title>
              <Subitem1Sentence>
                <Sentence>取引をした者が法人である場合においては、その取引をした時における当該法人の登記事項証明書</Sentence>
              </Subitem1Sentence>
            </Subitem1>
          </Item>
          <Item Num="2">
            <ItemTitle>二</ItemTitle>
            <ItemSentence>
              <Sentence>法第二十七条第一項の取引がされた年月日を確認することができる書類</Sentence>
            </ItemSentence>
          </Item>
          <Item Num="3">
            <ItemTitle>三</ItemTitle>
            <ItemSentence>
              <Sentence>申請者が法人である場合においては、登記事項証明書</Sentence>
            </ItemSentence>
          </Item>
          <Item Num="4">
            <ItemTitle>四</ItemTitle>
            <ItemSentence>
              <Sentence>申請者が個人である場合においては、住民票の抄本又はこれに代わる書面</Sentence>
            </ItemSentence>
          </Item>
          <Item Num="5">
            <ItemTitle>五</ItemTitle>
            <ItemSentence>
              <Sentence>その他第一項（前項の規定により読み替えて適用する場合を含む。次項及び次条において同じ。）の確認を行うために必要な書類</Sentence>
            </ItemSentence>
          </Item>
        </Paragraph>
        <Paragraph Num="4">
          <ParagraphNum>４</ParagraphNum>
          <ParagraphSentence>
            <Sentence>国土交通大臣は、第一項の確認をしたときは、遅滞なく、様式第二号の確認書を申請者に交付しなければならない。</Sentence>
          </ParagraphSentence>
        </Paragraph>
      </Article>
      <Article Num="2">
        <ArticleTitle>第二条</ArticleTitle>
        <Paragraph Num="1">
          <ParagraphNum/>
          <ParagraphSentence>
            <Sentence>前条第一項に規定する供託物の還付を受けようとする者は、供託規則（昭和三十四年法務省令第二号）の定めるところによるほか、同条第四項の確認書及び様式第三号の通知書三通を供託所に提出しなければならない。</Sentence>
          </ParagraphSentence>
        </Paragraph>
      </Article>
      <Article Num="3">
        <ArticleTitle>第三条</ArticleTitle>
        <Paragraph Num="1">
          <ParagraphNum/>
          <ParagraphSentence>
            <Sentence>供託所は、供託物を還付したときは、前条の通知書のうち二通を国土交通大臣又は都道府県知事に発送しなければならない。</Sentence>
          </ParagraphSentence>
        </Paragraph>
      </Article>
      <Article Num="4">
        <ArticleTitle>第四条</ArticleTitle>
        <Paragraph Num="1">
          <ParagraphNum/>
          <ParagraphSentence>
            <Sentence>前条の通知書を受け取つた国土交通大臣又は都道府県知事は、その一通に、様式第三号の奥書の式による記載をし、これを当該供託者たる宅地建物取引業者に送付しなければならない。</Sentence>
          </ParagraphSentence>
        </Paragraph>
      </Article>
      <Article Num="5">
        <ArticleCaption>（法第二十八条第一項の日の指定）</ArticleCaption>
        <ArticleTitle>第五条</ArticleTitle>
        <Paragraph Num="1">
          <ParagraphNum/>
          <ParagraphSentence>
            <Sentence>法第二十八条第一項の省令で定める日は、宅地建物取引業者が前条の規定により通知書の送付を受けた日とする。</Sentence>
          </ParagraphSentence>
        </Paragraph>
      </Article>
      <Article Num="6">
        <ArticleCaption>（営業保証金の保管替え）</ArticleCaption>
        <ArticleTitle>第六条</ArticleTitle>
        <Paragraph Num="1">
          <ParagraphNum/>
          <ParagraphSentence>
            <Sentence>法第二十九条第一項の規定により宅地建物取引業者が営業保証金の保管替えを請求するには、供託規則の定めるところによらなければならない。</Sentence>
          </ParagraphSentence>
        </Paragraph>
      </Article>
      <Article Num="7">
        <ArticleCaption>（営業保証金の取戻し）</ArticleCaption>
        <ArticleTitle>第七条</ArticleTitle>
        <Paragraph Num="1">
          <ParagraphNum/>
          <ParagraphSentence>
            <Sentence Function="main" Num="1">法第三十条第一項前段の規定により宅地建物取引業者であつた者又はその承継人（法第七十六条の規定により宅地建物取引業者とみなされる者を除く。）が営業保証金の取戻しをしようとするには、官報に次の各号に掲げる事項を公告しなければならない。</Sentence>
            <Sentence Function="proviso" Num="2">ただし、同条第二項ただし書の規定に該当するときは、この限りでない。</Sentence>
          </ParagraphSentence>
          <Item Num="1">
            <ItemTitle>一</ItemTitle>
            <ItemSentence>
              <Sentence>当該宅地建物取引業者であつた者についての商号又は名称、氏名（法人にあつては代表者の氏名）及び事務所の所在地</Sentence>
            </ItemSentence>
          </Item>
          <Item Num="2">
            <ItemTitle>二</ItemTitle>
            <ItemSentence>
              <Sentence>当該宅地建物取引業者であつた者の営業保証金の額</Sentence>
            </ItemSentence>
          </Item>
          <Item Num="3">
            <ItemTitle>三</ItemTitle>
            <ItemSentence>
              <Sentence>前号の営業保証金につき法第二十七条第一項の権利を有する者は、六箇月を下らない一定期間内に、その債権の額、債権発生の原因たる事実並びに住所及び氏名又は名称を記載した申出書二通を当該宅地建物取引業者であつた者が免許を受けていた国土交通大臣又は都道府県知事に提出すべき旨</Sentence>
            </ItemSentence>
          </Item>
          <Item Num="4">
            <ItemTitle>四</ItemTitle>
            <ItemSentence>
              <Sentence>前号の申出書の提出がないときは、第二号の営業保証金が取り戻される旨</Sentence>
            </ItemSentence>
          </Item>
        </Paragraph>
        <Paragraph Num="2">
          <ParagraphNum>２</ParagraphNum>
          <ParagraphSentence>
            <Sentence Function="main" Num="1">法第三十条第一項後段の規定により宅地建物取引業者が営業保証金の取戻し（法第二十九条第一項の規定により供託した場合における移転前の主たる事務所のもよりの供託所に供託した営業保証金の取戻しを除く。）をしようとするには、官報に次の各号に掲げる事項を公告しなければならない。</Sentence>
            <Sentence Function="proviso" Num="2">ただし、同条第二項ただし書の規定に該当するときは、この限りでない。</Sentence>
          </ParagraphSentence>
          <Item Num="1">
            <ItemTitle>一</ItemTitle>
            <ItemSentence>
              <Sentence>当該宅地建物取引業者についての商号又は名称、氏名（法人にあつては代表者の氏名）及び事務所の所在地</Sentence>
            </ItemSentence>
          </Item>
          <Item Num="2">
            <ItemTitle>二</ItemTitle>
            <ItemSentence>
              <Sentence>取戻しをしようとする営業保証金の額</Sentence>
            </ItemSentence>
          </Item>
          <Item Num="3">
            <ItemTitle>三</ItemTitle>
            <ItemSentence>
              <Sentence>前号の営業保証金につき法第二十七条第一項の権利を有する者は、六箇月を下らない一定期間内に、その債権の額、債権発生の原因たる事実並びに住所及び氏名又は名称を記載した申出書二通を当該宅地建物取引業者が免許を受けている国土交通大臣又は都道府県知事に提出すべき旨</Sentence>
            </ItemSentence>
          </Item>
          <Item Num="4">
            <ItemTitle>四</ItemTitle>
            <ItemSentence>
              <Sentence>前号の申出書の提出がないときは、第二号の取戻しをしようとする営業保証金が取り戻される旨</Sentence>
            </ItemSentence>
          </Item>
        </Paragraph>
        <Paragraph Num="3">
          <ParagraphNum>３</ParagraphNum>
          <ParagraphSentence>
            <Sentence>営業保証金の取戻しをしようとする者が第一項又は前項の規定により公告をしたときは、遅滞なく、その旨を第一項第三号又は前項第三号に規定する国土交通大臣又は都道府県知事に届け出なければならない。</Sentence>
          </ParagraphSentence>
        </Paragraph>
      </Article>
      <Article Num="8">
        <ArticleTitle>第八条</ArticleTitle>
        <Paragraph Num="1">
          <ParagraphNum/>
          <ParagraphSentence>
            <Sentence>前条第三項の規定により届出をした者は、当該公告に定める期間内に、同条第一項第三号又は第二項第三号の申出書の提出がなかつたときは、その旨の証明書の交付を国土交通大臣又は当該都道府県知事に請求することができる。</Sentence>
          </ParagraphSentence>
        </Paragraph>
        <Paragraph Num="2">
          <ParagraphNum>２</ParagraphNum>
          <ParagraphSentence>
            <Sentence>前条第三項の規定により届出をした者は、当該公告に定める期間内に、同条第一項第三号又は第二項第三号の申出書の提出があつたときは、当該申出書各一通及び申出に係る債権の総額に関する証明書の交付を国土交通大臣又は当該都道府県知事に請求することができる。</Sentence>
          </ParagraphSentence>
        </Paragraph>
      </Article>
      <Article Num="9">
        <ArticleTitle>第九条</ArticleTitle>
        <Paragraph Num="1">
          <ParagraphNum/>
          <ParagraphSentence>
            <Sentence>第七条第一項又は第二項の公告をした場合において、供託物の取戻しをしようとする者が供託規則第二十五条第一項の規定により供託物払渡請求書に添付すべき書類は、次の各号に掲げる書類をもつて足りる。</Sentence>
          </ParagraphSentence>
          <Item Num="1">
            <ItemTitle>一</ItemTitle>
            <ItemSentence>
              <Sentence>前条第一項の場合においては、同項の規定により交付を受けた証明書</Sentence>
            </ItemSentence>
          </Item>
          <Item Num="2">
            <ItemTitle>二</ItemTitle>
            <ItemSentence>
              <Sentence>前条第二項の場合においては、同項の規定により交付を受けた書類及び申出に係る法第二十七条第一項の権利が存在しないこと又は消滅したことを証する書面</Sentence>
            </ItemSentence>
          </Item>
        </Paragraph>
      </Article>
      <Article Num="10">
        <ArticleTitle>第十条</ArticleTitle>
        <Paragraph Num="1">
          <ParagraphNum/>
          <ParagraphSentence>
            <Sentence>法第六十四条の十四第一項の規定により営業保証金を取り戻す場合において、供託物の取戻しをしようとする者が供託規則第二十五条第一項の規定により供託物払渡請求書に添付すべき書類は、宅地建物取引業保証協会の社員となつたことを証する国土交通大臣又は都道府県知事の書面とする。</Sentence>
          </ParagraphSentence>
        </Paragraph>
      </Article>
      <Article Num="11">
        <ArticleCaption>（権限の委任）</ArticleCaption>
        <ArticleTitle>第十一条</ArticleTitle>
        <Paragraph Num="1">
          <ParagraphNum/>
          <ParagraphSentence>
            <Sentence>この省令に規定する国土交通大臣の権限（第一条に規定する権限を除く。）は、当該宅地建物取引業者が免許を受けた地方整備局長及び北海道開発局長に委任する。</Sentence>
          </ParagraphSentence>
        </Paragraph>
      </Article>
    </MainProvision>
    <SupplProvision>
      <SupplProvisionLabel>附　則</SupplProvisionLabel>
      <Paragraph Num="1">
        <ParagraphNum/>
        <ParagraphSentence>
          <Sentence>この省令は、昭和三十二年八月一日から施行する。</Sentence>
        </ParagraphSentence>
      </Paragraph>
    </SupplProvision>
    <SupplProvision AmendLawNum="昭和三四年四月一一日法務省・建設省令第一号">
      <SupplProvisionLabel>附　則</SupplProvisionLabel>
      <Paragraph Num="1">
        <ParagraphNum/>
        <ParagraphSentence>
          <Sentence>この省令は、公布の日から施行する。</Sentence>
        </ParagraphSentence>
      </Paragraph>
    </SupplProvision>
    <SupplProvision AmendLawNum="昭和四〇年二月一五日法務省・建設省令第一号">
      <SupplProvisionLabel>附　則</SupplProvisionLabel>
      <Paragraph Num="1">
        <ParagraphNum/>
        <ParagraphSentence>
          <Sentence>この省令は、昭和四十年四月一日から施行する。</Sentence>
        </ParagraphSentence>
      </Paragraph>
    </SupplProvision>
    <SupplProvision AmendLawNum="昭和四二年三月一六日法務省・建設省令第一号" Extract="true">
      <SupplProvisionLabel>附　則</SupplProvisionLabel>
      <Paragraph Num="1">
        <ParagraphNum>１</ParagraphNum>
        <ParagraphSentence>
          <Sentence>この省令は、昭和四十二年四月一日から施行する。</Sentence>
        </ParagraphSentence>
      </Paragraph>
    </SupplProvision>
    <SupplProvision AmendLawNum="昭和四六年一二月一四日法務省・建設省令第一号">
      <SupplProvisionLabel>附　則</SupplProvisionLabel>
      <Paragraph Num="1">
        <ParagraphNum/>
        <ParagraphSentence>
          <Sentence>この省令は、昭和四十六年十二月十五日から施行する。</Sentence>
        </ParagraphSentence>
      </Paragraph>
    </SupplProvision>
    <SupplProvision AmendLawNum="昭和四八年五月七日法務省・建設省令第一号">
      <SupplProvisionLabel>附　則</SupplProvisionLabel>
      <Paragraph Num="1">
        <ParagraphNum/>
        <ParagraphSentence>
          <Sentence>この省令は、公布の日から施行する。</Sentence>
        </ParagraphSentence>
      </Paragraph>
    </SupplProvision>
    <SupplProvision AmendLawNum="平成一二年一一月七日法務省・建設省令第一号">
      <SupplProvisionLabel>附　則</SupplProvisionLabel>
      <Paragraph Num="1">
        <ParagraphNum/>
        <ParagraphSentence>
          <Sentence>この省令は、内閣法の一部を改正する法律（平成十一年法律第八十八号）の施行の日（平成十三年一月六日）から施行する。</Sentence>
        </ParagraphSentence>
      </Paragraph>
    </SupplProvision>
    <SupplProvision AmendLawNum="平成一五年一月六日法務省・国土交通省令第一号">
      <SupplProvisionLabel>附　則</SupplProvisionLabel>
      <Paragraph Num="1">
        <ParagraphNum/>
        <ParagraphSentence>
          <Sentence>この省令は、公布の日から施行する。</Sentence>
        </ParagraphSentence>
      </Paragraph>
    </SupplProvision>
    <SupplProvision AmendLawNum="平成一七年二月一〇日法務省・国土交通省令第一号">
      <SupplProvisionLabel>附　則</SupplProvisionLabel>
      <Paragraph Num="1">
        <ParagraphNum/>
        <ParagraphSentence>
          <Sentence>この省令は、平成十七年三月七日から施行する。</Sentence>
        </ParagraphSentence>
      </Paragraph>
    </SupplProvision>
    <SupplProvision AmendLawNum="平成二九年三月二四日法務省・国土交通省令第一号">
      <SupplProvisionLabel>附　則</SupplProvisionLabel>
      <Article Num="1">
        <ArticleCaption>（施行期日）</ArticleCaption>
        <ArticleTitle>第一条</ArticleTitle>
        <Paragraph Num="1">
          <ParagraphNum/>
          <ParagraphSentence>
            <Sentence>この省令は、宅地建物取引業法の一部を改正する法律（以下「改正法」という。）の施行の日（平成二十九年四月一日）から施行する。</Sentence>
          </ParagraphSentence>
        </Paragraph>
      </Article>
      <Article Num="2">
        <ArticleCaption>（経過措置）</ArticleCaption>
        <ArticleTitle>第二条</ArticleTitle>
        <Paragraph Num="1">
          <ParagraphNum/>
          <ParagraphSentence>
            <Sentence>この省令の施行前に改正法による改正前の法第二十七条第一項に規定する権利について、この省令による改正前の宅地建物取引業者営業保証金規則第一条及び供託規則第二十二条の規定により払渡請求がされた営業保証金の還付については、なお従前の例による。</Sentence>
          </ParagraphSentence>
        </Paragraph>
      </Article>
    </SupplProvision>
    <AppdxStyle>
      <AppdxStyleTitle>様式第一号（第一条関係）</AppdxStyleTitle>
      <StyleStruct>
        <Style>
          <Fig src="./pict/S32F03202009001-001-2.pdf"/>
        </Style>
      </StyleStruct>
    </AppdxStyle>
    <AppdxStyle>
      <AppdxStyleTitle>様式第二号（第一条関係）</AppdxStyleTitle>
      <StyleStruct>
        <Style>
          <Fig src="./pict/S32F03202009001-002-2.pdf"/>
        </Style>
      </StyleStruct>
    </AppdxStyle>
    <AppdxStyle>
      <AppdxStyleTitle>様式第三号（第二条関係）（用紙の寸法は、日本工業規格Ｂ列４番とする。）</AppdxStyleTitle>
      <StyleStruct>
        <Style>
          <Fig src="./pict/S32F03202009001-003-2.pdf"/>
        </Style>
      </StyleStruct>
    </AppdxStyle>
  </LawBody>
</Law>
