<?xml version="1.0" encoding="UTF-8" standalone="no"?>
<Law DataInfo="190618e04k03m01" Era="Showa" Lang="ja" LawType="Act" Num="15" Year="36">
  <LawNum>昭和三十六年法律第十五号</LawNum>
  <LawBody>
    <LawTitle>果樹農業振興特別措置法</LawTitle>
    <TOC>
      <TOCLabel>目次</TOCLabel>
      <TOCChapter Delete="false" Num="1">
        <ChapterTitle>第一章　総則</ChapterTitle>
        <ArticleRange>（第一条）</ArticleRange>
      </TOCChapter>
      <TOCChapter Delete="false" Num="2">
        <ChapterTitle>第二章　果樹農業振興基本方針等</ChapterTitle>
        <ArticleRange>（第二条―第二条の四）</ArticleRange>
      </TOCChapter>
      <TOCChapter Delete="false" Num="3">
        <ChapterTitle>第三章　果樹園経営計画</ChapterTitle>
        <ArticleRange>（第三条―第四条の二）</ArticleRange>
      </TOCChapter>
      <TOCChapter Delete="false" Num="4">
        <ChapterTitle>第四章　果実の生産及び出荷の安定に関する措置</ChapterTitle>
        <ArticleRange>（第四条の三―第五条）</ArticleRange>
      </TOCChapter>
      <TOCChapter Delete="false" Num="5">
        <ChapterTitle>第五章　雑則</ChapterTitle>
        <ArticleRange>（第六条―第九条）</ArticleRange>
      </TOCChapter>
      <TOCChapter Delete="false" Num="6">
        <ChapterTitle>第六章　罰則</ChapterTitle>
        <ArticleRange>（第十条）</ArticleRange>
      </TOCChapter>
      <TOCSupplProvision>
        <SupplProvisionLabel>附則</SupplProvisionLabel>
      </TOCSupplProvision>
    </TOC>
    <MainProvision>
      <Chapter Delete="false" Hide="false" Num="1">
        <ChapterTitle>第一章　総則</ChapterTitle>
        <Article Delete="false" Hide="false" Num="1">
          <ArticleCaption>（目的）</ArticleCaption>
          <ArticleTitle>第一条</ArticleTitle>
          <Paragraph Hide="false" Num="1">
            <ParagraphNum/>
            <ParagraphSentence>
              <Sentence WritingMode="vertical">この法律は、果実の需要の動向に即応して計画的に果樹農業の振興を図るための措置及びこれに関連して合理的な果樹園経営の基盤を確立するための措置並びにこれらに併せて果実の生産及び出荷の安定を図るための措置並びに果実の流通及び加工の合理化に資するための措置を定めることにより、果樹農業の健全な発展に寄与することを目的とする。</Sentence>
            </ParagraphSentence>
          </Paragraph>
        </Article>
      </Chapter>
      <Chapter Delete="false" Hide="false" Num="2">
        <ChapterTitle>第二章　果樹農業振興基本方針等</ChapterTitle>
        <Article Delete="false" Hide="false" Num="2">
          <ArticleCaption>（果樹農業振興基本方針）</ArticleCaption>
          <ArticleTitle>第二条</ArticleTitle>
          <Paragraph Hide="false" Num="1">
            <ParagraphNum/>
            <ParagraphSentence>
              <Sentence WritingMode="vertical">農林水産大臣は、政令で定めるところにより、果樹農業の振興を図るための基本方針（以下「果樹農業振興基本方針」という。）を定めなければならない。</Sentence>
            </ParagraphSentence>
          </Paragraph>
          <Paragraph Hide="false" Num="2">
            <ParagraphNum>２</ParagraphNum>
            <ParagraphSentence>
              <Sentence WritingMode="vertical">果樹農業振興基本方針には、主要な種類の果樹として政令で定めるもの（以下「果樹」という。）につき、次に掲げる事項を定めるものとする。</Sentence>
            </ParagraphSentence>
            <Item Delete="false" Hide="false" Num="1">
              <ItemTitle>一</ItemTitle>
              <ItemSentence>
                <Sentence WritingMode="vertical">果樹農業の振興に関する基本的な事項</Sentence>
              </ItemSentence>
            </Item>
            <Item Delete="false" Hide="false" Num="2">
              <ItemTitle>二</ItemTitle>
              <ItemSentence>
                <Sentence WritingMode="vertical">果実の需要の長期見通しに即した栽培面積その他果実の生産の目標</Sentence>
              </ItemSentence>
            </Item>
            <Item Delete="false" Hide="false" Num="3">
              <ItemTitle>三</ItemTitle>
              <ItemSentence>
                <Sentence WritingMode="vertical">栽培に適する自然的条件に関する基準</Sentence>
              </ItemSentence>
            </Item>
            <Item Delete="false" Hide="false" Num="4">
              <ItemTitle>四</ItemTitle>
              <ItemSentence>
                <Sentence WritingMode="vertical">近代的な果樹園経営の基本的指標</Sentence>
              </ItemSentence>
            </Item>
            <Item Delete="false" Hide="false" Num="5">
              <ItemTitle>五</ItemTitle>
              <ItemSentence>
                <Sentence WritingMode="vertical">果実の流通及び加工の合理化に関する基本的な事項</Sentence>
              </ItemSentence>
            </Item>
            <Item Delete="false" Hide="false" Num="6">
              <ItemTitle>六</ItemTitle>
              <ItemSentence>
                <Sentence WritingMode="vertical">その他必要な事項</Sentence>
              </ItemSentence>
            </Item>
          </Paragraph>
          <Paragraph Hide="false" Num="3">
            <ParagraphNum>３</ParagraphNum>
            <ParagraphSentence>
              <Sentence WritingMode="vertical">農林水産大臣は、果樹農業振興基本方針を定めようとするときは、食料・農業・農村政策審議会の意見を聴かなければならない。</Sentence>
            </ParagraphSentence>
          </Paragraph>
          <Paragraph Hide="false" Num="4">
            <ParagraphNum>４</ParagraphNum>
            <ParagraphSentence>
              <Sentence WritingMode="vertical">農林水産大臣は、果樹農業振興基本方針を定めたときは、遅滞なく、これを公表しなければならない。</Sentence>
            </ParagraphSentence>
          </Paragraph>
        </Article>
        <Article Delete="false" Hide="false" Num="2_2">
          <ArticleCaption>（果樹農業振興基本方針の変更）</ArticleCaption>
          <ArticleTitle>第二条の二</ArticleTitle>
          <Paragraph Hide="false" Num="1">
            <ParagraphNum/>
            <ParagraphSentence>
              <Sentence WritingMode="vertical">農林水産大臣は、果実の需給事情、農業事情その他の経済事情の変動により必要があるときは、果樹農業振興基本方針を変更するものとする。</Sentence>
            </ParagraphSentence>
          </Paragraph>
          <Paragraph Hide="false" Num="2">
            <ParagraphNum>２</ParagraphNum>
            <ParagraphSentence>
              <Sentence WritingMode="vertical">前条第三項及び第四項の規定は、果樹農業振興基本方針の変更について準用する。</Sentence>
            </ParagraphSentence>
          </Paragraph>
        </Article>
        <Article Delete="false" Hide="false" Num="2_3">
          <ArticleCaption>（都道府県の果樹農業振興計画）</ArticleCaption>
          <ArticleTitle>第二条の三</ArticleTitle>
          <Paragraph Hide="false" Num="1">
            <ParagraphNum/>
            <ParagraphSentence>
              <Sentence WritingMode="vertical">都道府県知事は、果樹農業振興基本方針に即して、政令で定めるところにより、当該都道府県における果樹農業の振興を図るための計画（以下「果樹農業振興計画」という。）を定めることができる。</Sentence>
            </ParagraphSentence>
          </Paragraph>
          <Paragraph Hide="false" Num="2">
            <ParagraphNum>２</ParagraphNum>
            <ParagraphSentence>
              <Sentence WritingMode="vertical">果樹農業振興計画には、当該都道府県における主要な種類の果樹につき、次に掲げる事項を定めるものとする。</Sentence>
            </ParagraphSentence>
            <Item Delete="false" Hide="false" Num="1">
              <ItemTitle>一</ItemTitle>
              <ItemSentence>
                <Sentence WritingMode="vertical">栽培面積その他果実の生産の目標</Sentence>
              </ItemSentence>
            </Item>
            <Item Delete="false" Hide="false" Num="2">
              <ItemTitle>二</ItemTitle>
              <ItemSentence>
                <Sentence WritingMode="vertical">その区域の自然的経済的条件に応ずる近代的な果樹園経営の指標</Sentence>
              </ItemSentence>
            </Item>
          </Paragraph>
          <Paragraph Hide="false" Num="3">
            <ParagraphNum>３</ParagraphNum>
            <ParagraphSentence>
              <Sentence WritingMode="vertical">果樹農業振興計画には、前項各号に掲げる事項のほか、次に掲げる事項を定めるよう努めるものとする。</Sentence>
            </ParagraphSentence>
            <Item Delete="false" Hide="false" Num="1">
              <ItemTitle>一</ItemTitle>
              <ItemSentence>
                <Sentence WritingMode="vertical">果樹農業の振興に関する方針</Sentence>
              </ItemSentence>
            </Item>
            <Item Delete="false" Hide="false" Num="2">
              <ItemTitle>二</ItemTitle>
              <ItemSentence>
                <Sentence WritingMode="vertical">土地改良その他生産基盤の整備に関する事項</Sentence>
              </ItemSentence>
            </Item>
            <Item Delete="false" Hide="false" Num="3">
              <ItemTitle>三</ItemTitle>
              <ItemSentence>
                <Sentence WritingMode="vertical">果実の集荷、貯蔵又は販売の共同化その他果実の流通の合理化に関する事項</Sentence>
              </ItemSentence>
            </Item>
            <Item Delete="false" Hide="false" Num="4">
              <ItemTitle>四</ItemTitle>
              <ItemSentence>
                <Sentence WritingMode="vertical">果実の加工の合理化に関する事項</Sentence>
              </ItemSentence>
            </Item>
            <Item Delete="false" Hide="false" Num="5">
              <ItemTitle>五</ItemTitle>
              <ItemSentence>
                <Sentence WritingMode="vertical">その他必要な事項</Sentence>
              </ItemSentence>
            </Item>
          </Paragraph>
          <Paragraph Hide="false" Num="4">
            <ParagraphNum>４</ParagraphNum>
            <ParagraphSentence>
              <Sentence WritingMode="vertical">都道府県知事は、第二項の主要な種類の果樹のうちに、その果実につき、生産の安定的な拡大又は合理化を図り及び流通の合理化を推進することが特に必要であり、かつ、そのためには広域の濃密生産団地を計画的に形成することが適当であると認められるものがあるときは、果樹農業振興計画において、当該種類の果樹についてのその広域の濃密生産団地の形成に関する方針を明らかにするとともに、その方針に即して同項各号及び前項各号に掲げる事項を定めるよう努めるものとする。</Sentence>
            </ParagraphSentence>
          </Paragraph>
          <Paragraph Hide="false" Num="5">
            <ParagraphNum>５</ParagraphNum>
            <ParagraphSentence>
              <Sentence WritingMode="vertical">都道府県知事は、果樹農業振興計画を定めようとするときは、果樹農業に関し学識経験を有する者の意見を聴かなければならない。</Sentence>
            </ParagraphSentence>
          </Paragraph>
          <Paragraph Hide="false" Num="6">
            <ParagraphNum>６</ParagraphNum>
            <ParagraphSentence>
              <Sentence WritingMode="vertical">都道府県知事は、果樹農業振興計画を定めたときは、遅滞なく、これを農林水産大臣に提出するとともに、その概要を公表しなければならない。</Sentence>
            </ParagraphSentence>
          </Paragraph>
        </Article>
        <Article Delete="false" Hide="false" Num="2_4">
          <ArticleCaption>（果樹農業振興計画の変更）</ArticleCaption>
          <ArticleTitle>第二条の四</ArticleTitle>
          <Paragraph Hide="false" Num="1">
            <ParagraphNum/>
            <ParagraphSentence>
              <Sentence WritingMode="vertical">前条第五項及び第六項の規定は、果樹農業振興計画の変更について準用する。</Sentence>
            </ParagraphSentence>
          </Paragraph>
        </Article>
      </Chapter>
      <Chapter Delete="false" Hide="false" Num="3">
        <ChapterTitle>第三章　果樹園経営計画</ChapterTitle>
        <Article Delete="false" Hide="false" Num="3">
          <ArticleCaption>（果樹園経営計画）</ArticleCaption>
          <ArticleTitle>第三条</ArticleTitle>
          <Paragraph Hide="false" Num="1">
            <ParagraphNum/>
            <ParagraphSentence>
              <Sentence WritingMode="vertical">第二条の三第六項の規定による提出があつた果樹農業振興計画に係る都道府県の区域内において果樹を栽培しているか、又は栽培しようとする農業者は、政令で定めるところにより、果樹園経営計画を作成し、これを都道府県知事に提出して、その果樹園経営計画が適当であるかどうかにつき認定を求めることができる。</Sentence>
            </ParagraphSentence>
          </Paragraph>
          <Paragraph Hide="false" Num="2">
            <ParagraphNum>２</ParagraphNum>
            <ParagraphSentence>
              <Sentence WritingMode="vertical">前項の果樹園経営計画には、次に掲げる事項を記載しなければならない。</Sentence>
            </ParagraphSentence>
            <Item Delete="false" Hide="false" Num="1">
              <ItemTitle>一</ItemTitle>
              <ItemSentence>
                <Sentence WritingMode="vertical">農業経営の現状</Sentence>
              </ItemSentence>
            </Item>
            <Item Delete="false" Hide="false" Num="2">
              <ItemTitle>二</ItemTitle>
              <ItemSentence>
                <Sentence WritingMode="vertical">農業経営の改善目標</Sentence>
              </ItemSentence>
            </Item>
            <Item Delete="false" Hide="false" Num="3">
              <ItemTitle>三</ItemTitle>
              <ItemSentence>
                <Sentence WritingMode="vertical">前号の改善目標を達成するため採るべき措置に関する計画</Sentence>
              </ItemSentence>
            </Item>
            <Item Delete="false" Hide="false" Num="4">
              <ItemTitle>四</ItemTitle>
              <ItemSentence>
                <Sentence WritingMode="vertical">その他農林水産省令で定める事項</Sentence>
              </ItemSentence>
            </Item>
          </Paragraph>
        </Article>
        <Article Delete="false" Hide="false" Num="4">
          <ArticleCaption>（都道府県知事の認定）</ArticleCaption>
          <ArticleTitle>第四条</ArticleTitle>
          <Paragraph Hide="false" Num="1">
            <ParagraphNum/>
            <ParagraphSentence>
              <Sentence WritingMode="vertical">都道府県知事は、前条第一項の認定を受けたい旨の請求があつた場合において、その果樹園経営計画に係る事項が次の各号の要件のすべてをみたすときは、当該果樹園経営計画が適当である旨の認定をするものとする。</Sentence>
            </ParagraphSentence>
            <Item Delete="false" Hide="false" Num="1">
              <ItemTitle>一</ItemTitle>
              <ItemSentence>
                <Sentence WritingMode="vertical">前条第二項第二号の改善目標が農林水産大臣の定める基準に適合すること。</Sentence>
              </ItemSentence>
            </Item>
            <Item Delete="false" Hide="false" Num="2">
              <ItemTitle>二</ItemTitle>
              <ItemSentence>
                <Sentence WritingMode="vertical">前条第二項第三号の措置に関する計画が合理的な果樹園経営の基盤の確立を図るために必要かつ適当なものであること。</Sentence>
              </ItemSentence>
            </Item>
            <Item Delete="false" Hide="false" Num="3">
              <ItemTitle>三</ItemTitle>
              <ItemSentence>
                <Sentence WritingMode="vertical">前二号に規定するもののほか、当該果樹園経営計画が果樹農業振興計画の内容に照らし適当と認められるものであること。</Sentence>
              </ItemSentence>
            </Item>
            <Item Delete="false" Hide="false" Num="4">
              <ItemTitle>四</ItemTitle>
              <ItemSentence>
                <Sentence WritingMode="vertical">当該果樹園経営計画に係る事項の達成される見込みが確実であること。</Sentence>
              </ItemSentence>
            </Item>
          </Paragraph>
        </Article>
        <Article Delete="false" Hide="false" Num="4_2">
          <ArticleCaption>（資金の貸付け）</ArticleCaption>
          <ArticleTitle>第四条の二</ArticleTitle>
          <Paragraph Hide="false" Num="1">
            <ParagraphNum/>
            <ParagraphSentence>
              <Sentence WritingMode="vertical">株式会社日本政策金融公庫又は沖縄振興開発金融公庫は、果樹園経営計画につき前条の認定を受けた者に対し、その申請に基づき、株式会社日本政策金融公庫法（平成十九年法律第五十七号）又は沖縄振興開発金融公庫法（昭和四十七年法律第三十一号）の定めるところにより、当該認定に係る果樹園経営計画を実施するために必要な資金の貸付けを行うものとする。</Sentence>
            </ParagraphSentence>
          </Paragraph>
        </Article>
      </Chapter>
      <Chapter Delete="false" Hide="false" Num="4">
        <ChapterTitle>第四章　果実の生産及び出荷の安定に関する措置</ChapterTitle>
        <Article Delete="false" Hide="false" Num="4_3">
          <ArticleCaption>（生産出荷安定指針）</ArticleCaption>
          <ArticleTitle>第四条の三</ArticleTitle>
          <Paragraph Hide="false" Num="1">
            <ParagraphNum/>
            <ParagraphSentence>
              <Sentence WritingMode="vertical">農林水産大臣は、特定果実（その需給が著しく均衡を失し、又は失するおそれがあり、かつ、その状態を改善するために一年を超える相当の期間を必要とすると見込まれる果樹の果実であつて政令で定めるものをいう。以下同じ。）について、かつ、その需要の動向及び生産の状況からみて需給が著しく均衡を失すると見込まれる年について、特定果実の生産又は出荷を行う者及びこれらの者の組織する団体（以下「特定果実生産者等」という。）、次条の規定により指定を受けた法人並びに同条第二号に規定する法人に対する特定果実の安定的な生産及び出荷を図るための指針（以下「生産出荷安定指針」という。）を定めるものとする。</Sentence>
            </ParagraphSentence>
          </Paragraph>
          <Paragraph Hide="false" Num="2">
            <ParagraphNum>２</ParagraphNum>
            <ParagraphSentence>
              <Sentence WritingMode="vertical">生産出荷安定指針には、次に掲げる事項を定めるものとし、その内容は、果樹農業振興基本方針の内容に即するものでなければならない。</Sentence>
            </ParagraphSentence>
            <Item Delete="false" Hide="false" Num="1">
              <ItemTitle>一</ItemTitle>
              <ItemSentence>
                <Sentence WritingMode="vertical">対象とする期間</Sentence>
              </ItemSentence>
            </Item>
            <Item Delete="false" Hide="false" Num="2">
              <ItemTitle>二</ItemTitle>
              <ItemSentence>
                <Sentence WritingMode="vertical">特定果実の安定的な生産及び出荷の目標</Sentence>
              </ItemSentence>
            </Item>
            <Item Delete="false" Hide="false" Num="3">
              <ItemTitle>三</ItemTitle>
              <ItemSentence>
                <Sentence WritingMode="vertical">前号の目標を達成するために必要な措置に関する基本的な事項</Sentence>
              </ItemSentence>
            </Item>
          </Paragraph>
          <Paragraph Hide="false" Num="3">
            <ParagraphNum>３</ParagraphNum>
            <ParagraphSentence>
              <Sentence WritingMode="vertical">農林水産大臣は、生産出荷安定指針を定めようとするときは、食料・農業・農村政策審議会の意見を聴かなければならない。</Sentence>
            </ParagraphSentence>
          </Paragraph>
          <Paragraph Hide="false" Num="4">
            <ParagraphNum>４</ParagraphNum>
            <ParagraphSentence>
              <Sentence WritingMode="vertical">農林水産大臣は、生産出荷安定指針を定めたときは、遅滞なく、これを公表しなければならない。</Sentence>
            </ParagraphSentence>
          </Paragraph>
          <Paragraph Hide="false" Num="5">
            <ParagraphNum>５</ParagraphNum>
            <ParagraphSentence>
              <Sentence WritingMode="vertical">前二項の規定は、生産出荷安定指針の変更について準用する。</Sentence>
            </ParagraphSentence>
          </Paragraph>
        </Article>
        <Article Delete="false" Hide="false" Num="4_4">
          <ArticleCaption>（法人の指定及び業務）</ArticleCaption>
          <ArticleTitle>第四条の四</ArticleTitle>
          <Paragraph Hide="false" Num="1">
            <ParagraphNum/>
            <ParagraphSentence>
              <Sentence WritingMode="vertical">農林水産大臣は、一般社団法人又は一般財団法人であつて、次に掲げる業務を適正かつ確実に実施できると認められるものを、その申請により、全国に一を限つて、当該業務を全国的に実施する者として指定することができる。</Sentence>
            </ParagraphSentence>
            <Item Delete="false" Hide="false" Num="1">
              <ItemTitle>一</ItemTitle>
              <ItemSentence>
                <Sentence WritingMode="vertical">特定果実の安定的な生産及び出荷の促進並びに特定果実に係る果実製品（果実を加工し又はこれを原料として製造した製品をいう。以下同じ。）の保管に関する事業を行うこと。</Sentence>
              </ItemSentence>
            </Item>
            <Item Delete="false" Hide="false" Num="2">
              <ItemTitle>二</ItemTitle>
              <ItemSentence>
                <Sentence WritingMode="vertical">一般社団法人又は一般財団法人であつて、特定果実の安定的な生産及び出荷を促進すること、果実製品の原料として使用する果実を安定的に供給する生産者に対し当該果実の価格が著しく低落した場合に生産者補給金を交付することその他果実の生産及び出荷の安定に関する業務を都道府県の区域内において行うもの（以下「都道府県法人」という。）に対し、助言、指導その他の援助を行うこと。</Sentence>
              </ItemSentence>
            </Item>
            <Item Delete="false" Hide="false" Num="3">
              <ItemTitle>三</ItemTitle>
              <ItemSentence>
                <Sentence WritingMode="vertical">果実及び果実製品の需要の増進を図るための事業を行うこと。</Sentence>
              </ItemSentence>
            </Item>
            <Item Delete="false" Hide="false" Num="4">
              <ItemTitle>四</ItemTitle>
              <ItemSentence>
                <Sentence WritingMode="vertical">その他果実の生産及び出荷の安定に関する事業を行うこと。</Sentence>
              </ItemSentence>
            </Item>
          </Paragraph>
        </Article>
        <Article Delete="false" Hide="false" Num="4_5">
          <ArticleCaption>（業務実施規程の承認）</ArticleCaption>
          <ArticleTitle>第四条の五</ArticleTitle>
          <Paragraph Hide="false" Num="1">
            <ParagraphNum/>
            <ParagraphSentence>
              <Sentence Num="1" WritingMode="vertical">前条の規定による指定を受けた法人（以下「指定法人」という。）は、同条第一号に掲げる業務を実施しようとするときは、対象とする特定果実の種類、実施時期、実施方法その他農林水産省令で定める事項を記載した業務実施規程を作成し、農林水産大臣の承認を受けなければならない。</Sentence>
              <Sentence Num="2" WritingMode="vertical">これを変更しようとするときも、同様とする。</Sentence>
            </ParagraphSentence>
          </Paragraph>
          <Paragraph Hide="false" Num="2">
            <ParagraphNum>２</ParagraphNum>
            <ParagraphSentence>
              <Sentence WritingMode="vertical">農林水産大臣は、前項の承認の申請に係る業務実施規程が生産出荷安定指針に適合すると認めるときでなければ、同項の承認をしてはならない。</Sentence>
            </ParagraphSentence>
          </Paragraph>
        </Article>
        <Article Delete="false" Hide="false" Num="4_6">
          <ArticleCaption>（事業計画の承認等）</ArticleCaption>
          <ArticleTitle>第四条の六</ArticleTitle>
          <Paragraph Hide="false" Num="1">
            <ParagraphNum/>
            <ParagraphSentence>
              <Sentence Num="1" WritingMode="vertical">指定法人は、毎事業年度開始前に（第四条の四の規定による指定を受けた日の属する事業年度にあつては、その指定を受けた後速やかに）、同条各号に掲げる業務に係る事業計画及び収支予算を作成し、農林水産大臣の承認を受けなければならない。</Sentence>
              <Sentence Num="2" WritingMode="vertical">これを変更しようとするときも、同様とする。</Sentence>
            </ParagraphSentence>
          </Paragraph>
          <Paragraph Hide="false" Num="2">
            <ParagraphNum>２</ParagraphNum>
            <ParagraphSentence>
              <Sentence WritingMode="vertical">指定法人は、毎事業年度経過後三月以内に、第四条の四各号に掲げる業務に係る事業報告書及び収支決算書を作成し、農林水産大臣に提出しなければならない。</Sentence>
            </ParagraphSentence>
          </Paragraph>
        </Article>
        <Article Delete="false" Hide="false" Num="4_7">
          <ArticleCaption>（監督等）</ArticleCaption>
          <ArticleTitle>第四条の七</ArticleTitle>
          <Paragraph Hide="false" Num="1">
            <ParagraphNum/>
            <ParagraphSentence>
              <Sentence WritingMode="vertical">農林水産大臣は、第四条の四各号に掲げる業務の適正かつ確実な実施を確保するため必要があると認めるときは、指定法人に対し、その業務に関し必要な報告をさせることができる。</Sentence>
            </ParagraphSentence>
          </Paragraph>
          <Paragraph Hide="false" Num="2">
            <ParagraphNum>２</ParagraphNum>
            <ParagraphSentence>
              <Sentence WritingMode="vertical">農林水産大臣は、指定法人が第四条の四各号に掲げる業務を適正かつ確実に実施していないと認めるときは、指定法人に対し、その業務の方法の改善に関し必要な措置を採るべきことを命ずることができる。</Sentence>
            </ParagraphSentence>
          </Paragraph>
          <Paragraph Hide="false" Num="3">
            <ParagraphNum>３</ParagraphNum>
            <ParagraphSentence>
              <Sentence WritingMode="vertical">農林水産大臣は、指定法人が前項の規定による命令に違反したときは、第四条の四の規定による指定を取り消すことができる。</Sentence>
            </ParagraphSentence>
          </Paragraph>
        </Article>
        <Article Delete="false" Hide="false" Num="4_8">
          <ArticleCaption>（勧告）</ArticleCaption>
          <ArticleTitle>第四条の八</ArticleTitle>
          <Paragraph Hide="false" Num="1">
            <ParagraphNum/>
            <ParagraphSentence>
              <Sentence WritingMode="vertical">農林水産大臣又は都道府県知事は、第四条の三第四項の規定により生産出荷安定指針が公表されている場合において、特定果実生産者等による特定果実の生産又は出荷が、指定法人が行う第四条の四第一号に掲げる業務又は都道府県法人が行う特定果実の安定的な生産及び出荷の促進に関する業務の円滑な実施に著しく支障を及ぼしていると認めるときは、当該特定果実生産者等に対し、当該業務の実施に協力するよう必要な勧告をすることができる。</Sentence>
            </ParagraphSentence>
          </Paragraph>
        </Article>
        <Article Delete="false" Hide="false" Num="5">
          <ArticleCaption>（外国産の果実等に関する措置）</ArticleCaption>
          <ArticleTitle>第五条</ArticleTitle>
          <Paragraph Hide="false" Num="1">
            <ParagraphNum/>
            <ParagraphSentence>
              <Sentence WritingMode="vertical">政府は、外国産の果実又は果実製品の輸入によつて国内産の特定果実又は特定果実に係る果実製品の価格が著しく低落し又は低落するおそれがあり、その結果、特定果実の生産又は出荷に重大な支障を与え又は与えるおそれがある場合において、特定果実又は特定果実に係る果実製品につき、第四条の三から前条までに規定する措置によつてはその事態を克服することが困難であると認められるときは、当該外国産の果実又は果実製品の輸入に関し必要な措置を講ずる等当該事態を克服するため相当と認められる措置を講ずるものとする。</Sentence>
            </ParagraphSentence>
          </Paragraph>
        </Article>
      </Chapter>
      <Chapter Delete="false" Hide="false" Num="5">
        <ChapterTitle>第五章　雑則</ChapterTitle>
        <Article Delete="false" Hide="false" Num="6">
          <ArticleCaption>（果実等の生産等の状況に関する情報の提供）</ArticleCaption>
          <ArticleTitle>第六条</ArticleTitle>
          <Paragraph Hide="false" Num="1">
            <ParagraphNum/>
            <ParagraphSentence>
              <Sentence WritingMode="vertical">国及び都道府県は、果樹農業の健全な発展並びに果実の流通及び加工の合理化に資するため、果実及び果実製品の生産、集荷、貯蔵、販売等の状況を調査し、これらに関し必要な情報を提供するように努めるものとする。</Sentence>
            </ParagraphSentence>
          </Paragraph>
        </Article>
        <Article Delete="false" Hide="false" Num="7">
          <ArticleCaption>（その他の援助措置）</ArticleCaption>
          <ArticleTitle>第七条</ArticleTitle>
          <Paragraph Hide="false" Num="1">
            <ParagraphNum/>
            <ParagraphSentence>
              <Sentence WritingMode="vertical">国及び都道府県は、前条に規定する措置のほか、果樹園経営計画の作成及びその達成のために必要な助言及び指導、優良苗木の供給の円滑化のための援助、指定法人及び都道府県法人の業務の円滑な実施のために必要な助言、指導その他の援助その他果樹農業の振興のために必要な援助を行うように努めるものとする。</Sentence>
            </ParagraphSentence>
          </Paragraph>
        </Article>
        <Article Delete="false" Hide="false" Num="7_2">
          <ArticleCaption>（果樹農業振興基本方針等と果樹農業の振興に関する施策）</ArticleCaption>
          <ArticleTitle>第七条の二</ArticleTitle>
          <Paragraph Hide="false" Num="1">
            <ParagraphNum/>
            <ParagraphSentence>
              <Sentence WritingMode="vertical">国及び都道府県は、果樹農業の振興に関する施策を実施するに当たつては、国にあつては果樹農業振興基本方針、都道府県にあつては果樹農業振興計画に即してしなければならない。</Sentence>
            </ParagraphSentence>
          </Paragraph>
        </Article>
        <Article Delete="false" Hide="false" Num="7_3">
          <ArticleCaption>（消費の拡大及び輸出の振興）</ArticleCaption>
          <ArticleTitle>第七条の三</ArticleTitle>
          <Paragraph Hide="false" Num="1">
            <ParagraphNum/>
            <ParagraphSentence>
              <Sentence WritingMode="vertical">国は、果樹農業の健全な発展に資するため、果実及び果実製品の消費の拡大及び輸出の振興に関し必要な施策を積極的に行なうように努めるものとする。</Sentence>
            </ParagraphSentence>
          </Paragraph>
        </Article>
        <Article Delete="false" Hide="false" Num="8">
          <ArticleCaption>（報告の徴収）</ArticleCaption>
          <ArticleTitle>第八条</ArticleTitle>
          <Paragraph Hide="false" Num="1">
            <ParagraphNum/>
            <ParagraphSentence>
              <Sentence WritingMode="vertical">農林水産大臣又は都道府県知事は、この法律を施行するため必要があるときは、果実又は果実製品の生産、集荷、貯蔵又は販売の事業を行なう者又はこれらの者の組織する法人から、これらの事業に係る業務に関して、必要な報告を徴することができる。</Sentence>
            </ParagraphSentence>
          </Paragraph>
        </Article>
        <Article Delete="false" Hide="false" Num="9">
          <ArticleCaption>（権限の委任）</ArticleCaption>
          <ArticleTitle>第九条</ArticleTitle>
          <Paragraph Hide="false" Num="1">
            <ParagraphNum/>
            <ParagraphSentence>
              <Sentence WritingMode="vertical">この法律に規定する農林水産大臣の権限は、農林水産省令で定めるところにより、その一部を地方農政局長に委任することができる。</Sentence>
            </ParagraphSentence>
          </Paragraph>
        </Article>
      </Chapter>
      <Chapter Delete="false" Hide="false" Num="6">
        <ChapterTitle>第六章　罰則</ChapterTitle>
        <Article Delete="false" Hide="false" Num="10">
          <ArticleTitle>第十条</ArticleTitle>
          <Paragraph Hide="false" Num="1">
            <ParagraphNum/>
            <ParagraphSentence>
              <Sentence WritingMode="vertical">第八条の規定による報告をせず、又は虚偽の報告をした者は、一万円以下の過料に処する。</Sentence>
            </ParagraphSentence>
          </Paragraph>
        </Article>
      </Chapter>
    </MainProvision>
    <SupplProvision>
      <SupplProvisionLabel>附　則</SupplProvisionLabel>
      <Paragraph Hide="false" Num="1">
        <ParagraphNum/>
        <ParagraphSentence>
          <Sentence WritingMode="vertical">この法律は、公布の日から起算して六十日をこえない範囲内において政令で定める日から施行する。</Sentence>
        </ParagraphSentence>
      </Paragraph>
    </SupplProvision>
    <SupplProvision AmendLawNum="昭和三七年五月一一日法律第一二六号" Extract="true">
      <SupplProvisionLabel>附　則</SupplProvisionLabel>
      <Paragraph Hide="false" Num="1">
        <ParagraphNum>１</ParagraphNum>
        <ParagraphSentence>
          <Sentence WritingMode="vertical">この法律は、公布の日から起算して九十日をこえない範囲内において政令で定める日から施行する。</Sentence>
        </ParagraphSentence>
      </Paragraph>
    </SupplProvision>
    <SupplProvision AmendLawNum="昭和三八年三月三〇日法律第三九号" Extract="true">
      <SupplProvisionLabel>附　則</SupplProvisionLabel>
      <Paragraph Hide="false" Num="1">
        <ParagraphNum>１</ParagraphNum>
        <ParagraphSentence>
          <Sentence WritingMode="vertical">この法律は、昭和三十八年四月一日から施行する。</Sentence>
        </ParagraphSentence>
      </Paragraph>
    </SupplProvision>
    <SupplProvision AmendLawNum="昭和四一年七月一日法律第一〇四号">
      <SupplProvisionLabel>附　則</SupplProvisionLabel>
      <Paragraph Hide="false" Num="1">
        <ParagraphNum>１</ParagraphNum>
        <ParagraphSentence>
          <Sentence WritingMode="vertical">この法律は、公布の日から施行する。</Sentence>
        </ParagraphSentence>
      </Paragraph>
      <Paragraph Hide="false" Num="2">
        <ParagraphNum>２</ParagraphNum>
        <ParagraphSentence>
          <Sentence WritingMode="vertical">改正後の第三条第一項及び第四条の規定は、昭和四十三年四月一日以後にされた果樹園経営計画の認定の請求及び当該請求に係る認定について適用し、同日前にされた果樹園経営計画の認定の請求及び当該請求に係る認定については、改正前の第三条第一項及び第四条の規定の例による。</Sentence>
        </ParagraphSentence>
      </Paragraph>
      <Paragraph Hide="false" Num="3">
        <ParagraphNum>３</ParagraphNum>
        <ParagraphSentence>
          <Sentence WritingMode="vertical">昭和四十三年四月一日前にされた改正前の第三条第一項（前項の規定によりその例によることとされる場合を含む。）の規定による認定の請求に係る果樹園経営計画についてした認定は、改正後の第四条の規定によりした認定とみなす。</Sentence>
        </ParagraphSentence>
      </Paragraph>
    </SupplProvision>
    <SupplProvision AmendLawNum="昭和四七年五月一三日法律第三一号" Extract="true">
      <SupplProvisionLabel>附　則</SupplProvisionLabel>
      <Article Delete="false" Hide="false" Num="1">
        <ArticleCaption>（施行期日）</ArticleCaption>
        <ArticleTitle>第一条</ArticleTitle>
        <Paragraph Hide="false" Num="1">
          <ParagraphNum/>
          <ParagraphSentence>
            <Sentence WritingMode="vertical">この法律は、公布の日から施行する。</Sentence>
          </ParagraphSentence>
        </Paragraph>
      </Article>
    </SupplProvision>
    <SupplProvision AmendLawNum="昭和五三年七月五日法律第八七号" Extract="true">
      <SupplProvisionLabel>附　則</SupplProvisionLabel>
      <Article Delete="false" Hide="false" Num="1">
        <ArticleCaption>（施行期日）</ArticleCaption>
        <ArticleTitle>第一条</ArticleTitle>
        <Paragraph Hide="false" Num="1">
          <ParagraphNum/>
          <ParagraphSentence>
            <Sentence WritingMode="vertical">この法律は、公布の日から施行する。</Sentence>
          </ParagraphSentence>
        </Paragraph>
      </Article>
    </SupplProvision>
    <SupplProvision AmendLawNum="昭和六〇年四月二六日法律第二七号">
      <SupplProvisionLabel>附　則</SupplProvisionLabel>
      <Paragraph Hide="false" Num="1">
        <ParagraphNum/>
        <ParagraphSentence>
          <Sentence WritingMode="vertical">この法律は、公布の日から起算して三月を超えない範囲内において政令で定める日から施行する。</Sentence>
        </ParagraphSentence>
      </Paragraph>
    </SupplProvision>
    <SupplProvision AmendLawNum="平成九年六月二〇日法律第九六号" Extract="true">
      <SupplProvisionLabel>附　則</SupplProvisionLabel>
      <Article Delete="false" Hide="false" Num="1">
        <ArticleCaption>（施行期日）</ArticleCaption>
        <ArticleTitle>第一条</ArticleTitle>
        <Paragraph Hide="false" Num="1">
          <ParagraphNum/>
          <ParagraphSentence>
            <Sentence WritingMode="vertical">この法律は、公布の日から起算して一月を経過した日から施行する。</Sentence>
          </ParagraphSentence>
        </Paragraph>
      </Article>
    </SupplProvision>
    <SupplProvision AmendLawNum="平成一一年七月一六日法律第一〇二号" Extract="true">
      <SupplProvisionLabel>附　則</SupplProvisionLabel>
      <Article Delete="false" Hide="false" Num="1">
        <ArticleCaption>（施行期日）</ArticleCaption>
        <ArticleTitle>第一条</ArticleTitle>
        <Paragraph Hide="false" Num="1">
          <ParagraphNum/>
          <ParagraphSentence>
            <Sentence Function="main" Num="1" WritingMode="vertical">この法律は、内閣法の一部を改正する法律（平成十一年法律第八十八号）の施行の日から施行する。</Sentence>
            <Sentence Function="proviso" Num="2" WritingMode="vertical">ただし、次の各号に掲げる規定は、当該各号に定める日から施行する。</Sentence>
          </ParagraphSentence>
          <Item Delete="false" Hide="false" Num="1">
            <ItemTitle>一</ItemTitle>
            <ItemSentence>
              <Sentence WritingMode="vertical">略</Sentence>
            </ItemSentence>
          </Item>
          <Item Delete="false" Hide="false" Num="2">
            <ItemTitle>二</ItemTitle>
            <ItemSentence>
              <Column LineBreak="false" Num="1">
                <Sentence WritingMode="vertical">附則第十条第一項及び第五項、第十四条第三項、第二十三条、第二十八条並びに第三十条の規定</Sentence>
              </Column>
              <Column LineBreak="false" Num="2">
                <Sentence WritingMode="vertical">公布の日</Sentence>
              </Column>
            </ItemSentence>
          </Item>
        </Paragraph>
      </Article>
      <Article Delete="false" Hide="false" Num="30">
        <ArticleCaption>（別に定める経過措置）</ArticleCaption>
        <ArticleTitle>第三十条</ArticleTitle>
        <Paragraph Hide="false" Num="1">
          <ParagraphNum/>
          <ParagraphSentence>
            <Sentence WritingMode="vertical">第二条から前条までに規定するもののほか、この法律の施行に伴い必要となる経過措置は、別に法律で定める。</Sentence>
          </ParagraphSentence>
        </Paragraph>
      </Article>
    </SupplProvision>
    <SupplProvision AmendLawNum="平成一一年一二月二二日法律第一六〇号" Extract="true">
      <SupplProvisionLabel>附　則</SupplProvisionLabel>
      <Article Delete="false" Hide="false" Num="1">
        <ArticleCaption>（施行期日）</ArticleCaption>
        <ArticleTitle>第一条</ArticleTitle>
        <Paragraph Hide="false" Num="1">
          <ParagraphNum/>
          <ParagraphSentence>
            <Sentence Function="main" Num="1" WritingMode="vertical">この法律（第二条及び第三条を除く。）は、平成十三年一月六日から施行する。</Sentence>
            <Sentence Function="proviso" Num="2" WritingMode="vertical">ただし、次の各号に掲げる規定は、当該各号に定める日から施行する。</Sentence>
          </ParagraphSentence>
          <Item Delete="false" Hide="false" Num="1">
            <ItemTitle>一</ItemTitle>
            <ItemSentence>
              <Column LineBreak="false" Num="1">
                <Sentence WritingMode="vertical">第九百九十五条（核原料物質、核燃料物質及び原子炉の規制に関する法律の一部を改正する法律附則の改正規定に係る部分に限る。）、第千三百五条、第千三百六条、第千三百二十四条第二項、第千三百二十六条第二項及び第千三百四十四条の規定</Sentence>
              </Column>
              <Column LineBreak="false" Num="2">
                <Sentence WritingMode="vertical">公布の日</Sentence>
              </Column>
            </ItemSentence>
          </Item>
        </Paragraph>
      </Article>
    </SupplProvision>
    <SupplProvision AmendLawNum="平成一二年五月一九日法律第七七号" Extract="true">
      <SupplProvisionLabel>附　則</SupplProvisionLabel>
      <Article Delete="false" Hide="false" Num="1">
        <ArticleCaption>（施行期日）</ArticleCaption>
        <ArticleTitle>第一条</ArticleTitle>
        <Paragraph Hide="false" Num="1">
          <ParagraphNum/>
          <ParagraphSentence>
            <Sentence WritingMode="vertical">この法律は、公布の日から起算して二月を超えない範囲内において政令で定める日から施行する。</Sentence>
          </ParagraphSentence>
        </Paragraph>
      </Article>
    </SupplProvision>
    <SupplProvision AmendLawNum="平成一三年四月一一日法律第二八号" Extract="true">
      <SupplProvisionLabel>附　則</SupplProvisionLabel>
      <Article Delete="false" Hide="false" Num="1">
        <ArticleCaption>（施行期日）</ArticleCaption>
        <ArticleTitle>第一条</ArticleTitle>
        <Paragraph Hide="false" Num="1">
          <ParagraphNum/>
          <ParagraphSentence>
            <Sentence WritingMode="vertical">この法律は、公布の日から起算して二月を超えない範囲内において政令で定める日から施行する。</Sentence>
          </ParagraphSentence>
        </Paragraph>
      </Article>
    </SupplProvision>
    <SupplProvision AmendLawNum="平成一八年六月二日法律第五〇号" Extract="true">
      <SupplProvisionLabel>附　則</SupplProvisionLabel>
      <Paragraph Hide="false" Num="1">
        <ParagraphNum/>
        <ParagraphSentence>
          <Sentence WritingMode="vertical">この法律は、一般社団・財団法人法の施行の日から施行する。</Sentence>
        </ParagraphSentence>
      </Paragraph>
    </SupplProvision>
    <SupplProvision AmendLawNum="平成一九年五月二五日法律第五八号" Extract="true">
      <SupplProvisionLabel>附　則</SupplProvisionLabel>
      <Article Delete="false" Hide="false" Num="1">
        <ArticleCaption>（施行期日）</ArticleCaption>
        <ArticleTitle>第一条</ArticleTitle>
        <Paragraph Hide="false" Num="1">
          <ParagraphNum/>
          <ParagraphSentence>
            <Sentence WritingMode="vertical">この法律は、平成二十年十月一日から施行する。</Sentence>
          </ParagraphSentence>
        </Paragraph>
      </Article>
      <Article Delete="false" Hide="false" Num="8">
        <ArticleCaption>（罰則に関する経過措置）</ArticleCaption>
        <ArticleTitle>第八条</ArticleTitle>
        <Paragraph Hide="false" Num="1">
          <ParagraphNum/>
          <ParagraphSentence>
            <Sentence WritingMode="vertical">この法律の施行前にした行為に対する罰則の適用については、なお従前の例による。</Sentence>
          </ParagraphSentence>
        </Paragraph>
      </Article>
      <Article Delete="false" Hide="false" Num="9">
        <ArticleCaption>（政令への委任）</ArticleCaption>
        <ArticleTitle>第九条</ArticleTitle>
        <Paragraph Hide="false" Num="1">
          <ParagraphNum/>
          <ParagraphSentence>
            <Sentence WritingMode="vertical">附則第二条から前条までに定めるもののほか、この法律の施行に関し必要な経過措置は、政令で定める。</Sentence>
          </ParagraphSentence>
        </Paragraph>
      </Article>
    </SupplProvision>
    <SupplProvision AmendLawNum="平成二三年六月二四日法律第七四号" Extract="true">
      <SupplProvisionLabel>附　則</SupplProvisionLabel>
      <Article Delete="false" Hide="false" Num="1">
        <ArticleCaption>（施行期日）</ArticleCaption>
        <ArticleTitle>第一条</ArticleTitle>
        <Paragraph Hide="false" Num="1">
          <ParagraphNum/>
          <ParagraphSentence>
            <Sentence WritingMode="vertical">この法律は、公布の日から起算して二十日を経過した日から施行する。</Sentence>
          </ParagraphSentence>
        </Paragraph>
      </Article>
    </SupplProvision>
    <SupplProvision AmendLawNum="平成二三年八月三〇日法律第一〇五号" Extract="true">
      <SupplProvisionLabel>附　則</SupplProvisionLabel>
      <Article Delete="false" Hide="false" Num="1">
        <ArticleCaption>（施行期日）</ArticleCaption>
        <ArticleTitle>第一条</ArticleTitle>
        <Paragraph Hide="false" Num="1">
          <ParagraphNum/>
          <ParagraphSentence>
            <Sentence WritingMode="vertical">この法律は、公布の日から施行する。</Sentence>
          </ParagraphSentence>
        </Paragraph>
      </Article>
      <Article Delete="false" Hide="false" Num="81">
        <ArticleCaption>（罰則に関する経過措置）</ArticleCaption>
        <ArticleTitle>第八十一条</ArticleTitle>
        <Paragraph Hide="false" Num="1">
          <ParagraphNum/>
          <ParagraphSentence>
            <Sentence WritingMode="vertical">この法律（附則第一条各号に掲げる規定にあっては、当該規定。以下この条において同じ。）の施行前にした行為及びこの附則の規定によりなお従前の例によることとされる場合におけるこの法律の施行後にした行為に対する罰則の適用については、なお従前の例による。</Sentence>
          </ParagraphSentence>
        </Paragraph>
      </Article>
      <Article Delete="false" Hide="false" Num="82">
        <ArticleCaption>（政令への委任）</ArticleCaption>
        <ArticleTitle>第八十二条</ArticleTitle>
        <Paragraph Hide="false" Num="1">
          <ParagraphNum/>
          <ParagraphSentence>
            <Sentence WritingMode="vertical">この附則に規定するもののほか、この法律の施行に関し必要な経過措置（罰則に関する経過措置を含む。）は、政令で定める。</Sentence>
          </ParagraphSentence>
        </Paragraph>
      </Article>
    </SupplProvision>
  </LawBody>
</Law>
