<?xml version="1.0" encoding="UTF-8" standalone="no"?>
<Law Era="Showa" Lang="ja" LawType="MinisterialOrdinance" Num="30" Year="37">
  <LawNum>昭和三十七年建設省令第三十号</LawNum>
  <LawBody>
    <LawTitle>都市の美観風致を維持するための樹木の保存に関する法律施行規則</LawTitle>
    <EnactStatement>都市の美観風致を維持するための樹木の保存に関する法律（昭和三十七年法律第百四十二号）第四条及び第七条の規定に基づき、都市の美観風致を維持するための樹木の保存に関する法律施行規則を次のように定める。</EnactStatement>
    <MainProvision>
      <Paragraph Num="1">
        <ParagraphNum>１</ParagraphNum>
        <ParagraphSentence>
          <Sentence>都市の美観風致を維持するための樹木の保存に関する法律第七条に規定する保存樹及び保存樹林に関する台帳（以下「台帳」という。）には、保存樹及び保存樹林につき、少なくとも次の各号に掲げる事項を記載するものとする。</Sentence>
        </ParagraphSentence>
        <Item Num="1">
          <ItemTitle>一</ItemTitle>
          <ItemSentence>
            <Sentence>指定番号及び指定の年月日</Sentence>
          </ItemSentence>
        </Item>
        <Item Num="2">
          <ItemTitle>二</ItemTitle>
          <ItemSentence>
            <Sentence>所在地</Sentence>
          </ItemSentence>
        </Item>
        <Item Num="3">
          <ItemTitle>三</ItemTitle>
          <ItemSentence>
            <Sentence>所有者の氏名（法人にあつては、その名称及び代表者の氏名）及び住所</Sentence>
          </ItemSentence>
        </Item>
        <Item Num="4">
          <ItemTitle>四</ItemTitle>
          <ItemSentence>
            <Sentence>保存樹にあつては、樹種及び幹の周囲、高さ又は枝葉の面積</Sentence>
          </ItemSentence>
        </Item>
        <Item Num="5">
          <ItemTitle>五</ItemTitle>
          <ItemSentence>
            <Sentence>保存樹林にあつては、主要な樹種及び面積又はいけがきの長さ</Sentence>
          </ItemSentence>
        </Item>
      </Paragraph>
      <Paragraph Num="2">
        <ParagraphNum>２</ParagraphNum>
        <ParagraphSentence>
          <Sentence>台帳の記載事項に変更があつたときは、市町村長は、速やかにこれを訂正しなければならない。</Sentence>
        </ParagraphSentence>
      </Paragraph>
    </MainProvision>
    <SupplProvision>
      <SupplProvisionLabel>附　則</SupplProvisionLabel>
      <Paragraph Num="1">
        <ParagraphNum/>
        <ParagraphSentence>
          <Sentence>この省令は、公布の日から施行する。</Sentence>
        </ParagraphSentence>
      </Paragraph>
    </SupplProvision>
    <SupplProvision AmendLawNum="昭和五九年三月三一日建設省令第三号">
      <SupplProvisionLabel>附　則</SupplProvisionLabel>
      <Paragraph Num="1">
        <ParagraphNum/>
        <ParagraphSentence>
          <Sentence>この省令は、昭和五十九年四月一日から施行する。</Sentence>
        </ParagraphSentence>
      </Paragraph>
    </SupplProvision>
    <SupplProvision AmendLawNum="昭和六一年三月二九日建設省令第二号">
      <SupplProvisionLabel>附　則</SupplProvisionLabel>
      <Paragraph Num="1">
        <ParagraphNum/>
        <ParagraphSentence>
          <Sentence>この省令は、公布の日から施行する。</Sentence>
        </ParagraphSentence>
      </Paragraph>
    </SupplProvision>
  </LawBody>
</Law>
