<?xml version="1.0" encoding="UTF-8" standalone="no"?>
<Law Era="Showa" Lang="ja" LawType="MinisterialOrdinance" Num="8" Year="37">
  <LawNum>昭和三十七年文部省令第八号</LawNum>
  <LawBody>
    <LawTitle>技能教育施設の指定等に関する規則</LawTitle>
    <EnactStatement>学校教育法（昭和二十二年法律第二十六号）第四十五条の二第一項及び第八十八条並びに学校教育法施行令（昭和二十八年政令第三百四十号）第三十三条第四号及び第五号、第三十四条及び第三十八条の規定に基づき、技能教育施設の指定等に関する規則を次のように定める。</EnactStatement>
    <MainProvision>
      <Article Num="1">
        <ArticleCaption>（施設指定の申請）</ArticleCaption>
        <ArticleTitle>第一条</ArticleTitle>
        <Paragraph Num="1">
          <ParagraphNum/>
          <ParagraphSentence>
            <Sentence>学校教育法施行令（昭和二十八年政令第三百四十号。以下「令」という。）第三十二条の規定による指定（以下「指定」という。）を受けようとする者は、当該施設の所在地の都道府県の教育委員会（以下「施設所在地教育委員会」という。）の定めるところにより、施設所在地教育委員会に申請しなければならない。</Sentence>
          </ParagraphSentence>
        </Paragraph>
      </Article>
      <Article Num="2">
        <ArticleCaption>（文部科学大臣が定める高等学校の教科等）</ArticleCaption>
        <ArticleTitle>第二条</ArticleTitle>
        <Paragraph Num="1">
          <ParagraphNum/>
          <ParagraphSentence>
            <Sentence>令第三十三条第四号の文部科学大臣が定める高等学校の教科は、高等学校の職業に関する教科とする。</Sentence>
          </ParagraphSentence>
        </Paragraph>
        <Paragraph Num="2">
          <ParagraphNum>２</ParagraphNum>
          <ParagraphSentence>
            <Sentence>令第三十三条第五号の文部科学省令で定める基準は、次のとおりとする。</Sentence>
          </ParagraphSentence>
          <Item Num="1">
            <ItemTitle>一</ItemTitle>
            <ItemSentence>
              <Sentence>技能教育を担当する者の数が、技能教育を受ける者の数を二十をもつて除して得た数以上であること。</Sentence>
            </ItemSentence>
          </Item>
          <Item Num="2">
            <ItemTitle>二</ItemTitle>
            <ItemSentence>
              <Sentence>科目ごとに同時に技能教育を受ける者の数が、十人以上であること。</Sentence>
            </ItemSentence>
          </Item>
          <Item Num="3">
            <ItemTitle>三</ItemTitle>
            <ItemSentence>
              <Sentence>高等学校の教科に相当する内容の技能教育を行なうために必要な施設及び設備を有すること。</Sentence>
            </ItemSentence>
          </Item>
          <Item Num="4">
            <ItemTitle>四</ItemTitle>
            <ItemSentence>
              <Sentence>運営の方法が適正であること。</Sentence>
            </ItemSentence>
          </Item>
        </Paragraph>
      </Article>
      <Article Num="3">
        <ArticleCaption>（文部科学省令で定める高等学校の教科の区分）</ArticleCaption>
        <ArticleTitle>第三条</ArticleTitle>
        <Paragraph Num="1">
          <ParagraphNum/>
          <ParagraphSentence>
            <Sentence>令第三十三条の二の文部科学省令で定める区分による教科の一部は、教科に属する科目とする。</Sentence>
          </ParagraphSentence>
        </Paragraph>
      </Article>
      <Article Num="4">
        <ArticleCaption>（内容変更の届出事項）</ArticleCaption>
        <ArticleTitle>第四条</ArticleTitle>
        <Paragraph Num="1">
          <ParagraphNum/>
          <ParagraphSentence>
            <Sentence>令第三十四条の規定により内容変更の届出をしなければならない事項は、次の各号に掲げる事項とする。</Sentence>
          </ParagraphSentence>
          <Item Num="1">
            <ItemTitle>一</ItemTitle>
            <ItemSentence>
              <Sentence>技能教育のための施設の名称及び所在地</Sentence>
            </ItemSentence>
          </Item>
          <Item Num="2">
            <ItemTitle>二</ItemTitle>
            <ItemSentence>
              <Sentence>設置者の氏名及び住所（法人にあつては、名称及び主たる事務所の所在地並びに代表者の氏名及び住所）</Sentence>
            </ItemSentence>
          </Item>
          <Item Num="3">
            <ItemTitle>三</ItemTitle>
            <ItemSentence>
              <Sentence>技能教育の種類</Sentence>
            </ItemSentence>
          </Item>
          <Item Num="4">
            <ItemTitle>四</ItemTitle>
            <ItemSentence>
              <Sentence>技能教育の種類ごとの修業年限及び科目ごとの年間の指導時間数</Sentence>
            </ItemSentence>
          </Item>
          <Item Num="5">
            <ItemTitle>五</ItemTitle>
            <ItemSentence>
              <Sentence>技能教育を受ける者の数</Sentence>
            </ItemSentence>
          </Item>
          <Item Num="6">
            <ItemTitle>六</ItemTitle>
            <ItemSentence>
              <Sentence>その他施設所在地教育委員会が定める事項</Sentence>
            </ItemSentence>
          </Item>
        </Paragraph>
        <Paragraph Num="2">
          <ParagraphNum>２</ParagraphNum>
          <ParagraphSentence>
            <Sentence>令第三十四条の規定による届出は、届出書に、変更の理由及び時期を記載した書類を添えてしなければならない。</Sentence>
          </ParagraphSentence>
        </Paragraph>
      </Article>
      <Article Num="5">
        <ArticleCaption>（連携措置をとることができる科目）</ArticleCaption>
        <ArticleTitle>第五条</ArticleTitle>
        <Paragraph Num="1">
          <ParagraphNum/>
          <ParagraphSentence>
            <Sentence Num="1">高等学校の校長は、第二条第一項の教科に属する科目について学校教育法（昭和二十二年法律第二十六号）第五十五条の規定による技能教育のための施設における学習を高等学校の教科の一部の履修とみなす措置（以下「連携措置」という。）をとることができる。</Sentence>
            <Sentence Num="2">高等学校のその他の教科に属する科目で、指定を受けた技能教育のための施設（以下「指定技能教育施設」という。）における技能教育の科目に対応するものとして文部科学大臣が適当と認めるものについても、同様とする。</Sentence>
          </ParagraphSentence>
        </Paragraph>
        <Paragraph Num="2">
          <ParagraphNum>２</ParagraphNum>
          <ParagraphSentence>
            <Sentence>前項後段の文部科学大臣が適当と認める科目は、官報で告示する。</Sentence>
          </ParagraphSentence>
        </Paragraph>
      </Article>
      <Article Num="6">
        <ArticleCaption>（連携）</ArticleCaption>
        <ArticleTitle>第六条</ArticleTitle>
        <Paragraph Num="1">
          <ParagraphNum/>
          <ParagraphSentence>
            <Sentence>連携措置をとろうとする高等学校の校長及び指定技能教育施設の設置者は、協議して、あらかじめ、令第三十三条の二の連携科目等の指導計画その他連携措置に必要な計画を定めなければならない。</Sentence>
          </ParagraphSentence>
        </Paragraph>
        <Paragraph Num="2">
          <ParagraphNum>２</ParagraphNum>
          <ParagraphSentence>
            <Sentence>高等学校の校長は、指定技能教育施設における科目のうち連携措置の対象となるもの（次条において「連携措置に係る科目」という。）の学習に関し、当該指定技能教育施設の設置者に対して、必要な指導及び助言を与えることができる。</Sentence>
          </ParagraphSentence>
        </Paragraph>
      </Article>
      <Article Num="7">
        <ArticleCaption>（単位の修得の認定等）</ArticleCaption>
        <ArticleTitle>第七条</ArticleTitle>
        <Paragraph Num="1">
          <ParagraphNum/>
          <ParagraphSentence>
            <Sentence>高等学校の校長は、当該高等学校の定時制の課程又は通信制の課程に在学する生徒が、あわせて指定技能教育施設において前条の計画に基づき連携措置に係る科目を学習し、その成果が試験その他の方法により当該科目に対応する高等学校の科目の目標に達していると認めるときは、所定の単位の修得を認定することができる。</Sentence>
          </ParagraphSentence>
        </Paragraph>
        <Paragraph Num="2">
          <ParagraphNum>２</ParagraphNum>
          <ParagraphSentence>
            <Sentence>前項の規定により校長が修得を認定することのできる単位数の合計は、当該高等学校が定めた全課程の修了を認めるに必要な単位数の二分の一以内とする。</Sentence>
          </ParagraphSentence>
        </Paragraph>
      </Article>
      <Article Num="8">
        <ArticleCaption>（中等教育学校の後期課程に係る技能教育施設の指定等）</ArticleCaption>
        <ArticleTitle>第八条</ArticleTitle>
        <Paragraph Num="1">
          <ParagraphNum/>
          <ParagraphSentence>
            <Sentence Num="1">第一条から前条までの規定は、中等教育学校の後期課程に係る技能教育のための施設について準用する。</Sentence>
            <Sentence Num="2">この場合において、「高等学校」とあるのは「中等教育学校の後期課程」と読み替えるものとする。</Sentence>
          </ParagraphSentence>
        </Paragraph>
      </Article>
    </MainProvision>
    <SupplProvision>
      <SupplProvisionLabel>附　則</SupplProvisionLabel>
      <Paragraph Num="1">
        <ParagraphNum/>
        <ParagraphSentence>
          <Sentence>この省令は、公布の日から施行する。</Sentence>
        </ParagraphSentence>
      </Paragraph>
    </SupplProvision>
    <SupplProvision AmendLawNum="昭和四二年一二月二六日文部省令第二〇号">
      <SupplProvisionLabel>附　則</SupplProvisionLabel>
      <Paragraph Num="1">
        <ParagraphNum/>
        <ParagraphSentence>
          <Sentence>この省令は、公布の日から施行する。</Sentence>
        </ParagraphSentence>
      </Paragraph>
    </SupplProvision>
    <SupplProvision AmendLawNum="昭和四三年九月一四日文部省令第二七号" Extract="true">
      <SupplProvisionLabel>附　則</SupplProvisionLabel>
      <Paragraph Num="1">
        <ParagraphNum>１</ParagraphNum>
        <ParagraphSentence>
          <Sentence>この省令は、公布の日から施行する。</Sentence>
        </ParagraphSentence>
      </Paragraph>
    </SupplProvision>
    <SupplProvision AmendLawNum="平成元年三月三一日文部省令第一一号">
      <SupplProvisionLabel>附　則</SupplProvisionLabel>
      <Paragraph Num="1">
        <ParagraphCaption>（施行期日）</ParagraphCaption>
        <ParagraphNum>１</ParagraphNum>
        <ParagraphSentence>
          <Sentence>この省令は、平成元年四月一日から施行する。</Sentence>
        </ParagraphSentence>
      </Paragraph>
      <Paragraph Num="2">
        <ParagraphCaption>（技能教育施設の指定等の公示についての経過措置）</ParagraphCaption>
        <ParagraphNum>２</ParagraphNum>
        <ParagraphSentence>
          <Sentence>この省令の施行前に行われた技能教育のための施設の指定、指定技能教育施設の指定の解除及び指定技能教育施設の科目のうち高等学校の校長が連携措置をとることができるものの指定については、改正後の第四条及び第六条第一項の規定にかかわらず、文部大臣が官報で告示する。</Sentence>
        </ParagraphSentence>
      </Paragraph>
      <Paragraph Num="3">
        <ParagraphCaption>（連携措置に係る科目の指定についての経過措置）</ParagraphCaption>
        <ParagraphNum>３</ParagraphNum>
        <ParagraphSentence>
          <Sentence>この省令の施行前に改正前の第六条第一項の規定により科目についてされた文部大臣の指定は、改正後の第六条第一項の規定によりされた都道府県の教育委員会の指定とみなす。</Sentence>
        </ParagraphSentence>
      </Paragraph>
    </SupplProvision>
    <SupplProvision AmendLawNum="平成一〇年一一月一七日文部省令第三八号" Extract="true">
      <SupplProvisionLabel>附　則</SupplProvisionLabel>
      <Paragraph Num="1">
        <ParagraphNum>１</ParagraphNum>
        <ParagraphSentence>
          <Sentence>この省令は、平成十一年四月一日から施行する。</Sentence>
        </ParagraphSentence>
      </Paragraph>
    </SupplProvision>
    <SupplProvision AmendLawNum="平成一二年三月九日文部省令第一一号">
      <SupplProvisionLabel>附　則</SupplProvisionLabel>
      <Paragraph Num="1">
        <ParagraphNum/>
        <ParagraphSentence>
          <Sentence>この省令は、平成十二年四月一日から施行する。</Sentence>
        </ParagraphSentence>
      </Paragraph>
    </SupplProvision>
    <SupplProvision AmendLawNum="平成一二年一〇月三一日文部省令第五三号" Extract="true">
      <SupplProvisionLabel>附　則</SupplProvisionLabel>
      <Article Num="1">
        <ArticleCaption>（施行期日）</ArticleCaption>
        <ArticleTitle>第一条</ArticleTitle>
        <Paragraph Num="1">
          <ParagraphNum/>
          <ParagraphSentence>
            <Sentence>この省令は、内閣法の一部を改正する法律（平成十一年法律第八十八号）の施行の日（平成十三年一月六日）から施行する。</Sentence>
          </ParagraphSentence>
        </Paragraph>
      </Article>
    </SupplProvision>
    <SupplProvision AmendLawNum="平成一九年一二月二五日文部科学省令第四〇号" Extract="true">
      <SupplProvisionLabel>附　則</SupplProvisionLabel>
      <Paragraph Num="1">
        <ParagraphNum/>
        <ParagraphSentence>
          <Sentence>この省令は、学校教育法等の一部を改正する法律の施行の日（平成十九年十二月二十六日）から施行する。</Sentence>
        </ParagraphSentence>
      </Paragraph>
    </SupplProvision>
  </LawBody>
</Law>
