<?xml version="1.0" encoding="UTF-8" standalone="no"?>
<Law DataInfo="190625e03k11m02" Era="Showa" Lang="ja" LawType="MinisterialOrdinance" Num="42" Year="37">
  <LawNum>昭和三十七年総理府令第四十二号</LawNum>
  <LawBody>
    <LawTitle>合衆国軍隊等の行為等による被害者等に対する賠償金の支給等に関する省令</LawTitle>
    <EnactStatement>日本国とアメリカ合衆国との間の相互協力及び安全保障条約第六条に基づく施設及び区域並びに日本国における合衆国軍隊の地位に関する協定を実施する等のため、日本国とアメリカ合衆国との間の安全保障条約に基き日本国に駐留するアメリカ合衆国軍隊により損害を受けた者に対する補償金並びに見舞金の支給等に関する総理府令（昭和二十七年総理府令第三十二号）の全部を次のように改正する。</EnactStatement>
    <TOC>
      <TOCLabel>目次</TOCLabel>
      <TOCChapter Delete="false" Num="1">
        <ChapterTitle>第一章　総則</ChapterTitle>
        <ArticleRange>（第一条・第二条）</ArticleRange>
      </TOCChapter>
      <TOCChapter Delete="false" Num="2">
        <ChapterTitle>第二章　損害賠償請求書の提出、公務上の行為等の決定等</ChapterTitle>
        <ArticleRange>（第三条―第七条）</ArticleRange>
      </TOCChapter>
      <TOCChapter Delete="false" Num="3">
        <ChapterTitle>第三章　賠償金</ChapterTitle>
        <ArticleRange>（第八条―第十条）</ArticleRange>
      </TOCChapter>
      <TOCChapter Delete="false" Num="4">
        <ChapterTitle>第四章　補償金</ChapterTitle>
        <ArticleRange>（第十一条―第十三条）</ArticleRange>
      </TOCChapter>
      <TOCChapter Delete="false" Num="5">
        <ChapterTitle>第五章　見舞金</ChapterTitle>
        <ArticleRange>（第十四条・第十五条）</ArticleRange>
      </TOCChapter>
      <TOCSupplProvision>
        <SupplProvisionLabel>附則</SupplProvisionLabel>
      </TOCSupplProvision>
    </TOC>
    <MainProvision>
      <Chapter Delete="false" Hide="false" Num="1">
        <ChapterTitle>第一章　総則</ChapterTitle>
        <Article Delete="false" Hide="false" Num="1">
          <ArticleCaption>（趣旨）</ArticleCaption>
          <ArticleTitle>第一条</ArticleTitle>
          <Paragraph Hide="false" Num="1">
            <ParagraphNum/>
            <ParagraphSentence>
              <Sentence WritingMode="vertical">この省令は、合衆国軍隊等の行為等により損害を受けた者（以下「被害者」という。）又はその遺族に対する賠償金及び見舞金の支給等に関し、その実施の手続を定めるものとする。</Sentence>
            </ParagraphSentence>
          </Paragraph>
        </Article>
        <Article Delete="false" Hide="false" Num="2">
          <ArticleCaption>（定義）</ArticleCaption>
          <ArticleTitle>第二条</ArticleTitle>
          <Paragraph Hide="false" Num="1">
            <ParagraphNum/>
            <ParagraphSentence>
              <Sentence WritingMode="vertical">この省令において、次の各号に掲げる用語の意義は、当該各号に定めるところによる。</Sentence>
            </ParagraphSentence>
            <Item Delete="false" Hide="false" Num="1">
              <ItemTitle>一</ItemTitle>
              <ItemSentence>
                <Column LineBreak="false" Num="1">
                  <Sentence WritingMode="vertical">合衆国軍隊等の行為等</Sentence>
                </Column>
                <Column LineBreak="false" Num="2">
                  <Sentence Function="main" Num="1" WritingMode="vertical">日本国とアメリカ合衆国との間の相互協力及び安全保障条約に基づき日本国にあるアメリカ合衆国の軍隊又はその構成員若しくは被用者（日本国民である被用者又は通常日本国に居住する被用者にあつては、公務執行中の者に限る。）の違法の行為及びこれらの占有し、所有し、又は管理する土地の工作物その他の物件の設置又は管理の欠陥をいう。</Sentence>
                  <Sentence Function="proviso" Num="2" WritingMode="vertical">ただし、日本国とアメリカ合衆国との間の相互協力及び安全保障条約第六条に基づく施設及び区域並びに日本国における合衆国軍隊の地位に関する協定（以下「地位協定」という。）第十八条第五項（ｇ）の規定により同項の他の規定の適用を受けない損害の発生原因である行為を除く。</Sentence>
                </Column>
              </ItemSentence>
            </Item>
            <Item Delete="false" Hide="false" Num="2">
              <ItemTitle>二</ItemTitle>
              <ItemSentence>
                <Column LineBreak="false" Num="1">
                  <Sentence WritingMode="vertical">公務上の行為等</Sentence>
                </Column>
                <Column LineBreak="false" Num="2">
                  <Sentence WritingMode="vertical">合衆国軍隊等の行為等のうち、公務執行中の合衆国軍隊の構成員又は被用者の違法の行為及び合衆国軍隊が法律上責任を有するその他の行為又は事故をいう。</Sentence>
                </Column>
              </ItemSentence>
            </Item>
            <Item Delete="false" Hide="false" Num="3">
              <ItemTitle>三</ItemTitle>
              <ItemSentence>
                <Column LineBreak="false" Num="1">
                  <Sentence WritingMode="vertical">賠償金</Sentence>
                </Column>
                <Column LineBreak="false" Num="2">
                  <Sentence WritingMode="vertical">日本国とアメリカ合衆国との間の相互協力及び安全保障条約第六条に基づく施設及び区域並びに日本国における合衆国軍隊の地位に関する協定の実施に伴う民事特別法（昭和二十七年法律第百二十一号。以下次号において「民事特別法」という。）第一条又は第二条の規定により国が賠償する損害賠償金をいう。</Sentence>
                </Column>
              </ItemSentence>
            </Item>
            <Item Delete="false" Hide="false" Num="4">
              <ItemTitle>四</ItemTitle>
              <ItemSentence>
                <Column LineBreak="false" Num="1">
                  <Sentence WritingMode="vertical">見舞金</Sentence>
                </Column>
                <Column LineBreak="false" Num="2">
                  <Sentence WritingMode="vertical">被害者又はその遺族で、民事特別法第一条又は第二条、地位協定第十八条第六項その他の法令の規定により救済されないものに対し、国が救済を必要と認めて支給する見舞金をいう。</Sentence>
                </Column>
              </ItemSentence>
            </Item>
          </Paragraph>
        </Article>
      </Chapter>
      <Chapter Delete="false" Hide="false" Num="2">
        <ChapterTitle>第二章　損害賠償請求書の提出、公務上の行為等の決定等</ChapterTitle>
        <Article Delete="false" Hide="false" Num="3">
          <ArticleCaption>（事故の調査）</ArticleCaption>
          <ArticleTitle>第三条</ArticleTitle>
          <Paragraph Hide="false" Num="1">
            <ParagraphNum/>
            <ParagraphSentence>
              <Sentence WritingMode="vertical">地方防衛局長及び東海防衛支局長は、管轄区域内における合衆国軍隊等の行為等による事故の発生を知つたときは、直ちに、関係行政機関の協力を得て、当該事故の調査を行わなければならない。</Sentence>
            </ParagraphSentence>
          </Paragraph>
        </Article>
        <Article Delete="false" Hide="false" Num="4">
          <ArticleCaption>（損害賠償請求書の提出等）</ArticleCaption>
          <ArticleTitle>第四条</ArticleTitle>
          <Paragraph Hide="false" Num="1">
            <ParagraphNum/>
            <ParagraphSentence>
              <Sentence Num="1" WritingMode="vertical">被害者又はその遺族で、当該損害の賠償を請求しようとするものは、別記様式第一号による損害賠償請求書を事故発生地を管轄する地方防衛局長（事故発生地が東海防衛支局の管轄区域内にある場合にあつては、東海防衛支局長）に提出して当該損害の賠償を請求するものとする。</Sentence>
              <Sentence Num="2" WritingMode="vertical">この場合において、特別の理由があるときは、その者の住所地を管轄する地方防衛局長（当該住所地が東海防衛支局の管轄区域内にある場合にあつては、東海防衛支局長）を経由して損害賠償請求書を提出することができる。</Sentence>
            </ParagraphSentence>
          </Paragraph>
          <Paragraph Hide="false" Num="2">
            <ParagraphNum>２</ParagraphNum>
            <ParagraphSentence>
              <Sentence WritingMode="vertical">前項後段の規定により損害賠償請求書を受理した地方防衛局長又は東海防衛支局長は、これを事故発生地を管轄する地方防衛局長（事故発生地が東海防衛支局の管轄区域内にある場合にあつては、東海防衛支局長。以下「地方防衛局長」という。）に送付しなければならない。</Sentence>
            </ParagraphSentence>
          </Paragraph>
        </Article>
        <Article Delete="false" Hide="false" Num="5">
          <ArticleCaption>（損害賠償請求通知等）</ArticleCaption>
          <ArticleTitle>第五条</ArticleTitle>
          <Paragraph Hide="false" Num="1">
            <ParagraphNum/>
            <ParagraphSentence>
              <Sentence WritingMode="vertical">地方防衛局長は、損害賠償請求書の提出を受けたときは、これを審査し、別記様式第二号による損害賠償請求通知及び事故発生証明書により、現地の合衆国軍隊の賠償担当官に損害の賠償の請求を受けた旨を通知し、事故発生の証明を取り付けるものとする。</Sentence>
            </ParagraphSentence>
          </Paragraph>
          <Paragraph Hide="false" Num="2">
            <ParagraphNum>２</ParagraphNum>
            <ParagraphSentence>
              <Sentence WritingMode="vertical">地方防衛局長は、前項の手続を行なうとともに事故の状況、損害額、過失の割合等を記載した損害状況等報告書を作成し、損害賠償請求書、警察署長等の事故発生証明書その他参考となる書類を添えて、これを防衛大臣に送付しなければならない。</Sentence>
            </ParagraphSentence>
          </Paragraph>
        </Article>
        <Article Delete="false" Hide="false" Num="6">
          <ArticleCaption>（合衆国の当局との協議）</ArticleCaption>
          <ArticleTitle>第六条</ArticleTitle>
          <Paragraph Hide="false" Num="1">
            <ParagraphNum/>
            <ParagraphSentence>
              <Sentence WritingMode="vertical">防衛大臣は、前条第二項の損害状況等報告書の送付を受けたときは、これを審査し、必要があるときは調査を行ない、別記様式第三号による損害賠償請求受理通知書により合衆国の当局に損害の賠償の請求を受けた旨を通知し、当該損害の発生原因である合衆国軍隊等の行為等が公務上の行為等であるかどうか等について合衆国の当局と協議しなければならない。</Sentence>
            </ParagraphSentence>
          </Paragraph>
          <Paragraph Hide="false" Num="2">
            <ParagraphNum>２</ParagraphNum>
            <ParagraphSentence>
              <Sentence WritingMode="vertical">防衛大臣は、前項の協議が整つた場合で、合衆国軍隊等の行為等が公務上の行為等であるときは別記様式第四号による公務上・外の証明書及び別記様式第五号による損害の原因確認書を、合衆国軍隊等の行為等が公務上の行為等でないときは公務上・外の証明書を、合衆国の当局とともに作成し、その一部を地方防衛局長に送付しなければならない。</Sentence>
            </ParagraphSentence>
          </Paragraph>
        </Article>
        <Article Delete="false" Hide="false" Num="7">
          <ArticleCaption>（仲裁人への付託）</ArticleCaption>
          <ArticleTitle>第七条</ArticleTitle>
          <Paragraph Hide="false" Num="1">
            <ParagraphNum/>
            <ParagraphSentence>
              <Sentence WritingMode="vertical">防衛大臣は、合衆国軍隊の構成員又は被用者の違法の行為が公務執行中にされたものであるかどうか、また、合衆国軍隊の車両の使用が許容されていたものであるかどうかについて合衆国の当局と紛争が生じたときは、地位協定第十八条第二項（ｂ）の規定により選任された仲裁人に、その問題を付託するものとする。</Sentence>
            </ParagraphSentence>
          </Paragraph>
        </Article>
      </Chapter>
      <Chapter Delete="false" Hide="false" Num="3">
        <ChapterTitle>第三章　賠償金</ChapterTitle>
        <Article Delete="false" Hide="false" Num="8">
          <ArticleCaption>（賠償金の支払）</ArticleCaption>
          <ArticleTitle>第八条</ArticleTitle>
          <Paragraph Hide="false" Num="1">
            <ParagraphNum/>
            <ParagraphSentence>
              <Sentence WritingMode="vertical">地方防衛局長は、第六条第二項の規定により合衆国軍隊等の行為等が公務上の行為等である旨の公務上・外の証明書の送付を受けたときは、損害の原因確認書等に基づき、賠償金の額を決定し、請求者から別記様式第六号による同意書を取り付けた後、賠償金の支払の手続をとらなければならない。</Sentence>
            </ParagraphSentence>
          </Paragraph>
          <Paragraph Hide="false" Num="2">
            <ParagraphNum>２</ParagraphNum>
            <ParagraphSentence>
              <Sentence WritingMode="vertical">地方防衛局長は、前項の支払が完了したときは、すみやかに別記様式第七号による支払報告書を作成し、これを防衛大臣に送付しなければならない。</Sentence>
            </ParagraphSentence>
          </Paragraph>
        </Article>
        <Article Delete="false" Hide="false" Num="9">
          <ArticleCaption>（防衛大臣への協議）</ArticleCaption>
          <ArticleTitle>第九条</ArticleTitle>
          <Paragraph Hide="false" Num="1">
            <ParagraphNum/>
            <ParagraphSentence>
              <Sentence WritingMode="vertical">地方防衛局長は、賠償金の額の決定が困難なもの及び防衛大臣が別に指定するものの処理については、防衛大臣に協議しなければならない。</Sentence>
            </ParagraphSentence>
          </Paragraph>
        </Article>
        <Article Delete="false" Hide="false" Num="10">
          <ArticleCaption>（合衆国当局への償還請求）</ArticleCaption>
          <ArticleTitle>第十条</ArticleTitle>
          <Paragraph Hide="false" Num="1">
            <ParagraphNum/>
            <ParagraphSentence>
              <Sentence WritingMode="vertical">防衛大臣は、合衆国の当局に賠償金の償還を請求するときは、六箇月の期間内に支払つた額に係る支払報告書を別記様式第八号による償還請求書及び別記様式第九号による償還請求のための損害賠償請求書一覧表に添えて、六箇月ごとに合衆国の当局に送付しなければならない。</Sentence>
            </ParagraphSentence>
          </Paragraph>
        </Article>
      </Chapter>
      <Chapter Delete="false" Hide="false" Num="4">
        <ChapterTitle>第四章　補償金</ChapterTitle>
        <Article Delete="false" Hide="false" Num="11">
          <ArticleCaption>（公務外損害補償請求書の提出）</ArticleCaption>
          <ArticleTitle>第十一条</ArticleTitle>
          <Paragraph Hide="false" Num="1">
            <ParagraphNum/>
            <ParagraphSentence>
              <Sentence WritingMode="vertical">地方防衛局長は、第六条第二項の規定により合衆国軍隊等の行為等が公務上の行為等でない旨の公務上・外の証明書の送付を受けたときは、請求者にその旨を通知し、別記様式第十号による公務外損害補償請求書を提出させるものとする。</Sentence>
            </ParagraphSentence>
          </Paragraph>
        </Article>
        <Article Delete="false" Hide="false" Num="12">
          <ArticleCaption>（報告書の作成等）</ArticleCaption>
          <ArticleTitle>第十二条</ArticleTitle>
          <Paragraph Hide="false" Num="1">
            <ParagraphNum/>
            <ParagraphSentence>
              <Sentence WritingMode="vertical">地方防衛局長は、前条の規定により公務外損害補償請求書を提出させたときは、これを審査し、その請求額を査定し、当該事件に関する報告書（和英両文）を作成しなければならない。</Sentence>
            </ParagraphSentence>
          </Paragraph>
          <Paragraph Hide="false" Num="2">
            <ParagraphNum>２</ParagraphNum>
            <ParagraphSentence>
              <Sentence WritingMode="vertical">地方防衛局長は、前項の報告書を作成したときは、公務外損害補償請求書並びに当該報告書及びこれに必要な書類（和英両文）を防衛大臣に送付しなければならない。</Sentence>
            </ParagraphSentence>
          </Paragraph>
          <Paragraph Hide="false" Num="3">
            <ParagraphNum>３</ParagraphNum>
            <ParagraphSentence>
              <Sentence WritingMode="vertical">防衛大臣は、前項の規定により公務外損害補償請求書等の送付を受けたときは、これを合衆国の当局に送付しなければならない。</Sentence>
            </ParagraphSentence>
          </Paragraph>
        </Article>
        <Article Delete="false" Hide="false" Num="13">
          <ArticleCaption>（慰謝料の支払通知）</ArticleCaption>
          <ArticleTitle>第十三条</ArticleTitle>
          <Paragraph Hide="false" Num="1">
            <ParagraphNum/>
            <ParagraphSentence>
              <Sentence WritingMode="vertical">防衛大臣は、合衆国の当局から慰謝料支払報告書の送付を受けたときは、これを地方防衛局長に送付しなければならない。</Sentence>
            </ParagraphSentence>
          </Paragraph>
        </Article>
      </Chapter>
      <Chapter Delete="false" Hide="false" Num="5">
        <ChapterTitle>第五章　見舞金</ChapterTitle>
        <Article Delete="false" Hide="false" Num="14">
          <ArticleCaption>（防衛大臣への協議）</ArticleCaption>
          <ArticleTitle>第十四条</ArticleTitle>
          <Paragraph Hide="false" Num="1">
            <ParagraphNum/>
            <ParagraphSentence>
              <Sentence WritingMode="vertical">地方防衛局長は、被害者又はその遺族で、損害賠償請求書を提出したものに対し、見舞金を支給する必要があると認めたときは、その支給について、防衛大臣に協議しなければならない。</Sentence>
            </ParagraphSentence>
          </Paragraph>
        </Article>
        <Article Delete="false" Hide="false" Num="15">
          <ArticleCaption>（見舞金の支払等）</ArticleCaption>
          <ArticleTitle>第十五条</ArticleTitle>
          <Paragraph Hide="false" Num="1">
            <ParagraphNum/>
            <ParagraphSentence>
              <Sentence WritingMode="vertical">地方防衛局長は、前条の協議の結果、見舞金を支給する必要があるときは、見舞金の額を決定し、その支払手続をとらなければならない。</Sentence>
            </ParagraphSentence>
          </Paragraph>
          <Paragraph Hide="false" Num="2">
            <ParagraphNum>２</ParagraphNum>
            <ParagraphSentence>
              <Sentence WritingMode="vertical">地方防衛局長は、前項の支払が完了したときは、すみやかにその旨を防衛大臣に報告しなければならない。</Sentence>
            </ParagraphSentence>
          </Paragraph>
        </Article>
      </Chapter>
    </MainProvision>
    <SupplProvision Extract="true">
      <SupplProvisionLabel>附　則</SupplProvisionLabel>
      <Paragraph Hide="false" Num="1">
        <ParagraphNum>１</ParagraphNum>
        <ParagraphSentence>
          <Sentence WritingMode="vertical">この府令は、昭和三十七年八月一日から施行する。</Sentence>
        </ParagraphSentence>
      </Paragraph>
    </SupplProvision>
    <SupplProvision AmendLawNum="昭和三七年一〇月二〇日総理府令第六〇号">
      <SupplProvisionLabel>附　則</SupplProvisionLabel>
      <Paragraph Hide="false" Num="1">
        <ParagraphNum/>
        <ParagraphSentence>
          <Sentence WritingMode="vertical">この府令は、昭和三十七年十一月一日から施行する。</Sentence>
        </ParagraphSentence>
      </Paragraph>
    </SupplProvision>
    <SupplProvision AmendLawNum="昭和四〇年三月三〇日総理府令第九号">
      <SupplProvisionLabel>附　則</SupplProvisionLabel>
      <Paragraph Hide="false" Num="1">
        <ParagraphNum/>
        <ParagraphSentence>
          <Sentence WritingMode="vertical">この府令は、公布の日から施行する。</Sentence>
        </ParagraphSentence>
      </Paragraph>
    </SupplProvision>
    <SupplProvision AmendLawNum="昭和六〇年一〇月一九日総理府令第三九号" Extract="true">
      <SupplProvisionLabel>附　則</SupplProvisionLabel>
      <Article Delete="false" Hide="false" Num="1">
        <ArticleCaption>（施行期日）</ArticleCaption>
        <ArticleTitle>第一条</ArticleTitle>
        <Paragraph Hide="false" Num="1">
          <ParagraphNum/>
          <ParagraphSentence>
            <Sentence WritingMode="vertical">この府令は、昭和六十年十一月一日から施行する。</Sentence>
          </ParagraphSentence>
        </Paragraph>
      </Article>
      <Article Delete="false" Hide="false" Num="11">
        <ArticleCaption>（処分等に関する経過措置）</ArticleCaption>
        <ArticleTitle>第十一条</ArticleTitle>
        <Paragraph Hide="false" Num="1">
          <ParagraphNum/>
          <ParagraphSentence>
            <Sentence WritingMode="vertical">この府令の施行前に名古屋防衛施設局長が法律若しくはこれに基づく命令の規定によりした処分又は契約その他の行為（以下「処分等」という。）は、名古屋防衛施設支局長がした処分等とみなし、この府令の施行前に名古屋防衛施設局長に対してした申請、報告その他の行為（以下「申請等」という。）は、名古屋防衛施設支局長に対してした申請等とみなす。</Sentence>
          </ParagraphSentence>
        </Paragraph>
      </Article>
    </SupplProvision>
    <SupplProvision AmendLawNum="平成元年六月一日総理府令第四〇号">
      <SupplProvisionLabel>附　則</SupplProvisionLabel>
      <Paragraph Hide="false" Num="1">
        <ParagraphNum/>
        <ParagraphSentence>
          <Sentence WritingMode="vertical">この府令は、公布の日から施行する。</Sentence>
        </ParagraphSentence>
      </Paragraph>
    </SupplProvision>
    <SupplProvision AmendLawNum="平成四年四月一日総理府令第一〇号">
      <SupplProvisionLabel>附　則</SupplProvisionLabel>
      <Paragraph Hide="false" Num="1">
        <ParagraphNum/>
        <ParagraphSentence>
          <Sentence WritingMode="vertical">この府令は、公布の日から施行する。</Sentence>
        </ParagraphSentence>
      </Paragraph>
    </SupplProvision>
    <SupplProvision AmendLawNum="平成一二年八月一四日総理府令第九二号" Extract="true">
      <SupplProvisionLabel>附　則</SupplProvisionLabel>
      <Article Delete="false" Hide="false" Num="1">
        <ArticleCaption>（施行期日）</ArticleCaption>
        <ArticleTitle>第一条</ArticleTitle>
        <Paragraph Hide="false" Num="1">
          <ParagraphNum/>
          <ParagraphSentence>
            <Sentence WritingMode="vertical">この府令は、内閣法の一部を改正する法律（平成十一年法律第八十八号）の施行の日（平成十三年一月六日）から施行する。</Sentence>
          </ParagraphSentence>
        </Paragraph>
      </Article>
    </SupplProvision>
    <SupplProvision AmendLawNum="平成一九年一月四日内閣府令第二号">
      <SupplProvisionLabel>附　則</SupplProvisionLabel>
      <Paragraph Hide="false" Num="1">
        <ParagraphNum/>
        <ParagraphSentence>
          <Sentence WritingMode="vertical">この府令は、防衛庁設置法等の一部を改正する法律（平成十八年法律第百十八号）の施行の日（平成十九年一月九日）から施行する。</Sentence>
        </ParagraphSentence>
      </Paragraph>
    </SupplProvision>
    <SupplProvision AmendLawNum="平成一九年八月二〇日防衛省令第九号">
      <SupplProvisionLabel>附　則</SupplProvisionLabel>
      <Paragraph Hide="false" Num="1">
        <ParagraphNum/>
        <ParagraphSentence>
          <Sentence WritingMode="vertical">この省令は、防衛省設置法及び自衛隊法の一部を改正する法律（平成十九年法律第八十号）の施行の日（平成十九年九月一日）から施行する。</Sentence>
        </ParagraphSentence>
      </Paragraph>
    </SupplProvision>
    <SupplProvision AmendLawNum="令和元年五月二二日防衛省令第二号" Type="Amend">
      <SupplProvisionLabel>附　則</SupplProvisionLabel>
      <Paragraph Hide="false" Num="1">
        <ParagraphCaption>（施行期日）</ParagraphCaption>
        <ParagraphNum>１</ParagraphNum>
        <ParagraphSentence>
          <Sentence WritingMode="vertical">この省令は、公布の日から施行する。</Sentence>
        </ParagraphSentence>
      </Paragraph>
      <Paragraph Hide="false" Num="2">
        <ParagraphCaption>（経過措置）</ParagraphCaption>
        <ParagraphNum>２</ParagraphNum>
        <ParagraphSentence>
          <Sentence WritingMode="vertical">この省令による改正後の様式を使用するに当たっては、必要に応じ、各様式中「令和」とあるのは「平成」とする修正を加えたものを使用することができる。</Sentence>
        </ParagraphSentence>
      </Paragraph>
    </SupplProvision>
    <AppdxNote>
      <AppdxNoteTitle WritingMode="vertical">（別記）</AppdxNoteTitle>
    </AppdxNote>
    <AppdxStyle>
      <AppdxStyleTitle WritingMode="vertical">様式第１号</AppdxStyleTitle>
      <RelatedArticleNum>（第４条関係）</RelatedArticleNum>
      <StyleStruct>
        <Style>
          <Fig src="./pict/S37F03101000042_1906241506_001.pdf"/>
        </Style>
      </StyleStruct>
    </AppdxStyle>
    <AppdxStyle>
      <AppdxStyleTitle WritingMode="vertical">様式第２号</AppdxStyleTitle>
      <RelatedArticleNum>（第５条関係）</RelatedArticleNum>
      <StyleStruct>
        <Style>
          <Fig src="./pict/S37F03101000042_1906241506_002.pdf"/>
        </Style>
      </StyleStruct>
    </AppdxStyle>
    <AppdxStyle>
      <AppdxStyleTitle WritingMode="vertical">様式第３号</AppdxStyleTitle>
      <RelatedArticleNum>（第６条関係）</RelatedArticleNum>
      <StyleStruct>
        <Style>
          <Fig src="./pict/S37F03101000042_1906241506_003.pdf"/>
        </Style>
      </StyleStruct>
    </AppdxStyle>
    <AppdxStyle>
      <AppdxStyleTitle WritingMode="vertical">様式第４号</AppdxStyleTitle>
      <RelatedArticleNum>（第６条関係）</RelatedArticleNum>
      <StyleStruct>
        <Style>
          <Fig src="./pict/S37F03101000042_1906241506_004.pdf"/>
        </Style>
      </StyleStruct>
    </AppdxStyle>
    <AppdxStyle>
      <AppdxStyleTitle WritingMode="vertical">様式第５号</AppdxStyleTitle>
      <RelatedArticleNum>（第６条関係）</RelatedArticleNum>
      <StyleStruct>
        <Style>
          <Fig src="./pict/S37F03101000042_1906241506_005.pdf"/>
        </Style>
      </StyleStruct>
    </AppdxStyle>
    <AppdxStyle>
      <AppdxStyleTitle WritingMode="vertical">様式第６号</AppdxStyleTitle>
      <RelatedArticleNum>（第８条関係）</RelatedArticleNum>
      <StyleStruct>
        <Style>
          <Fig src="./pict/S37F03101000042_1906241506_006.pdf"/>
        </Style>
      </StyleStruct>
    </AppdxStyle>
    <AppdxStyle>
      <AppdxStyleTitle WritingMode="vertical">様式第７号</AppdxStyleTitle>
      <RelatedArticleNum>（第８条関係）</RelatedArticleNum>
      <StyleStruct>
        <Style>
          <Fig src="./pict/S37F03101000042_1906241506_007.pdf"/>
        </Style>
      </StyleStruct>
    </AppdxStyle>
    <AppdxStyle>
      <AppdxStyleTitle WritingMode="vertical">様式第８号（第１０条関係）</AppdxStyleTitle>
      <StyleStruct>
        <Style>
          <Fig src="./pict/S37F03101000042_1906241506_008.pdf"/>
        </Style>
      </StyleStruct>
    </AppdxStyle>
    <AppdxStyle>
      <AppdxStyleTitle WritingMode="vertical">様式第９号</AppdxStyleTitle>
      <RelatedArticleNum>（第１０条関係）</RelatedArticleNum>
      <StyleStruct>
        <Style>
          <Fig src="./pict/S37F03101000042_1906241506_009.pdf"/>
        </Style>
      </StyleStruct>
    </AppdxStyle>
    <AppdxStyle>
      <AppdxStyleTitle WritingMode="vertical">様式第１０号</AppdxStyleTitle>
      <RelatedArticleNum>（第１１条関係）</RelatedArticleNum>
      <StyleStruct>
        <Style>
          <Fig src="./pict/S37F03101000042_1906241506_010.pdf"/>
        </Style>
      </StyleStruct>
    </AppdxStyle>
  </LawBody>
</Law>
