<?xml version="1.0" encoding="UTF-8" standalone="no"?>
<Law Era="Showa" Lang="ja" LawType="MinisterialOrdinance" Num="029" Year="38">
  <LawNum>昭和三十八年自治省令第二十九号</LawNum>
  <LawBody>
    <LawTitle>日本消防検定協会に対する出資の目的とする土地等の評価に関する省令</LawTitle>
    <EnactStatement>日本消防検定協会に対する出資の目的とする土地等の評価に関する政令（昭和三十八年政令第三百十六号）第三条の規定に基づき、日本消防検定協会に対する出資の目的とする土地等の評価に関する省令を次のように定める。</EnactStatement>
    <MainProvision>
      <Paragraph Num="1">
        <ParagraphNum/>
        <ParagraphSentence>
          <Sentence>消防法の一部を改正する法律（昭和三十八年法律第八十八号）附則第六条第二項に規定する評価に関する庶務は、消防庁において処理する。</Sentence>
        </ParagraphSentence>
      </Paragraph>
    </MainProvision>
    <SupplProvision>
      <SupplProvisionLabel>附　則</SupplProvisionLabel>
      <Paragraph Num="1">
        <ParagraphNum/>
        <ParagraphSentence>
          <Sentence>この省令は、公布の日から施行する。</Sentence>
        </ParagraphSentence>
      </Paragraph>
    </SupplProvision>
  </LawBody>
</Law>
