<?xml version="1.0" encoding="UTF-8" standalone="no"?>
<Law Era="Showa" Lang="ja" LawType="MinisterialOrdinance" Num="027" Year="38">
  <LawNum>昭和三十八年自治省令第二十七号</LawNum>
  <LawBody>
    <LawTitle>日本消防検定協会の業務方法書に記載すべき事項を定める省令</LawTitle>
    <EnactStatement>消防法（昭和二十三年法律第百八十六号）第二十一条の三十七第二項の規定に基づき、日本消防検定協会の業務方法書に記載すべき事項を定める省令を次のように定める。</EnactStatement>
    <MainProvision>
      <Paragraph Num="1">
        <ParagraphNum/>
        <ParagraphSentence>
          <Sentence>消防法（昭和二十三年法律第百八十六号。以下「法」という。）第二十一条の三十七第二項に規定する業務方法書に記載すべき事項は、次のとおりとする。</Sentence>
        </ParagraphSentence>
        <Item Num="1">
          <ItemTitle>一</ItemTitle>
          <ItemSentence>
            <Sentence>法第二十一条の二第一項の検定対象機械器具等（以下「検定対象機械器具等」という。）の試験に関すること。</Sentence>
          </ItemSentence>
        </Item>
        <Item Num="2">
          <ItemTitle>二</ItemTitle>
          <ItemSentence>
            <Sentence>検定対象機械器具等の型式適合検定に関すること。</Sentence>
          </ItemSentence>
        </Item>
        <Item Num="3">
          <ItemTitle>三</ItemTitle>
          <ItemSentence>
            <Sentence>法第十七条の二第一項に規定する性能評価に関すること。</Sentence>
          </ItemSentence>
        </Item>
        <Item Num="4">
          <ItemTitle>四</ItemTitle>
          <ItemSentence>
            <Sentence>検定対象機械器具等の技術的な事項に関する意見具申に関すること。</Sentence>
          </ItemSentence>
        </Item>
        <Item Num="5">
          <ItemTitle>五</ItemTitle>
          <ItemSentence>
            <Sentence>法第二十一条の二第一項の消防の用に供する機械器具等（以下「消防の用に供する機械器具等」という。）に関する研究、調査及び試験に関すること。</Sentence>
          </ItemSentence>
        </Item>
        <Item Num="6">
          <ItemTitle>六</ItemTitle>
          <ItemSentence>
            <Sentence>依頼に応じ、消防の用に供する機械器具等に関する評価に関すること。</Sentence>
          </ItemSentence>
        </Item>
        <Item Num="7">
          <ItemTitle>七</ItemTitle>
          <ItemSentence>
            <Sentence>その他業務に関し必要な事項</Sentence>
          </ItemSentence>
        </Item>
      </Paragraph>
    </MainProvision>
    <SupplProvision>
      <SupplProvisionLabel>附　則</SupplProvisionLabel>
      <Paragraph Num="1">
        <ParagraphNum/>
        <ParagraphSentence>
          <Sentence>この省令は、公布の日から施行する。</Sentence>
        </ParagraphSentence>
      </Paragraph>
    </SupplProvision>
    <SupplProvision AmendLawNum="昭和六一年一一月二九日自治省令第二七号" Extract="true">
      <SupplProvisionLabel>附　則</SupplProvisionLabel>
      <Paragraph Num="1">
        <ParagraphNum/>
        <ParagraphSentence>
          <Sentence Function="main" Num="1">この省令は、昭和六十二年一月一日から施行する。</Sentence>
          <Sentence Function="proviso" Num="2">ただし、次の各号に掲げる規定は、昭和六十一年十二月一日から施行する。</Sentence>
        </ParagraphSentence>
        <Item Num="1">
          <ItemTitle>一</ItemTitle>
          <ItemSentence>
            <Sentence>第一条中日本消防検定協会の業務方法書に記載すべき事項を定める省令第一号及び第二号の改正規定</Sentence>
          </ItemSentence>
        </Item>
      </Paragraph>
    </SupplProvision>
    <SupplProvision AmendLawNum="平成一六年四月二一日総務省令第八五号">
      <SupplProvisionLabel>附　則</SupplProvisionLabel>
      <Paragraph Num="1">
        <ParagraphNum/>
        <ParagraphSentence>
          <Sentence>この省令は、消防組織法及び消防法の一部を改正する法律（平成十五年法律第八十四号）附則第一条第二号に掲げる規定の施行の日（平成十六年六月一日）から施行する。</Sentence>
        </ParagraphSentence>
      </Paragraph>
    </SupplProvision>
    <SupplProvision AmendLawNum="平成二四年一〇月一九日総務省令第九一号" Extract="true">
      <SupplProvisionLabel>附　則</SupplProvisionLabel>
      <Paragraph Num="1">
        <ParagraphNum/>
        <ParagraphSentence>
          <Sentence>この省令は、平成二十五年四月一日から施行する。</Sentence>
        </ParagraphSentence>
      </Paragraph>
    </SupplProvision>
  </LawBody>
</Law>
