<?xml version="1.0" encoding="UTF-8" standalone="no"?>
<Law Era="Showa" Lang="ja" LawType="CabinetOrder" Num="245" Year="41">
  <LawNum>昭和四十一年政令第二百四十五号</LawNum>
  <LawBody>
    <LawTitle>恩給法の一部を改正する法律附則第四十一条の二の日本赤十字社の救護員の範囲等を定める政令</LawTitle>
    <EnactStatement>内閣は、恩給法の一部を改正する法律（昭和二十八年法律第百五十五号）附則第四十一条の二の規定に基づき、この政令を制定する。</EnactStatement>
    <MainProvision>
      <Article Delete="false" Hide="false" Num="1">
        <ArticleCaption>（救護員の範囲）</ArticleCaption>
        <ArticleTitle>第一条</ArticleTitle>
        <Paragraph Hide="false" Num="1">
          <ParagraphNum/>
          <ParagraphSentence>
            <Sentence WritingMode="vertical">恩給法の一部を改正する法律（昭和二十八年法律第百五十五号。以下「法律第百五十五号」という。）附則第四十一条の二第一項に規定する公務員に相当する救護員として政令で定めるものは、日本赤十字社の職制による正規の職員たる理事員、医員、調剤員、看護婦監督、書記、調剤員補、看護婦長及び看護人長とする。</Sentence>
          </ParagraphSentence>
        </Paragraph>
      </Article>
      <Article Delete="false" Hide="false" Num="2">
        <ArticleCaption>（事変地又は戦地の区域等）</ArticleCaption>
        <ArticleTitle>第二条</ArticleTitle>
        <Paragraph Hide="false" Num="1">
          <ParagraphNum/>
          <ParagraphSentence>
            <Sentence WritingMode="vertical">法律第百五十五号附則第四十一条の二第二項に規定する事変地及びその区域が事変地であつた期間は、次の表のとおりとする。</Sentence>
          </ParagraphSentence>
          <TableStruct>
            <Table WritingMode="vertical">
              <TableRow>
                <TableColumn BorderBottom="solid" BorderLeft="solid" BorderRight="solid" BorderTop="solid">
                  <Sentence WritingMode="vertical">区域</Sentence>
                </TableColumn>
                <TableColumn BorderBottom="solid" BorderLeft="solid" BorderRight="solid" BorderTop="solid">
                  <Sentence WritingMode="vertical">期間</Sentence>
                </TableColumn>
              </TableRow>
              <TableRow>
                <TableColumn BorderBottom="solid" BorderLeft="solid" BorderRight="solid" BorderTop="solid">
                  <Sentence WritingMode="vertical">一　中国（満洲を含み、台湾並びに英国租借地である九龍半島及び香港を除く。）及びその沿海</Sentence>
                </TableColumn>
                <TableColumn BorderBottom="solid" BorderLeft="solid" BorderRight="solid" BorderTop="solid">
                  <Sentence WritingMode="vertical">昭和十二年七月七日から昭和十六年十二月七日まで</Sentence>
                </TableColumn>
              </TableRow>
              <TableRow>
                <TableColumn BorderBottom="solid" BorderLeft="solid" BorderRight="solid" BorderTop="solid">
                  <Sentence WritingMode="vertical">二　もとの仏領印度支那及びその沿海</Sentence>
                </TableColumn>
                <TableColumn BorderBottom="solid" BorderLeft="solid" BorderRight="solid" BorderTop="solid">
                  <Sentence WritingMode="vertical">昭和十五年九月二十三日から昭和十六年十二月七日まで</Sentence>
                </TableColumn>
              </TableRow>
            </Table>
          </TableStruct>
        </Paragraph>
        <Paragraph Hide="false" Num="2">
          <ParagraphNum>２</ParagraphNum>
          <ParagraphSentence>
            <Sentence WritingMode="vertical">法律第百五十五号附則第四十一条の二第二項に規定する戦地及びその区域が戦地であつた期間は、次の表のとおりとする。</Sentence>
          </ParagraphSentence>
          <TableStruct>
            <Table WritingMode="vertical">
              <TableRow>
                <TableColumn BorderBottom="solid" BorderLeft="solid" BorderRight="solid" BorderTop="solid">
                  <Sentence WritingMode="vertical">区域</Sentence>
                </TableColumn>
                <TableColumn BorderBottom="solid" BorderLeft="solid" BorderRight="solid" BorderTop="solid">
                  <Sentence WritingMode="vertical">期間</Sentence>
                </TableColumn>
              </TableRow>
              <TableRow>
                <TableColumn BorderBottom="solid" BorderLeft="solid" BorderRight="solid" BorderTop="solid">
                  <Sentence WritingMode="vertical">一　中国（満洲及び英国租借地である九龍半島並びに香港を含み、台湾を除く。）</Sentence>
                </TableColumn>
                <TableColumn BorderBottom="solid" BorderLeft="solid" BorderRight="solid" BorderTop="solid" rowspan="16">
                  <Sentence WritingMode="vertical">昭和十六年十二月八日から昭和二十年九月二日まで</Sentence>
                </TableColumn>
              </TableRow>
              <TableRow>
                <TableColumn BorderBottom="solid" BorderLeft="solid" BorderRight="solid" BorderTop="solid">
                  <Sentence WritingMode="vertical">二　南鳥島、もとの日本委任統治領であつた南洋諸島及び新南群島</Sentence>
                </TableColumn>
              </TableRow>
              <TableRow>
                <TableColumn BorderBottom="solid" BorderLeft="solid" BorderRight="solid" BorderTop="solid">
                  <Sentence WritingMode="vertical">三　もとの仏領印度支那</Sentence>
                </TableColumn>
              </TableRow>
              <TableRow>
                <TableColumn BorderBottom="solid" BorderLeft="solid" BorderRight="solid" BorderTop="solid">
                  <Sentence WritingMode="vertical">四　タイ</Sentence>
                </TableColumn>
              </TableRow>
              <TableRow>
                <TableColumn BorderBottom="solid" BorderLeft="solid" BorderRight="solid" BorderTop="solid">
                  <Sentence WritingMode="vertical">五　ビルマ</Sentence>
                </TableColumn>
              </TableRow>
              <TableRow>
                <TableColumn BorderBottom="solid" BorderLeft="solid" BorderRight="solid" BorderTop="solid">
                  <Sentence WritingMode="vertical">六　もとの英領マレイ半島</Sentence>
                </TableColumn>
              </TableRow>
              <TableRow>
                <TableColumn BorderBottom="solid" BorderLeft="solid" BorderRight="solid" BorderTop="solid">
                  <Sentence WritingMode="vertical">七　もとの蘭領東印度諸島</Sentence>
                </TableColumn>
              </TableRow>
              <TableRow>
                <TableColumn BorderBottom="solid" BorderLeft="solid" BorderRight="solid" BorderTop="solid">
                  <Sentence WritingMode="vertical">八　もとの英領ボルネオ</Sentence>
                </TableColumn>
              </TableRow>
              <TableRow>
                <TableColumn BorderBottom="solid" BorderLeft="solid" BorderRight="solid" BorderTop="solid">
                  <Sentence WritingMode="vertical">九　ニユーギニア島</Sentence>
                </TableColumn>
              </TableRow>
              <TableRow>
                <TableColumn BorderBottom="solid" BorderLeft="solid" BorderRight="solid" BorderTop="solid">
                  <Sentence WritingMode="vertical">十　ビスマルク諸島</Sentence>
                </TableColumn>
              </TableRow>
              <TableRow>
                <TableColumn BorderBottom="solid" BorderLeft="solid" BorderRight="solid" BorderTop="solid">
                  <Sentence WritingMode="vertical">十一　オーストラリア</Sentence>
                </TableColumn>
              </TableRow>
              <TableRow>
                <TableColumn BorderBottom="solid" BorderLeft="solid" BorderRight="solid" BorderTop="solid">
                  <Sentence WritingMode="vertical">十二　フイリツピン諸島</Sentence>
                </TableColumn>
              </TableRow>
              <TableRow>
                <TableColumn BorderBottom="solid" BorderLeft="solid" BorderRight="solid" BorderTop="solid">
                  <Sentence WritingMode="vertical">十三　ハワイ諸島</Sentence>
                </TableColumn>
              </TableRow>
              <TableRow>
                <TableColumn BorderBottom="solid" BorderLeft="solid" BorderRight="solid" BorderTop="solid">
                  <Sentence WritingMode="vertical">十四　太平洋上及び印度洋上の島しよ（第十八号、第二十号及び本邦に属する島しよを除く。）</Sentence>
                </TableColumn>
              </TableRow>
              <TableRow>
                <TableColumn BorderBottom="solid" BorderLeft="solid" BorderRight="solid" BorderTop="solid">
                  <Sentence WritingMode="vertical">十五　太平洋</Sentence>
                </TableColumn>
              </TableRow>
              <TableRow>
                <TableColumn BorderBottom="solid" BorderLeft="solid" BorderRight="solid" BorderTop="solid">
                  <Sentence WritingMode="vertical">十六　印度洋</Sentence>
                </TableColumn>
              </TableRow>
              <TableRow>
                <TableColumn BorderBottom="solid" BorderLeft="solid" BorderRight="solid" BorderTop="solid">
                  <Sentence WritingMode="vertical">十七　千島列島</Sentence>
                </TableColumn>
                <TableColumn BorderBottom="solid" BorderLeft="solid" BorderRight="solid" BorderTop="solid">
                  <Sentence WritingMode="vertical">昭和十八年五月十三日から昭和二十年九月二日まで</Sentence>
                </TableColumn>
              </TableRow>
              <TableRow>
                <TableColumn BorderBottom="solid" BorderLeft="solid" BorderRight="solid" BorderTop="solid">
                  <Sentence WritingMode="vertical">十八　小笠原諸島及び硫黄列島</Sentence>
                </TableColumn>
                <TableColumn BorderBottom="solid" BorderLeft="solid" BorderRight="solid" BorderTop="solid">
                  <Sentence WritingMode="vertical">昭和十九年二月一日から昭和二十年九月二日まで</Sentence>
                </TableColumn>
              </TableRow>
              <TableRow>
                <TableColumn BorderBottom="solid" BorderLeft="solid" BorderRight="solid" BorderTop="solid">
                  <Sentence WritingMode="vertical">十九　印度</Sentence>
                </TableColumn>
                <TableColumn BorderBottom="solid" BorderLeft="solid" BorderRight="solid" BorderTop="solid">
                  <Sentence WritingMode="vertical">昭和十九年三月二十日から昭和二十年九月二日まで</Sentence>
                </TableColumn>
              </TableRow>
              <TableRow>
                <TableColumn BorderBottom="solid" BorderLeft="solid" BorderRight="solid" BorderTop="solid">
                  <Sentence WritingMode="vertical">二十　南西諸島</Sentence>
                </TableColumn>
                <TableColumn BorderBottom="solid" BorderLeft="solid" BorderRight="solid" BorderTop="solid">
                  <Sentence WritingMode="vertical">昭和十九年十月十日から昭和二十年九月二日まで</Sentence>
                </TableColumn>
              </TableRow>
              <TableRow>
                <TableColumn BorderBottom="solid" BorderLeft="solid" BorderRight="solid" BorderTop="solid">
                  <Sentence WritingMode="vertical">二十一　樺太</Sentence>
                </TableColumn>
                <TableColumn BorderBottom="solid" BorderLeft="solid" BorderRight="solid" BorderTop="solid">
                  <Sentence WritingMode="vertical">昭和二十年八月九日から昭和二十年九月二日まで</Sentence>
                </TableColumn>
              </TableRow>
              <TableRow>
                <TableColumn BorderBottom="solid" BorderLeft="solid" BorderRight="solid" BorderTop="solid">
                  <Sentence WritingMode="vertical">二十二　北緯三十八度以北の朝鮮</Sentence>
                </TableColumn>
                <TableColumn BorderBottom="solid" BorderLeft="solid" BorderRight="solid" BorderTop="solid">
                  <Sentence WritingMode="vertical">
                  </Sentence>
                </TableColumn>
              </TableRow>
            </Table>
          </TableStruct>
        </Paragraph>
      </Article>
    </MainProvision>
    <SupplProvision>
      <SupplProvisionLabel>附　則</SupplProvisionLabel>
      <Paragraph Hide="false" Num="1">
        <ParagraphNum/>
        <ParagraphSentence>
          <Sentence WritingMode="vertical">この政令は、昭和四十一年十月一日から施行する。</Sentence>
        </ParagraphSentence>
      </Paragraph>
    </SupplProvision>
  </LawBody>
</Law>
