<?xml version="1.0" encoding="UTF-8" standalone="no"?>
<Law DataInfo="200618e80k80m01" Era="Showa" Lang="ja" LawType="CabinetOrder" Num="13" Year="42">
  <LawNum>昭和四十二年政令第十三号</LawNum>
  <LawBody>
    <LawTitle>首都圏近郊緑地保全法施行令</LawTitle>
    <EnactStatement>内閣は、首都圏近郊緑地保全法（昭和四十一年法律第百一号）第六条第九項（同法第七条第五項及び第十一条第二項において準用する場合を含む。）、第八条第四項第二号及び第五号並びに第九条第九項第二号の規定に基づき、この政令を制定する。</EnactStatement>
    <MainProvision>
      <Article Delete="false" Hide="false" Num="1">
        <ArticleCaption>（収用委員会の裁決の申請手続）</ArticleCaption>
        <ArticleTitle>第一条</ArticleTitle>
        <Paragraph Hide="false" Num="1">
          <ParagraphNum/>
          <ParagraphSentence>
            <Sentence WritingMode="vertical">首都圏近郊緑地保全法（以下「法」という。）第六条第九項の規定により土地収用法（昭和二十六年法律第二百十九号）第九十四条第二項の規定による裁決を申請しようとする者は、国土交通省令で定める様式に従い、同条第三項各号（第三号を除く。）に掲げる事項を記載した裁決申請書を収用委員会に提出しなければならない。</Sentence>
          </ParagraphSentence>
        </Paragraph>
      </Article>
      <Article Delete="false" Hide="false" Num="1_2">
        <ArticleCaption>（近郊緑地の保全に影響を及ぼすおそれのある行為）</ArticleCaption>
        <ArticleTitle>第一条の二</ArticleTitle>
        <Paragraph Hide="false" Num="1">
          <ParagraphNum/>
          <ParagraphSentence>
            <Sentence WritingMode="vertical">法第七条第一項第五号の政令で定める行為は、屋外における土石、廃棄物（廃棄物の処理及び清掃に関する法律（昭和四十五年法律第百三十七号）第二条第一項に規定する廃棄物をいう。以下同じ。）又は再生資源（資源の有効な利用の促進に関する法律（平成三年法律第四十八号）第二条第四項に規定する再生資源をいう。以下同じ。）の<Ruby>堆<Rt>たい</Rt>
</Ruby>積とする。</Sentence>
          </ParagraphSentence>
        </Paragraph>
      </Article>
      <Article Delete="false" Hide="false" Num="2">
        <ArticleCaption>（届出を要しない保全区域における通常の管理行為、軽易な行為その他の行為）</ArticleCaption>
        <ArticleTitle>第二条</ArticleTitle>
        <Paragraph Hide="false" Num="1">
          <ParagraphNum/>
          <ParagraphSentence>
            <Sentence WritingMode="vertical">法第七条第四項第三号の政令で定める行為は、次に掲げる行為とする。</Sentence>
          </ParagraphSentence>
          <Item Delete="false" Hide="false" Num="1">
            <ItemTitle>一</ItemTitle>
            <ItemSentence>
              <Sentence WritingMode="vertical">次に掲げる建築物の新築、改築又は増築</Sentence>
            </ItemSentence>
            <Subitem1 Delete="false" Hide="false" Num="1">
              <Subitem1Title>イ</Subitem1Title>
              <Subitem1Sentence>
                <Sentence WritingMode="vertical">地下に設ける建築物の新築、改築又は増築</Sentence>
              </Subitem1Sentence>
            </Subitem1>
            <Subitem1 Delete="false" Hide="false" Num="2">
              <Subitem1Title>ロ</Subitem1Title>
              <Subitem1Sentence>
                <Sentence WritingMode="vertical">建築物の改築又は増築（改築又は増築に係る部分の高さ又は床面積の合計がそれぞれ五メートル又は十平方メートルを超えるものを除く。）</Sentence>
              </Subitem1Sentence>
            </Subitem1>
          </Item>
          <Item Delete="false" Hide="false" Num="2">
            <ItemTitle>二</ItemTitle>
            <ItemSentence>
              <Sentence WritingMode="vertical">次に掲げる工作物（建築物以外の工作物をいう。以下この号において同じ。）の新築、改築又は増築</Sentence>
            </ItemSentence>
            <Subitem1 Delete="false" Hide="false" Num="1">
              <Subitem1Title>イ</Subitem1Title>
              <Subitem1Sentence>
                <Sentence WritingMode="vertical">仮設の工作物の新築、改築又は増築</Sentence>
              </Subitem1Sentence>
            </Subitem1>
            <Subitem1 Delete="false" Hide="false" Num="2">
              <Subitem1Title>ロ</Subitem1Title>
              <Subitem1Sentence>
                <Sentence WritingMode="vertical">地下に設ける工作物の新築、改築又は増築</Sentence>
              </Subitem1Sentence>
            </Subitem1>
            <Subitem1 Delete="false" Hide="false" Num="3">
              <Subitem1Title>ハ</Subitem1Title>
              <Subitem1Sentence>
                <Sentence WritingMode="vertical">次に掲げる屋外広告物（屋外広告物法（昭和二十四年法律第百八十九号）第二条第一項に規定する屋外広告物をいう。以下同じ。）の表示又は掲出のために必要な工作物の新築、改築又は増築</Sentence>
              </Subitem1Sentence>
              <Subitem2 Delete="false" Hide="false" Num="1">
                <Subitem2Title>（１）</Subitem2Title>
                <Subitem2Sentence>
                  <Sentence WritingMode="vertical">国又は地方公共団体が公共的目的をもつて表示し、又は掲出する屋外広告物</Sentence>
                </Subitem2Sentence>
              </Subitem2>
              <Subitem2 Delete="false" Hide="false" Num="2">
                <Subitem2Title>（２）</Subitem2Title>
                <Subitem2Sentence>
                  <Sentence WritingMode="vertical">日常生活に関し必要な事項を表示する標識その他の屋外広告物又は国土交通省令で営業等のためにやむを得ないものとして定める屋外広告物</Sentence>
                </Subitem2Sentence>
              </Subitem2>
            </Subitem1>
            <Subitem1 Delete="false" Hide="false" Num="4">
              <Subitem1Title>ニ</Subitem1Title>
              <Subitem1Sentence>
                <Sentence WritingMode="vertical">電気供給のための電線路、有線電気通信のための線路又は空中線系（その支持物を含む。）の新築、改築又は増築（新築、改築又は増築に係る部分の高さが二十メートルを超えるものを除く。）</Sentence>
              </Subitem1Sentence>
            </Subitem1>
            <Subitem1 Delete="false" Hide="false" Num="5">
              <Subitem1Title>ホ</Subitem1Title>
              <Subitem1Sentence>
                <Sentence WritingMode="vertical">その他の工作物の新築、改築又は増築（新築、改築又は増築に係る部分の高さが五メートルを超えるものを除く。）</Sentence>
              </Subitem1Sentence>
            </Subitem1>
          </Item>
          <Item Delete="false" Hide="false" Num="3">
            <ItemTitle>三</ItemTitle>
            <ItemSentence>
              <Sentence WritingMode="vertical">次に掲げる土地の形質の変更</Sentence>
            </ItemSentence>
            <Subitem1 Delete="false" Hide="false" Num="1">
              <Subitem1Title>イ</Subitem1Title>
              <Subitem1Sentence>
                <Sentence WritingMode="vertical">面積が六十平方メートル以下の土地の形質の変更（高さが五メートルを超える<Ruby>法<Rt>のり</Rt>
</Ruby>を生ずる切土又は盛土を伴うものを除く。）</Sentence>
              </Subitem1Sentence>
            </Subitem1>
            <Subitem1 Delete="false" Hide="false" Num="2">
              <Subitem1Title>ロ</Subitem1Title>
              <Subitem1Sentence>
                <Sentence WritingMode="vertical">地下における土地の形質の変更</Sentence>
              </Subitem1Sentence>
            </Subitem1>
          </Item>
          <Item Delete="false" Hide="false" Num="4">
            <ItemTitle>四</ItemTitle>
            <ItemSentence>
              <Sentence WritingMode="vertical">次に掲げる木竹の伐採</Sentence>
            </ItemSentence>
            <Subitem1 Delete="false" Hide="false" Num="1">
              <Subitem1Title>イ</Subitem1Title>
              <Subitem1Sentence>
                <Sentence WritingMode="vertical">除伐、間伐、整枝その他木竹の保育のために通常行われる木竹の伐採</Sentence>
              </Subitem1Sentence>
            </Subitem1>
            <Subitem1 Delete="false" Hide="false" Num="2">
              <Subitem1Title>ロ</Subitem1Title>
              <Subitem1Sentence>
                <Sentence WritingMode="vertical">枯損した木竹又は危険な木竹の伐採</Sentence>
              </Subitem1Sentence>
            </Subitem1>
            <Subitem1 Delete="false" Hide="false" Num="3">
              <Subitem1Title>ハ</Subitem1Title>
              <Subitem1Sentence>
                <Sentence WritingMode="vertical">自家の生活の用に充てるために必要な木竹の伐採</Sentence>
              </Subitem1Sentence>
            </Subitem1>
            <Subitem1 Delete="false" Hide="false" Num="4">
              <Subitem1Title>ニ</Subitem1Title>
              <Subitem1Sentence>
                <Sentence WritingMode="vertical">仮植した木竹の伐採</Sentence>
              </Subitem1Sentence>
            </Subitem1>
            <Subitem1 Delete="false" Hide="false" Num="5">
              <Subitem1Title>ホ</Subitem1Title>
              <Subitem1Sentence>
                <Sentence WritingMode="vertical">高さが十五メートル以下の独立木（一・五メートルの高さにおける幹の周囲が一・五メートルを超えるものを除く。）の伐採</Sentence>
              </Subitem1Sentence>
            </Subitem1>
            <Subitem1 Delete="false" Hide="false" Num="6">
              <Subitem1Title>ヘ</Subitem1Title>
              <Subitem1Sentence>
                <Sentence WritingMode="vertical">測量、実地調査又は施設の保守の支障となる木竹の伐採</Sentence>
              </Subitem1Sentence>
            </Subitem1>
          </Item>
          <Item Delete="false" Hide="false" Num="5">
            <ItemTitle>五</ItemTitle>
            <ItemSentence>
              <Sentence WritingMode="vertical">面積が六十平方メートル以下の水面の埋立て又は干拓</Sentence>
            </ItemSentence>
          </Item>
          <Item Delete="false" Hide="false" Num="6">
            <ItemTitle>六</ItemTitle>
            <ItemSentence>
              <Sentence WritingMode="vertical">面積が六十平方メートル以下の屋外における土石、廃棄物又は再生資源の<Ruby>堆<Rt>たい</Rt>
</Ruby>積（高さが一・五メートルを超えるものを除く。）</Sentence>
            </ItemSentence>
          </Item>
          <Item Delete="false" Hide="false" Num="7">
            <ItemTitle>七</ItemTitle>
            <ItemSentence>
              <Sentence WritingMode="vertical">前各号に掲げるもののほか、次に掲げる行為</Sentence>
            </ItemSentence>
            <Subitem1 Delete="false" Hide="false" Num="1">
              <Subitem1Title>イ</Subitem1Title>
              <Subitem1Sentence>
                <Sentence WritingMode="vertical">法令又はこれに基づく処分による義務の履行として行う行為</Sentence>
              </Subitem1Sentence>
            </Subitem1>
            <Subitem1 Delete="false" Hide="false" Num="2">
              <Subitem1Title>ロ</Subitem1Title>
              <Subitem1Sentence>
                <Sentence WritingMode="vertical">建築物の存する敷地内で行う行為であり、かつ、次のいずれにも該当しないもの</Sentence>
              </Subitem1Sentence>
              <Subitem2 Delete="false" Hide="false" Num="1">
                <Subitem2Title>（１）</Subitem2Title>
                <Subitem2Sentence>
                  <Sentence WritingMode="vertical">建築物の新築、改築又は増築</Sentence>
                </Subitem2Sentence>
              </Subitem2>
              <Subitem2 Delete="false" Hide="false" Num="2">
                <Subitem2Title>（２）</Subitem2Title>
                <Subitem2Sentence>
                  <Sentence WritingMode="vertical">高さが五メートルを超える木竹の伐採</Sentence>
                </Subitem2Sentence>
              </Subitem2>
              <Subitem2 Delete="false" Hide="false" Num="3">
                <Subitem2Title>（３）</Subitem2Title>
                <Subitem2Sentence>
                  <Sentence WritingMode="vertical">高さが一・五メートルを超える屋外における土石、廃棄物又は再生資源の<Ruby>堆<Rt>たい</Rt>
</Ruby>積</Sentence>
                </Subitem2Sentence>
              </Subitem2>
            </Subitem1>
            <Subitem1 Delete="false" Hide="false" Num="3">
              <Subitem1Title>ハ</Subitem1Title>
              <Subitem1Sentence>
                <Sentence WritingMode="vertical">農業、林業又は漁業（以下「農業等」という。）を営むために行う行為であり、かつ、次のいずれにも該当しないもの</Sentence>
              </Subitem1Sentence>
              <Subitem2 Delete="false" Hide="false" Num="1">
                <Subitem2Title>（１）</Subitem2Title>
                <Subitem2Sentence>
                  <Sentence WritingMode="vertical">建築物の新築、改築又は増築（新築、改築又は増築に係る部分の床面積の合計が九十平方メートル以下の物置、作業小屋その他これらに類する建築物の新築、改築又は増築（以下「特定新築等」という。）を除く。）</Sentence>
                </Subitem2Sentence>
              </Subitem2>
              <Subitem2 Delete="false" Hide="false" Num="2">
                <Subitem2Title>（２）</Subitem2Title>
                <Subitem2Sentence>
                  <Sentence WritingMode="vertical">用排水施設（幅員が二メートル以下の用排水路を除く。）又は幅員が二メートルを超える農道若しくは林道の設置</Sentence>
                </Subitem2Sentence>
              </Subitem2>
              <Subitem2 Delete="false" Hide="false" Num="3">
                <Subitem2Title>（３）</Subitem2Title>
                <Subitem2Sentence>
                  <Sentence WritingMode="vertical">宅地の造成（特定新築等のために必要な最小限度のものを除く。）又は土地の開墾</Sentence>
                </Subitem2Sentence>
              </Subitem2>
              <Subitem2 Delete="false" Hide="false" Num="4">
                <Subitem2Title>（４）</Subitem2Title>
                <Subitem2Sentence>
                  <Sentence WritingMode="vertical">森林の皆伐（林業を営むために行うものを除く。）</Sentence>
                </Subitem2Sentence>
              </Subitem2>
              <Subitem2 Delete="false" Hide="false" Num="5">
                <Subitem2Title>（５）</Subitem2Title>
                <Subitem2Sentence>
                  <Sentence WritingMode="vertical">水面の埋立て又は干拓</Sentence>
                </Subitem2Sentence>
              </Subitem2>
            </Subitem1>
          </Item>
        </Paragraph>
      </Article>
      <Article Delete="false" Hide="false" Num="3">
        <ArticleCaption>（公益性が特に高いと認められる事業の実施に係る行為）</ArticleCaption>
        <ArticleTitle>第三条</ArticleTitle>
        <Paragraph Hide="false" Num="1">
          <ParagraphNum/>
          <ParagraphSentence>
            <Sentence WritingMode="vertical">法第七条第四項第六号の政令で定める行為は、次に掲げる行為とする。</Sentence>
          </ParagraphSentence>
          <Item Delete="false" Hide="false" Num="1">
            <ItemTitle>一</ItemTitle>
            <ItemSentence>
              <Sentence WritingMode="vertical">高速自動車国道若しくは道路法（昭和二十七年法律第百八十号）による自動車専用道路の新設、改築、維持、修繕若しくは災害復旧（これらの道路とこれらの道路以外の道路（道路運送法（昭和二十六年法律第百八十三号）による一般自動車道を除く。）とを連結する施設の新設及び改築を除く。）又は道路法による道路（高速自動車国道及び自動車専用道路を除く。）の改築（小規模の拡幅、舗装、勾配の緩和、線形の改良その他道路の現状に著しい変更を及ぼさないものに限る。）、維持、修繕若しくは災害復旧に係る行為</Sentence>
            </ItemSentence>
          </Item>
          <Item Delete="false" Hide="false" Num="2">
            <ItemTitle>二</ItemTitle>
            <ItemSentence>
              <Sentence WritingMode="vertical">道路運送法による一般自動車道の造設（一般自動車道とこれ以外の道路（高速自動車国道及び道路法による自動車専用道路を除く。）とを連結する施設の造設を除く。）又は管理に係る行為</Sentence>
            </ItemSentence>
          </Item>
          <Item Delete="false" Hide="false" Num="3">
            <ItemTitle>三</ItemTitle>
            <ItemSentence>
              <Sentence WritingMode="vertical">河川法（昭和三十九年法律第百六十七号）第三条第一項に規定する河川又は同法第百条第一項の規定により指定された河川の改良工事の施行又は管理に係る行為</Sentence>
            </ItemSentence>
          </Item>
          <Item Delete="false" Hide="false" Num="4">
            <ItemTitle>四</ItemTitle>
            <ItemSentence>
              <Sentence WritingMode="vertical">独立行政法人水資源機構法（平成十四年法律第百八十二号）第十二条第一項第一号、第二号イ若しくは第三号（水資源開発施設に係る部分に限る。）に規定する業務又は同法附則第四条第一項に規定する業務（これに附帯する業務を除く。）に係る行為（前号に掲げるものを除く。）</Sentence>
            </ItemSentence>
          </Item>
          <Item Delete="false" Hide="false" Num="5">
            <ItemTitle>五</ItemTitle>
            <ItemSentence>
              <Sentence WritingMode="vertical">砂防法（明治三十年法律第二十九号）による砂防工事の施行又は砂防設備の管理（同法に規定する事項が準用されるものを含む。）に係る行為</Sentence>
            </ItemSentence>
          </Item>
          <Item Delete="false" Hide="false" Num="6">
            <ItemTitle>六</ItemTitle>
            <ItemSentence>
              <Sentence WritingMode="vertical">地すべり等防止法（昭和三十三年法律第三十号）による地すべり防止工事の施行又は地すべり防止施設の管理に係る行為</Sentence>
            </ItemSentence>
          </Item>
          <Item Delete="false" Hide="false" Num="7">
            <ItemTitle>七</ItemTitle>
            <ItemSentence>
              <Sentence WritingMode="vertical">森林法（昭和二十六年法律第二百四十九号）第四十一条に規定する保安施設事業の施行に係る行為</Sentence>
            </ItemSentence>
          </Item>
          <Item Delete="false" Hide="false" Num="8">
            <ItemTitle>八</ItemTitle>
            <ItemSentence>
              <Sentence WritingMode="vertical">土地改良法（昭和二十四年法律第百九十五号）による土地改良事業の施行に係る行為（水面の埋立て及び干拓を除く。）</Sentence>
            </ItemSentence>
          </Item>
          <Item Delete="false" Hide="false" Num="9">
            <ItemTitle>九</ItemTitle>
            <ItemSentence>
              <Sentence WritingMode="vertical">地方公共団体又は農業等を営む者が組織する団体が行う農業構造、林業構造又は漁業構造の改善に関し必要な事業の施行に係る行為（水面の埋立て及び干拓を除く。）</Sentence>
            </ItemSentence>
          </Item>
          <Item Delete="false" Hide="false" Num="10">
            <ItemTitle>十</ItemTitle>
            <ItemSentence>
              <Sentence WritingMode="vertical">独立行政法人鉄道建設・運輸施設整備支援機構が行う鉄道施設の建設（駅、操車場、車庫その他これらに類するもの（以下「駅等」という。）の建設を除く。）又は管理に係る行為</Sentence>
            </ItemSentence>
          </Item>
          <Item Delete="false" Hide="false" Num="11">
            <ItemTitle>十一</ItemTitle>
            <ItemSentence>
              <Sentence WritingMode="vertical">鉄道事業法（昭和六十一年法律第九十二号）による鉄道事業者又は索道事業者が行うその鉄道事業又は索道事業で一般の需要に応ずるものの用に供する施設の建設（鉄道事業にあつては、駅等の建設を除く。）又は管理に係る行為</Sentence>
            </ItemSentence>
          </Item>
          <Item Delete="false" Hide="false" Num="12">
            <ItemTitle>十二</ItemTitle>
            <ItemSentence>
              <Sentence WritingMode="vertical">軌道法（大正十年法律第七十六号）による軌道の敷設（駅等の建設を除く。）又は管理に係る行為</Sentence>
            </ItemSentence>
          </Item>
          <Item Delete="false" Hide="false" Num="13">
            <ItemTitle>十三</ItemTitle>
            <ItemSentence>
              <Sentence WritingMode="vertical">石油パイプライン事業法（昭和四十七年法律第百五号）による石油パイプライン事業の用に供する導管の設置又は管理に係る行為</Sentence>
            </ItemSentence>
          </Item>
          <Item Delete="false" Hide="false" Num="14">
            <ItemTitle>十四</ItemTitle>
            <ItemSentence>
              <Sentence WritingMode="vertical">海岸法（昭和三十一年法律第百一号）による海岸保全施設に関する工事の施行又は海岸保全施設の管理に係る行為</Sentence>
            </ItemSentence>
          </Item>
          <Item Delete="false" Hide="false" Num="15">
            <ItemTitle>十五</ItemTitle>
            <ItemSentence>
              <Sentence WritingMode="vertical">津波防災地域づくりに関する法律（平成二十三年法律第百二十三号）による津波防護施設に関する工事の施行又は津波防護施設の管理に係る行為</Sentence>
            </ItemSentence>
          </Item>
          <Item Delete="false" Hide="false" Num="16">
            <ItemTitle>十六</ItemTitle>
            <ItemSentence>
              <Sentence WritingMode="vertical">航路標識法（昭和二十四年法律第九十九号）による航路標識の設置又は管理に係る行為</Sentence>
            </ItemSentence>
          </Item>
          <Item Delete="false" Hide="false" Num="17">
            <ItemTitle>十七</ItemTitle>
            <ItemSentence>
              <Sentence WritingMode="vertical">港則法（昭和二十三年法律第百七十四号）による信号所の設置又は管理に係る行為</Sentence>
            </ItemSentence>
          </Item>
          <Item Delete="false" Hide="false" Num="18">
            <ItemTitle>十八</ItemTitle>
            <ItemSentence>
              <Sentence WritingMode="vertical">航空法（昭和二十七年法律第二百三十一号）による航空保安施設で公共の用に供するもの又は同法第九十六条に規定する指示に関する業務の用に供するレーダーの設置又は管理に係る行為</Sentence>
            </ItemSentence>
          </Item>
          <Item Delete="false" Hide="false" Num="19">
            <ItemTitle>十九</ItemTitle>
            <ItemSentence>
              <Sentence WritingMode="vertical">気象、海象、地象又は洪水その他これに類する現象の観測又は通報の用に供する施設の設置又は管理に係る行為</Sentence>
            </ItemSentence>
          </Item>
          <Item Delete="false" Hide="false" Num="20">
            <ItemTitle>二十</ItemTitle>
            <ItemSentence>
              <Sentence WritingMode="vertical">国又は地方公共団体が行う有線電気通信設備又は無線設備の設置又は管理に係る行為</Sentence>
            </ItemSentence>
          </Item>
          <Item Delete="false" Hide="false" Num="21">
            <ItemTitle>二十一</ItemTitle>
            <ItemSentence>
              <Sentence WritingMode="vertical">電気通信事業法（昭和五十九年法律第八十六号）第百二十条第一項に規定する認定電気通信事業者が行う同項に規定する認定電気通信事業の用に供する設備の設置又は管理に係る行為</Sentence>
            </ItemSentence>
          </Item>
          <Item Delete="false" Hide="false" Num="22">
            <ItemTitle>二十二</ItemTitle>
            <ItemSentence>
              <Sentence WritingMode="vertical">放送法（昭和二十五年法律第百三十二号）による基幹放送の用に供する放送設備の設置又は管理に係る行為</Sentence>
            </ItemSentence>
          </Item>
          <Item Delete="false" Hide="false" Num="23">
            <ItemTitle>二十三</ItemTitle>
            <ItemSentence>
              <Sentence WritingMode="vertical">電気事業法（昭和三十九年法律第百七十号）による電気事業の用に供する電気工作物の設置（発電の用に供する電気工作物の設置を除く。）又は管理に係る行為</Sentence>
            </ItemSentence>
          </Item>
          <Item Delete="false" Hide="false" Num="24">
            <ItemTitle>二十四</ItemTitle>
            <ItemSentence>
              <Sentence WritingMode="vertical">ガス事業法（昭和二十九年法律第五十一号）によるガス工作物の設置（液化石油ガス以外の原料を主原料とするガスの製造の用に供するガス工作物の設置を除く。）又は管理に係る行為</Sentence>
            </ItemSentence>
          </Item>
          <Item Delete="false" Hide="false" Num="25">
            <ItemTitle>二十五</ItemTitle>
            <ItemSentence>
              <Sentence WritingMode="vertical">水道法（昭和三十二年法律第百七十七号）による水道事業若しくは水道用水供給事業若しくは工業用水道事業法（昭和三十三年法律第八十四号）による工業用水道事業の用に供する水管、水路若しくは配水池、下水道法（昭和三十三年法律第七十九号）による下水道の排水管又はこれらの施設を補完するために設けられるポンプ施設の設置又は管理に係る行為</Sentence>
            </ItemSentence>
          </Item>
          <Item Delete="false" Hide="false" Num="26">
            <ItemTitle>二十六</ItemTitle>
            <ItemSentence>
              <Sentence WritingMode="vertical">警察署の派出所若しくは駐在所又は道路交通法（昭和三十五年法律第百五号）による信号機の設置又は管理に係る行為</Sentence>
            </ItemSentence>
          </Item>
          <Item Delete="false" Hide="false" Num="27">
            <ItemTitle>二十七</ItemTitle>
            <ItemSentence>
              <Sentence WritingMode="vertical">市町村が行う消防法（昭和二十三年法律第百八十六号）による消防の用に供する施設の設置又は管理に係る行為</Sentence>
            </ItemSentence>
          </Item>
          <Item Delete="false" Hide="false" Num="28">
            <ItemTitle>二十八</ItemTitle>
            <ItemSentence>
              <Sentence WritingMode="vertical">都県又は水防法（昭和二十四年法律第百九十三号）による水防管理団体が行う水防の用に供する施設の設置又は管理に係る行為</Sentence>
            </ItemSentence>
          </Item>
          <Item Delete="false" Hide="false" Num="29">
            <ItemTitle>二十九</ItemTitle>
            <ItemSentence>
              <Sentence WritingMode="vertical">文化財保護法（昭和二十五年法律第二百十四号）第二十七条第一項の規定により指定された重要文化財、同法第七十八条第一項の規定により指定された重要有形民俗文化財、同法第九十二条第一項に規定する埋蔵文化財、同法第百九条第一項の規定により指定され、若しくは同法第百十条第一項の規定により仮指定された史跡名勝天然記念物又は同法第百四十三条第一項若しくは第二項の規定により定められた伝統的建造物群保存地区内に所在する伝統的建造物群の保存に係る行為</Sentence>
            </ItemSentence>
          </Item>
          <Item Delete="false" Hide="false" Num="30">
            <ItemTitle>三十</ItemTitle>
            <ItemSentence>
              <Sentence WritingMode="vertical">地域における歴史的風致の維持及び向上に関する法律（平成二十年法律第四十号）第十二条第一項の規定により指定された歴史的風致形成建造物の保存に係る行為</Sentence>
            </ItemSentence>
          </Item>
          <Item Delete="false" Hide="false" Num="31">
            <ItemTitle>三十一</ItemTitle>
            <ItemSentence>
              <Sentence WritingMode="vertical">景観法（平成十六年法律第百十号）第十九条第一項の規定により指定された景観重要建造物の保存に係る行為</Sentence>
            </ItemSentence>
          </Item>
          <Item Delete="false" Hide="false" Num="32">
            <ItemTitle>三十二</ItemTitle>
            <ItemSentence>
              <Sentence WritingMode="vertical">都市公園法（昭和三十一年法律第七十九号）による都市公園又は公園施設の設置又は管理に係る行為</Sentence>
            </ItemSentence>
          </Item>
          <Item Delete="false" Hide="false" Num="33">
            <ItemTitle>三十三</ItemTitle>
            <ItemSentence>
              <Sentence WritingMode="vertical">自然公園法（昭和三十二年法律第百六十一号）による公園事業又は都県立自然公園のこれに相当する事業の執行に係る行為</Sentence>
            </ItemSentence>
          </Item>
          <Item Delete="false" Hide="false" Num="34">
            <ItemTitle>三十四</ItemTitle>
            <ItemSentence>
              <Sentence WritingMode="vertical">都市計画法（昭和四十三年法律第百号）第四条第十五項に規定する都市計画事業の施行として行う行為</Sentence>
            </ItemSentence>
          </Item>
        </Paragraph>
      </Article>
      <Article Delete="false" Hide="false" Num="4">
        <ArticleCaption>（国庫補助金の額）</ArticleCaption>
        <ArticleTitle>第四条</ArticleTitle>
        <Paragraph Hide="false" Num="1">
          <ParagraphNum/>
          <ParagraphSentence>
            <Sentence WritingMode="vertical">法第十七条第二項の規定による国の都県及び市町村に対する補助金の額は、同項に規定する損失の補償又は土地の買入れに要する費用の額に十分の五・五を乗じて得た額とする。</Sentence>
          </ParagraphSentence>
        </Paragraph>
      </Article>
    </MainProvision>
    <SupplProvision Extract="true">
      <SupplProvisionLabel>附　則</SupplProvisionLabel>
      <Paragraph Hide="false" Num="1">
        <ParagraphCaption>（施行期日）</ParagraphCaption>
        <ParagraphNum>１</ParagraphNum>
        <ParagraphSentence>
          <Sentence WritingMode="vertical">この政令は、公布の日から施行する。</Sentence>
        </ParagraphSentence>
      </Paragraph>
    </SupplProvision>
    <SupplProvision AmendLawNum="昭和四四年六月一三日政令第一五八号" Extract="true">
      <SupplProvisionLabel>附　則</SupplProvisionLabel>
      <Article Delete="false" Hide="false" Num="1">
        <ArticleCaption>（施行期日）</ArticleCaption>
        <ArticleTitle>第一条</ArticleTitle>
        <Paragraph Hide="false" Num="1">
          <ParagraphNum/>
          <ParagraphSentence>
            <Sentence WritingMode="vertical">この政令は、法の施行の日（昭和四十四年六月十四日）から施行する。</Sentence>
          </ParagraphSentence>
        </Paragraph>
      </Article>
    </SupplProvision>
    <SupplProvision AmendLawNum="昭和四七年一二月二一日政令第四三七号" Extract="true">
      <SupplProvisionLabel>附　則</SupplProvisionLabel>
      <Paragraph Hide="false" Num="1">
        <ParagraphCaption>（施行期日）</ParagraphCaption>
        <ParagraphNum>１</ParagraphNum>
        <ParagraphSentence>
          <Sentence WritingMode="vertical">この政令は、法の施行の日（昭和四十七年十二月二十五日）から施行する。</Sentence>
        </ParagraphSentence>
      </Paragraph>
    </SupplProvision>
    <SupplProvision AmendLawNum="昭和四九年一月一〇日政令第三号" Extract="true">
      <SupplProvisionLabel>附　則</SupplProvisionLabel>
      <Paragraph Hide="false" Num="1">
        <ParagraphCaption>（施行期日）</ParagraphCaption>
        <ParagraphNum>１</ParagraphNum>
        <ParagraphSentence>
          <Sentence WritingMode="vertical">この政令は、法の施行の日（昭和四十九年二月一日）から施行する。</Sentence>
        </ParagraphSentence>
      </Paragraph>
    </SupplProvision>
    <SupplProvision AmendLawNum="昭和四九年六月二六日政令第二二五号" Extract="true">
      <SupplProvisionLabel>附　則</SupplProvisionLabel>
      <Article Delete="false" Hide="false" Num="1">
        <ArticleCaption>（施行期日）</ArticleCaption>
        <ArticleTitle>第一条</ArticleTitle>
        <Paragraph Hide="false" Num="1">
          <ParagraphNum/>
          <ParagraphSentence>
            <Sentence WritingMode="vertical">この政令は、国土庁設置法の施行の日から施行する。</Sentence>
          </ParagraphSentence>
        </Paragraph>
      </Article>
    </SupplProvision>
    <SupplProvision AmendLawNum="昭和五〇年一月九日政令第二号" Extract="true">
      <SupplProvisionLabel>附　則</SupplProvisionLabel>
      <Paragraph Hide="false" Num="1">
        <ParagraphCaption>（施行期日）</ParagraphCaption>
        <ParagraphNum>１</ParagraphNum>
        <ParagraphSentence>
          <Sentence WritingMode="vertical">この政令は、都市計画法及び建築基準法の一部を改正する法律（昭和四十九年法律第六十七号）の施行の日（昭和五十年四月一日）から施行する。</Sentence>
        </ParagraphSentence>
      </Paragraph>
    </SupplProvision>
    <SupplProvision AmendLawNum="昭和五〇年九月三〇日政令第二九三号" Extract="true">
      <SupplProvisionLabel>附　則</SupplProvisionLabel>
      <Paragraph Hide="false" Num="1">
        <ParagraphNum/>
        <ParagraphSentence>
          <Sentence WritingMode="vertical">この政令は、昭和五十年十月一日から施行する。</Sentence>
        </ParagraphSentence>
      </Paragraph>
    </SupplProvision>
    <SupplProvision AmendLawNum="昭和五〇年一〇月二四日政令第三〇六号" Extract="true">
      <SupplProvisionLabel>附　則</SupplProvisionLabel>
      <Article Delete="false" Hide="false" Num="1">
        <ArticleCaption>（施行期日）</ArticleCaption>
        <ArticleTitle>第一条</ArticleTitle>
        <Paragraph Hide="false" Num="1">
          <ParagraphNum/>
          <ParagraphSentence>
            <Sentence WritingMode="vertical">この政令は、法の施行の日（昭和五十年十一月一日）から施行する。</Sentence>
          </ParagraphSentence>
        </Paragraph>
      </Article>
    </SupplProvision>
    <SupplProvision AmendLawNum="昭和五六年四月二四日政令第一四四号" Extract="true">
      <SupplProvisionLabel>附　則</SupplProvisionLabel>
      <Paragraph Hide="false" Num="1">
        <ParagraphCaption>（施行期日）</ParagraphCaption>
        <ParagraphNum>１</ParagraphNum>
        <ParagraphSentence>
          <Sentence WritingMode="vertical">この政令は、都市計画法及び建築基準法の一部を改正する法律（昭和五十五年法律第三十五号）の施行の日（昭和五十六年四月二十五日）から施行する。</Sentence>
        </ParagraphSentence>
      </Paragraph>
    </SupplProvision>
    <SupplProvision AmendLawNum="昭和六〇年三月一五日政令第三一号" Extract="true">
      <SupplProvisionLabel>附　則</SupplProvisionLabel>
      <Article Delete="false" Hide="false" Num="1">
        <ArticleCaption>（施行期日）</ArticleCaption>
        <ArticleTitle>第一条</ArticleTitle>
        <Paragraph Hide="false" Num="1">
          <ParagraphNum/>
          <ParagraphSentence>
            <Sentence WritingMode="vertical">この政令は、昭和六十年四月一日から施行する。</Sentence>
          </ParagraphSentence>
        </Paragraph>
      </Article>
    </SupplProvision>
    <SupplProvision AmendLawNum="昭和六二年三月二〇日政令第五四号" Extract="true">
      <SupplProvisionLabel>附　則</SupplProvisionLabel>
      <Article Delete="false" Hide="false" Num="1">
        <ArticleCaption>（施行期日）</ArticleCaption>
        <ArticleTitle>第一条</ArticleTitle>
        <Paragraph Hide="false" Num="1">
          <ParagraphNum/>
          <ParagraphSentence>
            <Sentence WritingMode="vertical">この政令は、昭和六十二年四月一日から施行する。</Sentence>
          </ParagraphSentence>
        </Paragraph>
      </Article>
    </SupplProvision>
    <SupplProvision AmendLawNum="平成一二年六月七日政令第三一二号" Extract="true">
      <SupplProvisionLabel>附　則</SupplProvisionLabel>
      <Paragraph Hide="false" Num="1">
        <ParagraphCaption>（施行期日）</ParagraphCaption>
        <ParagraphNum>１</ParagraphNum>
        <ParagraphSentence>
          <Sentence WritingMode="vertical">この政令は、内閣法の一部を改正する法律（平成十一年法律第八十八号）の施行の日（平成十三年一月六日）から施行する。</Sentence>
        </ParagraphSentence>
      </Paragraph>
    </SupplProvision>
    <SupplProvision AmendLawNum="平成一三年八月八日政令第二六三号">
      <SupplProvisionLabel>附　則</SupplProvisionLabel>
      <Paragraph Hide="false" Num="1">
        <ParagraphCaption>（施行期日）</ParagraphCaption>
        <ParagraphNum>１</ParagraphNum>
        <ParagraphSentence>
          <Sentence WritingMode="vertical">この政令は、平成十三年八月二十四日から施行する。</Sentence>
        </ParagraphSentence>
      </Paragraph>
      <Paragraph Hide="false" Num="2">
        <ParagraphCaption>（経過措置）</ParagraphCaption>
        <ParagraphNum>２</ParagraphNum>
        <ParagraphSentence>
          <Sentence WritingMode="vertical">改正後の首都圏近郊緑地保全法施行令第一条の二に規定する行為であってこの政令の施行の際既に着手していたものについては、首都圏近郊緑地保全法第八条第一項及び第三項の規定は、適用しない。</Sentence>
        </ParagraphSentence>
      </Paragraph>
    </SupplProvision>
    <SupplProvision AmendLawNum="平成一五年六月二七日政令第二九三号" Extract="true">
      <SupplProvisionLabel>附　則</SupplProvisionLabel>
      <Article Delete="false" Hide="false" Num="1">
        <ArticleCaption>（施行期日）</ArticleCaption>
        <ArticleTitle>第一条</ArticleTitle>
        <Paragraph Hide="false" Num="1">
          <ParagraphNum/>
          <ParagraphSentence>
            <Sentence WritingMode="vertical">この政令は、平成十五年十月一日から施行する。</Sentence>
          </ParagraphSentence>
        </Paragraph>
      </Article>
    </SupplProvision>
    <SupplProvision AmendLawNum="平成一五年七月二四日政令第三二九号" Extract="true">
      <SupplProvisionLabel>附　則</SupplProvisionLabel>
      <Article Delete="false" Hide="false" Num="1">
        <ArticleCaption>（施行期日）</ArticleCaption>
        <ArticleTitle>第一条</ArticleTitle>
        <Paragraph Hide="false" Num="1">
          <ParagraphNum/>
          <ParagraphSentence>
            <Sentence Function="main" Num="1" WritingMode="vertical">この政令は、公布の日から施行する。</Sentence>
            <Sentence Function="proviso" Num="2" WritingMode="vertical">ただし、附則第八条から第四十三条までの規定及び附則第四十四条の規定（国土交通省組織令（平成十二年政令第二百五十五号）第七十八条第四号の改正規定に係る部分に限る。）は、平成十五年十月一日から施行する。</Sentence>
          </ParagraphSentence>
        </Paragraph>
      </Article>
    </SupplProvision>
    <SupplProvision AmendLawNum="平成一六年三月二四日政令第五九号" Extract="true">
      <SupplProvisionLabel>附　則</SupplProvisionLabel>
      <Paragraph Hide="false" Num="1">
        <ParagraphNum/>
        <ParagraphSentence>
          <Sentence WritingMode="vertical">この政令は、電気通信事業法及び日本電信電話株式会社等に関する法律の一部を改正する法律附則第一条第三号に掲げる規定の施行の日（平成十六年四月一日）から施行する。</Sentence>
        </ParagraphSentence>
      </Paragraph>
    </SupplProvision>
    <SupplProvision AmendLawNum="平成一六年一二月一五日政令第三九六号" Extract="true">
      <SupplProvisionLabel>附　則</SupplProvisionLabel>
      <Article Delete="false" Hide="false" Num="1">
        <ArticleCaption>（施行期日）</ArticleCaption>
        <ArticleTitle>第一条</ArticleTitle>
        <Paragraph Hide="false" Num="1">
          <ParagraphNum/>
          <ParagraphSentence>
            <Sentence WritingMode="vertical">この政令は、都市緑地保全法等の一部を改正する法律（以下「改正法」という。）の施行の日（平成十六年十二月十七日。以下「施行日」という。）から施行する。</Sentence>
          </ParagraphSentence>
        </Paragraph>
      </Article>
      <Article Delete="false" Hide="false" Num="4">
        <ArticleCaption>（処分、手続等の効力に関する経過措置）</ArticleCaption>
        <ArticleTitle>第四条</ArticleTitle>
        <Paragraph Hide="false" Num="1">
          <ParagraphNum/>
          <ParagraphSentence>
            <Sentence WritingMode="vertical">改正法附則第二条から第五条まで及び前二条に規定するもののほか、施行日前に改正法による改正前のそれぞれの法律又はこの政令による改正前のそれぞれの政令の規定によってした処分、手続その他の行為であって、改正法による改正後のそれぞれの法律又はこの政令による改正後のそれぞれの政令に相当の規定があるものは、これらの規定によってした処分、手続その他の行為とみなす。</Sentence>
          </ParagraphSentence>
        </Paragraph>
      </Article>
    </SupplProvision>
    <SupplProvision AmendLawNum="平成一六年一二月一五日政令第三九九号" Extract="true">
      <SupplProvisionLabel>附　則</SupplProvisionLabel>
      <Article Delete="false" Hide="false" Num="1">
        <ArticleCaption>（施行期日）</ArticleCaption>
        <ArticleTitle>第一条</ArticleTitle>
        <Paragraph Hide="false" Num="1">
          <ParagraphNum/>
          <ParagraphSentence>
            <Sentence WritingMode="vertical">この政令は、景観法の施行の日（平成十六年十二月十七日）から施行する。</Sentence>
          </ParagraphSentence>
        </Paragraph>
      </Article>
    </SupplProvision>
    <SupplProvision AmendLawNum="平成一六年一二月二七日政令第四二二号" Extract="true">
      <SupplProvisionLabel>附　則</SupplProvisionLabel>
      <Paragraph Hide="false" Num="1">
        <ParagraphNum/>
        <ParagraphSentence>
          <Sentence WritingMode="vertical">この政令は、平成十七年四月一日から施行する。</Sentence>
        </ParagraphSentence>
      </Paragraph>
    </SupplProvision>
    <SupplProvision AmendLawNum="平成二〇年一〇月三一日政令第三三八号" Extract="true">
      <SupplProvisionLabel>附　則</SupplProvisionLabel>
      <Paragraph Hide="false" Num="1">
        <ParagraphCaption>（施行期日）</ParagraphCaption>
        <ParagraphNum>１</ParagraphNum>
        <ParagraphSentence>
          <Sentence WritingMode="vertical">この政令は、地域における歴史的風致の維持及び向上に関する法律の施行の日（平成二十年十一月四日）から施行する。</Sentence>
        </ParagraphSentence>
      </Paragraph>
    </SupplProvision>
    <SupplProvision AmendLawNum="平成二三年六月二四日政令第一八一号" Extract="true">
      <SupplProvisionLabel>附　則</SupplProvisionLabel>
      <Article Delete="false" Hide="false" Num="1">
        <ArticleCaption>（施行期日）</ArticleCaption>
        <ArticleTitle>第一条</ArticleTitle>
        <Paragraph Hide="false" Num="1">
          <ParagraphNum/>
          <ParagraphSentence>
            <Sentence WritingMode="vertical">この政令は、放送法等の一部を改正する法律（平成二十二年法律第六十五号。以下「放送法等改正法」という。）の施行の日（平成二十三年六月三十日。以下「施行日」という。）から施行する。</Sentence>
          </ParagraphSentence>
        </Paragraph>
      </Article>
      <Article Delete="false" Hide="false" Num="4">
        <ArticleCaption>（首都圏近郊緑地保全法施行令の一部改正に伴う経過措置）</ArticleCaption>
        <ArticleTitle>第四条</ArticleTitle>
        <Paragraph Hide="false" Num="1">
          <ParagraphNum/>
          <ParagraphSentence>
            <Sentence WritingMode="vertical">放送法等改正法附則第七条の規定により放送法等改正法附則第二条の規定による廃止前の有線放送電話に関する法律（昭和三十二年法律第百五十二号。以下「旧有線放送電話法」という。）の規定の適用についてなお従前の例によることとされる旧有線放送電話法第三条の許可を受けている者が行う有線放送電話業務の用に供する設備の設置又は管理に係る行為については、第十七条の規定による改正後の首都圏近郊緑地保全法施行令第三条の規定にかかわらず、なお従前の例による。</Sentence>
          </ParagraphSentence>
        </Paragraph>
      </Article>
    </SupplProvision>
    <SupplProvision AmendLawNum="平成二三年一二月二六日政令第四二七号">
      <SupplProvisionLabel>附　則</SupplProvisionLabel>
      <Paragraph Hide="false" Num="1">
        <ParagraphNum/>
        <ParagraphSentence>
          <Sentence WritingMode="vertical">この政令は、津波防災地域づくりに関する法律の施行の日（平成二十三年十二月二十七日）から施行する。</Sentence>
        </ParagraphSentence>
      </Paragraph>
    </SupplProvision>
  </LawBody>
</Law>
