<?xml version="1.0" encoding="UTF-8" standalone="no"?>
<Law Era="Showa" Lang="ja" LawType="Act" Num="41" Year="46">
  <LawNum>昭和四十六年法律第四十一号</LawNum>
  <LawBody>
    <LawTitle>刑事訴訟費用等に関する法律</LawTitle>
    <MainProvision>
      <Article Delete="false" Hide="false" Num="1">
        <ArticleCaption>（趣旨）</ArticleCaption>
        <ArticleTitle>第一条</ArticleTitle>
        <Paragraph Hide="false" Num="1">
          <ParagraphNum/>
          <ParagraphSentence>
            <Sentence WritingMode="vertical">刑事の手続における訴訟費用の範囲及び裁判所又は裁判官が行なう刑事の手続における証人、鑑定人、通訳人若しくは翻訳人（以下「証人等」と総称する。）又は弁護人に対する給付については、他の法令に定めるもののほか、この法律の定めるところによる。</Sentence>
          </ParagraphSentence>
        </Paragraph>
      </Article>
      <Article Delete="false" Hide="false" Num="2">
        <ArticleCaption>（訴訟費用の範囲）</ArticleCaption>
        <ArticleTitle>第二条</ArticleTitle>
        <Paragraph Hide="false" Num="1">
          <ParagraphNum/>
          <ParagraphSentence>
            <Sentence WritingMode="vertical">刑事の手続における訴訟費用は、次に掲げるものとする。</Sentence>
          </ParagraphSentence>
          <Item Delete="false" Hide="false" Num="1">
            <ItemTitle>一</ItemTitle>
            <ItemSentence>
              <Sentence WritingMode="vertical">公判期日若しくは公判準備につき出頭させ、又は公判期日若しくは公判準備において取り調べた証人等に支給すべき旅費、日当及び宿泊料</Sentence>
            </ItemSentence>
          </Item>
          <Item Delete="false" Hide="false" Num="2">
            <ItemTitle>二</ItemTitle>
            <ItemSentence>
              <Sentence WritingMode="vertical">公判期日又は公判準備において鑑定、通訳又は翻訳をさせた鑑定人、通訳人又は翻訳人に支給すべき鑑定料、通訳料又は翻訳料及び支払い、又は償還すべき費用</Sentence>
            </ItemSentence>
          </Item>
          <Item Delete="false" Hide="false" Num="3">
            <ItemTitle>三</ItemTitle>
            <ItemSentence>
              <Sentence WritingMode="vertical">刑事訴訟法（昭和二十三年法律第百三十一号）第三十八条第二項の規定により弁護人に支給すべき旅費、日当、宿泊料及び報酬</Sentence>
            </ItemSentence>
          </Item>
        </Paragraph>
      </Article>
      <Article Delete="false" Hide="false" Num="3">
        <ArticleCaption>（証人等の旅費）</ArticleCaption>
        <ArticleTitle>第三条</ArticleTitle>
        <Paragraph Hide="false" Num="1">
          <ParagraphNum/>
          <ParagraphSentence>
            <Sentence WritingMode="vertical">証人等の旅費は、鉄道賃、船賃、路程賃及び航空賃の四種とし、鉄道賃は鉄道の便のある区間の陸路旅行に、船賃は船舶の便のある区間の水路旅行に、路程賃は鉄道の便のない区間の陸路旅行又は船舶の便のない区間の水路旅行に、航空賃は航空機を利用すべき特別の事由がある場合における航空旅行について支給する。</Sentence>
          </ParagraphSentence>
        </Paragraph>
        <Paragraph Hide="false" Num="2">
          <ParagraphNum>２</ParagraphNum>
          <ParagraphSentence>
            <Sentence WritingMode="vertical">鉄道賃及び船賃は旅行区間の路程に応ずる旅客運賃（はしけ賃及びさん橋賃を含むものとし、運賃に等級を設ける線路又は船舶による旅行の場合には、運賃の等級を三階級に区分するものについては中級以下で裁判所が相当と認める等級の、運賃の等級を二階級に区分するものについては裁判所が相当と認める等級の運賃）、急行料金（特別急行列車を運行する線路のある区間の旅行で片道百キロメートル以上のものには特別急行料金、普通急行列車又は準急行列車を運行する線路のある区間の旅行で片道五十キロメートル以上のものには普通急行料金又は準急行料金）並びに裁判所が支給を相当と認める特別車両料金及び特別船室料金並びに座席指定料金（座席指定料金を徴する普通急行列車を運行する線路のある区間の旅行で片道百キロメートル以上のもの又は座席指定料金を徴する船舶を運行する航路のある区間の旅行の場合の座席指定料金に限る。）によつて、路程賃は最高裁判所が定める額の範囲内において裁判所が定める額によつて、航空賃は現に支払つた旅客運賃によつて、それぞれ算定する。</Sentence>
          </ParagraphSentence>
        </Paragraph>
      </Article>
      <Article Delete="false" Hide="false" Num="4">
        <ArticleCaption>（証人等の日当）</ArticleCaption>
        <ArticleTitle>第四条</ArticleTitle>
        <Paragraph Hide="false" Num="1">
          <ParagraphNum/>
          <ParagraphSentence>
            <Sentence WritingMode="vertical">証人等の日当は、出頭又は取調べ及びそれらのための旅行（以下「出頭等」という。）に必要な日数に応じて支給する。</Sentence>
          </ParagraphSentence>
        </Paragraph>
        <Paragraph Hide="false" Num="2">
          <ParagraphNum>２</ParagraphNum>
          <ParagraphSentence>
            <Sentence WritingMode="vertical">日当の額は、最高裁判所が定める額の範囲内において、裁判所が定める。</Sentence>
          </ParagraphSentence>
        </Paragraph>
      </Article>
      <Article Delete="false" Hide="false" Num="5">
        <ArticleCaption>（証人等の宿泊料）</ArticleCaption>
        <ArticleTitle>第五条</ArticleTitle>
        <Paragraph Hide="false" Num="1">
          <ParagraphNum/>
          <ParagraphSentence>
            <Sentence WritingMode="vertical">証人等の宿泊料は、出頭等に必要な夜数に応じて支給する。</Sentence>
          </ParagraphSentence>
        </Paragraph>
        <Paragraph Hide="false" Num="2">
          <ParagraphNum>２</ParagraphNum>
          <ParagraphSentence>
            <Sentence WritingMode="vertical">宿泊料の額は、最高裁判所が宿泊地を区分して定める額の範囲内において、裁判所が定める。</Sentence>
          </ParagraphSentence>
        </Paragraph>
      </Article>
      <Article Delete="false" Hide="false" Num="6">
        <ArticleCaption>（証人等の本邦と外国との間の旅行に係る旅費等の額）</ArticleCaption>
        <ArticleTitle>第六条</ArticleTitle>
        <Paragraph Hide="false" Num="1">
          <ParagraphNum/>
          <ParagraphSentence>
            <Sentence WritingMode="vertical">証人等の本邦（国家公務員等の旅費に関する法律（昭和二十五年法律第百十四号）第二条第一項第四号に規定する本邦をいう。以下同じ。）と外国（本邦以外の領域（公海を含む。）をいう。）との間の旅行に係る旅費、日当及び宿泊料の額については、前三条に規定する基準を参酌して、裁判所が相当と認めるところによる。</Sentence>
          </ParagraphSentence>
        </Paragraph>
      </Article>
      <Article Delete="false" Hide="false" Num="7">
        <ArticleCaption>（鑑定料等）</ArticleCaption>
        <ArticleTitle>第七条</ArticleTitle>
        <Paragraph Hide="false" Num="1">
          <ParagraphNum/>
          <ParagraphSentence>
            <Sentence WritingMode="vertical">鑑定人、通訳人又は翻訳人に支給すべき鑑定料、通訳料又は翻訳料及び支払い、又は償還すべき費用の額は、裁判所が相当と認めるところによる。</Sentence>
          </ParagraphSentence>
        </Paragraph>
      </Article>
      <Article Delete="false" Hide="false" Num="8">
        <ArticleCaption>（弁護人の旅費、報酬等）</ArticleCaption>
        <ArticleTitle>第八条</ArticleTitle>
        <Paragraph Hide="false" Num="1">
          <ParagraphNum/>
          <ParagraphSentence>
            <Sentence Function="main" Num="1" WritingMode="vertical">刑事訴訟法第三十八条第二項の規定により弁護人に支給すべき旅費、日当及び宿泊料については、第三条から第五条までの規定を準用する。</Sentence>
            <Sentence Function="proviso" Num="2" WritingMode="vertical">ただし、弁護人が期日に出頭し、又は取調べ若しくは処分に立ち会つた場合に限るものとし、旅費のうち船賃の算定に係る運賃の等級については、裁判所が相当と認めるところによる。</Sentence>
          </ParagraphSentence>
        </Paragraph>
        <Paragraph Hide="false" Num="2">
          <ParagraphNum>２</ParagraphNum>
          <ParagraphSentence>
            <Sentence WritingMode="vertical">刑事訴訟法第三十八条第二項の規定により弁護人に支給すべき報酬の額は、裁判所が相当と認めるところによる。</Sentence>
          </ParagraphSentence>
        </Paragraph>
      </Article>
      <Article Delete="false" Hide="false" Num="9">
        <ArticleCaption>（旅費等の計算）</ArticleCaption>
        <ArticleTitle>第九条</ArticleTitle>
        <Paragraph Hide="false" Num="1">
          <ParagraphNum/>
          <ParagraphSentence>
            <Sentence Function="main" Num="1" WritingMode="vertical">旅費（航空賃を除く。）並びに日当及び宿泊料の計算上の旅行日数は、最も経済的な通常の経路及び方法によつて旅行した場合の例により計算する。</Sentence>
            <Sentence Function="proviso" Num="2" WritingMode="vertical">ただし、天災その他やむを得ない事情により最も経済的な通常の経路又は方法によつて旅行し難い場合には、その現によつた経路及び方法によつて計算する。</Sentence>
          </ParagraphSentence>
        </Paragraph>
      </Article>
      <Article Delete="false" Hide="false" Num="10">
        <ArticleCaption>（請求の期限）</ArticleCaption>
        <ArticleTitle>第十条</ArticleTitle>
        <Paragraph Hide="false" Num="1">
          <ParagraphNum/>
          <ParagraphSentence>
            <Sentence Function="main" Num="1" WritingMode="vertical">第二条に定める旅費、日当、宿泊料、鑑定料、報酬その他の給付は、裁判によつて訴訟手続が終了する場合においてはその裁判があるまでに、裁判によらないで訴訟手続が終了する場合においては訴訟費用を負担させる裁判があるまでに請求しないときは、支給しない。</Sentence>
            <Sentence Function="proviso" Num="2" WritingMode="vertical">ただし、やむを得ない事由によりその期限内に請求することができなかつたときは、この限りでない。</Sentence>
          </ParagraphSentence>
        </Paragraph>
      </Article>
      <Article Delete="false" Hide="false" Num="11">
        <ArticleCaption>（裁判官の権限）</ArticleCaption>
        <ArticleTitle>第十一条</ArticleTitle>
        <Paragraph Hide="false" Num="1">
          <ParagraphNum/>
          <ParagraphSentence>
            <Sentence Function="main" Num="1" WritingMode="vertical">受命裁判官又は受託裁判官が証人尋問その他の手続を行なう場合には、この法律の規定（第八条第二項を除く。）による給付に関し裁判所が定めるべき事項は、当該裁判官が定める。</Sentence>
            <Sentence Function="proviso" Num="2" WritingMode="vertical">ただし、当該裁判官が自ら定めることが相当でないと認めるときは、この限りでない。</Sentence>
          </ParagraphSentence>
        </Paragraph>
        <Paragraph Hide="false" Num="2">
          <ParagraphNum>２</ParagraphNum>
          <ParagraphSentence>
            <Sentence WritingMode="vertical">前項本文の規定は、受命裁判官及び受託裁判官以外の裁判官が証人尋問その他の手続を行なう場合について準用する。</Sentence>
          </ParagraphSentence>
        </Paragraph>
      </Article>
      <Article Delete="false" Hide="false" Num="12">
        <ArticleCaption>（最高裁判所規則）</ArticleCaption>
        <ArticleTitle>第十二条</ArticleTitle>
        <Paragraph Hide="false" Num="1">
          <ParagraphNum/>
          <ParagraphSentence>
            <Sentence WritingMode="vertical">この法律に定めるもののほか、刑事の手続における証人等又は弁護人に対する裁判所の給付の実施に関して必要な事項は、最高裁判所が定める。</Sentence>
          </ParagraphSentence>
        </Paragraph>
      </Article>
    </MainProvision>
    <SupplProvision Extract="false" Type="New">
      <SupplProvisionLabel>附　則</SupplProvisionLabel>
      <Paragraph Hide="false" Num="1">
        <ParagraphNum/>
        <ParagraphSentence>
          <Sentence WritingMode="vertical">この法律は、別に法律で定める日から施行する。</Sentence>
        </ParagraphSentence>
      </Paragraph>
    </SupplProvision>
    <SupplProvision AmendLawNum="昭和四七年六月二四日法律第一〇一号" Extract="false" Type="Amend">
      <SupplProvisionLabel>附　則</SupplProvisionLabel>
      <Paragraph Hide="false" Num="1">
        <ParagraphNum>１</ParagraphNum>
        <ParagraphSentence>
          <Sentence WritingMode="vertical">この法律は、公布の日から起算して七日を経過した日から施行する。</Sentence>
        </ParagraphSentence>
      </Paragraph>
      <Paragraph Hide="false" Num="2">
        <ParagraphNum>２</ParagraphNum>
        <ParagraphSentence>
          <Sentence WritingMode="vertical">この法律の施行前に要した費用については、なお従前の例による。</Sentence>
        </ParagraphSentence>
      </Paragraph>
    </SupplProvision>
    <SupplProvision AmendLawNum="昭和五四年三月三一日法律第一〇号" Extract="false" Type="Amend">
      <SupplProvisionLabel>附　則</SupplProvisionLabel>
      <Paragraph Hide="false" Num="1">
        <ParagraphNum>１</ParagraphNum>
        <ParagraphSentence>
          <Sentence WritingMode="vertical">この法律は、昭和五十四年四月一日から施行する。</Sentence>
        </ParagraphSentence>
      </Paragraph>
      <Paragraph Hide="false" Num="2">
        <ParagraphNum>２</ParagraphNum>
        <ParagraphSentence>
          <Sentence WritingMode="vertical">この法律の施行前に要した費用については、なお従前の例による。</Sentence>
        </ParagraphSentence>
      </Paragraph>
    </SupplProvision>
  </LawBody>
</Law>
