<?xml version="1.0" encoding="UTF-8" standalone="no"?>
<Law Era="Showa" Lang="ja" LawType="Act" Num="50" Year="47">
  <LawNum>昭和四十七年法律第五十号</LawNum>
  <LawBody>
    <LawTitle>郵便切手類模造等取締法</LawTitle>
    <MainProvision>
      <Article Delete="false" Hide="false" Num="1">
        <ArticleTitle>第一条</ArticleTitle>
        <Paragraph Hide="false" Num="1">
          <ParagraphNum/>
          <ParagraphSentence>
            <Sentence WritingMode="vertical">日本郵便株式会社又は外国の郵便切手その他郵便に関する料金を表す証票に紛らわしい外観を有する物は、製造し、輸入し、販売し、若しくは頒布し、又は郵便切手その他郵便に関する料金を表す証票の用途に使用してはならない。</Sentence>
          </ParagraphSentence>
        </Paragraph>
        <Paragraph Hide="false" Num="2">
          <ParagraphNum>２</ParagraphNum>
          <ParagraphSentence>
            <Sentence WritingMode="vertical">前項の規定は、同項に規定する物で総務大臣の許可を受けたものを製造し、輸入し、販売し、又は頒布する場合には、適用しない。</Sentence>
          </ParagraphSentence>
        </Paragraph>
      </Article>
      <Article Delete="false" Hide="false" Num="2">
        <ArticleTitle>第二条</ArticleTitle>
        <Paragraph Hide="false" Num="1">
          <ParagraphNum/>
          <ParagraphSentence>
            <Sentence WritingMode="vertical">前条第一項の規定に違反した者は、一年以下の懲役又は五万円以下の罰金に処する。</Sentence>
          </ParagraphSentence>
        </Paragraph>
      </Article>
    </MainProvision>
    <SupplProvision Extract="false" Type="New">
      <SupplProvisionLabel>附　則</SupplProvisionLabel>
      <Paragraph Hide="false" Num="1">
        <ParagraphNum/>
        <ParagraphSentence>
          <Sentence WritingMode="vertical">この法律は、公布の日から起算して六月を経過した日から施行する。</Sentence>
        </ParagraphSentence>
      </Paragraph>
    </SupplProvision>
    <SupplProvision AmendLawNum="平成一一年一二月二二日法律第一六〇号" Extract="true" Type="Amend">
      <SupplProvisionLabel>附　則</SupplProvisionLabel>
      <Article Delete="false" Hide="false" Num="1">
        <ArticleCaption>（施行期日）</ArticleCaption>
        <ArticleTitle>第一条</ArticleTitle>
        <Paragraph Hide="false" Num="1">
          <ParagraphNum/>
          <ParagraphSentence>
            <Sentence Function="main" Num="1" WritingMode="vertical">この法律（第二条及び第三条を除く。）は、平成十三年一月六日から施行する。</Sentence>
            <Sentence Function="proviso" Num="2" WritingMode="vertical">ただし、次の各号に掲げる規定は、当該各号に定める日から施行する。</Sentence>
          </ParagraphSentence>
          <Item Delete="false" Hide="false" Num="1">
            <ItemTitle>一</ItemTitle>
            <ItemSentence>
              <Column LineBreak="false" Num="1">
                <Sentence WritingMode="vertical">第九百九十五条（核原料物質、核燃料物質及び原子炉の規制に関する法律の一部を改正する法律附則の改正規定に係る部分に限る。）、第千三百五条、第千三百六条、第千三百二十四条第二項、第千三百二十六条第二項及び第千三百四十四条の規定</Sentence>
              </Column>
              <Column LineBreak="false" Num="2">
                <Sentence WritingMode="vertical">公布の日</Sentence>
              </Column>
            </ItemSentence>
          </Item>
        </Paragraph>
      </Article>
    </SupplProvision>
    <SupplProvision AmendLawNum="平成一四年七月三一日法律第九八号" Extract="true" Type="Amend">
      <SupplProvisionLabel>附　則</SupplProvisionLabel>
      <Article Delete="false" Hide="false" Num="1">
        <ArticleCaption>（施行期日）</ArticleCaption>
        <ArticleTitle>第一条</ArticleTitle>
        <Paragraph Hide="false" Num="1">
          <ParagraphNum/>
          <ParagraphSentence>
            <Sentence Function="main" Num="1" WritingMode="vertical">この法律は、公社法の施行の日から施行する。</Sentence>
            <Sentence Function="proviso" Num="2" WritingMode="vertical">ただし、次の各号に掲げる規定は、当該各号に定める日から施行する。</Sentence>
          </ParagraphSentence>
          <Item Delete="false" Hide="false" Num="1">
            <ItemTitle>一</ItemTitle>
            <ItemSentence>
              <Column LineBreak="false" Num="1">
                <Sentence WritingMode="vertical">第一章第一節（別表第一から別表第四までを含む。）並びに附則第二十八条第二項、第三十三条第二項及び第三項並びに第三十九条の規定</Sentence>
              </Column>
              <Column LineBreak="false" Num="2">
                <Sentence WritingMode="vertical">公布の日</Sentence>
              </Column>
            </ItemSentence>
          </Item>
        </Paragraph>
      </Article>
      <Article Delete="false" Hide="false" Num="38">
        <ArticleCaption>（罰則に関する経過措置）</ArticleCaption>
        <ArticleTitle>第三十八条</ArticleTitle>
        <Paragraph Hide="false" Num="1">
          <ParagraphNum/>
          <ParagraphSentence>
            <Sentence WritingMode="vertical">施行日前にした行為並びにこの法律の規定によりなお従前の例によることとされる場合及びこの附則の規定によりなおその効力を有することとされる場合における施行日以後にした行為に対する罰則の適用については、なお従前の例による。</Sentence>
          </ParagraphSentence>
        </Paragraph>
      </Article>
      <Article Delete="false" Hide="false" Num="39">
        <ArticleCaption>（その他の経過措置の政令への委任）</ArticleCaption>
        <ArticleTitle>第三十九条</ArticleTitle>
        <Paragraph Hide="false" Num="1">
          <ParagraphNum/>
          <ParagraphSentence>
            <Sentence WritingMode="vertical">この法律に規定するもののほか、公社法及びこの法律の施行に関し必要な経過措置（罰則に関する経過措置を含む。）は、政令で定める。</Sentence>
          </ParagraphSentence>
        </Paragraph>
      </Article>
    </SupplProvision>
    <SupplProvision AmendLawNum="平成一七年一〇月二一日法律第一〇二号" Extract="true" Type="Amend">
      <SupplProvisionLabel>附　則</SupplProvisionLabel>
      <Article Delete="false" Hide="false" Num="1">
        <ArticleCaption>（施行期日）</ArticleCaption>
        <ArticleTitle>第一条</ArticleTitle>
        <Paragraph Hide="false" Num="1">
          <ParagraphNum/>
          <ParagraphSentence>
            <Sentence WritingMode="vertical">この法律は、郵政民営化法の施行の日から施行する。</Sentence>
          </ParagraphSentence>
        </Paragraph>
      </Article>
      <Article Delete="false" Hide="false" Num="117">
        <ArticleCaption>（罰則に関する経過措置）</ArticleCaption>
        <ArticleTitle>第百十七条</ArticleTitle>
        <Paragraph Hide="false" Num="1">
          <ParagraphNum/>
          <ParagraphSentence>
            <Sentence WritingMode="vertical">この法律の施行前にした行為、この附則の規定によりなお従前の例によることとされる場合におけるこの法律の施行後にした行為、この法律の施行後附則第九条第一項の規定によりなおその効力を有するものとされる旧郵便為替法第三十八条の八（第二号及び第三号に係る部分に限る。）の規定の失効前にした行為、この法律の施行後附則第十三条第一項の規定によりなおその効力を有するものとされる旧郵便振替法第七十条（第二号及び第三号に係る部分に限る。）の規定の失効前にした行為、この法律の施行後附則第二十七条第一項の規定によりなおその効力を有するものとされる旧郵便振替預り金寄附委託法第八条（第二号に係る部分に限る。）の規定の失効前にした行為、この法律の施行後附則第三十九条第二項の規定によりなおその効力を有するものとされる旧公社法第七十条（第二号に係る部分に限る。）の規定の失効前にした行為、この法律の施行後附則第四十二条第一項の規定によりなおその効力を有するものとされる旧公社法第七十一条及び第七十二条（第十五号に係る部分に限る。）の規定の失効前にした行為並びに附則第二条第二項の規定の適用がある場合における郵政民営化法第百四条に規定する郵便貯金銀行に係る特定日前にした行為に対する罰則の適用については、なお従前の例による。</Sentence>
          </ParagraphSentence>
        </Paragraph>
      </Article>
    </SupplProvision>
    <SupplProvision AmendLawNum="平成二四年五月八日法律第三〇号" Extract="true" Type="Amend">
      <SupplProvisionLabel>附　則</SupplProvisionLabel>
      <Article Delete="false" Hide="false" Num="1">
        <ArticleCaption>（施行期日）</ArticleCaption>
        <ArticleTitle>第一条</ArticleTitle>
        <Paragraph Hide="false" Num="1">
          <ParagraphNum/>
          <ParagraphSentence>
            <Sentence Function="main" Num="1" WritingMode="vertical">この法律は、公布の日から起算して一年を超えない範囲内において政令で定める日から施行する。</Sentence>
            <Sentence Function="proviso" Num="2" WritingMode="vertical">ただし、第一条の規定（郵政民営化法目次中「第六章　郵便事業株式会社　第一節　設立等（第七十条―第七十二条）　第二節　設立に関する郵便事業株式会社法等の特例（第七十三条・第七十四条）　第三節　移行期間中の業務に関する特例等（第七十五条―第七十八条）　第七章　郵便局株式会社」を「第六章　削除　第七章　日本郵便株式会社」に改める改正規定、同法第十九条第一項第一号及び第二号、第二十六条、第六十一条第一号並びに第六章の改正規定、同法中「第七章　郵便局株式会社」を「第七章　日本郵便株式会社」に改める改正規定、同法第七十九条第三項第二号及び第八十三条第一項の改正規定、同法第九十条から第九十三条までの改正規定、同法第百五条第一項、同項第二号及び第百十条第一項第二号ホの改正規定、同法第百十条の次に一条を加える改正規定、同法第百三十五条第一項、同項第二号及び第百三十八条第二項第四号の改正規定、同法第百三十八条の次に一条を加える改正規定、同法第十一章に一節を加える改正規定（第百七十六条の五に係る部分に限る。）、同法第百八十条第一項第一号及び第二号並びに第百九十六条の改正規定（第十二号を削る部分を除く。）並びに同法附則第二条第二号の改正規定を除く。）、第二条のうち日本郵政株式会社法附則第二条及び第三条の改正規定、第五条（第二号に係る部分に限る。）の規定、次条の規定、附則第四条、第六条、第十条、第十四条及び第十八条の規定、附則第三十八条の規定（郵政民営化法等の施行に伴う関係法律の整備等に関する法律（平成十七年法律第百二号）附則第二条第一項、第四十九条、第五十五条及び第七十九条第二項の改正規定、附則第九十条の前の見出しを削り、同条に見出しを付する改正規定並びに附則第九十一条及び第九十五条の改正規定を除く。）、附則第四十条から第四十四条までの規定、附則第四十五条中総務省設置法（平成十一年法律第九十一号）第三条及び第四条第七十九号の改正規定並びに附則第四十六条及び第四十七条の規定は、公布の日から施行する。</Sentence>
          </ParagraphSentence>
        </Paragraph>
      </Article>
      <Article Delete="false" Hide="false" Num="46">
        <ArticleCaption>（罰則に関する経過措置）</ArticleCaption>
        <ArticleTitle>第四十六条</ArticleTitle>
        <Paragraph Hide="false" Num="1">
          <ParagraphNum/>
          <ParagraphSentence>
            <Sentence WritingMode="vertical">この法律（附則第一条ただし書に規定する規定にあっては、当該規定）の施行前にした行為及びこの附則の規定によりなお従前の例によることとされる場合におけるこの法律の施行後にした行為に対する罰則の適用については、なお従前の例による。</Sentence>
          </ParagraphSentence>
        </Paragraph>
      </Article>
      <Article Delete="false" Hide="false" Num="47">
        <ArticleCaption>（その他の経過措置の政令への委任）</ArticleCaption>
        <ArticleTitle>第四十七条</ArticleTitle>
        <Paragraph Hide="false" Num="1">
          <ParagraphNum/>
          <ParagraphSentence>
            <Sentence WritingMode="vertical">この附則に定めるもののほか、この法律の施行に関し必要な経過措置（罰則に関する経過措置を含む。）は、政令で定める。</Sentence>
          </ParagraphSentence>
        </Paragraph>
      </Article>
    </SupplProvision>
  </LawBody>
</Law>
