<?xml version="1.0" encoding="UTF-8" standalone="no"?>
<Law Era="Showa" Lang="ja" LawType="MinisterialOrdinance" Num="040" Year="47">
  <LawNum>昭和四十七年総理府令第四十号</LawNum>
  <LawBody>
    <LawTitle>沖縄の復帰に伴う国家公務員退職手当法の適用の特別措置等に関する内閣官房令</LawTitle>
    <EnactStatement>沖縄の復帰に伴う国家公務員等退職手当法の適用の特別措置等に関する政令（昭和四十七年政令第百七十六号）第二条第二項、第六条及び第八条の規定に基づき、並びに同令を実施するため、沖縄の復帰に伴う国家公務員等退職手当法の適用の特別措置等に関する総理府令を次のように定める。</EnactStatement>
    <MainProvision>
      <Article Num="1">
        <ArticleTitle>第一条</ArticleTitle>
        <Paragraph Num="1">
          <ParagraphNum/>
          <ParagraphSentence>
            <Sentence>沖縄の復帰に伴う国家公務員退職手当法の適用の特別措置等に関する政令（以下「令」という。）第二条第二項に規定する内閣総理大臣が定める期間は、昭和二十五年一月一日前に元気象官署職員を退職した者で他に就職することなく琉球諸島民政府職員となつたものにあつては、昭和二十一年三月三十一日から昭和二十五年一月一日までの間とする。</Sentence>
          </ParagraphSentence>
        </Paragraph>
      </Article>
      <Article Num="2">
        <ArticleTitle>第二条</ArticleTitle>
        <Paragraph Num="1">
          <ParagraphNum/>
          <ParagraphSentence>
            <Sentence>令第五条第一項に規定する差額については、琉球政府公務員の退職手当に関する立法施行規則（千九百五十六年規則第三十八号）別記様式第五号（３）に定める換算方法の例により、日本円に換算するものとする。</Sentence>
          </ParagraphSentence>
        </Paragraph>
      </Article>
    </MainProvision>
    <SupplProvision>
      <SupplProvisionLabel>附　則</SupplProvisionLabel>
      <Paragraph Num="1">
        <ParagraphNum/>
        <ParagraphSentence>
          <Sentence>この府令は、公布の日から施行し、昭和四十七年五月十五日から適用する。</Sentence>
        </ParagraphSentence>
      </Paragraph>
    </SupplProvision>
    <SupplProvision AmendLawNum="昭和六二年四月一日総理府令第一五号" Extract="true">
      <SupplProvisionLabel>附　則</SupplProvisionLabel>
      <Paragraph Num="1">
        <ParagraphCaption>（施行期日）</ParagraphCaption>
        <ParagraphNum>１</ParagraphNum>
        <ParagraphSentence>
          <Sentence>この府令は、公布の日から施行する。</Sentence>
        </ParagraphSentence>
      </Paragraph>
    </SupplProvision>
    <SupplProvision AmendLawNum="平成一二年八月一四日総理府令第九〇号" Extract="true">
      <SupplProvisionLabel>附　則</SupplProvisionLabel>
      <Paragraph Num="1">
        <ParagraphNum/>
        <ParagraphSentence>
          <Sentence>この府令は、内閣法の一部を改正する法律（平成十一年法律第八十八号）の施行の日（平成十三年一月六日）から施行する。</Sentence>
        </ParagraphSentence>
      </Paragraph>
    </SupplProvision>
    <SupplProvision AmendLawNum="平成二六年五月二九日総務省令第五二号" Extract="true">
      <SupplProvisionLabel>附　則</SupplProvisionLabel>
      <Paragraph Num="1">
        <ParagraphCaption>（施行期日）</ParagraphCaption>
        <ParagraphNum>１</ParagraphNum>
        <ParagraphSentence>
          <Sentence>この省令は、国家公務員法等の一部を改正する法律（平成二十六年法律第二十二号）の施行の日（平成二十六年五月三十日）から施行する。</Sentence>
        </ParagraphSentence>
      </Paragraph>
    </SupplProvision>
  </LawBody>
</Law>
