<?xml version="1.0" encoding="UTF-8" standalone="no"?>
<Law DataInfo="200402e80k80m01" Era="Showa" Lang="ja" LawType="MinisterialOrdinance" Num="15" Year="48">
  <LawNum>昭和四十八年文部省令第十五号</LawNum>
  <LawBody>
    <LawTitle>児童生徒急増地域の指定に関する細目を定める省令</LawTitle>
    <EnactStatement>義務教育諸学校施設費国庫負担法施行令（昭和三十三年政令第百八十九号）附則第五項の規定に基づき、児童生徒急増地域の指定に関する細目を定める省令を次のように定める。</EnactStatement>
    <MainProvision>
      <Article Num="1">
        <ArticleCaption>（市町村の廃置分合等があつた場合における児童又は生徒の数の算定方法）</ArticleCaption>
        <ArticleTitle>第一条</ArticleTitle>
        <Paragraph Num="1">
          <ParagraphNum/>
          <ParagraphSentence>
            <Sentence>廃置分合又は境界変更により新たに設置され、又は境界が変更された市（特別区を含む。）町村（市町村の組合を含む。）又は地方自治法（昭和二十二年法律第六十七号）第二百五十二条の十九第一項の指定都市の区（以下「市町村等」という。）については、義務教育諸学校施設費国庫負担法施行令（昭和三十三年政令第百八十九号。以下「令」という。）附則第三項に規定する数又は割合を算定する場合には、当該算定の基礎となる市町村等の指定を行う年度若しくはその前年度の五月一日における児童若しくは生徒の数又は当該日の三年前の日における児童若しくは生徒の数の算定方法は、次に定めるところによる。</Sentence>
          </ParagraphSentence>
          <Item Num="1">
            <ItemTitle>一</ItemTitle>
            <ItemSentence>
              <Sentence>廃置分合によつて二以上の市町村等の区域をそのまま市町村等の区域とした市町村等については、当該廃置分合前の各市町村等の児童又は生徒の数をそれぞれ合算するものとする。</Sentence>
            </ItemSentence>
          </Item>
          <Item Num="2">
            <ItemTitle>二</ItemTitle>
            <ItemSentence>
              <Sentence>廃置分合によつて一の市町村等の区域を分割した市町村等については、当該市町村等の区域以外の区域に係る児童又は生徒の数を当該廃置分合前の市町村等の児童又は生徒の数からそれぞれ控除するものとする。</Sentence>
            </ItemSentence>
          </Item>
          <Item Num="3">
            <ItemTitle>三</ItemTitle>
            <ItemSentence>
              <Sentence>境界変更によつて区域を増した市町村等については、当該境界変更により当該市町村等の区域となつた区域に係る児童又は生徒の数を当該境界変更前の市町村等の区域に係る児童又は生徒の数にそれぞれ合算するものとする。</Sentence>
            </ItemSentence>
          </Item>
          <Item Num="4">
            <ItemTitle>四</ItemTitle>
            <ItemSentence>
              <Sentence>境界変更によつて区域を減じた市町村等については、当該境界変更により他の市町村等の区域となつた区域に係る児童又は生徒の数を当該境界変更前の市町村等の区域に係る児童又は生徒の数からそれぞれ控除するものとする。</Sentence>
            </ItemSentence>
          </Item>
        </Paragraph>
      </Article>
      <Article Num="2">
        <ArticleCaption>（市町村の廃置分合等があつた場合における基準財政収入額等の算定方法）</ArticleCaption>
        <ArticleTitle>第二条</ArticleTitle>
        <Paragraph Num="1">
          <ParagraphNum/>
          <ParagraphSentence>
            <Sentence>昭和五十五年度以降の各年度の四月二日以後における市町村の廃置分合又は境界変更により新たに設置され、又は境界が変更された市町村について、令附則第五項第一号に規定する数値を算定する場合には、当該算定の基礎となる当該市町村の廃置分合又は境界変更の日の属する年度（以下この条において「変更年度」という。）の基準財政収入額又は基準財政需要額の算定方法は、次の各号に定めるところによる。</Sentence>
          </ParagraphSentence>
          <Item Num="1">
            <ItemTitle>一</ItemTitle>
            <ItemSentence>
              <Sentence>廃置分合によつて二以上の市町村の区域をそのまま市町村の区域とした市町村については、当該廃置分合前の各市町村の変更年度に係る地方交付税法（昭和二十五年法律第二百十一号）第十四条の規定により算定した基準財政収入額又は同法第十一条の規定により算定した基準財政需要額をそれぞれ合算するものとする。</Sentence>
            </ItemSentence>
          </Item>
          <Item Num="2">
            <ItemTitle>二</ItemTitle>
            <ItemSentence>
              <Sentence>廃置分合によつて一の市町村の区域を分割した市町村については、当該廃置分合後の市町村が変更年度の四月一日に存在したものと仮定して地方交付税法第九条第二号の規定の例によつてそれぞれ計算するものとする。</Sentence>
            </ItemSentence>
          </Item>
          <Item Num="3">
            <ItemTitle>三</ItemTitle>
            <ItemSentence>
              <Sentence>境界変更によつて区域を増した市町村については、当該市町村の変更年度における地方交付税法第十四条の規定により算定した基準財政収入額又は同法第十一条の規定により算定した基準財政需要額に当該境界変更に係る区域を基礎とする独立の市町村が変更年度の四月一日に存在したものと仮定して地方交付税法第九条第二号の規定の例によつて計算した基準財政収入額又は基準財政需要額をそれぞれ合算するものとする。</Sentence>
            </ItemSentence>
          </Item>
          <Item Num="4">
            <ItemTitle>四</ItemTitle>
            <ItemSentence>
              <Sentence>境界変更によつて区域を減じた市町村については、当該境界変更後の当該市町村が変更年度の四月一日に存在したものと仮定して地方交付税法第九条第二号の規定の例によつてそれぞれ計算するものとする。</Sentence>
            </ItemSentence>
          </Item>
        </Paragraph>
      </Article>
      <Article Num="3">
        <ArticleCaption>（市町村の廃置分合等があつた場合における財政力指数）</ArticleCaption>
        <ArticleTitle>第三条</ArticleTitle>
        <Paragraph Num="1">
          <ParagraphNum/>
          <ParagraphSentence>
            <Sentence>昭和五十六年度以降の各年度における市町村の廃置分合又は境界変更により新たに設置され、又は境界が変更された市町村については、当該廃置分合又は境界変更の日の属する年度（以下この条において「変更年度」という。）からその翌々年度までの間の令附則第五項第一号に規定する三分の一の数値は、年度の区分に応じ、次の各号に定めるところによる。</Sentence>
          </ParagraphSentence>
          <Item Num="1">
            <ItemTitle>一</ItemTitle>
            <ItemSentence>
              <Column Num="1">
                <Sentence>変更年度及び変更年度の翌年度</Sentence>
              </Column>
              <Column Num="2">
                <Sentence>当該市町村の変更年度の地方交付税法第十四条又は前条の規定により算定した基準財政収入額を変更年度の同法第十一条又は前条の規定により算定した基準財政需要額で除して得た数値</Sentence>
              </Column>
            </ItemSentence>
          </Item>
          <Item Num="2">
            <ItemTitle>二</ItemTitle>
            <ItemSentence>
              <Column Num="1">
                <Sentence>変更年度の翌々年度</Sentence>
              </Column>
              <Column Num="2">
                <Sentence>前号の数値及び当該市町村の変更年度の翌年度の地方交付税法第十四条の規定により算定した基準財政収入額を変更年度の翌年度の同法第十一条の規定により算定した基準財政需要額で除して得た数値を合算したものの二分の一の数値</Sentence>
              </Column>
            </ItemSentence>
          </Item>
        </Paragraph>
      </Article>
    </MainProvision>
    <SupplProvision>
      <SupplProvisionLabel>附　則</SupplProvisionLabel>
      <Paragraph Num="1">
        <ParagraphNum/>
        <ParagraphSentence>
          <Sentence>この省令は、公布の日から施行し、昭和四十八年四月一日から適用する。</Sentence>
        </ParagraphSentence>
      </Paragraph>
    </SupplProvision>
    <SupplProvision AmendLawNum="昭和四九年五月一六日文部省令第一八号">
      <SupplProvisionLabel>附　則</SupplProvisionLabel>
      <Paragraph Num="1">
        <ParagraphNum/>
        <ParagraphSentence>
          <Sentence>この省令は、公布の日から施行し、昭和四十九年四月一日から適用する。</Sentence>
        </ParagraphSentence>
      </Paragraph>
    </SupplProvision>
    <SupplProvision AmendLawNum="昭和五五年四月一八日文部省令第一六号">
      <SupplProvisionLabel>附　則</SupplProvisionLabel>
      <Paragraph Num="1">
        <ParagraphNum/>
        <ParagraphSentence>
          <Sentence>この省令は、公布の日から施行し、改正後の児童生徒急増地域の指定に関する細目を定める省令の規定は、昭和五十五年四月一日から適用する。</Sentence>
        </ParagraphSentence>
      </Paragraph>
    </SupplProvision>
    <SupplProvision AmendLawNum="昭和五八年四月二八日文部省令第二〇号">
      <SupplProvisionLabel>附　則</SupplProvisionLabel>
      <Paragraph Num="1">
        <ParagraphCaption>（施行期日）</ParagraphCaption>
        <ParagraphNum/>
        <ParagraphSentence>
          <Sentence>この省令は、公布の日から施行し、改正後の児童生徒急増地域の指定に関する細目を定める省令の規定は、昭和五十八年四月一日から適用する。</Sentence>
        </ParagraphSentence>
      </Paragraph>
    </SupplProvision>
  </LawBody>
</Law>
