<?xml version="1.0" encoding="UTF-8" standalone="no"?>
<Law Era="Showa" Lang="ja" LawType="MinisterialOrdinance" Num="53" Year="48">
  <LawNum>昭和四十八年運輸省令第五十三号</LawNum>
  <LawBody>
    <LawTitle>船舶安全法の規定により臨検等をする職員の身分を示す証票の様式を定める省令</LawTitle>
    <EnactStatement>船舶安全法（昭和八年法律第十一号）第二十九条ノ三の規定に基づき、船舶安全法又は同法に基づく命令の規定により臨検等をする職員の身分を示す証票の様式を定める省令を次のように定める。</EnactStatement>
    <MainProvision>
      <Paragraph Num="1">
        <ParagraphNum/>
        <ParagraphSentence>
          <Sentence>船舶安全法（昭和八年法律第十一号。以下「法」という。）第十二条第一項後段、第二十五条の四十第二項及び第二十五条の六十一第二項（法第二十五条の六十八、第二十五条の七十、第二十八条第七項及び第二十九条ノ三第三項において準用する場合を含む。）の証票の様式は、次の各号に掲げる区分に応じ、それぞれ当該各号に定めるものとする。</Sentence>
        </ParagraphSentence>
        <Item Num="1">
          <ItemTitle>一</ItemTitle>
          <ItemSentence>
            <Column Num="1">
              <Sentence>法第十二条第一項後段の証票</Sentence>
            </Column>
            <Column Num="2">
              <Sentence>第一号様式</Sentence>
            </Column>
          </ItemSentence>
        </Item>
        <Item Num="2">
          <ItemTitle>二</ItemTitle>
          <ItemSentence>
            <Column Num="1">
              <Sentence>法第二十五条の四十第二項の証票</Sentence>
            </Column>
            <Column Num="2">
              <Sentence>第二号様式</Sentence>
            </Column>
          </ItemSentence>
        </Item>
        <Item Num="3">
          <ItemTitle>三</ItemTitle>
          <ItemSentence>
            <Column Num="1">
              <Sentence>法第二十五条の六十一第一項（同法第二十五条の六十八、第二十五条の七十、第二十八条第七項及び第二十九条ノ三第三項において準用する場合を含む。）の証票</Sentence>
            </Column>
            <Column Num="2">
              <Sentence>第三号様式</Sentence>
            </Column>
          </ItemSentence>
        </Item>
      </Paragraph>
    </MainProvision>
    <SupplProvision>
      <SupplProvisionLabel>附　則</SupplProvisionLabel>
      <Paragraph Num="1">
        <ParagraphNum/>
        <ParagraphSentence>
          <Sentence>この省令は、船舶安全法の一部を改正する法律（昭和四十八年法律第八十号）の施行の日（昭和四十八年十二月十四日）から施行する。</Sentence>
        </ParagraphSentence>
      </Paragraph>
    </SupplProvision>
    <SupplProvision AmendLawNum="平成元年七月二〇日運輸省令第二四号">
      <SupplProvisionLabel>附　則</SupplProvisionLabel>
      <Paragraph Num="1">
        <ParagraphNum/>
        <ParagraphSentence>
          <Sentence>この省令は、公布の日から施行する。</Sentence>
        </ParagraphSentence>
      </Paragraph>
    </SupplProvision>
    <SupplProvision AmendLawNum="平成三年一〇月一一日運輸省令第三三号" Extract="true">
      <SupplProvisionLabel>附　則</SupplProvisionLabel>
      <Article Num="1">
        <ArticleCaption>（施行期日）</ArticleCaption>
        <ArticleTitle>第一条</ArticleTitle>
        <Paragraph Num="1">
          <ParagraphNum/>
          <ParagraphSentence>
            <Sentence>この省令は、船舶安全法及び船舶職員法の一部を改正する法律（平成三年法律第七十五号。以下「改正法」という。）の施行の日（平成四年二月一日。以下「施行日」という。）から施行する。</Sentence>
          </ParagraphSentence>
        </Paragraph>
      </Article>
    </SupplProvision>
    <SupplProvision AmendLawNum="平成一二年一一月二九日運輸省令第三九号" Extract="true">
      <SupplProvisionLabel>附　則</SupplProvisionLabel>
      <Article Num="1">
        <ArticleCaption>（施行期日）</ArticleCaption>
        <ArticleTitle>第一条</ArticleTitle>
        <Paragraph Num="1">
          <ParagraphNum/>
          <ParagraphSentence>
            <Sentence>この省令は、平成十三年一月六日から施行する。</Sentence>
          </ParagraphSentence>
        </Paragraph>
      </Article>
    </SupplProvision>
    <SupplProvision AmendLawNum="平成一四年一〇月四日国土交通省令第一〇七号">
      <SupplProvisionLabel>附　則</SupplProvisionLabel>
      <Paragraph Num="1">
        <ParagraphNum/>
        <ParagraphSentence>
          <Sentence>この省令は、公布の日から施行する。</Sentence>
        </ParagraphSentence>
      </Paragraph>
    </SupplProvision>
    <SupplProvision AmendLawNum="平成一六年二月二六日国土交通省令第六号" Extract="true">
      <SupplProvisionLabel>附　則</SupplProvisionLabel>
      <Article Num="1">
        <ArticleCaption>（施行期日）</ArticleCaption>
        <ArticleTitle>第一条</ArticleTitle>
        <Paragraph Num="1">
          <ParagraphNum/>
          <ParagraphSentence>
            <Sentence>この省令は、平成十六年三月一日から施行する。</Sentence>
          </ParagraphSentence>
        </Paragraph>
      </Article>
    </SupplProvision>
    <SupplProvision AmendLawNum="平成一六年一〇月二八日国土交通省令第九三号" Extract="true">
      <SupplProvisionLabel>附　則</SupplProvisionLabel>
      <Article Num="1">
        <ArticleCaption>（施行期日）</ArticleCaption>
        <ArticleTitle>第一条</ArticleTitle>
        <Paragraph Num="1">
          <ParagraphNum/>
          <ParagraphSentence>
            <Sentence>この省令は、海洋汚染及び海上災害の防止に関する法律等の一部を改正する法律（以下「改正法」という。）の施行の日から施行する。</Sentence>
          </ParagraphSentence>
        </Paragraph>
      </Article>
      <Article Num="29">
        <ArticleCaption>（様式等に係る経過措置）</ArticleCaption>
        <ArticleTitle>第二十九条</ArticleTitle>
        <Paragraph Num="1">
          <ParagraphNum/>
          <ParagraphSentence>
            <Sentence>この省令の施行の際現にある省令による改正前の様式又は書式による申請書、証明書その他の文書は、この省令による改正後のそれぞれの様式又は書式にかかわらず、当分の間、なおこれを使用することができる。</Sentence>
          </ParagraphSentence>
        </Paragraph>
      </Article>
    </SupplProvision>
    <AppdxStyle>
      <AppdxStyleTitle>第１号様式</AppdxStyleTitle>
      <StyleStruct>
        <Style>
          <Fig src="./pict/S48F03901000053-001.pdf"/>
        </Style>
      </StyleStruct>
    </AppdxStyle>
    <AppdxStyle>
      <AppdxStyleTitle>第２号様式</AppdxStyleTitle>
      <StyleStruct>
        <Style>
          <Fig src="./pict/S48F03901000053-002.pdf"/>
        </Style>
      </StyleStruct>
    </AppdxStyle>
    <AppdxStyle>
      <AppdxStyleTitle>第３号様式</AppdxStyleTitle>
      <StyleStruct>
        <Style>
          <Fig src="./pict/S48F03901000053-003.pdf"/>
        </Style>
      </StyleStruct>
    </AppdxStyle>
  </LawBody>
</Law>
