<?xml version="1.0" encoding="UTF-8" standalone="no"?>
<Law DataInfo="200402e80k80m01" Era="Showa" Lang="ja" LawType="Rule" Num="" Year="55">
  <LawNum>昭和五十五年人事院規則一〇―八</LawNum>
  <LawBody>
    <LawTitle>人事院規則一〇―八（船員である職員に係る保健及び安全保持の特例）</LawTitle>
    <EnactStatement>人事院は、国家公務員法に基づき、船員である職員に係る保健及び安全保持の特例に関し次の人事院規則を制定する。</EnactStatement>
    <MainProvision>
      <Article Num="1">
        <ArticleCaption>（趣旨）</ArticleCaption>
        <ArticleTitle>第一条</ArticleTitle>
        <Paragraph Num="1">
          <ParagraphNum/>
          <ParagraphSentence>
            <Sentence>船員法（昭和二十二年法律第百号）第一条に規定する船員（予備船員を除く。）である職員（以下「船員」という。）の保健及び安全保持については、規則一〇―四（職員の保健及び安全保持）に定めるもののほか、この規則の定めるところによる。</Sentence>
          </ParagraphSentence>
        </Paragraph>
      </Article>
      <Article Num="2">
        <ArticleCaption>（船医）</ArticleCaption>
        <ArticleTitle>第二条</ArticleTitle>
        <Paragraph Num="1">
          <ParagraphNum/>
          <ParagraphSentence>
            <Sentence Function="main" Num="1">各省各庁の長（船員の所属する各省各庁の長をいう。以下同じ。）は、人事院の定める要件を具備する船舶には、医師を乗り組ませなければならない。</Sentence>
            <Sentence Function="proviso" Num="2">ただし、国内各港間を航行する場合その他人事院の定める場合は、この限りでない。</Sentence>
          </ParagraphSentence>
        </Paragraph>
      </Article>
      <Article Num="3">
        <ArticleCaption>（船員危害防止主任者）</ArticleCaption>
        <ArticleTitle>第三条</ArticleTitle>
        <Paragraph Num="1">
          <ParagraphNum/>
          <ParagraphSentence>
            <Sentence>各省各庁の長は、船舶において行われる別表第一に掲げる業務については、当該業務に係る作業場ごとに、当該船舶に乗り組む船員で人事院の定める知識、経験又は技能を有するもののうちから船員危害防止主任者を指名し、人事院の定める危害防止に関する事務を行わせなければならない。</Sentence>
          </ParagraphSentence>
        </Paragraph>
        <Paragraph Num="2">
          <ParagraphNum>２</ParagraphNum>
          <ParagraphSentence>
            <Sentence>各省各庁の長は、特に必要があると認める場合には、別表第一に掲げる業務以外の業務についても、船員危害防止主任者を置き、危害防止に関し必要な事務を行わせるものとする。</Sentence>
          </ParagraphSentence>
        </Paragraph>
        <Paragraph Num="3">
          <ParagraphNum>３</ParagraphNum>
          <ParagraphSentence>
            <Sentence>船舶において行われる業務については、規則一〇―四第十条の規定は適用しない。</Sentence>
          </ParagraphSentence>
        </Paragraph>
      </Article>
      <Article Num="4">
        <ArticleCaption>（実験等の場合の措置）</ArticleCaption>
        <ArticleTitle>第四条</ArticleTitle>
        <Paragraph Num="1">
          <ParagraphNum/>
          <ParagraphSentence>
            <Sentence>各省各庁の長は、船舶において実験、調査、観測等の業務が行われる場合において、船員の健康障害又は危険の防止のため必要があると認めるときは、当該実験等の実施の指揮に当たる者に対し、実験等の方法、日時の変更等適切な措置を求めなければならない。</Sentence>
          </ParagraphSentence>
        </Paragraph>
      </Article>
      <Article Num="5">
        <ArticleCaption>（医薬品等の備付け）</ArticleCaption>
        <ArticleTitle>第五条</ArticleTitle>
        <Paragraph Num="1">
          <ParagraphNum/>
          <ParagraphSentence>
            <Sentence>各省各庁の長は、人事院の定めるところにより、船舶に医薬品その他の衛生用品又は医療書を備え付けなければならない。</Sentence>
          </ParagraphSentence>
        </Paragraph>
      </Article>
      <Article Num="6">
        <ArticleCaption>（伝染病の予防等の措置）</ArticleCaption>
        <ArticleTitle>第六条</ArticleTitle>
        <Paragraph Num="1">
          <ParagraphNum/>
          <ParagraphSentence>
            <Sentence>各省各庁の長は、次の各号に掲げる場合には、船員に対する伝染病の予防のため、人事院の定める措置を講じなければならない。</Sentence>
          </ParagraphSentence>
          <Item Num="1">
            <ItemTitle>一</ItemTitle>
            <ItemSentence>
              <Sentence>船舶が人事院の定める伝染病が発生し、若しくは発生するおそれのある地域におもむく場合又は船舶が寄港している地域においてこれらの伝染病が発生した場合</Sentence>
            </ItemSentence>
          </Item>
          <Item Num="2">
            <ItemTitle>二</ItemTitle>
            <ItemSentence>
              <Sentence>船内で伝染病又はその疑いのある疫病が発生した場合</Sentence>
            </ItemSentence>
          </Item>
        </Paragraph>
        <Paragraph Num="2">
          <ParagraphNum>２</ParagraphNum>
          <ParagraphSentence>
            <Sentence>各省各庁の長は、船内で救急患者が発生した場合において、必要があると認めるときは、医療機関と緊密な連絡を保ち、その指示にしたがつて適切な措置を講じなければならない。</Sentence>
          </ParagraphSentence>
        </Paragraph>
        <Paragraph Num="3">
          <ParagraphNum>３</ParagraphNum>
          <ParagraphSentence>
            <Sentence>前二項の規定による措置については、記録を作成しなければならない。</Sentence>
          </ParagraphSentence>
        </Paragraph>
      </Article>
      <Article Num="7">
        <ArticleCaption>（就業禁止）</ArticleCaption>
        <ArticleTitle>第七条</ArticleTitle>
        <Paragraph Num="1">
          <ParagraphNum/>
          <ParagraphSentence>
            <Sentence>各省各庁の長は、伝染性疾患にかかり、若しくは伝染性疾患の病原体を保有している船員について他の船員への伝染を防止するため、又は心身に故障を生じた船員について自身を傷つけ、若しくは他の船員に害を及ぼすことを防止するため必要があると認めるときは、その者を業務に就かせてはならない。</Sentence>
          </ParagraphSentence>
        </Paragraph>
        <Paragraph Num="2">
          <ParagraphNum>２</ParagraphNum>
          <ParagraphSentence>
            <Sentence>規則一〇―四第二十四条第三項の規定は、前項の場合について準用する。</Sentence>
          </ParagraphSentence>
        </Paragraph>
      </Article>
      <Article Num="8">
        <ArticleCaption>（有害業務に係る措置）</ArticleCaption>
        <ArticleTitle>第八条</ArticleTitle>
        <Paragraph Num="1">
          <ParagraphNum/>
          <ParagraphSentence>
            <Sentence>各省各庁の長は、船舶において行われる別表第二に掲げる業務については、人事院の定める健康障害を防止するための措置を講じなければならない。</Sentence>
          </ParagraphSentence>
        </Paragraph>
        <Paragraph Num="2">
          <ParagraphNum>２</ParagraphNum>
          <ParagraphSentence>
            <Sentence>各省各庁の長は、前項の業務以外の業務で船員の健康障害を生ずるおそれのあるものの有無について随時調査し、船員の健康障害を防止するため必要があると認めるときは、適切な措置をとるものとする。</Sentence>
          </ParagraphSentence>
        </Paragraph>
        <Paragraph Num="3">
          <ParagraphNum>３</ParagraphNum>
          <ParagraphSentence>
            <Sentence>船舶において行われる業務については、規則一〇―四第十六条の規定は適用しない。</Sentence>
          </ParagraphSentence>
        </Paragraph>
      </Article>
      <Article Num="9">
        <ArticleCaption>（危害のおそれの多い業務の従事者）</ArticleCaption>
        <ArticleTitle>第九条</ArticleTitle>
        <Paragraph Num="1">
          <ParagraphNum/>
          <ParagraphSentence>
            <Sentence>各省各庁の長は、人事院の定める免許、資格等を有する船員でなければ、船舶において行われる別表第三に掲げる業務に従事させてはならない。</Sentence>
          </ParagraphSentence>
        </Paragraph>
        <Paragraph Num="2">
          <ParagraphNum>２</ParagraphNum>
          <ParagraphSentence>
            <Sentence>船舶において行われる業務については、規則一〇―四第三十条の規定は適用しない。</Sentence>
          </ParagraphSentence>
        </Paragraph>
      </Article>
      <Article Num="10">
        <ArticleCaption>（設備等についての規則一〇―四の適用除外）</ArticleCaption>
        <ArticleTitle>第十条</ArticleTitle>
        <Paragraph Num="1">
          <ParagraphNum/>
          <ParagraphSentence>
            <Sentence>船舶安全法（昭和八年法律第十一号）の適用を受ける船舶に用いられる設備等については、規則一〇―四第三十一条から第三十三条までの規定は、適用しない。</Sentence>
          </ParagraphSentence>
        </Paragraph>
      </Article>
      <Article Num="11">
        <ArticleCaption>（経過措置）</ArticleCaption>
        <ArticleTitle>第十一条</ArticleTitle>
        <Paragraph Num="1">
          <ParagraphNum/>
          <ParagraphSentence>
            <Sentence>昭和五十五年八月八日までの間は、別表第三第五号から第十一号までに掲げる業務（制限荷重が五トン以上の揚貨装置の運転の業務を除く。）については、第九条の規定にかかわらず、同条に規定する船員以外の船員を当該業務に従事させることができる。</Sentence>
          </ParagraphSentence>
        </Paragraph>
      </Article>
      <Article Num="12">
        <ArticleTitle>第十二条</ArticleTitle>
        <Paragraph Num="1">
          <ParagraphNum/>
          <ParagraphSentence>
            <Sentence>昭和五十五年二月九日に航行中の船舶に乗り組んでいる船員の保健及び安全保持については、当該船舶が帰港するまでの間、なお従前の例による。</Sentence>
          </ParagraphSentence>
        </Paragraph>
      </Article>
    </MainProvision>
    <SupplProvision AmendLawNum="平成一三年七月二日人事院規則一〇―八―一">
      <SupplProvisionLabel>附　則</SupplProvisionLabel>
      <Paragraph Num="1">
        <ParagraphNum/>
        <ParagraphSentence>
          <Sentence>この規則は、公布の日から施行する。</Sentence>
        </ParagraphSentence>
      </Paragraph>
    </SupplProvision>
    <AppdxTable>
      <AppdxTableTitle>別表第一　船員危害防止主任者を指名すべき業務</AppdxTableTitle>
      <RelatedArticleNum>（第三条関係）</RelatedArticleNum>
      <Item Num="1">
        <ItemTitle>一</ItemTitle>
        <ItemSentence>
          <Sentence>ボイラー（小型ボイラーを除く。）の取扱いの業務</Sentence>
        </ItemSentence>
      </Item>
      <Item Num="2">
        <ItemTitle>二</ItemTitle>
        <ItemSentence>
          <Sentence>第一種圧力容器（小型圧力容器及び人事院の定めるその他の圧力容器を除く。）の取扱いの業務</Sentence>
        </ItemSentence>
      </Item>
      <Item Num="3">
        <ItemTitle>三</ItemTitle>
        <ItemSentence>
          <Sentence>可燃性のガス及び酸素を用いて行う金属の溶接、溶断又は加熱の業務</Sentence>
        </ItemSentence>
      </Item>
      <Item Num="4">
        <ItemTitle>四</ItemTitle>
        <ItemSentence>
          <Sentence>つり足場、張出し足場又は高さが五メートル以上の構造の足場の組立て、解体又は変更の業務</Sentence>
        </ItemSentence>
      </Item>
      <Item Num="5">
        <ItemTitle>五</ItemTitle>
        <ItemSentence>
          <Sentence>空気中の酸素の濃度が十八パーセント未満になるおそれのある場所における業務</Sentence>
        </ItemSentence>
      </Item>
      <Item Num="6">
        <ItemTitle>六</ItemTitle>
        <ItemSentence>
          <Sentence>電路又はその支持物の点検、修理等の電気工事の業務で人事院の定めるもの</Sentence>
        </ItemSentence>
      </Item>
      <Item Num="7">
        <ItemTitle>七</ItemTitle>
        <ItemSentence>
          <Sentence>潜水器を用い、かつ、空気圧縮機若しくは手押しポンプによる送気又はボンベからの給気を受けて、水中において行う業務</Sentence>
        </ItemSentence>
      </Item>
      <Item Num="8">
        <ItemTitle>八</ItemTitle>
        <ItemSentence>
          <Sentence>火薬類の取扱いの業務</Sentence>
        </ItemSentence>
      </Item>
      <Item Num="9">
        <ItemTitle>九</ItemTitle>
        <ItemSentence>
          <Sentence>床面から二メートル以上の墜落のおそれのある場所における業務</Sentence>
        </ItemSentence>
      </Item>
      <Item Num="10">
        <ItemTitle>十</ItemTitle>
        <ItemSentence>
          <Sentence>げん外に身体の重心を移して行う業務</Sentence>
        </ItemSentence>
      </Item>
      <Item Num="11">
        <ItemTitle>十一</ItemTitle>
        <ItemSentence>
          <Sentence>揚貨装置等の取扱いの業務</Sentence>
        </ItemSentence>
      </Item>
      <Item Num="12">
        <ItemTitle>十二</ItemTitle>
        <ItemSentence>
          <Sentence>着氷除去の業務</Sentence>
        </ItemSentence>
      </Item>
      <Item Num="13">
        <ItemTitle>十三</ItemTitle>
        <ItemSentence>
          <Sentence>引火性液体類等の取扱い等の業務</Sentence>
        </ItemSentence>
      </Item>
      <Item Num="14">
        <ItemTitle>十四</ItemTitle>
        <ItemSentence>
          <Sentence>船内くん蒸の業務</Sentence>
        </ItemSentence>
      </Item>
      <Item Num="15">
        <ItemTitle>十五</ItemTitle>
        <ItemSentence>
          <Sentence>多数の者に対して行う給食業務</Sentence>
        </ItemSentence>
      </Item>
      <Remarks>
        <RemarksLabel>備考</RemarksLabel>
        <Item Num="1">
          <ItemTitle/>
          <ItemSentence>
            <Sentence>この表において「ボイラー」、「小型ボイラー」、「第一種圧力容器」及び「小型圧力容器」とは、次に定めるものをいう。別表第三においても、同様とする。</Sentence>
          </ItemSentence>
          <Subitem1 Num="1">
            <Subitem1Title>一</Subitem1Title>
            <Subitem1Sentence>
              <Column Num="1">
                <Sentence>ボイラー</Sentence>
              </Column>
              <Column Num="2">
                <Sentence>規則一〇―四別表第一備考第一号のボイラーをいう。</Sentence>
              </Column>
            </Subitem1Sentence>
          </Subitem1>
          <Subitem1 Num="2">
            <Subitem1Title>二</Subitem1Title>
            <Subitem1Sentence>
              <Column Num="1">
                <Sentence>小型ボイラー</Sentence>
              </Column>
              <Column Num="2">
                <Sentence>規則一〇―四別表第一備考第二号のボイラーをいう。</Sentence>
              </Column>
            </Subitem1Sentence>
          </Subitem1>
          <Subitem1 Num="3">
            <Subitem1Title>三</Subitem1Title>
            <Subitem1Sentence>
              <Column Num="1">
                <Sentence>第一種圧力容器</Sentence>
              </Column>
              <Column Num="2">
                <Sentence>規則一〇―四別表第一備考第三号の容器をいう。</Sentence>
              </Column>
            </Subitem1Sentence>
          </Subitem1>
          <Subitem1 Num="4">
            <Subitem1Title>四</Subitem1Title>
            <Subitem1Sentence>
              <Column Num="1">
                <Sentence>小型圧力容器</Sentence>
              </Column>
              <Column Num="2">
                <Sentence>規則一〇―四別表第一備考第四号の容器をいう。</Sentence>
              </Column>
            </Subitem1Sentence>
          </Subitem1>
        </Item>
        <Item Num="2">
          <ItemTitle/>
          <ItemSentence>
            <Sentence>（昭和五十八年十月一日施行）</Sentence>
          </ItemSentence>
        </Item>
      </Remarks>
    </AppdxTable>
    <AppdxTable>
      <AppdxTableTitle>別表第二　有害業務</AppdxTableTitle>
      <RelatedArticleNum>（第八条関係）</RelatedArticleNum>
      <Item Num="1">
        <ItemTitle>一</ItemTitle>
        <ItemSentence>
          <Sentence>潜水器を用い、かつ、空気圧縮機若しくは手押しポンプによる送気又はボンベからの給気を受けて、水中において行う業務</Sentence>
        </ItemSentence>
      </Item>
      <Item Num="2">
        <ItemTitle>二</ItemTitle>
        <ItemSentence>
          <Sentence>人体に有害な塗料又は溶剤を使用して行う塗装又は塗装の剥離の業務</Sentence>
        </ItemSentence>
      </Item>
      <Item Num="3">
        <ItemTitle>三</ItemTitle>
        <ItemSentence>
          <Sentence>溶接、溶断又は加熱の業務</Sentence>
        </ItemSentence>
      </Item>
      <Item Num="4">
        <ItemTitle>四</ItemTitle>
        <ItemSentence>
          <Sentence>酸素の量又は人体に有害な気体の検知の業務</Sentence>
        </ItemSentence>
      </Item>
      <Item Num="5">
        <ItemTitle>五</ItemTitle>
        <ItemSentence>
          <Sentence>酸素の量が欠乏し、又は人体に有害な気体が発生するおそれのある場所で行う業務</Sentence>
        </ItemSentence>
      </Item>
      <Item Num="6">
        <ItemTitle>六</ItemTitle>
        <ItemSentence>
          <Sentence>粉じんを著しく発散する場所で行う業務</Sentence>
        </ItemSentence>
      </Item>
      <Item Num="7">
        <ItemTitle>七</ItemTitle>
        <ItemSentence>
          <Sentence>高温状態で熱射又は日射を受けて行う業務</Sentence>
        </ItemSentence>
      </Item>
      <Item Num="8">
        <ItemTitle>八</ItemTitle>
        <ItemSentence>
          <Sentence>水又は著しく湿潤な空気にさらされて行う業務</Sentence>
        </ItemSentence>
      </Item>
      <Item Num="9">
        <ItemTitle>九</ItemTitle>
        <ItemSentence>
          <Sentence>低温状態で行う業務</Sentence>
        </ItemSentence>
      </Item>
      <Item Num="10">
        <ItemTitle>十</ItemTitle>
        <ItemSentence>
          <Sentence>騒音又は振動の激しい業務</Sentence>
        </ItemSentence>
      </Item>
      <Item Num="11">
        <ItemTitle>十一</ItemTitle>
        <ItemSentence>
          <Sentence>油タンクの清掃等の業務</Sentence>
        </ItemSentence>
      </Item>
      <Item Num="12">
        <ItemTitle>十二</ItemTitle>
        <ItemSentence>
          <Sentence>船内くん蒸の業務</Sentence>
        </ItemSentence>
      </Item>
      <Item Num="13">
        <ItemTitle>十三</ItemTitle>
        <ItemSentence>
          <Sentence>四アルキル鉛又は加鉛ガソリンの取扱いの業務</Sentence>
        </ItemSentence>
      </Item>
    </AppdxTable>
    <AppdxTable>
      <AppdxTableTitle>別表第三　特別の免許、資格等を必要とする業務</AppdxTableTitle>
      <RelatedArticleNum>（第九条関係）</RelatedArticleNum>
      <Item Num="1">
        <ItemTitle>一</ItemTitle>
        <ItemSentence>
          <Sentence>ボイラー（小型ボイラーを除く。）の取扱いの業務</Sentence>
        </ItemSentence>
      </Item>
      <Item Num="2">
        <ItemTitle>二</ItemTitle>
        <ItemSentence>
          <Sentence>潜水器を用い、かつ、空気圧縮機若しくは手押しポンプによる送気又はボンベからの給気を受けて、水中において行う業務</Sentence>
        </ItemSentence>
      </Item>
      <Item Num="3">
        <ItemTitle>三</ItemTitle>
        <ItemSentence>
          <Sentence>可燃性のガス及び酸素を用いて行う金属の溶接、溶断又は加熱の業務</Sentence>
        </ItemSentence>
      </Item>
      <Item Num="4">
        <ItemTitle>四</ItemTitle>
        <ItemSentence>
          <Sentence>空気中の酸素の濃度が十八パーセント未満になるおそれのある場所における業務</Sentence>
        </ItemSentence>
      </Item>
      <Item Num="5">
        <ItemTitle>五</ItemTitle>
        <ItemSentence>
          <Sentence>電路又はその支持物の点検、修理等の電気工事の業務で人事院の定めるもの</Sentence>
        </ItemSentence>
      </Item>
      <Item Num="6">
        <ItemTitle>六</ItemTitle>
        <ItemSentence>
          <Sentence>揚貨装置又は陸上のクレーン若しくはデリックの玉掛けの業務</Sentence>
        </ItemSentence>
      </Item>
      <Item Num="7">
        <ItemTitle>七</ItemTitle>
        <ItemSentence>
          <Sentence>揚貨装置等の運転の業務</Sentence>
        </ItemSentence>
      </Item>
      <Item Num="8">
        <ItemTitle>八</ItemTitle>
        <ItemSentence>
          <Sentence>びよう鎖等を海中に送入し若しくは巻き上げる機械の操作又はびよう鎖等の送入若しくは巻上げの人力による調整の業務</Sentence>
        </ItemSentence>
      </Item>
      <Item Num="9">
        <ItemTitle>九</ItemTitle>
        <ItemSentence>
          <Sentence>運転中の機械又は動力伝導装置の運動している部分の注油、掃除、修理若しくは検査又は運動している調帯の掛換えの業務</Sentence>
        </ItemSentence>
      </Item>
      <Item Num="10">
        <ItemTitle>十</ItemTitle>
        <ItemSentence>
          <Sentence>切削又はせん孔用の工作機械の使用の業務</Sentence>
        </ItemSentence>
      </Item>
      <Item Num="11">
        <ItemTitle>十一</ItemTitle>
        <ItemSentence>
          <Sentence>床面から二メートル以上の墜落のおそれのある場所における業務</Sentence>
        </ItemSentence>
      </Item>
      <Item Num="12">
        <ItemTitle>十二</ItemTitle>
        <ItemSentence>
          <Sentence>げん外に身体の重心を移して行う業務</Sentence>
        </ItemSentence>
      </Item>
      <Item Num="13">
        <ItemTitle>十三</ItemTitle>
        <ItemSentence>
          <Sentence>危険物の状態、酸素の量又は人体に有害な気体の検知の業務</Sentence>
        </ItemSentence>
      </Item>
      <Item Num="14">
        <ItemTitle>十四</ItemTitle>
        <ItemSentence>
          <Sentence>圧縮又は液化による冷凍のための高圧ガスの製造の業務</Sentence>
        </ItemSentence>
      </Item>
      <Remarks>
        <RemarksLabel/>
        <Sentence>（昭和五十八年十月一日施行）</Sentence>
      </Remarks>
    </AppdxTable>
  </LawBody>
</Law>
