<?xml version="1.0" encoding="UTF-8" standalone="no"?>
<Law DataInfo="200402e80k80m01" Era="Showa" Lang="ja" LawType="MinisterialOrdinance" Num="7" Year="60">
  <LawNum>昭和六十年建設省令第七号</LawNum>
  <LawBody>
    <LawTitle>道路整備事業に係る国の財政上の特別措置に関する法律施行規則</LawTitle>
    <EnactStatement>道路整備緊急措置法（昭和三十三年法律第三十四号）第五条第四項及び第六項の規定に基づき、地方道路整備臨時交付金に関する省令を次のように定める。</EnactStatement>
    <MainProvision>
      <Article Delete="false" Hide="false" Num="1">
        <ArticleCaption>（令第一条第二項の国土交通省令で定めるところにより算定した割合）</ArticleCaption>
        <ArticleTitle>第一条</ArticleTitle>
        <Paragraph Hide="false" Num="1">
          <ParagraphNum/>
          <ParagraphSentence>
            <Sentence WritingMode="vertical">道路整備事業に係る国の財政上の特別措置に関する法律施行令（昭和三十四年政令第十七号。以下「令」という。）第一条第二項の国土交通省令で定めるところにより算定した割合は、次の表の上欄に掲げる事業の区分に応じ、それぞれ同表の下欄に定める割合とする。</Sentence>
          </ParagraphSentence>
          <TableStruct>
            <Table WritingMode="vertical">
              <TableRow>
                <TableColumn BorderBottom="solid" BorderLeft="solid" BorderRight="solid" BorderTop="solid" colspan="2">
                  <Sentence WritingMode="vertical">事業の区分</Sentence>
                </TableColumn>
                <TableColumn BorderBottom="solid" BorderLeft="solid" BorderRight="solid" BorderTop="solid">
                  <Sentence WritingMode="vertical">国の負担の割合</Sentence>
                </TableColumn>
              </TableRow>
              <TableRow>
                <TableColumn BorderBottom="solid" BorderLeft="solid" BorderRight="solid" BorderTop="solid">
                  <Sentence WritingMode="vertical">（一）</Sentence>
                </TableColumn>
                <TableColumn BorderBottom="solid" BorderLeft="solid" BorderRight="solid" BorderTop="solid">
                  <Sentence WritingMode="vertical">令第一条第二項に規定する一般国道の改築（（二）から（五）まで及び次項に規定するものを除く。）</Sentence>
                </TableColumn>
                <TableColumn BorderBottom="solid" BorderLeft="solid" BorderRight="solid" BorderTop="solid">
                  <Sentence WritingMode="vertical">十分の五・五</Sentence>
                </TableColumn>
              </TableRow>
              <TableRow>
                <TableColumn BorderBottom="solid" BorderLeft="solid" BorderRight="solid" BorderTop="solid">
                  <Sentence WritingMode="vertical">（二）</Sentence>
                </TableColumn>
                <TableColumn BorderBottom="solid" BorderLeft="solid" BorderRight="solid" BorderTop="solid">
                  <Sentence WritingMode="vertical">令第一条第二項に規定する一般国道の改築で同条第一項各号のいずれかに該当するもの（（四）及び（五）並びに次項の表（二）及び（四）に規定するものを除く。）</Sentence>
                </TableColumn>
                <TableColumn BorderBottom="solid" BorderLeft="solid" BorderRight="solid" BorderTop="solid">
                  <Sentence WritingMode="vertical">十分の五・五に調整指数を乗じて得た割合（調整指数が一以下である場合にあっては十分の五・五）</Sentence>
                </TableColumn>
              </TableRow>
              <TableRow>
                <TableColumn BorderBottom="solid" BorderLeft="solid" BorderRight="solid" BorderTop="solid">
                  <Sentence WritingMode="vertical">（三）</Sentence>
                </TableColumn>
                <TableColumn BorderBottom="solid" BorderLeft="solid" BorderRight="solid" BorderTop="solid">
                  <Sentence WritingMode="vertical">令第一条第二項に規定する一般国道の改築で離島振興法（昭和二十八年法律第七十二号）第二条第一項の規定により指定された離島振興対策実施地域（以下単に「離島振興対策実施地域」という。）内において行われるもの（（四）並びに次項の表（三）及び（四）に規定するものを除く。）</Sentence>
                </TableColumn>
                <TableColumn BorderBottom="solid" BorderLeft="solid" BorderRight="solid" BorderTop="solid">
                  <Sentence WritingMode="vertical">十分の六</Sentence>
                </TableColumn>
              </TableRow>
              <TableRow>
                <TableColumn BorderBottom="solid" BorderLeft="solid" BorderRight="solid" BorderTop="solid">
                  <Sentence WritingMode="vertical">（四）</Sentence>
                </TableColumn>
                <TableColumn BorderBottom="solid" BorderLeft="solid" BorderRight="solid" BorderTop="solid">
                  <Sentence WritingMode="vertical">令第一条第二項に規定する一般国道の改築で離島振興対策実施地域内において行われるもののうち同条第一項各号のいずれかに該当するもの（次項の表（四）に規定するものを除く。）</Sentence>
                </TableColumn>
                <TableColumn BorderBottom="solid" BorderLeft="solid" BorderRight="solid" BorderTop="solid">
                  <Sentence WritingMode="vertical">十分の六に調整指数を乗じて得た割合（調整指数が一以下である場合にあっては十分の六、調整指数が一・一七以上である場合にあっては十分の七）</Sentence>
                </TableColumn>
              </TableRow>
              <TableRow>
                <TableColumn BorderBottom="solid" BorderLeft="solid" BorderRight="solid" BorderTop="solid">
                  <Sentence WritingMode="vertical">（五）</Sentence>
                </TableColumn>
                <TableColumn BorderBottom="solid" BorderLeft="solid" BorderRight="solid" BorderTop="solid">
                  <Sentence WritingMode="vertical">令第一条第二項に規定する一般国道の改築で奄美群島振興開発特別措置法（昭和二十九年法律第百八十九号）第一条に規定する奄美群島の区域（以下単に「奄美群島区域」という。）内において行われるもののうち令第一条第一項各号のいずれかに該当するもの</Sentence>
                </TableColumn>
                <TableColumn BorderBottom="solid" BorderLeft="solid" BorderRight="solid" BorderTop="solid">
                  <Sentence WritingMode="vertical">十分の七</Sentence>
                </TableColumn>
              </TableRow>
            </Table>
          </TableStruct>
        </Paragraph>
        <Paragraph Hide="false" Num="2">
          <ParagraphNum>２</ParagraphNum>
          <ParagraphSentence>
            <Sentence WritingMode="vertical">令第一条第二項に規定する一般国道の改築で特別会計に関する法律（平成十九年法律第二十三号）第二条第一項第十八号に規定する東日本大震災復興特別会計において経理される同法第二百二十二条第二項に規定する復興事業（以下単に「復興事業」という。）に該当するものに要する費用について令第一条第二項の国土交通省令で定めるところにより算定した割合は、次の表の上欄に掲げる事業の区分ごとに、それぞれ、同表の中欄に掲げる調整指数に応じ、同表の下欄に定める割合とする。</Sentence>
          </ParagraphSentence>
          <TableStruct>
            <Table WritingMode="vertical">
              <TableRow>
                <TableColumn BorderBottom="solid" BorderLeft="solid" BorderRight="solid" BorderTop="solid" colspan="2">
                  <Sentence WritingMode="vertical">事業の区分</Sentence>
                </TableColumn>
                <TableColumn BorderBottom="solid" BorderLeft="solid" BorderRight="solid" BorderTop="solid">
                  <Sentence WritingMode="vertical">調整指数</Sentence>
                </TableColumn>
                <TableColumn BorderBottom="solid" BorderLeft="solid" BorderRight="solid" BorderTop="solid">
                  <Sentence WritingMode="vertical">国の負担の割合</Sentence>
                </TableColumn>
              </TableRow>
              <TableRow>
                <TableColumn BorderBottom="solid" BorderLeft="solid" BorderRight="solid" BorderTop="solid" colspan="1" rowspan="4">
                  <Sentence WritingMode="vertical">（一）</Sentence>
                </TableColumn>
                <TableColumn BorderBottom="solid" BorderLeft="solid" BorderRight="solid" BorderTop="solid" colspan="1" rowspan="4">
                  <Sentence WritingMode="vertical">令第一条第二項に規定する一般国道の改築（（二）から（四）まで及び前項の表（五）に規定するものを除く。）</Sentence>
                </TableColumn>
                <TableColumn BorderBottom="solid" BorderLeft="solid" BorderRight="solid" BorderTop="solid">
                  <Sentence WritingMode="vertical">一以下である場合</Sentence>
                </TableColumn>
                <TableColumn BorderBottom="solid" BorderLeft="solid" BorderRight="solid" BorderTop="solid">
                  <Sentence WritingMode="vertical">十分の五・五</Sentence>
                </TableColumn>
              </TableRow>
              <TableRow>
                <TableColumn BorderBottom="solid" BorderLeft="solid" BorderRight="solid" BorderTop="solid">
                  <Sentence WritingMode="vertical">一・〇一以上一・〇九以下である場合</Sentence>
                </TableColumn>
                <TableColumn BorderBottom="solid" BorderLeft="solid" BorderRight="solid" BorderTop="solid">
                  <Sentence WritingMode="vertical">十分の六を当該調整指数で除して得た割合</Sentence>
                </TableColumn>
              </TableRow>
              <TableRow>
                <TableColumn BorderBottom="solid" BorderLeft="solid" BorderRight="solid" BorderTop="solid">
                  <Sentence WritingMode="vertical">一・一〇以上一・一八以下である場合</Sentence>
                </TableColumn>
                <TableColumn BorderBottom="solid" BorderLeft="solid" BorderRight="solid" BorderTop="solid">
                  <Sentence WritingMode="vertical">十分の六・五を当該調整指数で除して得た割合</Sentence>
                </TableColumn>
              </TableRow>
              <TableRow>
                <TableColumn BorderBottom="solid" BorderLeft="solid" BorderRight="solid" BorderTop="solid">
                  <Sentence WritingMode="vertical">一・一九以上一・二五以下である場合</Sentence>
                </TableColumn>
                <TableColumn BorderBottom="solid" BorderLeft="solid" BorderRight="solid" BorderTop="solid">
                  <Sentence WritingMode="vertical">十分の七を当該調整指数で除して得た割合</Sentence>
                </TableColumn>
              </TableRow>
              <TableRow>
                <TableColumn BorderBottom="solid" BorderLeft="solid" BorderRight="solid" BorderTop="solid" colspan="1" rowspan="4">
                  <Sentence WritingMode="vertical">（二）</Sentence>
                </TableColumn>
                <TableColumn BorderBottom="solid" BorderLeft="solid" BorderRight="solid" BorderTop="solid" rowspan="4">
                  <Sentence WritingMode="vertical">令第一条第二項に規定する一般国道の改築で同条第一項各号のいずれかに該当するもの（（四）及び前項の表（五）に規定するものを除く。）</Sentence>
                </TableColumn>
                <TableColumn BorderBottom="solid" BorderLeft="solid" BorderRight="solid" BorderTop="solid">
                  <Sentence WritingMode="vertical">一以下である場合</Sentence>
                </TableColumn>
                <TableColumn BorderBottom="solid" BorderLeft="solid" BorderRight="solid" BorderTop="solid">
                  <Sentence WritingMode="vertical">十分の五・五</Sentence>
                </TableColumn>
              </TableRow>
              <TableRow>
                <TableColumn BorderBottom="solid" BorderLeft="solid" BorderRight="solid" BorderTop="solid">
                  <Sentence WritingMode="vertical">一・〇一以上一・〇九以下である場合</Sentence>
                </TableColumn>
                <TableColumn BorderBottom="solid" BorderLeft="solid" BorderRight="solid" BorderTop="solid">
                  <Sentence WritingMode="vertical">十分の六</Sentence>
                </TableColumn>
              </TableRow>
              <TableRow>
                <TableColumn BorderBottom="solid" BorderLeft="solid" BorderRight="solid" BorderTop="solid">
                  <Sentence WritingMode="vertical">一・一〇以上一・一八以下である場合</Sentence>
                </TableColumn>
                <TableColumn BorderBottom="solid" BorderLeft="solid" BorderRight="solid" BorderTop="solid">
                  <Sentence WritingMode="vertical">十分の六・五</Sentence>
                </TableColumn>
              </TableRow>
              <TableRow>
                <TableColumn BorderBottom="solid" BorderLeft="solid" BorderRight="solid" BorderTop="solid">
                  <Sentence WritingMode="vertical">一・一九以上一・二五以下である場合</Sentence>
                </TableColumn>
                <TableColumn BorderBottom="solid" BorderLeft="solid" BorderRight="solid" BorderTop="solid">
                  <Sentence WritingMode="vertical">十分の七</Sentence>
                </TableColumn>
              </TableRow>
              <TableRow>
                <TableColumn BorderBottom="solid" BorderLeft="solid" BorderRight="solid" BorderTop="solid" colspan="1" rowspan="4">
                  <Sentence WritingMode="vertical">（三）</Sentence>
                </TableColumn>
                <TableColumn BorderBottom="solid" BorderLeft="solid" BorderRight="solid" BorderTop="solid" rowspan="4">
                  <Sentence WritingMode="vertical">令第一条第二項に規定する一般国道の改築で</Sentence>
                </TableColumn>
                <TableColumn BorderBottom="solid" BorderLeft="solid" BorderRight="solid" BorderTop="solid">
                  <Sentence WritingMode="vertical">一以下である場合</Sentence>
                </TableColumn>
                <TableColumn BorderBottom="solid" BorderLeft="solid" BorderRight="solid" BorderTop="solid">
                  <Sentence WritingMode="vertical">十分の六</Sentence>
                </TableColumn>
              </TableRow>
              <TableRow>
                <TableColumn BorderBottom="solid" BorderLeft="solid" BorderRight="solid" BorderTop="solid">
                  <Sentence WritingMode="vertical">一・〇一以上一・〇九以下である場合</Sentence>
                </TableColumn>
                <TableColumn BorderBottom="solid" BorderLeft="solid" BorderRight="solid" BorderTop="solid">
                  <Sentence WritingMode="vertical">十分の六・五を当該調整指数で除して得た割合</Sentence>
                </TableColumn>
              </TableRow>
              <TableRow>
                <TableColumn BorderBottom="solid" BorderLeft="solid" BorderRight="solid" BorderTop="solid">
                  <Sentence WritingMode="vertical">一・一〇以上一・一八以下である場合</Sentence>
                </TableColumn>
                <TableColumn BorderBottom="solid" BorderLeft="solid" BorderRight="solid" BorderTop="solid">
                  <Sentence WritingMode="vertical">十分の七を当該調整指数で除して得た割合</Sentence>
                </TableColumn>
              </TableRow>
              <TableRow>
                <TableColumn BorderBottom="solid" BorderLeft="solid" BorderRight="solid" BorderTop="solid">
                  <Sentence WritingMode="vertical">一・一九以上一・二五以下である場合</Sentence>
                </TableColumn>
                <TableColumn BorderBottom="solid" BorderLeft="solid" BorderRight="solid" BorderTop="solid">
                  <Sentence WritingMode="vertical">十分の七・五を当該調整指数で除して得た割合</Sentence>
                </TableColumn>
              </TableRow>
              <TableRow>
                <TableColumn BorderBottom="solid" BorderLeft="solid" BorderRight="solid" BorderTop="solid" colspan="1" rowspan="3">
                  <Sentence WritingMode="vertical">（四）</Sentence>
                </TableColumn>
                <TableColumn BorderBottom="solid" BorderLeft="solid" BorderRight="solid" BorderTop="solid" rowspan="3">
                  <Sentence WritingMode="vertical">令第一条第二項に規定する一般国道の改築で離島振興対策実施地域内において行われるもののうち同条第一項各号のいずれかに該当するもの</Sentence>
                </TableColumn>
                <TableColumn BorderBottom="solid" BorderLeft="solid" BorderRight="solid" BorderTop="solid">
                  <Sentence WritingMode="vertical">一以下である場合</Sentence>
                </TableColumn>
                <TableColumn BorderBottom="solid" BorderLeft="solid" BorderRight="solid" BorderTop="solid">
                  <Sentence WritingMode="vertical">十分の六</Sentence>
                </TableColumn>
              </TableRow>
              <TableRow>
                <TableColumn BorderBottom="solid" BorderLeft="solid" BorderRight="solid" BorderTop="solid">
                  <Sentence WritingMode="vertical">一・〇一以上一・〇九以下である場合</Sentence>
                </TableColumn>
                <TableColumn BorderBottom="solid" BorderLeft="solid" BorderRight="solid" BorderTop="solid">
                  <Sentence WritingMode="vertical">十分の六・五</Sentence>
                </TableColumn>
              </TableRow>
              <TableRow>
                <TableColumn BorderBottom="solid" BorderLeft="solid" BorderRight="solid" BorderTop="solid">
                  <Sentence WritingMode="vertical">一・一〇以上一・二五以下である場合</Sentence>
                </TableColumn>
                <TableColumn BorderBottom="solid" BorderLeft="solid" BorderRight="solid" BorderTop="solid">
                  <Sentence WritingMode="vertical">十分の七</Sentence>
                </TableColumn>
              </TableRow>
            </Table>
          </TableStruct>
        </Paragraph>
        <Paragraph Hide="false" Num="3">
          <ParagraphNum>３</ParagraphNum>
          <ParagraphSentence>
            <Sentence WritingMode="vertical">前二項の規定において「調整指数」とは、次の各号に掲げる場合の区分に応じ、当該各号に定める式により算定した数値（小数点以下二位未満は、切り上げるものとする。）をいう。</Sentence>
          </ParagraphSentence>
          <Item Delete="false" Hide="false" Num="1">
            <ItemTitle>一</ItemTitle>
            <ItemSentence>
              <Sentence WritingMode="vertical">当該一般国道の改築を行う地方公共団体が都府県である場合</Sentence>
            </ItemSentence>
            <List>
              <ListSentence>
                <Sentence WritingMode="vertical">１＋０.２５×（（０.４６－当該一般国道の改築を行う都府県の財政力指数）／（０.４６－財政力指数が最小である都道府県の当該財政力指数））</Sentence>
              </ListSentence>
            </List>
          </Item>
          <Item Delete="false" Hide="false" Num="2">
            <ItemTitle>二</ItemTitle>
            <ItemSentence>
              <Sentence WritingMode="vertical">当該一般国道の改築を行う地方公共団体が市町村である場合</Sentence>
            </ItemSentence>
            <List>
              <ListSentence>
                <Sentence WritingMode="vertical">１＋０.２５×（（０.４６－当該一般国道の改築を行う市町村の財政力指数）／（０.４６－財政力指数が最小である市町村の当該財政力指数））</Sentence>
              </ListSentence>
            </List>
          </Item>
        </Paragraph>
        <Paragraph Hide="false" Num="4">
          <ParagraphNum>４</ParagraphNum>
          <ParagraphSentence>
            <Sentence WritingMode="vertical">前項各号の式において「財政力指数」とは、後進地域の開発に関する公共事業に係る国の負担割合の特例に関する法律（昭和三十六年法律第百十二号）第二条第一項に規定する財政力指数をいう。</Sentence>
          </ParagraphSentence>
        </Paragraph>
      </Article>
      <Article Delete="false" Hide="false" Num="2">
        <ArticleCaption>（令第一条第二項第三号の国土交通省令で定める要件）</ArticleCaption>
        <ArticleTitle>第二条</ArticleTitle>
        <Paragraph Hide="false" Num="1">
          <ParagraphNum/>
          <ParagraphSentence>
            <Sentence WritingMode="vertical">令第一条第二項第三号の国土交通省令で定める要件は、次のとおりとする。</Sentence>
          </ParagraphSentence>
          <Item Delete="false" Hide="false" Num="1">
            <ItemTitle>一</ItemTitle>
            <ItemSentence>
              <Sentence WritingMode="vertical">一定の地域において一体として行われるものであること。</Sentence>
            </ItemSentence>
          </Item>
          <Item Delete="false" Hide="false" Num="2">
            <ItemTitle>二</ItemTitle>
            <ItemSentence>
              <Sentence WritingMode="vertical">重点的、効果的かつ効率的に行われるものであること。</Sentence>
            </ItemSentence>
          </Item>
          <Item Delete="false" Hide="false" Num="3">
            <ItemTitle>三</ItemTitle>
            <ItemSentence>
              <Sentence WritingMode="vertical">離島振興対策実施地域若しくは奄美群島区域内において行われるもの又は復興事業に該当するもの以外のものにあっては、次の要件を満たすものであること。</Sentence>
            </ItemSentence>
            <Subitem1 Delete="false" Hide="false" Num="1">
              <Subitem1Title>イ</Subitem1Title>
              <Subitem1Sentence>
                <Sentence WritingMode="vertical">一般国道の改築にあっては、道路の構造、交通の状況等を勘案して地域における道路の交通の安全の確保とその円滑化を図るとともに、生活環境の改善に資するために特に必要と認められるものであること。</Sentence>
              </Subitem1Sentence>
            </Subitem1>
          </Item>
          <Item Delete="false" Hide="false" Num="ロ">
            <ItemTitle>ロ</ItemTitle>
            <ItemSentence>
              <Sentence WritingMode="vertical">地方交付税法（昭和二十五年法律第二百十一号）第十条第一項の規定による普通交付税の交付を受けていない都府県等（都府県又は地方自治法（昭和二十二年法律第六十七号）第二百五十二条の十九第一項の市をいう。次条において同じ。）により行われるもの以外のものであること。</Sentence>
            </ItemSentence>
          </Item>
        </Paragraph>
      </Article>
      <Article Delete="false" Hide="false" Num="3">
        <ArticleCaption>（令第二条第一項の国土交通省令で定める要件）</ArticleCaption>
        <ArticleTitle>第三条</ArticleTitle>
        <Paragraph Hide="false" Num="1">
          <ParagraphNum/>
          <ParagraphSentence>
            <Sentence WritingMode="vertical">令第一条第三項の国土交通省令で定める基準は、都府県等にあっては、地方交付税法第十条第一項の規定による普通交付税の交付を受けていないこととする。</Sentence>
          </ParagraphSentence>
        </Paragraph>
      </Article>
      <Article Delete="false" Hide="false" Num="4">
        <ArticleCaption>（令第三条第一項第二号及び第二項第二号の国土交通省令で定める要件）</ArticleCaption>
        <ArticleTitle>第四条</ArticleTitle>
        <Paragraph Hide="false" Num="1">
          <ParagraphNum/>
          <ParagraphSentence>
            <Sentence WritingMode="vertical">令第一条第三項第三号及び第五項第三号並びに第二条第二項第三号の国土交通省令で定める施設又は工作物は、損傷、腐食その他の劣化により道路の構造に支障を及ぼすおそれが特に大きいと認められる橋、トンネル、横断歩道橋、防護施設及び道路を横断して設ける道路標識とする。</Sentence>
          </ParagraphSentence>
        </Paragraph>
      </Article>
      <Article Delete="false" Hide="false" Num="5">
        <ArticleCaption>（電線共同溝への電線の敷設工事に係る貸付申請の手続）</ArticleCaption>
        <ArticleTitle>第五条</ArticleTitle>
        <Paragraph Hide="false" Num="1">
          <ParagraphNum/>
          <ParagraphSentence>
            <Sentence WritingMode="vertical">都道府県又は市町村は、道路整備事業に係る国の財政上の特別措置に関する法律（昭和三十三年法律第三十四号。以下「法」という。）第四条第一項の規定による国の貸付けを受けようとするときは、次に掲げる事項を記載した申請書を国土交通大臣に提出するものとする。</Sentence>
          </ParagraphSentence>
          <Item Delete="false" Hide="false" Num="1">
            <ItemTitle>一</ItemTitle>
            <ItemSentence>
              <Sentence WritingMode="vertical">道路法（昭和二十七年法律第百八十号）第三十七条第一項の規定により指定された道路の区域において建設される電線共同溝への電線の敷設工事（これに附帯する工事を含む。次号及び第三号において単に「敷設工事」という。）に係る都道府県又は市町村の当該年度における貸付けの金額及びその時期</Sentence>
            </ItemSentence>
          </Item>
          <Item Delete="false" Hide="false" Num="2">
            <ItemTitle>二</ItemTitle>
            <ItemSentence>
              <Sentence WritingMode="vertical">都道府県又は市町村の貸付けを受ける電線共同溝の占用予定者の当該年度における敷設工事に関する工事実施計画の明細</Sentence>
            </ItemSentence>
          </Item>
          <Item Delete="false" Hide="false" Num="3">
            <ItemTitle>三</ItemTitle>
            <ItemSentence>
              <Sentence WritingMode="vertical">都道府県又は市町村の貸付けを受ける電線共同溝の占用予定者の当該年度における敷設工事に関する資金計画の明細</Sentence>
            </ItemSentence>
          </Item>
          <Item Delete="false" Hide="false" Num="4">
            <ItemTitle>四</ItemTitle>
            <ItemSentence>
              <Sentence WritingMode="vertical">都道府県又は市町村の貸付金に関する貸付けの条件</Sentence>
            </ItemSentence>
          </Item>
        </Paragraph>
      </Article>
      <Article Delete="false" Hide="false" Num="6">
        <ArticleCaption>（特定連絡道路工事施行者になろうとする者の申請の手続）</ArticleCaption>
        <ArticleTitle>第六条</ArticleTitle>
        <Paragraph Hide="false" Num="1">
          <ParagraphNum/>
          <ParagraphSentence>
            <Sentence Num="1" WritingMode="vertical">特定連絡道路工事施行者になろうとする者は、次に掲げる事項を記載した申請書を国土交通大臣に提出するものとする。</Sentence>
            <Sentence Num="2" WritingMode="vertical">これを変更する場合も、同様とする。</Sentence>
          </ParagraphSentence>
          <Item Delete="false" Hide="false" Num="1">
            <ItemTitle>一</ItemTitle>
            <ItemSentence>
              <Sentence WritingMode="vertical">次に掲げる事項を記載した特定連絡道路に関する工事に関する工事実施計画
</Sentence>
            </ItemSentence>
            <Subitem1 Delete="false" Hide="false" Num="1">
              <Subitem1Title>イ</Subitem1Title>
              <Subitem1Sentence>
                <Sentence WritingMode="vertical">特定連絡道路に関する工事の設計の概要</Sentence>
              </Subitem1Sentence>
            </Subitem1>
            <Subitem1 Delete="false" Hide="false" Num="2">
              <Subitem1Title>ロ</Subitem1Title>
              <Subitem1Sentence>
                <Sentence WritingMode="vertical">特定連絡道路に関する工事に要する費用の総額及びその内訳</Sentence>
              </Subitem1Sentence>
            </Subitem1>
            <Subitem1 Delete="false" Hide="false" Num="3">
              <Subitem1Title>ハ</Subitem1Title>
              <Subitem1Sentence>
                <Sentence WritingMode="vertical">特定連絡道路に関する工事の工程表</Sentence>
              </Subitem1Sentence>
            </Subitem1>
          </Item>
          <Item Delete="false" Hide="false" Num="2">
            <ItemTitle>二</ItemTitle>
            <ItemSentence>
              <Sentence WritingMode="vertical">次に掲げる事項を記載した特定連絡道路に関する工事に関する資金計画</Sentence>
            </ItemSentence>
            <Subitem1 Delete="false" Hide="false" Num="1">
              <Subitem1Title>イ</Subitem1Title>
              <Subitem1Sentence>
                <Sentence WritingMode="vertical">資金の調達方法</Sentence>
              </Subitem1Sentence>
            </Subitem1>
            <Subitem1 Delete="false" Hide="false" Num="2">
              <Subitem1Title>ロ</Subitem1Title>
              <Subitem1Sentence>
                <Sentence WritingMode="vertical">資金の使途</Sentence>
              </Subitem1Sentence>
            </Subitem1>
          </Item>
          <Item Delete="false" Hide="false" Num="3">
            <ItemTitle>三</ItemTitle>
            <ItemSentence>
              <Sentence WritingMode="vertical">特定連絡道路に関する工事に関する収支計画</Sentence>
            </ItemSentence>
          </Item>
          <Item Delete="false" Hide="false" Num="4">
            <ItemTitle>四</ItemTitle>
            <ItemSentence>
              <Sentence WritingMode="vertical">特定連絡道路に関する工事を適確に行うに足りる能力があることを説明した書類</Sentence>
            </ItemSentence>
          </Item>
        </Paragraph>
        <Paragraph Hide="false" Num="2">
          <ParagraphNum>２</ParagraphNum>
          <ParagraphSentence>
            <Sentence WritingMode="vertical">前項の申請書には、次に掲げる書類を添付するものとする。</Sentence>
          </ParagraphSentence>
          <Item Delete="false" Hide="false" Num="1">
            <ItemTitle>一</ItemTitle>
            <ItemSentence>
              <Sentence WritingMode="vertical">既存の法人にあっては、次に掲げる書類</Sentence>
            </ItemSentence>
            <Subitem1 Delete="false" Hide="false" Num="1">
              <Subitem1Title>イ</Subitem1Title>
              <Subitem1Sentence>
                <Sentence WritingMode="vertical">定款又は寄附行為及び登記事項証明書</Sentence>
              </Subitem1Sentence>
            </Subitem1>
            <Subitem1 Delete="false" Hide="false" Num="2">
              <Subitem1Title>ロ</Subitem1Title>
              <Subitem1Sentence>
                <Sentence WritingMode="vertical">役員又は社員の履歴書</Sentence>
              </Subitem1Sentence>
            </Subitem1>
            <Subitem1 Delete="false" Hide="false" Num="3">
              <Subitem1Title>ハ</Subitem1Title>
              <Subitem1Sentence>
                <Sentence WritingMode="vertical">株式会社にあっては、発行済株式の総数の五パーセント以上の株式を所有する株主の名簿</Sentence>
              </Subitem1Sentence>
            </Subitem1>
            <Subitem1 Delete="false" Hide="false" Num="4">
              <Subitem1Title>ニ</Subitem1Title>
              <Subitem1Sentence>
                <Sentence WritingMode="vertical">最近の事業年度の財産目録、貸借対照表及び損益計算書</Sentence>
              </Subitem1Sentence>
            </Subitem1>
            <Subitem1 Delete="false" Hide="false" Num="5">
              <Subitem1Title>ホ</Subitem1Title>
              <Subitem1Sentence>
                <Sentence WritingMode="vertical">組織を明らかにする書類</Sentence>
              </Subitem1Sentence>
            </Subitem1>
            <Subitem1 Delete="false" Hide="false" Num="6">
              <Subitem1Title>ヘ</Subitem1Title>
              <Subitem1Sentence>
                <Sentence WritingMode="vertical">法第五条第一項の承認を受けたことを証する書類</Sentence>
              </Subitem1Sentence>
            </Subitem1>
          </Item>
          <Item Delete="false" Hide="false" Num="2">
            <ItemTitle>二</ItemTitle>
            <ItemSentence>
              <Sentence WritingMode="vertical">法人を設立しようとする者にあっては、次に掲げる書類</Sentence>
            </ItemSentence>
            <Subitem1 Delete="false" Hide="false" Num="1">
              <Subitem1Title>イ</Subitem1Title>
              <Subitem1Sentence>
                <Sentence WritingMode="vertical">定款又は寄附行為の謄本</Sentence>
              </Subitem1Sentence>
            </Subitem1>
            <Subitem1 Delete="false" Hide="false" Num="2">
              <Subitem1Title>ロ</Subitem1Title>
              <Subitem1Sentence>
                <Sentence WritingMode="vertical">発起人、社員又は設立者の履歴書</Sentence>
              </Subitem1Sentence>
            </Subitem1>
            <Subitem1 Delete="false" Hide="false" Num="3">
              <Subitem1Title>ハ</Subitem1Title>
              <Subitem1Sentence>
                <Sentence WritingMode="vertical">株式の引受け、出資又は財産の寄附の状況又は見込みを記載した書類</Sentence>
              </Subitem1Sentence>
            </Subitem1>
            <Subitem1 Delete="false" Hide="false" Num="4">
              <Subitem1Title>ニ</Subitem1Title>
              <Subitem1Sentence>
                <Sentence WritingMode="vertical">組織を明らかにする書類</Sentence>
              </Subitem1Sentence>
            </Subitem1>
            <Subitem1 Delete="false" Hide="false" Num="5">
              <Subitem1Title>ホ</Subitem1Title>
              <Subitem1Sentence>
                <Sentence WritingMode="vertical">法第五条第一項の承認を受けたことを証する書類</Sentence>
              </Subitem1Sentence>
            </Subitem1>
          </Item>
          <Item Delete="false" Hide="false" Num="3">
            <ItemTitle>三</ItemTitle>
            <ItemSentence>
              <Sentence WritingMode="vertical">その他参考となるべき事項を記載した書類</Sentence>
            </ItemSentence>
          </Item>
        </Paragraph>
      </Article>
      <Article Delete="false" Hide="false" Num="7">
        <ArticleCaption>（特定連絡道路工事施行者の決定の通知）</ArticleCaption>
        <ArticleTitle>第七条</ArticleTitle>
        <Paragraph Hide="false" Num="1">
          <ParagraphNum/>
          <ParagraphSentence>
            <Sentence WritingMode="vertical">国土交通大臣は、前条第一項の規定による申請をした者が令第五条の要件に適合すると認めるときは、当該申請をした者並びに関係都道府県及び市町村に対し、その旨を通知するものとする。</Sentence>
          </ParagraphSentence>
        </Paragraph>
      </Article>
      <Article Delete="false" Hide="false" Num="8">
        <ArticleCaption>（特定連絡道路に関する工事に係る貸付申請の手続）</ArticleCaption>
        <ArticleTitle>第八条</ArticleTitle>
        <Paragraph Hide="false" Num="1">
          <ParagraphNum/>
          <ParagraphSentence>
            <Sentence WritingMode="vertical">都道府県又は市町村は、法第五条第一項の規定による国の貸付けを受けようとするときは、次に掲げる事項を記載した申請書を国土交通大臣に提出するものとする。</Sentence>
          </ParagraphSentence>
          <Item Delete="false" Hide="false" Num="1">
            <ItemTitle>一</ItemTitle>
            <ItemSentence>
              <Sentence WritingMode="vertical">特定連絡道路に関する工事に係る都道府県又は市町村の当該年度における貸付けの金額及びその時期</Sentence>
            </ItemSentence>
          </Item>
          <Item Delete="false" Hide="false" Num="2">
            <ItemTitle>二</ItemTitle>
            <ItemSentence>
              <Sentence WritingMode="vertical">都道府県又は市町村の貸付けを受ける特定連絡道路工事施行者の当該年度における特定連絡道路に関する工事に関する工事実施計画の明細</Sentence>
            </ItemSentence>
          </Item>
          <Item Delete="false" Hide="false" Num="3">
            <ItemTitle>三</ItemTitle>
            <ItemSentence>
              <Sentence WritingMode="vertical">都道府県又は市町村の貸付けを受ける特定連絡道路工事施行者の当該年度における特定連絡道路に関する工事に関する資金計画の明細</Sentence>
            </ItemSentence>
          </Item>
          <Item Delete="false" Hide="false" Num="4">
            <ItemTitle>四</ItemTitle>
            <ItemSentence>
              <Sentence WritingMode="vertical">都道府県又は市町村の貸付金に関する貸付けの条件</Sentence>
            </ItemSentence>
          </Item>
        </Paragraph>
      </Article>
      <Article Delete="false" Hide="false" Num="9">
        <ArticleCaption>（高速道路利便増進事業に関する計画に定める事項）</ArticleCaption>
        <ArticleTitle>第九条</ArticleTitle>
        <Paragraph Hide="false" Num="1">
          <ParagraphNum/>
          <ParagraphSentence>
            <Sentence WritingMode="vertical">法第六条第二項第五号の国土交通省令で定める事項は、次に掲げるものとする。</Sentence>
          </ParagraphSentence>
          <Item Delete="false" Hide="false" Num="1">
            <ItemTitle>一</ItemTitle>
            <ItemSentence>
              <Sentence WritingMode="vertical">法第六条第二項第一号の高速道路利便増進事業の実施体制に関する事項</Sentence>
            </ItemSentence>
          </Item>
          <Item Delete="false" Hide="false" Num="2">
            <ItemTitle>二</ItemTitle>
            <ItemSentence>
              <Sentence WritingMode="vertical">計画の実施のため必要となる独立行政法人日本高速道路保有・債務返済機構法（平成十六年法律第百号）第十三条第一項に規定する協定の変更に関する事項</Sentence>
            </ItemSentence>
          </Item>
        </Paragraph>
      </Article>
      <Article Delete="false" Hide="false" Num="10">
        <ArticleCaption>（法第六条第十項第一号の国土交通省令で定める部分）</ArticleCaption>
        <ArticleTitle>第十条</ArticleTitle>
        <Paragraph Hide="false" Num="1">
          <ParagraphNum/>
          <ParagraphSentence>
            <Sentence WritingMode="vertical">法第六条第十項第一号の国土交通省令で定める部分は、専らETC通行車（道路整備特別措置法施行規則（昭和三十一年建設省令第十八号）第十三条第二項第三号イに規定するETC通行車をいう。）の通行の用に供することを目的とする高速道路（高速道路株式会社法（平成十六年法律第九十九号）第二条第二項に規定する高速道路をいう。）の部分とする。</Sentence>
          </ParagraphSentence>
        </Paragraph>
      </Article>
      <Article Delete="false" Hide="false" Num="11">
        <ArticleCaption>（法第六条第二項の振替機構債券等に関し国土交通省令で定める事項等）</ArticleCaption>
        <ArticleTitle>第十一条</ArticleTitle>
        <Paragraph Hide="false" Num="1">
          <ParagraphNum/>
          <ParagraphSentence>
            <Sentence WritingMode="vertical">法第七条第二項の振替機構債券等に関し国土交通省令で定める事項は、次に掲げるものとする。</Sentence>
          </ParagraphSentence>
          <Item Delete="false" Hide="false" Num="1">
            <ItemTitle>一</ItemTitle>
            <ItemSentence>
              <Sentence WritingMode="vertical">法第七条第二項の振替機構債券等に係る債務を法第六条第一項に規定する承継日において一般会計において承継する旨</Sentence>
            </ItemSentence>
          </Item>
          <Item Delete="false" Hide="false" Num="2">
            <ItemTitle>二</ItemTitle>
            <ItemSentence>
              <Sentence WritingMode="vertical">法第七条第二項の振替機構債券等について同条第七項の規定により申請をすることができない期間並びに同項の規定により制限される同項及び令第七条に規定する申請の内容</Sentence>
            </ItemSentence>
          </Item>
        </Paragraph>
        <Paragraph Hide="false" Num="2">
          <ParagraphNum>２</ParagraphNum>
          <ParagraphSentence>
            <Sentence WritingMode="vertical">法第七条第二項の振替機構債券等に係る機構債務の承継のために必要なものとして国土交通省令で定める事項は、同条第八項第三号から第五号までに掲げる事項とする。</Sentence>
          </ParagraphSentence>
        </Paragraph>
      </Article>
    </MainProvision>
    <SupplProvision>
      <SupplProvisionLabel>附　則</SupplProvisionLabel>
      <Paragraph Hide="false" Num="1">
        <ParagraphNum/>
        <ParagraphSentence>
          <Sentence WritingMode="vertical">この省令は、公布の日から施行する。</Sentence>
        </ParagraphSentence>
      </Paragraph>
    </SupplProvision>
    <SupplProvision AmendLawNum="昭和六三年三月三一日建設省令第三号">
      <SupplProvisionLabel>附　則</SupplProvisionLabel>
      <Paragraph Hide="false" Num="1">
        <ParagraphNum/>
        <ParagraphSentence>
          <Sentence WritingMode="vertical">この省令は、昭和六十三年四月一日から施行する。</Sentence>
        </ParagraphSentence>
      </Paragraph>
    </SupplProvision>
    <SupplProvision AmendLawNum="平成一二年一一月二〇日建設省令第四一号" Extract="true">
      <SupplProvisionLabel>附　則</SupplProvisionLabel>
      <Paragraph Hide="false" Num="1">
        <ParagraphCaption>（施行期日）</ParagraphCaption>
        <ParagraphNum>１</ParagraphNum>
        <ParagraphSentence>
          <Sentence WritingMode="vertical">この省令は、内閣法の一部を改正する法律（平成十一年法律第八十八号）の施行の日（平成十三年一月六日）から施行する。</Sentence>
        </ParagraphSentence>
      </Paragraph>
    </SupplProvision>
    <SupplProvision AmendLawNum="平成一五年三月三一日国土交通省令第四一号">
      <SupplProvisionLabel>附　則</SupplProvisionLabel>
      <Paragraph Hide="false" Num="1">
        <ParagraphNum/>
        <ParagraphSentence>
          <Sentence WritingMode="vertical">この省令は、平成十五年四月一日から施行する。</Sentence>
        </ParagraphSentence>
      </Paragraph>
    </SupplProvision>
    <SupplProvision AmendLawNum="平成二〇年五月一三日国土交通省令第三五号">
      <SupplProvisionLabel>附　則</SupplProvisionLabel>
      <Paragraph Hide="false" Num="1">
        <ParagraphNum/>
        <ParagraphSentence>
          <Sentence WritingMode="vertical">この省令は、公布の日から施行する。</Sentence>
        </ParagraphSentence>
      </Paragraph>
    </SupplProvision>
    <SupplProvision AmendLawNum="平成二一年四月三〇日国土交通省令第三二号">
      <SupplProvisionLabel>附　則</SupplProvisionLabel>
      <Paragraph Hide="false" Num="1">
        <ParagraphNum/>
        <ParagraphSentence>
          <Sentence WritingMode="vertical">この省令は、公布の日から施行する。</Sentence>
        </ParagraphSentence>
      </Paragraph>
    </SupplProvision>
    <SupplProvision AmendLawNum="平成二五年九月二日国土交通省令第七四号" Extract="true">
      <SupplProvisionLabel>附　則</SupplProvisionLabel>
      <Article Delete="false" Hide="false" Num="1">
        <ArticleCaption>（施行期日）</ArticleCaption>
        <ArticleTitle>第一条</ArticleTitle>
        <Paragraph Hide="false" Num="1">
          <ParagraphNum/>
          <ParagraphSentence>
            <Sentence WritingMode="vertical">この省令は、道路法等の一部を改正する法律の施行の日（平成二十五年九月二日）から施行する。</Sentence>
          </ParagraphSentence>
        </Paragraph>
      </Article>
    </SupplProvision>
    <SupplProvision AmendLawNum="平成二九年三月三一日国土交通省令第一八号">
      <SupplProvisionLabel>附　則</SupplProvisionLabel>
      <Article Delete="false" Hide="false" Num="1">
        <ArticleCaption>（施行期日）</ArticleCaption>
        <ArticleTitle>第一条</ArticleTitle>
        <Paragraph Hide="false" Num="1">
          <ParagraphNum/>
          <ParagraphSentence>
            <Sentence WritingMode="vertical">この省令は、平成二十九年四月一日から施行する。</Sentence>
          </ParagraphSentence>
        </Paragraph>
      </Article>
      <Article Delete="false" Hide="false" Num="2">
        <ArticleCaption>（経過措置）</ArticleCaption>
        <ArticleTitle>第二条</ArticleTitle>
        <Paragraph Hide="false" Num="1">
          <ParagraphNum/>
          <ParagraphSentence>
            <Sentence WritingMode="vertical">この省令による改正後の規定は、平成二十九年度以降の年度の予算に係る国の負担又は補助（平成二十八年度以前の年度の国庫債務負担行為に基づき平成二十九年度以降の年度に支出すべきものとされた国の負担又は補助を除く。）について適用し、平成二十八年度以前の年度の予算に係る国の負担又は補助で平成二十九年度以降の年度に繰り越されたもの及び平成二十八年度以前の年度の国庫債務負担行為に基づき平成二十九年度以降の年度に支出すべきものとされた国の負担又は補助については、なお従前の例による。</Sentence>
          </ParagraphSentence>
        </Paragraph>
      </Article>
    </SupplProvision>
    <SupplProvision AmendLawNum="平成三〇年三月三一日国土交通省令第三七号" Type="Amend">
      <SupplProvisionLabel>附　則</SupplProvisionLabel>
      <Paragraph Hide="false" Num="1">
        <ParagraphCaption>（施行期日）</ParagraphCaption>
        <ParagraphNum>１</ParagraphNum>
        <ParagraphSentence>
          <Sentence WritingMode="vertical">この省令は、平成三十年四月一日から施行する。</Sentence>
        </ParagraphSentence>
      </Paragraph>
      <Paragraph Hide="false" Num="2">
        <ParagraphCaption>（経過措置）</ParagraphCaption>
        <ParagraphNum>２</ParagraphNum>
        <ParagraphSentence>
          <Sentence WritingMode="vertical">この省令による改正後の規定は、平成三十年度以降の年度の予算に係る国の負担又は補助（平成二十九年度以前の年度の国庫債務負担行為に基づき平成三十年度以降の年度に支出すべきものとされた国の負担又は補助を除く。）について適用し、平成二十九年度以前の年度の予算に係る国の負担又は補助で平成三十年度以降の年度に繰り越されたもの及び平成二十九年度以前の年度の国庫債務負担行為に基づき平成三十年度以降の年度に支出すべきものとされた国の負担又は補助については、なお従前の例による。</Sentence>
        </ParagraphSentence>
      </Paragraph>
    </SupplProvision>
    <SupplProvision AmendLawNum="平成三〇年九月二八日国土交通省令第七四号" Type="Amend">
      <SupplProvisionLabel>附　則</SupplProvisionLabel>
      <Paragraph Hide="false" Num="1">
        <ParagraphNum/>
        <ParagraphSentence>
          <Sentence WritingMode="vertical">この省令は、道路法等の一部を改正する法律の施行の日（平成三十年九月三十日）から施行する。</Sentence>
        </ParagraphSentence>
      </Paragraph>
    </SupplProvision>
  </LawBody>
</Law>
