<?xml version="1.0" encoding="UTF-8" standalone="no"?>
<Law DataInfo="191216e80k80m01" Era="Showa" Lang="ja" LawType="CabinetOrder" Num="30" Year="62">
  <LawNum>昭和六十二年政令第三十号</LawNum>
  <LawBody>
    <LawTitle>外国弁護士による法律事務の取扱いに関する特別措置法関係手数料令</LawTitle>
    <EnactStatement>内閣は、外国弁護士による法律事務の取扱いに関する特別措置法（昭和六十一年法律第六十六号）第九条第三項及び第十七条第三項の規定に基づき、この政令を制定する。</EnactStatement>
    <MainProvision>
      <Article Delete="false" Hide="false" Num="1">
        <ArticleCaption>（承認申請手数料）</ArticleCaption>
        <ArticleTitle>第一条</ArticleTitle>
        <Paragraph Hide="false" Num="1">
          <ParagraphNum/>
          <ParagraphSentence>
            <Sentence WritingMode="vertical">外国弁護士による法律事務の取扱いに関する特別措置法（以下「法」という。）第九条第三項の手数料の額は、申請一件につき二万七千五百円とする。</Sentence>
          </ParagraphSentence>
        </Paragraph>
      </Article>
      <Article Delete="false" Hide="false" Num="2">
        <ArticleCaption>（指定申請手数料）</ArticleCaption>
        <ArticleTitle>第二条</ArticleTitle>
        <Paragraph Hide="false" Num="1">
          <ParagraphNum/>
          <ParagraphSentence>
            <Sentence WritingMode="vertical">法第十七条第三項の手数料の額は、申請一件につき一万三千四百円とする。</Sentence>
          </ParagraphSentence>
        </Paragraph>
        <Paragraph Hide="false" Num="2">
          <ParagraphNum>２</ParagraphNum>
          <ParagraphSentence>
            <Sentence WritingMode="vertical">法第二条第二号の法務省令で定める一の連邦国家に係る二以上の特定外国法につき同時にする指定の申請は、前項の規定の適用については、一件の申請とみなす。</Sentence>
          </ParagraphSentence>
        </Paragraph>
      </Article>
    </MainProvision>
    <SupplProvision Extract="false" Type="New">
      <SupplProvisionLabel>附　則</SupplProvisionLabel>
      <Paragraph Hide="false" Num="1">
        <ParagraphNum/>
        <ParagraphSentence>
          <Sentence WritingMode="vertical">この政令は、法の施行の日（昭和六十二年四月一日）から施行する。</Sentence>
        </ParagraphSentence>
      </Paragraph>
    </SupplProvision>
    <SupplProvision AmendLawNum="平成三年三月一五日政令第三二号" Extract="false" Type="Amend">
      <SupplProvisionLabel>附　則</SupplProvisionLabel>
      <Paragraph Hide="false" Num="1">
        <ParagraphNum/>
        <ParagraphSentence>
          <Sentence WritingMode="vertical">この政令は、平成三年四月一日から施行する。</Sentence>
        </ParagraphSentence>
      </Paragraph>
    </SupplProvision>
    <SupplProvision AmendLawNum="平成六年三月一八日政令第四八号" Extract="false" Type="Amend">
      <SupplProvisionLabel>附　則</SupplProvisionLabel>
      <Paragraph Hide="false" Num="1">
        <ParagraphNum/>
        <ParagraphSentence>
          <Sentence WritingMode="vertical">この政令は、平成六年四月一日から施行する。</Sentence>
        </ParagraphSentence>
      </Paragraph>
    </SupplProvision>
  </LawBody>
</Law>
