<?xml version="1.0" encoding="UTF-8" standalone="no"?>
<Law Era="Showa" Lang="ja" LawType="CabinetOrder" Num="21" Year="63">
  <LawNum>昭和六十三年政令第二十一号</LawNum>
  <LawBody>
    <LawTitle>臨床工学技士法施行令</LawTitle>
    <EnactStatement>内閣は、臨床工学技士法（昭和六十二年法律第六十号）第二条第二項、第十二条第二項、第十六条第一項及び附則第三条第一号の規定に基づき、この政令を制定する。</EnactStatement>
    <MainProvision>
      <Article Delete="false" Hide="false" Num="1">
        <ArticleCaption>（生命維持管理装置の身体への接続等）</ArticleCaption>
        <ArticleTitle>第一条</ArticleTitle>
        <Paragraph Hide="false" Num="1">
          <ParagraphNum/>
          <ParagraphSentence>
            <Sentence WritingMode="vertical">臨床工学技士法（以下「法」という。）第二条第二項の政令で定める生命維持管理装置の先端部の身体への接続又は身体からの除去は、次のとおりとする。</Sentence>
          </ParagraphSentence>
          <Item Delete="false" Hide="false" Num="1">
            <ItemTitle>一</ItemTitle>
            <ItemSentence>
              <Sentence WritingMode="vertical">人工呼吸装置のマウスピース、鼻カニューレその他の先端部の身体への接続又は身体からの除去（気管への接続又は気管からの除去にあつては、あらかじめ接続用に形成された気管の部分への接続又は当該部分からの除去に限る。）</Sentence>
            </ItemSentence>
          </Item>
          <Item Delete="false" Hide="false" Num="2">
            <ItemTitle>二</ItemTitle>
            <ItemSentence>
              <Sentence WritingMode="vertical">血液浄化装置の<Ruby>穿<Rt>せん</Rt>
</Ruby>刺針その他の先端部のシャントへの接続又はシャントからの除去</Sentence>
            </ItemSentence>
          </Item>
          <Item Delete="false" Hide="false" Num="3">
            <ItemTitle>三</ItemTitle>
            <ItemSentence>
              <Sentence WritingMode="vertical">生命維持管理装置の導出電極の皮膚への接続又は皮膚からの除去</Sentence>
            </ItemSentence>
          </Item>
        </Paragraph>
      </Article>
      <Article Delete="false" Hide="false" Num="2">
        <ArticleCaption>（臨床工学技士試験委員）</ArticleCaption>
        <ArticleTitle>第二条</ArticleTitle>
        <Paragraph Hide="false" Num="1">
          <ParagraphNum/>
          <ParagraphSentence>
            <Sentence WritingMode="vertical">法第十二条第一項の臨床工学技士試験委員（以下「委員」という。）は、臨床工学技士国家試験を行うについて必要な学識経験のある者のうちから、厚生労働大臣が任命する。</Sentence>
          </ParagraphSentence>
        </Paragraph>
        <Paragraph Hide="false" Num="2">
          <ParagraphNum>２</ParagraphNum>
          <ParagraphSentence>
            <Sentence WritingMode="vertical">委員の数は、五十人以内とする。</Sentence>
          </ParagraphSentence>
        </Paragraph>
        <Paragraph Hide="false" Num="3">
          <ParagraphNum>３</ParagraphNum>
          <ParagraphSentence>
            <Sentence Function="main" Num="1" WritingMode="vertical">委員の任期は、二年とする。</Sentence>
            <Sentence Function="proviso" Num="2" WritingMode="vertical">ただし、補欠の委員の任期は、前任者の残任期間とする。</Sentence>
          </ParagraphSentence>
        </Paragraph>
        <Paragraph Hide="false" Num="4">
          <ParagraphNum>４</ParagraphNum>
          <ParagraphSentence>
            <Sentence WritingMode="vertical">委員は、非常勤とする。</Sentence>
          </ParagraphSentence>
        </Paragraph>
      </Article>
      <Article Delete="false" Hide="false" Num="3">
        <ArticleCaption>（受験手数料）</ArticleCaption>
        <ArticleTitle>第三条</ArticleTitle>
        <Paragraph Hide="false" Num="1">
          <ParagraphNum/>
          <ParagraphSentence>
            <Sentence WritingMode="vertical">法第十六条第一項の政令で定める受験手数料の額は、三万八百円とする。</Sentence>
          </ParagraphSentence>
        </Paragraph>
      </Article>
    </MainProvision>
    <SupplProvision Extract="true">
      <SupplProvisionLabel>附　則</SupplProvisionLabel>
      <Paragraph Hide="false" Num="1">
        <ParagraphCaption>（施行期日）</ParagraphCaption>
        <ParagraphNum>１</ParagraphNum>
        <ParagraphSentence>
          <Sentence WritingMode="vertical">この政令は、法の施行の日（昭和六十三年四月一日）から施行する。</Sentence>
        </ParagraphSentence>
      </Paragraph>
      <Paragraph Hide="false" Num="2">
        <ParagraphCaption>（受験資格の特例）</ParagraphCaption>
        <ParagraphNum>２</ParagraphNum>
        <ParagraphSentence>
          <Sentence WritingMode="vertical">法附則第三条第一号の政令で定める者は、准看護婦とする。</Sentence>
        </ParagraphSentence>
      </Paragraph>
    </SupplProvision>
    <SupplProvision AmendLawNum="平成元年三月二二日政令第五六号">
      <SupplProvisionLabel>附　則</SupplProvisionLabel>
      <Paragraph Hide="false" Num="1">
        <ParagraphNum/>
        <ParagraphSentence>
          <Sentence WritingMode="vertical">この政令は、平成元年四月一日から施行する。</Sentence>
        </ParagraphSentence>
      </Paragraph>
    </SupplProvision>
    <SupplProvision AmendLawNum="平成三年三月一九日政令第三九号">
      <SupplProvisionLabel>附　則</SupplProvisionLabel>
      <Paragraph Hide="false" Num="1">
        <ParagraphNum/>
        <ParagraphSentence>
          <Sentence WritingMode="vertical">この政令は、平成三年四月一日から施行する。</Sentence>
        </ParagraphSentence>
      </Paragraph>
    </SupplProvision>
    <SupplProvision AmendLawNum="平成五年九月二九日政令第三一九号">
      <SupplProvisionLabel>附　則</SupplProvisionLabel>
      <Paragraph Hide="false" Num="1">
        <ParagraphNum/>
        <ParagraphSentence>
          <Sentence WritingMode="vertical">この政令は、公布の日から施行する。</Sentence>
        </ParagraphSentence>
      </Paragraph>
    </SupplProvision>
    <SupplProvision AmendLawNum="平成九年三月二四日政令第五七号" Extract="true">
      <SupplProvisionLabel>附　則</SupplProvisionLabel>
      <Paragraph Hide="false" Num="1">
        <ParagraphCaption>（施行期日）</ParagraphCaption>
        <ParagraphNum>１</ParagraphNum>
        <ParagraphSentence>
          <Sentence WritingMode="vertical">この政令は、平成九年四月一日から施行する。</Sentence>
        </ParagraphSentence>
      </Paragraph>
    </SupplProvision>
    <SupplProvision AmendLawNum="平成一二年三月一七日政令第六五号">
      <SupplProvisionLabel>附　則</SupplProvisionLabel>
      <Paragraph Hide="false" Num="1">
        <ParagraphNum/>
        <ParagraphSentence>
          <Sentence WritingMode="vertical">この政令は、平成十二年四月一日から施行する。</Sentence>
        </ParagraphSentence>
      </Paragraph>
    </SupplProvision>
    <SupplProvision AmendLawNum="平成一二年六月七日政令第三〇九号" Extract="true">
      <SupplProvisionLabel>附　則</SupplProvisionLabel>
      <Paragraph Hide="false" Num="1">
        <ParagraphCaption>（施行期日）</ParagraphCaption>
        <ParagraphNum>１</ParagraphNum>
        <ParagraphSentence>
          <Sentence WritingMode="vertical">この政令は、内閣法の一部を改正する法律（平成十一年法律第八十八号）の施行の日（平成十三年一月六日）から施行する。</Sentence>
        </ParagraphSentence>
      </Paragraph>
    </SupplProvision>
    <SupplProvision AmendLawNum="平成一六年三月一九日政令第四六号">
      <SupplProvisionLabel>附　則</SupplProvisionLabel>
      <Paragraph Hide="false" Num="1">
        <ParagraphNum/>
        <ParagraphSentence>
          <Sentence WritingMode="vertical">この政令は、平成十六年三月二十九日から施行する。</Sentence>
        </ParagraphSentence>
      </Paragraph>
    </SupplProvision>
    <SupplProvision AmendLawNum="平成二三年八月三日政令第二四八号">
      <SupplProvisionLabel>附　則</SupplProvisionLabel>
      <Paragraph Hide="false" Num="1">
        <ParagraphNum/>
        <ParagraphSentence>
          <Sentence WritingMode="vertical">この政令は、公布の日から施行する。</Sentence>
        </ParagraphSentence>
      </Paragraph>
    </SupplProvision>
  </LawBody>
</Law>
