<?xml version="1.0" encoding="UTF-8" standalone="no"?>
<Law DataInfo="200402e80k80m01" Era="Heisei" Lang="ja" LawType="Act" Num="7" Year="07">
  <LawNum>平成七年法律第七号</LawNum>
  <LawBody>
    <LawTitle>漁船再保険及漁業共済保険特別会計における漁業共済に係る保険金の支払財源の不足に充てるための一般会計からする繰入金に関する法律</LawTitle>
    <MainProvision>
      <Paragraph Hide="false" Num="1">
        <ParagraphNum>１</ParagraphNum>
        <ParagraphSentence>
          <Sentence WritingMode="vertical">政府は、漁船再保険及漁業共済保険特別会計の漁業共済保険勘定における漁業共済に係る保険金の支払財源の不足に充てるため、平成六年度において、一般会計から、九十二億二千四百七十八万六千円を限り、同特別会計の漁業共済保険勘定に繰り入れることができる。</Sentence>
        </ParagraphSentence>
      </Paragraph>
      <Paragraph Hide="false" Num="2">
        <ParagraphNum>２</ParagraphNum>
        <ParagraphSentence>
          <Sentence WritingMode="vertical">政府は、前項の規定による繰入金については、後日、食料安定供給特別会計の漁業共済保険勘定において決算上の剰余を生じた場合には、特別会計に関する法律（平成十九年法律第二十三号）第百三十四条第一項の規定にかかわらず、当該繰入金に相当する金額に達するまでの金額を一般会計に繰り入れなければならない。</Sentence>
        </ParagraphSentence>
      </Paragraph>
    </MainProvision>
    <SupplProvision>
      <SupplProvisionLabel>附　則</SupplProvisionLabel>
      <Paragraph Hide="false" Num="1">
        <ParagraphNum/>
        <ParagraphSentence>
          <Sentence WritingMode="vertical">この法律は、公布の日から施行する。</Sentence>
        </ParagraphSentence>
      </Paragraph>
    </SupplProvision>
    <SupplProvision AmendLawNum="平成一九年三月三一日法律第二三号" Extract="true">
      <SupplProvisionLabel>附　則</SupplProvisionLabel>
      <Article Delete="false" Hide="false" Num="1">
        <ArticleCaption>（施行期日）</ArticleCaption>
        <ArticleTitle>第一条</ArticleTitle>
        <Paragraph Hide="false" Num="1">
          <ParagraphNum/>
          <ParagraphSentence>
            <Sentence WritingMode="vertical">この法律は、平成十九年四月一日から施行し、平成十九年度の予算から適用する。</Sentence>
          </ParagraphSentence>
        </Paragraph>
      </Article>
      <Article Delete="false" Hide="false" Num="392">
        <ArticleCaption>（その他の経過措置の政令への委任）</ArticleCaption>
        <ArticleTitle>第三百九十二条</ArticleTitle>
        <Paragraph Hide="false" Num="1">
          <ParagraphNum/>
          <ParagraphSentence>
            <Sentence WritingMode="vertical">附則第二条から第六十五条まで、第六十七条から第二百五十九条まで及び第三百八十二条から前条までに定めるもののほか、この法律の施行に関し必要となる経過措置は、政令で定める。</Sentence>
          </ParagraphSentence>
        </Paragraph>
      </Article>
    </SupplProvision>
    <SupplProvision AmendLawNum="平成二五年一一月二二日法律第七六号" Extract="true">
      <SupplProvisionLabel>附　則</SupplProvisionLabel>
      <Article Delete="false" Hide="false" Num="1">
        <ArticleCaption>（施行期日）</ArticleCaption>
        <ArticleTitle>第一条</ArticleTitle>
        <Paragraph Hide="false" Num="1">
          <ParagraphNum/>
          <ParagraphSentence>
            <Sentence WritingMode="vertical">この法律は、平成二十六年四月一日から施行し、この法律による改正後の特別会計に関する法律（以下「新特別会計法」という。）の規定は、平成二十六年度の予算から適用する。</Sentence>
          </ParagraphSentence>
        </Paragraph>
      </Article>
    </SupplProvision>
  </LawBody>
</Law>
