<?xml version="1.0" encoding="UTF-8" standalone="no"?>
<Law Era="Heisei" Lang="ja" LawType="CabinetOrder" Num="396" Year="07">
  <LawNum>平成七年政令第三百九十六号</LawNum>
  <LawBody>
    <LawTitle>細菌兵器（生物兵器）及び毒素兵器の開発、生産及び貯蔵の禁止並びに廃棄に関する条約等の実施に関する法律施行令</LawTitle>
    <EnactStatement>内閣は、細菌兵器（生物兵器）及び毒素兵器の開発、生産及び貯蔵の禁止並びに廃棄に関する条約の実施に関する法律（昭和五十七年法律第六十一号）第五条第二項及び第七条の規定に基づき、この政令を制定する。</EnactStatement>
    <MainProvision>
      <Article Delete="false" Hide="false" Num="1">
        <ArticleCaption>（報告徴収）</ArticleCaption>
        <ArticleTitle>第一条</ArticleTitle>
        <Paragraph Hide="false" Num="1">
          <ParagraphNum/>
          <ParagraphSentence>
            <Sentence WritingMode="vertical">細菌兵器（生物兵器）及び毒素兵器の開発、生産及び貯蔵の禁止並びに廃棄に関する条約等の実施に関する法律（以下「法」という。）第五条第一項の規定により主務大臣が業として生物剤又は毒素を取り扱う者（以下「生物剤等取扱者」という。）に対し報告を求めることができる事項は、当該生物剤又は毒素の種類、数量その他の取扱いの業務に関する事項とする。</Sentence>
          </ParagraphSentence>
        </Paragraph>
      </Article>
      <Article Delete="false" Hide="false" Num="2">
        <ArticleCaption>（主務大臣）</ArticleCaption>
        <ArticleTitle>第二条</ArticleTitle>
        <Paragraph Hide="false" Num="1">
          <ParagraphNum/>
          <ParagraphSentence>
            <Sentence WritingMode="vertical">法第三条第二項の規定による周知のための措置についての主務大臣は、文部科学大臣、厚生労働大臣、農林水産大臣及び経済産業大臣とする。</Sentence>
          </ParagraphSentence>
        </Paragraph>
        <Paragraph Hide="false" Num="2">
          <ParagraphNum>２</ParagraphNum>
          <ParagraphSentence>
            <Sentence Function="main" Num="1" WritingMode="vertical">法第五条第一項の規定による報告の徴収についての主務大臣は、生物剤等取扱者が行う生物剤又は毒素に係る事業を所管する大臣とする。</Sentence>
            <Sentence Function="proviso" Num="2" WritingMode="vertical">ただし、生物剤等取扱者が、法律により直接に設立された法人若しくは特別の法律により特別の設立行為をもって設立された法人である場合又は特別の法律により設立され、かつ、その設立に関し行政庁の認可を要する法人である場合にあっては、これらの法人の監督に関する事務の主任の大臣とする。</Sentence>
          </ParagraphSentence>
        </Paragraph>
      </Article>
    </MainProvision>
    <SupplProvision>
      <SupplProvisionLabel>附　則</SupplProvisionLabel>
      <Paragraph Hide="false" Num="1">
        <ParagraphNum/>
        <ParagraphSentence>
          <Sentence WritingMode="vertical">この政令は、公布の日から施行する。</Sentence>
        </ParagraphSentence>
      </Paragraph>
    </SupplProvision>
    <SupplProvision AmendLawNum="平成一二年六月七日政令第三〇六号" Extract="true">
      <SupplProvisionLabel>附　則</SupplProvisionLabel>
      <Article Delete="false" Hide="false" Num="1">
        <ArticleCaption>（施行期日）</ArticleCaption>
        <ArticleTitle>第一条</ArticleTitle>
        <Paragraph Hide="false" Num="1">
          <ParagraphNum/>
          <ParagraphSentence>
            <Sentence WritingMode="vertical">この政令は、内閣法の一部を改正する法律（平成十一年法律第八十八号）の施行の日（平成十三年一月六日）から施行する。</Sentence>
          </ParagraphSentence>
        </Paragraph>
      </Article>
    </SupplProvision>
    <SupplProvision AmendLawNum="平成一九年三月二日政令第三九号">
      <SupplProvisionLabel>附　則</SupplProvisionLabel>
      <Paragraph Hide="false" Num="1">
        <ParagraphNum/>
        <ParagraphSentence>
          <Sentence WritingMode="vertical">この政令は、一般社団法人及び一般財団法人に関する法律の施行の日から施行する。</Sentence>
        </ParagraphSentence>
      </Paragraph>
    </SupplProvision>
  </LawBody>
</Law>
