<?xml version="1.0" encoding="UTF-8" standalone="no"?>
<Law Era="Heisei" Lang="ja" LawType="CabinetOrder" Num="81" Year="07">
  <LawNum>平成七年政令第八十一号</LawNum>
  <LawBody>
    <LawTitle>被災区分所有建物の再建等に関する特別措置法第二条第一項の災害を定める政令</LawTitle>
    <EnactStatement>内閣は、被災区分所有建物の再建等に関する特別措置法（平成七年法律第四十三号）第二条第一項の規定に基づき、この政令を制定する。</EnactStatement>
    <MainProvision>
      <Paragraph Hide="false" Num="1">
        <ParagraphNum/>
        <ParagraphSentence>
          <Sentence WritingMode="vertical">被災区分所有建物の再建等に関する特別措置法第二条第一項の災害として、阪神・淡路大震災を定める。</Sentence>
        </ParagraphSentence>
      </Paragraph>
    </MainProvision>
    <SupplProvision Extract="false" Type="New">
      <SupplProvisionLabel>附　則</SupplProvisionLabel>
      <Paragraph Hide="false" Num="1">
        <ParagraphNum/>
        <ParagraphSentence>
          <Sentence WritingMode="vertical">この政令は、公布の日から施行する。</Sentence>
        </ParagraphSentence>
      </Paragraph>
    </SupplProvision>
  </LawBody>
</Law>
