<?xml version="1.0" encoding="UTF-8" standalone="no"?>
<Law Era="Heisei" Lang="ja" LawType="MinisterialOrdinance" Num="34" Year="07">
  <LawNum>平成七年農林水産省令第三十四号</LawNum>
  <LawBody>
    <LawTitle>緑の募金による森林整備等の推進に関する法律施行規則</LawTitle>
    <EnactStatement>緑の募金による森林整備等の推進に関する法律（平成七年法律第八十八号）第八条第一項及び第二項（同法第十五条において準用する場合を含む。）、第十四条第二号及び第三号、第十八条第一項及び第二項ただし書並びに第二十五条の規定に基づき、緑の募金による森林整備等の推進に関する法律施行規則を次のように定める。</EnactStatement>
    <MainProvision>
      <Article Num="1">
        <ArticleCaption>（緑の募金の期間）</ArticleCaption>
        <ArticleTitle>第一条</ArticleTitle>
        <Paragraph Num="1">
          <ParagraphNum/>
          <ParagraphSentence>
            <Sentence>緑の募金による森林整備等の推進に関する法律（以下「法」という。）第二条第二項の規定による緑の募金の実施期間は、農林水産省告示で定める。</Sentence>
          </ParagraphSentence>
        </Paragraph>
      </Article>
      <Article Num="2">
        <ArticleCaption>（都道府県緑化推進委員会の指定の申請）</ArticleCaption>
        <ArticleTitle>第二条</ArticleTitle>
        <Paragraph Num="1">
          <ParagraphNum/>
          <ParagraphSentence>
            <Sentence>法第五条第一項の規定により指定を受けようとする法人は、次に掲げる事項を記載した申請書を都道府県知事に提出しなければならない。</Sentence>
          </ParagraphSentence>
          <Item Num="1">
            <ItemTitle>一</ItemTitle>
            <ItemSentence>
              <Sentence>名称及び住所並びに代表者の氏名</Sentence>
            </ItemSentence>
          </Item>
          <Item Num="2">
            <ItemTitle>二</ItemTitle>
            <ItemSentence>
              <Sentence>事務所の所在地</Sentence>
            </ItemSentence>
          </Item>
        </Paragraph>
        <Paragraph Num="2">
          <ParagraphNum>２</ParagraphNum>
          <ParagraphSentence>
            <Sentence>前項の申請書には、次に掲げる書類を添付しなければならない。</Sentence>
          </ParagraphSentence>
          <Item Num="1">
            <ItemTitle>一</ItemTitle>
            <ItemSentence>
              <Sentence>定款</Sentence>
            </ItemSentence>
          </Item>
          <Item Num="2">
            <ItemTitle>二</ItemTitle>
            <ItemSentence>
              <Sentence>登記事項証明書</Sentence>
            </ItemSentence>
          </Item>
          <Item Num="3">
            <ItemTitle>三</ItemTitle>
            <ItemSentence>
              <Sentence>役員の氏名、住所及び略歴を記載した書面</Sentence>
            </ItemSentence>
          </Item>
          <Item Num="4">
            <ItemTitle>四</ItemTitle>
            <ItemSentence>
              <Sentence>指定の申請に関する意思の決定を証する書面</Sentence>
            </ItemSentence>
          </Item>
          <Item Num="5">
            <ItemTitle>五</ItemTitle>
            <ItemSentence>
              <Sentence>法第六条各号に掲げる業務の実施に関する基本的な計画</Sentence>
            </ItemSentence>
          </Item>
          <Item Num="6">
            <ItemTitle>六</ItemTitle>
            <ItemSentence>
              <Sentence>法第六条各号に掲げる業務を適正かつ確実に実施できることを証する書面</Sentence>
            </ItemSentence>
          </Item>
        </Paragraph>
      </Article>
      <Article Num="3">
        <ArticleCaption>（都道府県緑化推進委員会の事業計画書等の提出）</ArticleCaption>
        <ArticleTitle>第三条</ArticleTitle>
        <Paragraph Num="1">
          <ParagraphNum/>
          <ParagraphSentence>
            <Sentence Function="main" Num="1">法第八条第一項に規定する事業計画書及び収支予算書の提出は、毎事業年度開始後二月以内に（指定を受けた日の属する事業年度にあっては、その指定を受けた後遅滞なく）行わなければならない。</Sentence>
            <Sentence Function="proviso" Num="2">ただし、事業年度開始後二月以内に緑の募金を実施する都道府県緑化推進委員会にあっては、当該緑の募金の実施期間前に行わなければならない。</Sentence>
          </ParagraphSentence>
        </Paragraph>
        <Paragraph Num="2">
          <ParagraphNum>２</ParagraphNum>
          <ParagraphSentence>
            <Sentence>法第八条第二項に規定する事業報告書及び収支決算書の提出は、毎事業年度終了後三月以内に行わなければならない。</Sentence>
          </ParagraphSentence>
        </Paragraph>
      </Article>
      <Article Num="4">
        <ArticleCaption>（国土緑化推進機構による助成を受けることが適当な者の要件）</ArticleCaption>
        <ArticleTitle>第四条</ArticleTitle>
        <Paragraph Num="1">
          <ParagraphNum/>
          <ParagraphSentence>
            <Sentence>法第十四条第二号の農林水産省令で定める要件は、次の各号の一に掲げるものとする。</Sentence>
          </ParagraphSentence>
          <Item Num="1">
            <ItemTitle>一</ItemTitle>
            <ItemSentence>
              <Sentence>二以上の都道府県にわたる広域的な見地から森林の整備若しくは緑化の推進の事業を行う者又は当該事業を行う者に対して助成をする者であること。</Sentence>
            </ItemSentence>
          </Item>
          <Item Num="2">
            <ItemTitle>二</ItemTitle>
            <ItemSentence>
              <Sentence>森林の整備若しくは緑化の推進に係る国際協力を行う者又は当該国際協力を行う者に対して助成をする者であること。</Sentence>
            </ItemSentence>
          </Item>
        </Paragraph>
      </Article>
      <Article Num="5">
        <ArticleCaption>（国土緑化推進機構が行うことが適当な事業の要件）</ArticleCaption>
        <ArticleTitle>第五条</ArticleTitle>
        <Paragraph Num="1">
          <ParagraphNum/>
          <ParagraphSentence>
            <Sentence>法第十四条第三号の農林水産省令で定める要件は、次の各号の一に掲げるものとする。</Sentence>
          </ParagraphSentence>
          <Item Num="1">
            <ItemTitle>一</ItemTitle>
            <ItemSentence>
              <Sentence>全国的な見地から行う森林の整備又は緑化の推進の事業であること。</Sentence>
            </ItemSentence>
          </Item>
          <Item Num="2">
            <ItemTitle>二</ItemTitle>
            <ItemSentence>
              <Sentence>森林の整備又は緑化の推進に係る国際協力の事業であること。</Sentence>
            </ItemSentence>
          </Item>
        </Paragraph>
      </Article>
      <Article Num="6">
        <ArticleCaption>（国土緑化推進機構への寄附金の一部の交付）</ArticleCaption>
        <ArticleTitle>第六条</ArticleTitle>
        <Paragraph Num="1">
          <ParagraphNum/>
          <ParagraphSentence>
            <Sentence>法第十八条第一項に規定する寄附金の一部の交付は、緑の募金の実施期間終了後に、国土緑化推進機構と各都道府県緑化推進委員会とが協議して定める額を、当該都道府県緑化推進委員会が国土緑化推進機構に交付して行うものとする。</Sentence>
          </ParagraphSentence>
        </Paragraph>
      </Article>
      <Article Num="7">
        <ArticleCaption>（都道府県緑化推進委員会の寄附金の使途の例外）</ArticleCaption>
        <ArticleTitle>第七条</ArticleTitle>
        <Paragraph Num="1">
          <ParagraphNum/>
          <ParagraphSentence>
            <Sentence>法第十八条第二項ただし書の農林水産省令で定める使途は、次のとおりとする。</Sentence>
          </ParagraphSentence>
          <Item Num="1">
            <ItemTitle>一</ItemTitle>
            <ItemSentence>
              <Sentence>当該都道府県の区域内の住民と当該都道府県の区域外の住民との友好関係の増進を目的とする森林整備等を行う者又は当該森林整備等を行う者に対して助成する者に対して交付金の交付を行うことに要する経費に充てること。</Sentence>
            </ItemSentence>
          </Item>
          <Item Num="2">
            <ItemTitle>二</ItemTitle>
            <ItemSentence>
              <Sentence>前号に規定する森林整備等の事業を行う経費に充てること。</Sentence>
            </ItemSentence>
          </Item>
        </Paragraph>
      </Article>
      <Article Num="8">
        <ArticleCaption>（準用）</ArticleCaption>
        <ArticleTitle>第八条</ArticleTitle>
        <Paragraph Num="1">
          <ParagraphNum/>
          <ParagraphSentence>
            <Sentence Num="1">第二条及び第三条の規定は、国土緑化推進機構について準用する。</Sentence>
            <Sentence Num="2">この場合において、第二条の見出し中「都道府県緑化推進委員会」とあるのは、「国土緑化推進機構」と、同条第一項中「法第五条第一項」とあるのは「法第十三条」と、「都道府県知事」とあるのは「農林水産大臣」と、同条第二項第五号及び第六号中「法第六条各号」とあるのは、「法第十四条各号」と、第三条の見出し中「都道府県緑化推進委員会」とあるのは、「国土緑化推進機構」と、同条第一項中「法第八条第一項」とあるのは、「法第十五条において準用する法第八条第一項」と、「都道府県緑化推進委員会」とあるのは「国土緑化推進機構」と、同条第二項中「法第八条第二項」とあるのは、「法第十五条において準用する法第八条第二項」と読み替えるものとする。</Sentence>
          </ParagraphSentence>
        </Paragraph>
      </Article>
    </MainProvision>
    <SupplProvision>
      <SupplProvisionLabel>附　則</SupplProvisionLabel>
      <Paragraph Num="1">
        <ParagraphNum/>
        <ParagraphSentence>
          <Sentence>この省令は、緑の募金による森林整備等の推進に関する法律の施行の日（平成七年六月一日）から施行する。</Sentence>
        </ParagraphSentence>
      </Paragraph>
    </SupplProvision>
    <SupplProvision AmendLawNum="平成一七年三月七日農林水産省令第一八号">
      <SupplProvisionLabel>附　則</SupplProvisionLabel>
      <Paragraph Num="1">
        <ParagraphNum/>
        <ParagraphSentence>
          <Sentence>この省令は、不動産登記法の施行の日（平成十七年三月七日）から施行する。</Sentence>
        </ParagraphSentence>
      </Paragraph>
    </SupplProvision>
    <SupplProvision AmendLawNum="平成二〇年一一月二八日農林水産省令第七三号" Extract="true">
      <SupplProvisionLabel>附　則</SupplProvisionLabel>
      <Paragraph Num="1">
        <ParagraphCaption>（施行期日）</ParagraphCaption>
        <ParagraphNum>１</ParagraphNum>
        <ParagraphSentence>
          <Sentence>この省令は、一般社団法人及び一般財団法人に関する法律の施行の日（平成二十年十二月一日）から施行する。</Sentence>
        </ParagraphSentence>
      </Paragraph>
    </SupplProvision>
  </LawBody>
</Law>
