<?xml version="1.0" encoding="UTF-8" standalone="no"?>
<Law Era="Heisei" Lang="ja" LawType="MinisterialOrdinance" Num="17" Year="07">
  <LawNum>平成七年建設省令第十七号</LawNum>
  <LawBody>
    <LawTitle>電線共同溝の整備等に関する特別措置法施行規則</LawTitle>
    <EnactStatement>電線共同溝の整備等に関する特別措置法（平成七年法律第三十九号）第四条第一項（同法第八条第三項において準用する場合を含む。）、第十一条第一項及び第十八条の規定に基づき、電線共同溝の整備等に関する特別措置法施行規則を次のように定める。</EnactStatement>
    <MainProvision>
      <Article Num="1">
        <ArticleCaption>（電線共同溝の建設又は増設完了後の占用の許可の申請）</ArticleCaption>
        <ArticleTitle>第一条</ArticleTitle>
        <Paragraph Num="1">
          <ParagraphNum/>
          <ParagraphSentence>
            <Sentence>電線共同溝の整備等に関する特別措置法（以下「法」という。）第四条第一項（法第八条第三項において準用する場合を含む。）の規定による許可の申請は、道路管理者が定める期限までに、次に掲げる事項を記載した申請書を提出して行うものとする。</Sentence>
          </ParagraphSentence>
          <Item Num="1">
            <ItemTitle>一</ItemTitle>
            <ItemSentence>
              <Sentence>当該電線共同溝に電線を敷設する区間</Sentence>
            </ItemSentence>
          </Item>
          <Item Num="2">
            <ItemTitle>二</ItemTitle>
            <ItemSentence>
              <Sentence>当該電線共同溝に敷設する電線の種類及び数量</Sentence>
            </ItemSentence>
          </Item>
          <Item Num="3">
            <ItemTitle>三</ItemTitle>
            <ItemSentence>
              <Sentence>当該電線共同溝に電線を敷設する予定期間</Sentence>
            </ItemSentence>
          </Item>
        </Paragraph>
        <Paragraph Num="2">
          <ParagraphNum>２</ParagraphNum>
          <ParagraphSentence>
            <Sentence>前項の申請書には、次に掲げる書面を添付するものとする。</Sentence>
          </ParagraphSentence>
          <Item Num="1">
            <ItemTitle>一</ItemTitle>
            <ItemSentence>
              <Sentence>当該電線共同溝の占用の許可を申請する者に係る電線共同溝の整備等に関する特別措置法施行令（平成七年政令第二百五十六号。以下「令」という。）第二条の電線共同溝の建設又は増設によって支出を免れることとなる金額の算出に必要な資料</Sentence>
            </ItemSentence>
          </Item>
          <Item Num="2">
            <ItemTitle>二</ItemTitle>
            <ItemSentence>
              <Sentence>当該電線共同溝に敷設する電線に接続する電線又は当該電線を収容するための施設の概要を示す書類及び図面</Sentence>
            </ItemSentence>
          </Item>
          <Item Num="3">
            <ItemTitle>三</ItemTitle>
            <ItemSentence>
              <Sentence>その他参考となるべき書類及び図面</Sentence>
            </ItemSentence>
          </Item>
        </Paragraph>
      </Article>
      <Article Num="2">
        <ArticleCaption>（占用予定者であった者以外の者による電線共同溝の占用の許可の申請）</ArticleCaption>
        <ArticleTitle>第二条</ArticleTitle>
        <Paragraph Num="1">
          <ParagraphNum/>
          <ParagraphSentence>
            <Sentence>法第十一条第一項の規定による許可の申請は、次に掲げる事項を記載した申請書を提出して行うものとする。</Sentence>
          </ParagraphSentence>
          <Item Num="1">
            <ItemTitle>一</ItemTitle>
            <ItemSentence>
              <Sentence>当該電線共同溝に電線を敷設する区間</Sentence>
            </ItemSentence>
          </Item>
          <Item Num="2">
            <ItemTitle>二</ItemTitle>
            <ItemSentence>
              <Sentence>当該電線共同溝に敷設する電線の種類及び数量</Sentence>
            </ItemSentence>
          </Item>
          <Item Num="3">
            <ItemTitle>三</ItemTitle>
            <ItemSentence>
              <Sentence>当該電線共同溝に電線を敷設する予定期間</Sentence>
            </ItemSentence>
          </Item>
        </Paragraph>
        <Paragraph Num="2">
          <ParagraphNum>２</ParagraphNum>
          <ParagraphSentence>
            <Sentence>前項の申請書には、次に掲げる書面を添付するものとする。</Sentence>
          </ParagraphSentence>
          <Item Num="1">
            <ItemTitle>一</ItemTitle>
            <ItemSentence>
              <Sentence>当該電線共同溝の占用の許可を申請する者に係る令第五条の電線共同溝の占用によって支出を免れることとなる金額の算出に必要な資料</Sentence>
            </ItemSentence>
          </Item>
          <Item Num="2">
            <ItemTitle>二</ItemTitle>
            <ItemSentence>
              <Sentence>当該電線共同溝に敷設する電線に接続する電線又は当該電線を収容するための施設の概要を示す書類及び図面</Sentence>
            </ItemSentence>
          </Item>
          <Item Num="3">
            <ItemTitle>三</ItemTitle>
            <ItemSentence>
              <Sentence>その他参考となるべき書類及び図面</Sentence>
            </ItemSentence>
          </Item>
        </Paragraph>
      </Article>
      <Article Num="3">
        <ArticleCaption>（電線共同溝管理規程に定める事項）</ArticleCaption>
        <ArticleTitle>第三条</ArticleTitle>
        <Paragraph Num="1">
          <ParagraphNum/>
          <ParagraphSentence>
            <Sentence>法第十八条に規定する電線共同溝管理規程には、次に掲げる事項を定めるものとする。</Sentence>
          </ParagraphSentence>
          <Item Num="1">
            <ItemTitle>一</ItemTitle>
            <ItemSentence>
              <Sentence>電線共同溝の構造の保全に関する事項</Sentence>
            </ItemSentence>
          </Item>
          <Item Num="2">
            <ItemTitle>二</ItemTitle>
            <ItemSentence>
              <Sentence>電線共同溝に敷設する電線の管理に関する事項</Sentence>
            </ItemSentence>
          </Item>
          <Item Num="3">
            <ItemTitle>三</ItemTitle>
            <ItemSentence>
              <Sentence>電線共同溝の管理負担金に関する事項</Sentence>
            </ItemSentence>
          </Item>
          <Item Num="4">
            <ItemTitle>四</ItemTitle>
            <ItemSentence>
              <Sentence>その他電線共同溝の管理に関し必要な事項</Sentence>
            </ItemSentence>
          </Item>
        </Paragraph>
      </Article>
    </MainProvision>
    <SupplProvision Extract="true">
      <SupplProvisionLabel>附　則</SupplProvisionLabel>
      <Article Num="1">
        <ArticleCaption>（施行期日）</ArticleCaption>
        <ArticleTitle>第一条</ArticleTitle>
        <Paragraph Num="1">
          <ParagraphNum/>
          <ParagraphSentence>
            <Sentence>この省令は、法の施行の日（平成七年六月二十二日）から施行する。</Sentence>
          </ParagraphSentence>
        </Paragraph>
      </Article>
    </SupplProvision>
  </LawBody>
</Law>
