<?xml version="1.0" encoding="UTF-8" standalone="no"?>
<Law Era="Heisei" Lang="ja" LawType="CabinetOrder" Num="352" Year="08">
  <LawNum>平成八年政令第三百五十二号</LawNum>
  <LawBody>
    <LawTitle>阪神・淡路大震災についての特定非常災害の指定及びこれに対し適用すべき措置の指定に関する政令</LawTitle>
    <EnactStatement>内閣は、特定非常災害の被害者の権利利益の保全等を図るための特別措置に関する法律（平成八年法律第八十五号）第二条第一項及び第二項前段の規定に基づき、この政令を制定する。</EnactStatement>
    <MainProvision>
      <Article Delete="false" Hide="false" Num="1">
        <ArticleCaption>（特定非常災害の指定）</ArticleCaption>
        <ArticleTitle>第一条</ArticleTitle>
        <Paragraph Hide="false" Num="1">
          <ParagraphNum/>
          <ParagraphSentence>
            <Sentence WritingMode="vertical">特定非常災害の被害者の権利利益の保全等を図るための特別措置に関する法律（以下「法」という。）第二条第一項の特定非常災害として阪神・淡路大震災を指定し、平成七年一月十七日を同項の特定非常災害発生日として定める。</Sentence>
          </ParagraphSentence>
        </Paragraph>
      </Article>
      <Article Delete="false" Hide="false" Num="2">
        <ArticleCaption>（特定非常災害に対し適用すべき措置の指定）</ArticleCaption>
        <ArticleTitle>第二条</ArticleTitle>
        <Paragraph Hide="false" Num="1">
          <ParagraphNum/>
          <ParagraphSentence>
            <Sentence WritingMode="vertical">前条の特定非常災害に対し適用すべき措置として法第七条に規定する措置を指定する。</Sentence>
          </ParagraphSentence>
        </Paragraph>
      </Article>
    </MainProvision>
    <SupplProvision>
      <SupplProvisionLabel>附　則</SupplProvisionLabel>
      <Paragraph Hide="false" Num="1">
        <ParagraphNum/>
        <ParagraphSentence>
          <Sentence WritingMode="vertical">この政令は、公布の日から施行する。</Sentence>
        </ParagraphSentence>
      </Paragraph>
    </SupplProvision>
  </LawBody>
</Law>
