<?xml version="1.0" encoding="UTF-8" standalone="no"?>
<Law Era="Heisei" Lang="ja" LawType="Act" Num="99" Year="10">
  <LawNum>平成十年法律第九十九号</LawNum>
  <LawBody>
    <LawTitle>美術品の美術館における公開の促進に関する法律</LawTitle>
    <MainProvision>
      <Article Delete="false" Hide="false" Num="1">
        <ArticleCaption>（目的）</ArticleCaption>
        <ArticleTitle>第一条</ArticleTitle>
        <Paragraph Hide="false" Num="1">
          <ParagraphNum/>
          <ParagraphSentence>
            <Sentence WritingMode="vertical">この法律は、美術品について登録制度を実施し、登録美術品の美術館における公開を促進することによって、国民の美術品を鑑賞する機会の拡大を図り、もって文化の発展に寄与することを目的とする。</Sentence>
          </ParagraphSentence>
        </Paragraph>
      </Article>
      <Article Delete="false" Hide="false" Num="2">
        <ArticleCaption>（定義）</ArticleCaption>
        <ArticleTitle>第二条</ArticleTitle>
        <Paragraph Hide="false" Num="1">
          <ParagraphNum/>
          <ParagraphSentence>
            <Sentence WritingMode="vertical">この法律において、次の各号に掲げる用語の意義は、当該各号に定めるところによる。</Sentence>
          </ParagraphSentence>
          <Item Delete="false" Hide="false" Num="1">
            <ItemTitle>一</ItemTitle>
            <ItemSentence>
              <Column LineBreak="false" Num="1">
                <Sentence WritingMode="vertical">美術品</Sentence>
              </Column>
              <Column LineBreak="false" Num="2">
                <Sentence WritingMode="vertical">絵画、彫刻、工芸品その他の有形の文化的所産である動産をいう。</Sentence>
              </Column>
            </ItemSentence>
          </Item>
          <Item Delete="false" Hide="false" Num="2">
            <ItemTitle>二</ItemTitle>
            <ItemSentence>
              <Column LineBreak="false" Num="1">
                <Sentence WritingMode="vertical">美術館</Sentence>
              </Column>
              <Column LineBreak="false" Num="2">
                <Sentence WritingMode="vertical">博物館法（昭和二十六年法律第二百八十五号）第二条第一項に規定する博物館又は同法第二十九条の規定により博物館に相当する施設として指定された施設のうち、美術品の公開及び保管を行うものをいう。</Sentence>
              </Column>
            </ItemSentence>
          </Item>
          <Item Delete="false" Hide="false" Num="3">
            <ItemTitle>三</ItemTitle>
            <ItemSentence>
              <Column LineBreak="false" Num="1">
                <Sentence WritingMode="vertical">登録美術品</Sentence>
              </Column>
              <Column LineBreak="false" Num="2">
                <Sentence WritingMode="vertical">次条第一項の登録を受けた美術品をいう。</Sentence>
              </Column>
            </ItemSentence>
          </Item>
          <Item Delete="false" Hide="false" Num="4">
            <ItemTitle>四</ItemTitle>
            <ItemSentence>
              <Column LineBreak="false" Num="1">
                <Sentence WritingMode="vertical">登録美術品公開契約</Sentence>
              </Column>
              <Column LineBreak="false" Num="2">
                <Sentence WritingMode="vertical">登録美術品の所有者が美術館の設置者に対して登録美術品を引き渡すことを約し、美術館の設置者が美術館において当該登録美術品を公開することを約する契約であって、次の要件を満たすものをいう。</Sentence>
              </Column>
            </ItemSentence>
            <Subitem1 Delete="false" Hide="false" Num="1">
              <Subitem1Title>イ</Subitem1Title>
              <Subitem1Sentence>
                <Sentence WritingMode="vertical">五年以上の期間にわたって有効であること。</Sentence>
              </Subitem1Sentence>
            </Subitem1>
            <Subitem1 Delete="false" Hide="false" Num="2">
              <Subitem1Title>ロ</Subitem1Title>
              <Subitem1Sentence>
                <Sentence WritingMode="vertical">当事者が解約の申入れをすることができない旨の定めがあること。</Sentence>
              </Subitem1Sentence>
            </Subitem1>
          </Item>
          <Item Delete="false" Hide="false" Num="5">
            <ItemTitle>五</ItemTitle>
            <ItemSentence>
              <Column LineBreak="false" Num="1">
                <Sentence WritingMode="vertical">公開</Sentence>
              </Column>
              <Column LineBreak="false" Num="2">
                <Sentence WritingMode="vertical">公衆の観覧に供することをいう。</Sentence>
              </Column>
            </ItemSentence>
          </Item>
        </Paragraph>
      </Article>
      <Article Delete="false" Hide="false" Num="3">
        <ArticleCaption>（美術品の登録）</ArticleCaption>
        <ArticleTitle>第三条</ArticleTitle>
        <Paragraph Hide="false" Num="1">
          <ParagraphNum/>
          <ParagraphSentence>
            <Sentence WritingMode="vertical">美術品の所有者は、その美術品について文化庁長官の登録を受けることができる。</Sentence>
          </ParagraphSentence>
        </Paragraph>
        <Paragraph Hide="false" Num="2">
          <ParagraphNum>２</ParagraphNum>
          <ParagraphSentence>
            <Sentence WritingMode="vertical">文化庁長官は、前項の登録の申請があった場合において、当該申請に係る美術品が次の各号のいずれかに該当するものであり、かつ、当該美術品に係る登録美術品公開契約が確実に締結される見込みがあると認めるときは、登録をしなければならない。</Sentence>
          </ParagraphSentence>
          <Item Delete="false" Hide="false" Num="1">
            <ItemTitle>一</ItemTitle>
            <ItemSentence>
              <Sentence WritingMode="vertical">文化財保護法（昭和二十五年法律第二百十四号）第二十七条第一項の規定により重要文化財に指定されたものであること。</Sentence>
            </ItemSentence>
          </Item>
          <Item Delete="false" Hide="false" Num="2">
            <ItemTitle>二</ItemTitle>
            <ItemSentence>
              <Sentence WritingMode="vertical">前号に掲げるもののほか、世界文化の見地から歴史上、芸術上又は学術上特に優れた価値を有するものであること。</Sentence>
            </ItemSentence>
          </Item>
        </Paragraph>
        <Paragraph Hide="false" Num="3">
          <ParagraphNum>３</ParagraphNum>
          <ParagraphSentence>
            <Sentence WritingMode="vertical">文化庁長官は、前項の規定により登録をしたときは、遅滞なく、その旨を申請者に通知しなければならない。</Sentence>
          </ParagraphSentence>
        </Paragraph>
        <Paragraph Hide="false" Num="4">
          <ParagraphNum>４</ParagraphNum>
          <ParagraphSentence>
            <Sentence WritingMode="vertical">前三項に規定するもののほか、登録の申請その他登録に関し必要な事項は、文部科学省令で定める。</Sentence>
          </ParagraphSentence>
        </Paragraph>
      </Article>
      <Article Delete="false" Hide="false" Num="4">
        <ArticleCaption>（契約美術館の設置者の義務）</ArticleCaption>
        <ArticleTitle>第四条</ArticleTitle>
        <Paragraph Hide="false" Num="1">
          <ParagraphNum/>
          <ParagraphSentence>
            <Sentence WritingMode="vertical">登録美術品公開契約を締結した美術館の設置者（以下「契約美術館の設置者」という。）は、登録美術品を積極的に公開し、かつ、善良な管理者の注意をもってその保管を行わなければならない。</Sentence>
          </ParagraphSentence>
        </Paragraph>
      </Article>
      <Article Delete="false" Hide="false" Num="5">
        <ArticleCaption>（承継）</ArticleCaption>
        <ArticleTitle>第五条</ArticleTitle>
        <Paragraph Hide="false" Num="1">
          <ParagraphNum/>
          <ParagraphSentence>
            <Sentence WritingMode="vertical">登録美術品の所有者について相続、合併又は分割（登録美術品を承継させるものに限る。）があったときは、相続人、合併後存続する法人若しくは合併により設立された法人又は分割により登録美術品を承継した法人は、その登録美術品の所有者の地位を承継する。</Sentence>
          </ParagraphSentence>
        </Paragraph>
        <Paragraph Hide="false" Num="2">
          <ParagraphNum>２</ParagraphNum>
          <ParagraphSentence>
            <Sentence WritingMode="vertical">前項の規定により登録美術品の所有者の地位を承継した者は、遅滞なく、その旨を文化庁長官に届け出なければならない。</Sentence>
          </ParagraphSentence>
        </Paragraph>
      </Article>
      <Article Delete="false" Hide="false" Num="6">
        <ArticleCaption>（登録の取消し）</ArticleCaption>
        <ArticleTitle>第六条</ArticleTitle>
        <Paragraph Hide="false" Num="1">
          <ParagraphNum/>
          <ParagraphSentence>
            <Sentence WritingMode="vertical">文化庁長官は、次の各号のいずれかに該当するとき又は登録美術品の所有者から第三条第一項の登録の取消しの申請があったときは、登録美術品についてその登録を取り消さなければならない。</Sentence>
          </ParagraphSentence>
          <Item Delete="false" Hide="false" Num="1">
            <ItemTitle>一</ItemTitle>
            <ItemSentence>
              <Sentence WritingMode="vertical">登録美術品が第三条第二項各号のいずれかに該当しなくなったと認められるとき。</Sentence>
            </ItemSentence>
          </Item>
          <Item Delete="false" Hide="false" Num="2">
            <ItemTitle>二</ItemTitle>
            <ItemSentence>
              <Sentence WritingMode="vertical">登録美術品の所有者が、第三条第三項の規定による通知を受けた日から三月以内に、当該登録美術品について美術館の設置者との間で登録美術品公開契約を締結せず、又は当該登録美術品に係る契約美術館の設置者に当該登録美術品を引き渡さないとき。</Sentence>
            </ItemSentence>
          </Item>
          <Item Delete="false" Hide="false" Num="3">
            <ItemTitle>三</ItemTitle>
            <ItemSentence>
              <Sentence WritingMode="vertical">登録美術品が美術館において公開されていないと認められるとき。</Sentence>
            </ItemSentence>
          </Item>
          <Item Delete="false" Hide="false" Num="4">
            <ItemTitle>四</ItemTitle>
            <ItemSentence>
              <Sentence WritingMode="vertical">登録美術品公開契約が終了したとき（その終了に際し、登録美術品の所有者が、当該登録美術品について、美術館の設置者との間で登録美術品公開契約を締結し、かつ、当該登録美術品を当該美術館の設置者に引き渡したときを除く。）。</Sentence>
            </ItemSentence>
          </Item>
          <Item Delete="false" Hide="false" Num="5">
            <ItemTitle>五</ItemTitle>
            <ItemSentence>
              <Sentence WritingMode="vertical">登録美術品の所有者が不正の手段により第三条第一項の登録を受けたとき。</Sentence>
            </ItemSentence>
          </Item>
        </Paragraph>
        <Paragraph Hide="false" Num="2">
          <ParagraphNum>２</ParagraphNum>
          <ParagraphSentence>
            <Sentence WritingMode="vertical">文化庁長官は、前項の規定により登録を取り消したときは、遅滞なく、その旨を登録美術品の所有者及び契約美術館の設置者に通知しなければならない。</Sentence>
          </ParagraphSentence>
        </Paragraph>
      </Article>
      <Article Delete="false" Hide="false" Num="7">
        <ArticleCaption>（登録美術品の所有者の報告）</ArticleCaption>
        <ArticleTitle>第七条</ArticleTitle>
        <Paragraph Hide="false" Num="1">
          <ParagraphNum/>
          <ParagraphSentence>
            <Sentence WritingMode="vertical">登録美術品の所有者は、次の各号のいずれかに該当するときは、文部科学省令で定めるところにより、遅滞なく、その旨を文化庁長官に報告しなければならない。</Sentence>
          </ParagraphSentence>
          <Item Delete="false" Hide="false" Num="1">
            <ItemTitle>一</ItemTitle>
            <ItemSentence>
              <Sentence WritingMode="vertical">登録美術品（第三条第二項第一号に該当するものを除く。）を契約美術館の設置者に引き渡す前に、当該登録美術品の全部若しくは一部が滅失し、若しくはき損し、又はこれを亡失し、若しくは盗み取られたとき。</Sentence>
            </ItemSentence>
          </Item>
          <Item Delete="false" Hide="false" Num="2">
            <ItemTitle>二</ItemTitle>
            <ItemSentence>
              <Sentence WritingMode="vertical">登録美術品公開契約を締結したとき。</Sentence>
            </ItemSentence>
          </Item>
        </Paragraph>
      </Article>
      <Article Delete="false" Hide="false" Num="8">
        <ArticleCaption>（契約美術館の設置者の報告等）</ArticleCaption>
        <ArticleTitle>第八条</ArticleTitle>
        <Paragraph Hide="false" Num="1">
          <ParagraphNum/>
          <ParagraphSentence>
            <Sentence WritingMode="vertical">契約美術館の設置者は、次の各号のいずれかに該当するときは、文部科学省令で定めるところにより、遅滞なく、その旨を文化庁長官に報告しなければならない。</Sentence>
          </ParagraphSentence>
          <Item Delete="false" Hide="false" Num="1">
            <ItemTitle>一</ItemTitle>
            <ItemSentence>
              <Sentence WritingMode="vertical">登録美術品の引渡しを受けたとき。</Sentence>
            </ItemSentence>
          </Item>
          <Item Delete="false" Hide="false" Num="2">
            <ItemTitle>二</ItemTitle>
            <ItemSentence>
              <Sentence WritingMode="vertical">登録美術品の引渡しを受けた後に、当該登録美術品の全部若しくは一部が滅失し、若しくはき損し、又はこれを亡失し、若しくは盗み取られたとき。</Sentence>
            </ItemSentence>
          </Item>
          <Item Delete="false" Hide="false" Num="3">
            <ItemTitle>三</ItemTitle>
            <ItemSentence>
              <Sentence WritingMode="vertical">登録美術品公開契約の内容を変更したとき。</Sentence>
            </ItemSentence>
          </Item>
          <Item Delete="false" Hide="false" Num="4">
            <ItemTitle>四</ItemTitle>
            <ItemSentence>
              <Sentence WritingMode="vertical">登録美術品公開契約が終了したとき。</Sentence>
            </ItemSentence>
          </Item>
        </Paragraph>
        <Paragraph Hide="false" Num="2">
          <ParagraphNum>２</ParagraphNum>
          <ParagraphSentence>
            <Sentence Num="1" WritingMode="vertical">契約美術館の設置者は、文部科学省令で定めるところにより、毎年度、登録美術品の公開及び保管の計画を作成し、文化庁長官に届け出なければならない。</Sentence>
            <Sentence Num="2" WritingMode="vertical">これを変更したときも、同様とする。</Sentence>
          </ParagraphSentence>
        </Paragraph>
        <Paragraph Hide="false" Num="3">
          <ParagraphNum>３</ParagraphNum>
          <ParagraphSentence>
            <Sentence WritingMode="vertical">契約美術館の設置者は、文部科学省令で定めるところにより、毎年度、登録美術品の公開及び保管の状況を文化庁長官に報告しなければならない。</Sentence>
          </ParagraphSentence>
        </Paragraph>
      </Article>
      <Article Delete="false" Hide="false" Num="9">
        <ArticleCaption>（美術館の設置者のあっせん）</ArticleCaption>
        <ArticleTitle>第九条</ArticleTitle>
        <Paragraph Hide="false" Num="1">
          <ParagraphNum/>
          <ParagraphSentence>
            <Sentence WritingMode="vertical">文化庁長官は、必要があると認めるときは、登録美術品公開契約が締結されるよう、登録美術品の所有者に対し、美術館の設置者のあっせんに努めなければならない。</Sentence>
          </ParagraphSentence>
        </Paragraph>
      </Article>
      <Article Delete="false" Hide="false" Num="10">
        <ArticleCaption>（情報の提供等）</ArticleCaption>
        <ArticleTitle>第十条</ArticleTitle>
        <Paragraph Hide="false" Num="1">
          <ParagraphNum/>
          <ParagraphSentence>
            <Sentence WritingMode="vertical">文化庁長官は、国民の登録美術品を鑑賞する機会の拡大を図るため、登録美術品の所在に関する情報の提供その他の必要な措置を講ずるよう努めるものとする。</Sentence>
          </ParagraphSentence>
        </Paragraph>
      </Article>
      <Article Delete="false" Hide="false" Num="11">
        <ArticleCaption>（登録美術品の公開等に関する指導等）</ArticleCaption>
        <ArticleTitle>第十一条</ArticleTitle>
        <Paragraph Hide="false" Num="1">
          <ParagraphNum/>
          <ParagraphSentence>
            <Sentence WritingMode="vertical">文化庁長官は、契約美術館の設置者に対し、登録美術品の公開又は保管に関し必要な指導又は助言を行うことができる。</Sentence>
          </ParagraphSentence>
        </Paragraph>
      </Article>
      <Article Delete="false" Hide="false" Num="12">
        <ArticleCaption>（国が所有権を取得した登録美術品の公開）</ArticleCaption>
        <ArticleTitle>第十二条</ArticleTitle>
        <Paragraph Hide="false" Num="1">
          <ParagraphNum/>
          <ParagraphSentence>
            <Sentence WritingMode="vertical">国は、登録美術品の所有権を取得したときは、当該美術品を美術館において積極的に公開するよう努めるものとする。</Sentence>
          </ParagraphSentence>
        </Paragraph>
      </Article>
      <Article Delete="false" Hide="false" Num="13">
        <ArticleCaption>（文化財保護法の特例）</ArticleCaption>
        <ArticleTitle>第十三条</ArticleTitle>
        <Paragraph Hide="false" Num="1">
          <ParagraphNum/>
          <ParagraphSentence>
            <Sentence Num="1" WritingMode="vertical">第八条第二項の規定により届け出た公開及び保管の計画（同項後段の規定による変更の届出があったときは、その変更後のもの。次項において同じ。）に従って契約美術館の設置者が行う登録美術品（第三条第二項第一号に該当するものに限る。次項において同じ。）の公開に関する文化財保護法の規定の適用については、当該計画又はその変更の届出があったことをもって、同法第五十三条第一項本文の許可があったものとみなす。</Sentence>
            <Sentence Num="2" WritingMode="vertical">この場合において、同条第三項中「第一項の許可を与える場合において、その許可の条件として、許可に」とあるのは「契約美術館の設置者（美術品の美術館における公開の促進に関する法律（平成十年法律第九十九号）第四条に規定する契約美術館の設置者をいう。次項において同じ。）が同法第八条第二項の規定による登録美術品の公開及び保管の計画の届出（同項後段の規定による計画の変更の届出を含む。）をした場合において、当該届出に」と、同条第四項中「第一項の許可を受けた者が前項の許可の条件に」とあるのは「契約美術館の設置者が前項の指示に」と、「許可に係る公開の停止を命じ、又は許可を取り消すこと」とあるのは「公開の停止を命ずること」とする。</Sentence>
          </ParagraphSentence>
        </Paragraph>
        <Paragraph Hide="false" Num="2">
          <ParagraphNum>２</ParagraphNum>
          <ParagraphSentence>
            <Sentence WritingMode="vertical">契約美術館が文化財保護法第五十三条第一項ただし書に規定する公開承認施設である場合において、第八条第二項の規定により届け出た公開及び保管の計画に従って当該契約美術館の設置者が当該契約美術館において行う登録美術品の公開については、同法第五十三条第二項の規定は適用しない。</Sentence>
          </ParagraphSentence>
        </Paragraph>
      </Article>
    </MainProvision>
    <SupplProvision Extract="true">
      <SupplProvisionLabel>附　則</SupplProvisionLabel>
      <Paragraph Hide="false" Num="1">
        <ParagraphCaption>（施行期日）</ParagraphCaption>
        <ParagraphNum>１</ParagraphNum>
        <ParagraphSentence>
          <Sentence WritingMode="vertical">この法律は、公布の日から起算して六月を経過した日から施行する。</Sentence>
        </ParagraphSentence>
      </Paragraph>
      <Paragraph Hide="false" Num="2">
        <ParagraphCaption>（検討）</ParagraphCaption>
        <ParagraphNum>２</ParagraphNum>
        <ParagraphSentence>
          <Sentence WritingMode="vertical">政府は、この法律の施行後五年を経過した場合において、この法律の施行の状況、美術品を取り巻く状況の変化等を勘案し、美術品の登録に係る制度について検討を加え、必要があると認めるときは、その結果に基づいて所要の措置を講ずるものとする。</Sentence>
        </ParagraphSentence>
      </Paragraph>
    </SupplProvision>
    <SupplProvision AmendLawNum="平成一一年一二月二二日法律第一六〇号" Extract="true">
      <SupplProvisionLabel>附　則</SupplProvisionLabel>
      <Article Delete="false" Hide="false" Num="1">
        <ArticleCaption>（施行期日）</ArticleCaption>
        <ArticleTitle>第一条</ArticleTitle>
        <Paragraph Hide="false" Num="1">
          <ParagraphNum/>
          <ParagraphSentence>
            <Sentence Function="main" Num="1" WritingMode="vertical">この法律（第二条及び第三条を除く。）は、平成十三年一月六日から施行する。</Sentence>
            <Sentence Function="proviso" Num="2" WritingMode="vertical">ただし、次の各号に掲げる規定は、当該各号に定める日から施行する。</Sentence>
          </ParagraphSentence>
          <Item Delete="false" Hide="false" Num="1">
            <ItemTitle>一</ItemTitle>
            <ItemSentence>
              <Column LineBreak="false" Num="1">
                <Sentence WritingMode="vertical">第九百九十五条（核原料物質、核燃料物質及び原子炉の規制に関する法律の一部を改正する法律附則の改正規定に係る部分に限る。）、第千三百五条、第千三百六条、第千三百二十四条第二項、第千三百二十六条第二項及び第千三百四十四条の規定</Sentence>
              </Column>
              <Column LineBreak="false" Num="2">
                <Sentence WritingMode="vertical">公布の日</Sentence>
              </Column>
            </ItemSentence>
          </Item>
        </Paragraph>
      </Article>
    </SupplProvision>
    <SupplProvision AmendLawNum="平成一二年五月三一日法律第九一号" Extract="true">
      <SupplProvisionLabel>附　則</SupplProvisionLabel>
      <Paragraph Hide="false" Num="1">
        <ParagraphCaption>（施行期日）</ParagraphCaption>
        <ParagraphNum>１</ParagraphNum>
        <ParagraphSentence>
          <Sentence WritingMode="vertical">この法律は、商法等の一部を改正する法律（平成十二年法律第九十号）の施行の日から施行する。</Sentence>
        </ParagraphSentence>
      </Paragraph>
    </SupplProvision>
  </LawBody>
</Law>
