<?xml version="1.0" encoding="UTF-8" standalone="no"?>
<Law DataInfo="200608e80k80m01" Era="Heisei" Lang="ja" LawType="Rule" Num="2" Year="10">
  <LawNum>平成十年金融再生委員会規則第二号</LawNum>
  <LawBody>
    <LawTitle>金融機能の再生のための緊急措置に関する法律施行規則</LawTitle>
    <EnactStatement>金融機能の再生のための緊急措置に関する法律（平成十年法律第百三十二号）及び金融機能の再生のための緊急措置に関する法律施行令（平成十年政令第三百三十八号）の規定に基づき、並びにこれらを実施するため、金融機能の再生のための緊急措置に関する法律施行規則を次のように定める。</EnactStatement>
    <MainProvision>
      <Article Delete="false" Hide="false" Num="1">
        <ArticleCaption>（定義）</ArticleCaption>
        <ArticleTitle>第一条</ArticleTitle>
        <Paragraph Hide="false" Num="1">
          <ParagraphNum/>
          <ParagraphSentence>
            <Sentence WritingMode="vertical">この規則において「銀行」、「金融機関」、「被管理金融機関」、「特別公的管理銀行」又は「協定承継銀行」とは、金融機能の再生のための緊急措置に関する法律（以下「法」という。）第二条第一項、第二項、第五項若しくは第八項又は第三十二条第一項第一号に規定する銀行、金融機関、被管理金融機関、特別公的管理銀行又は協定承継銀行をいう。</Sentence>
          </ParagraphSentence>
        </Paragraph>
      </Article>
      <Article Delete="false" Hide="false" Num="2">
        <ArticleCaption>（資産の査定の報告の期日）</ArticleCaption>
        <ArticleTitle>第二条</ArticleTitle>
        <Paragraph Hide="false" Num="1">
          <ParagraphNum/>
          <ParagraphSentence>
            <Sentence WritingMode="vertical">法第六条第一項に規定する主務省令で定める期日は、銀行及び株式会社商工組合中央金庫について九月三十日とする。</Sentence>
          </ParagraphSentence>
        </Paragraph>
      </Article>
      <Article Delete="false" Hide="false" Num="3">
        <ArticleCaption>（資産査定等報告書の様式等）</ArticleCaption>
        <ArticleTitle>第三条</ArticleTitle>
        <Paragraph Hide="false" Num="1">
          <ParagraphNum/>
          <ParagraphSentence>
            <Sentence WritingMode="vertical">法第六条第一項に規定する資産査定等報告書は、銀行及び株式会社商工組合中央金庫にあっては九月三十日現在の中間資産査定等報告書について別紙様式第一号により、及び事業年度の末日現在の資産査定等報告書について別紙様式第二号により、当該日経過後三月以内に提出しなければならないものとし、協同組織金融機関（信用金庫、信用金庫連合会、信用協同組合及び中小企業等協同組合法（昭和二十四年法律第百八十一号）第九条の九第一項第一号の事業を行う協同組合連合会（以下「信用協同組合連合会」という。）をいう。附則第二条において同じ。）にあっては事業年度の末日現在の資産査定等報告書について別紙様式第二号により、当該日経過後三月以内に提出しなければならないものとする。</Sentence>
          </ParagraphSentence>
        </Paragraph>
      </Article>
      <Article Delete="false" Hide="false" Num="4">
        <ArticleCaption>（資産の査定の基準）</ArticleCaption>
        <ArticleTitle>第四条</ArticleTitle>
        <Paragraph Hide="false" Num="1">
          <ParagraphNum/>
          <ParagraphSentence>
            <Sentence WritingMode="vertical">法第六条第二項に規定する主務省令で定める資産の査定の基準は、金融機関（労働金庫及び労働金庫連合会を除く。以下同じ。）の有する債権（銀行法施行規則（昭和五十七年大蔵省令第十号）第十八条第二項に規定する別紙様式第三号若しくは第三号の二、長期信用銀行法施行規則（昭和五十七年大蔵省令第十三号）第十七条第二項に規定する別紙様式第二号若しくは第二号の二、信用金庫法施行規則（昭和五十七年大蔵省令第十五号）第二十五条第一項に規定する別紙様式第二号、第六号若しくは第十号、協同組合による金融事業に関する法律施行規則（平成五年大蔵省令第十号）第六十八条第一項に規定する別紙様式第九号若しくは第十号又は経済産業省・財務省・内閣府関係株式会社商工組合中央金庫法施行規則（平成二十年内閣府・財務省・経済産業省令第一号）第八十一条第二項に規定する別紙様式第二号中の貸借対照表の社債（当該社債を有する金融機関がその元本の償還及び利息の支払の全部又は一部について保証しているものであって、当該社債の発行が金融商品取引法（昭和二十三年法律第二十五号）第二条第三項に規定する有価証券の私募によるものに限る。）、貸出金、外国為替、その他資産中の未収利息及び仮払金並びに支払承諾見返（協同組織金融機関にあっては債務保証見返）の各勘定に計上されるもの並びに欄外に注記することとされている有価証券の貸付けを行っている場合のその有価証券（使用貸借又は賃貸借契約によるものに限る。）をいう。以下同じ。）について、債務者の財政状態及び経営成績等を基礎として、次に掲げるものに区分することをいう。</Sentence>
          </ParagraphSentence>
          <Item Delete="false" Hide="false" Num="1">
            <ItemTitle>一</ItemTitle>
            <ItemSentence>
              <Sentence WritingMode="vertical">破産更生債権及びこれらに準ずる債権</Sentence>
            </ItemSentence>
          </Item>
          <Item Delete="false" Hide="false" Num="2">
            <ItemTitle>二</ItemTitle>
            <ItemSentence>
              <Sentence WritingMode="vertical">危険債権</Sentence>
            </ItemSentence>
          </Item>
          <Item Delete="false" Hide="false" Num="3">
            <ItemTitle>三</ItemTitle>
            <ItemSentence>
              <Sentence WritingMode="vertical">要管理債権</Sentence>
            </ItemSentence>
          </Item>
          <Item Delete="false" Hide="false" Num="4">
            <ItemTitle>四</ItemTitle>
            <ItemSentence>
              <Sentence WritingMode="vertical">正常債権</Sentence>
            </ItemSentence>
          </Item>
        </Paragraph>
        <Paragraph Hide="false" Num="2">
          <ParagraphNum>２</ParagraphNum>
          <ParagraphSentence>
            <Sentence WritingMode="vertical">前項第一号に掲げる「破産更生債権及びこれらに準ずる債権」とは、破産手続開始、更生手続開始、再生手続開始の申立て等の事由により経営破<Ruby>綻<Rt>たん</Rt>
</Ruby>に陥っている債務者に対する債権及びこれらに準ずる債権をいう（第六条において同じ。）。</Sentence>
          </ParagraphSentence>
        </Paragraph>
        <Paragraph Hide="false" Num="3">
          <ParagraphNum>３</ParagraphNum>
          <ParagraphSentence>
            <Sentence WritingMode="vertical">第一項第二号に掲げる「危険債権」とは、債務者が経営破<Ruby>綻<Rt>たん</Rt>
</Ruby>の状態には至っていないが、財政状態及び経営成績が悪化し、契約に従った債権の元本の回収及び利息の受取りができない可能性の高い債権をいう（第六条において同じ。）。</Sentence>
          </ParagraphSentence>
        </Paragraph>
        <Paragraph Hide="false" Num="4">
          <ParagraphNum>４</ParagraphNum>
          <ParagraphSentence>
            <Sentence WritingMode="vertical">第一項第三号に掲げる「要管理債権」とは、三月以上延滞債権（元金又は利息の支払が、約定支払日の翌日を起算日として三月以上延滞している貸出債権（同項第一号及び第二号に該当する債権を除く。）をいう。）及び貸出条件緩和債権（経済的困難に陥った債務者の再建又は支援を図り、当該債権の回収を促進すること等を目的に、債務者に有利な一定の譲歩を与える約定条件の改定等を行った貸出債権（同項第一号及び第二号に該当する債権並びに三月以上延滞債権を除く。）をいう。）をいう（第六条において同じ。）。</Sentence>
          </ParagraphSentence>
        </Paragraph>
        <Paragraph Hide="false" Num="5">
          <ParagraphNum>５</ParagraphNum>
          <ParagraphSentence>
            <Sentence WritingMode="vertical">第一項第四号に掲げる「正常債権」とは、債務者の財政状態及び経営成績に特に問題がないものとして、同項第一号から第三号までに掲げる債権以外のものに区分される債権をいう（第六条において同じ。）。</Sentence>
          </ParagraphSentence>
        </Paragraph>
      </Article>
      <Article Delete="false" Hide="false" Num="5">
        <ArticleCaption>（資産の査定の公表の方法）</ArticleCaption>
        <ArticleTitle>第五条</ArticleTitle>
        <Paragraph Hide="false" Num="1">
          <ParagraphNum/>
          <ParagraphSentence>
            <Sentence WritingMode="vertical">法第七条に規定する公表は、金融機関が公衆の縦覧に供するため作成する説明書類に記載することその他これに準ずる方式により行うものとする。</Sentence>
          </ParagraphSentence>
        </Paragraph>
      </Article>
      <Article Delete="false" Hide="false" Num="6">
        <ArticleCaption>（資産の査定の公表事項）</ArticleCaption>
        <ArticleTitle>第六条</ArticleTitle>
        <Paragraph Hide="false" Num="1">
          <ParagraphNum/>
          <ParagraphSentence>
            <Sentence WritingMode="vertical">法第七条に規定する主務省令で定める事項は、正常債権、要管理債権、危険債権並びに破産更生債権及びこれらに準ずる債権の各々の金額であって、中間決算処理後又は決算処理後のものとする。</Sentence>
          </ParagraphSentence>
        </Paragraph>
      </Article>
      <Article Delete="false" Hide="false" Num="7">
        <ArticleCaption>（管理を命ずる処分の公告の方法）</ArticleCaption>
        <ArticleTitle>第七条</ArticleTitle>
        <Paragraph Hide="false" Num="1">
          <ParagraphNum/>
          <ParagraphSentence>
            <Sentence WritingMode="vertical">法第八条第三項の規定による金融整理管財人による業務及び財産の管理を命ずる処分（以下「管理を命ずる処分」という。）の公告は、官報によるものとする。</Sentence>
          </ParagraphSentence>
        </Paragraph>
      </Article>
      <Article Delete="false" Hide="false" Num="8">
        <ArticleCaption>（管理を命ずる処分の取消しの公告の方法）</ArticleCaption>
        <ArticleTitle>第八条</ArticleTitle>
        <Paragraph Hide="false" Num="1">
          <ParagraphNum/>
          <ParagraphSentence>
            <Sentence WritingMode="vertical">前条の規定は、法第九条第二項において準用する法第八条第三項の規定による管理を命ずる処分の取消しの公告について準用する。</Sentence>
          </ParagraphSentence>
        </Paragraph>
      </Article>
      <Article Delete="false" Hide="false" Num="9">
        <ArticleCaption>（株主の名義書換の禁止の公告）</ArticleCaption>
        <ArticleTitle>第九条</ArticleTitle>
        <Paragraph Hide="false" Num="1">
          <ParagraphNum/>
          <ParagraphSentence>
            <Sentence WritingMode="vertical">内閣総理大臣は、法第十条の規定により株主の名義書換を禁止したときは、その旨を官報に掲載して公告するものとする。</Sentence>
          </ParagraphSentence>
        </Paragraph>
      </Article>
      <Article Delete="false" Hide="false" Num="10">
        <ArticleCaption>（金融整理管財人の選任又は解任の公告の方法）</ArticleCaption>
        <ArticleTitle>第十条</ArticleTitle>
        <Paragraph Hide="false" Num="1">
          <ParagraphNum/>
          <ParagraphSentence>
            <Sentence WritingMode="vertical">法第十一条第四項の規定による金融整理管財人の選任又は解任の公告は、官報によるものとする。</Sentence>
          </ParagraphSentence>
        </Paragraph>
      </Article>
      <Article Delete="false" Hide="false" Num="11">
        <ArticleCaption>（金融整理管財人の職務を行うべき者の指名等）</ArticleCaption>
        <ArticleTitle>第十一条</ArticleTitle>
        <Paragraph Hide="false" Num="1">
          <ParagraphNum/>
          <ParagraphSentence>
            <Sentence WritingMode="vertical">管理を命ずる処分があった場合において、金融整理管財人に選任された者が法人であるときは、当該法人は、役職員のうち金融整理管財人の職務を行うべき者を指名し、その旨を内閣総理大臣に届け出るとともに、被管理金融機関（管理を命ずる処分を受けた労働金庫及び労働金庫連合会を除く。）に通知しなければならない。</Sentence>
          </ParagraphSentence>
        </Paragraph>
      </Article>
      <Article Delete="false" Hide="false" Num="12">
        <ArticleCaption>（計画の承認）</ArticleCaption>
        <ArticleTitle>第十二条</ArticleTitle>
        <Paragraph Hide="false" Num="1">
          <ParagraphNum/>
          <ParagraphSentence>
            <Sentence WritingMode="vertical">金融整理管財人は、法第十四条第二項又は第三項の規定による承認を受けようとするときは、承認申請書に次に掲げる書類を添付して内閣総理大臣に提出しなければならない。</Sentence>
          </ParagraphSentence>
          <Item Delete="false" Hide="false" Num="1">
            <ItemTitle>一</ItemTitle>
            <ItemSentence>
              <Sentence WritingMode="vertical">理由書</Sentence>
            </ItemSentence>
          </Item>
          <Item Delete="false" Hide="false" Num="2">
            <ItemTitle>二</ItemTitle>
            <ItemSentence>
              <Sentence WritingMode="vertical">法第十四条第一項の計画の内容を記載した書面（同項の計画を変更する場合においては、変更後の内容を記載した書面）</Sentence>
            </ItemSentence>
          </Item>
          <Item Delete="false" Hide="false" Num="3">
            <ItemTitle>三</ItemTitle>
            <ItemSentence>
              <Sentence WritingMode="vertical">その他参考となるべき事項を記載した書類</Sentence>
            </ItemSentence>
          </Item>
        </Paragraph>
      </Article>
      <Article Delete="false" Hide="false" Num="13">
        <ArticleCaption>（資本減少の場合に催告を要しない債権者）</ArticleCaption>
        <ArticleTitle>第十三条</ArticleTitle>
        <Paragraph Hide="false" Num="1">
          <ParagraphNum/>
          <ParagraphSentence>
            <Sentence WritingMode="vertical">金融機能の再生のための緊急措置に関する法律施行令（以下「令」という。）第二条に規定する債権者で内閣府令で定めるものは、保護預り契約に係る債権者とする。</Sentence>
          </ParagraphSentence>
        </Paragraph>
      </Article>
      <Article Delete="false" Hide="false" Num="14">
        <ArticleCaption>（協定承継銀行に生じた損失の金額）</ArticleCaption>
        <ArticleTitle>第十四条</ArticleTitle>
        <Paragraph Hide="false" Num="1">
          <ParagraphNum/>
          <ParagraphSentence>
            <Sentence WritingMode="vertical">令第三条第一項第二号に規定する損益計算上の当期損失は、第一号に掲げる費用等の額から第二号に掲げる収益等の額及び第三号に規定する繰越利益の額を控除した残額とする。</Sentence>
          </ParagraphSentence>
          <Item Delete="false" Hide="false" Num="1">
            <ItemTitle>一</ItemTitle>
            <ItemSentence>
              <Sentence WritingMode="vertical">経常費用及び特別損失</Sentence>
            </ItemSentence>
          </Item>
          <Item Delete="false" Hide="false" Num="2">
            <ItemTitle>二</ItemTitle>
            <ItemSentence>
              <Sentence WritingMode="vertical">経常収益及び特別利益（協定承継銀行に前事業年度における損失に係る補てんとして預金保険機構（以下「機構」という。）又は令第三条第二項に規定する者により補てんされた金額があるときは当該補てんされた金額を控除した残額）</Sentence>
            </ItemSentence>
          </Item>
          <Item Delete="false" Hide="false" Num="3">
            <ItemTitle>三</ItemTitle>
            <ItemSentence>
              <Sentence WritingMode="vertical">前期繰越利益</Sentence>
            </ItemSentence>
          </Item>
        </Paragraph>
        <Paragraph Hide="false" Num="2">
          <ParagraphNum>２</ParagraphNum>
          <ParagraphSentence>
            <Sentence WritingMode="vertical">前項に規定する「経常費用」、「特別損失」、「経常収益」、「特別利益」又は「前期繰越利益」とは、それぞれ銀行法施行規則第十八条第二項に規定する別紙様式第三号（協定承継銀行が長期信用銀行である場合にあっては、長期信用銀行法施行規則第十七条第二項に規定する別紙様式第二号）の損益計算書に記載された経常費用、特別損失、経常収益、特別利益又は前期繰越利益とする。</Sentence>
          </ParagraphSentence>
        </Paragraph>
      </Article>
      <Article Delete="false" Hide="false" Num="15">
        <ArticleCaption>（特別公的管理開始決定の公告の方法）</ArticleCaption>
        <ArticleTitle>第十五条</ArticleTitle>
        <Paragraph Hide="false" Num="1">
          <ParagraphNum/>
          <ParagraphSentence>
            <Sentence WritingMode="vertical">法第三十六条第二項（法第三十七条第二項において準用する場合を含む。）の規定による特別公的管理開始決定（法第三十六条第一項に規定する特別公的管理開始決定をいう。以下同じ。）の公告は、官報によるものとする。</Sentence>
          </ParagraphSentence>
        </Paragraph>
      </Article>
      <Article Delete="false" Hide="false" Num="16">
        <ArticleCaption>（特別公的管理銀行の株式の取得の決定の公告の方法）</ArticleCaption>
        <ArticleTitle>第十六条</ArticleTitle>
        <Paragraph Hide="false" Num="1">
          <ParagraphNum/>
          <ParagraphSentence>
            <Sentence WritingMode="vertical">法第三十八条第二項の規定による特別公的管理銀行の株式の取得の決定の公告は、官報によるものとする。</Sentence>
          </ParagraphSentence>
        </Paragraph>
      </Article>
      <Article Delete="false" Hide="false" Num="17">
        <ArticleCaption>（取得株式の対価の算定基準）</ArticleCaption>
        <ArticleTitle>第十七条</ArticleTitle>
        <Paragraph Hide="false" Num="1">
          <ParagraphNum/>
          <ParagraphSentence>
            <Sentence WritingMode="vertical">法第四十条第一項に規定する算定基準は、次に掲げるものとする。</Sentence>
          </ParagraphSentence>
          <Item Delete="false" Hide="false" Num="1">
            <ItemTitle>一</ItemTitle>
            <ItemSentence>
              <Sentence WritingMode="vertical">旧株主（法第四十一条第一項に規定する旧株主をいう。以下同じ。）が法第四十一条第一項の規定により支払を請求することができる取得株式（法第三十九条第二項に規定する取得株式をいう。以下同じ。）の対価は、特別公的管理銀行の純資産額を発行済み株式の総数で除した額（次号の規定により商法（明治三十二年法律第四十八号）第二百二十二条第一項に規定する数種の株式ごとに取得株式の対価を決定する場合にあっては、当該純資産額のうち数種の株式ごとに算定した額を、数種の株式ごとの発行済み株式の総数で除した額）に当該旧株主が公告時に所有していた株式の数を乗じた額（一円未満の端数が生じたときは、これを切り捨てるものとする。）とする。</Sentence>
            </ItemSentence>
          </Item>
          <Item Delete="false" Hide="false" Num="2">
            <ItemTitle>二</ItemTitle>
            <ItemSentence>
              <Sentence WritingMode="vertical">数種の株式が発行されていた場合は、当該数種の株式ごとにその取得株式の対価を決定するものとし、その際、当該数種の株式の内容を斟酌するものとする。</Sentence>
            </ItemSentence>
          </Item>
        </Paragraph>
        <Paragraph Hide="false" Num="2">
          <ParagraphNum>２</ParagraphNum>
          <ParagraphSentence>
            <Sentence WritingMode="vertical">前項に規定する純資産額は、銀行の作成する貸借対照表の記載にかかわらず、公告時（法第三十九条第一項に規定する公告時をいう。以下同じ。）において特別公的管理銀行が有するすべての資産の評価額からすべての負債の評価額を控除した額とする。</Sentence>
          </ParagraphSentence>
        </Paragraph>
        <Paragraph Hide="false" Num="3">
          <ParagraphNum>３</ParagraphNum>
          <ParagraphSentence>
            <Sentence WritingMode="vertical">前項に規定する資産及び負債の評価額は、次に掲げる区分に応じ算出するものとする。</Sentence>
          </ParagraphSentence>
          <Item Delete="false" Hide="false" Num="1">
            <ItemTitle>一</ItemTitle>
            <ItemSentence>
              <Sentence WritingMode="vertical">法第三十六条の規定により特別公的管理開始決定をした場合は、特段の事情のない限り、特別公的管理銀行を清算するものとしてすべての資産及び負債の公告時における価額を評価するものとする。</Sentence>
            </ItemSentence>
          </Item>
          <Item Delete="false" Hide="false" Num="2">
            <ItemTitle>二</ItemTitle>
            <ItemSentence>
              <Sentence WritingMode="vertical">法第三十七条の規定により特別公的管理開始決定をした場合は、特段の事情のない限り、特別公的管理銀行の営業を継続するものとしてすべての資産及び負債の公告時における価額を評価するものとする。</Sentence>
            </ItemSentence>
          </Item>
        </Paragraph>
      </Article>
      <Article Delete="false" Hide="false" Num="18">
        <ArticleCaption>（取得株式の対価の決定の公告の方法）</ArticleCaption>
        <ArticleTitle>第十八条</ArticleTitle>
        <Paragraph Hide="false" Num="1">
          <ParagraphNum/>
          <ParagraphSentence>
            <Sentence WritingMode="vertical">第十六条の規定は、法第四十条第三項において準用する法第三十八条第二項の規定による取得株式の対価の決定の公告について準用する。</Sentence>
          </ParagraphSentence>
        </Paragraph>
      </Article>
      <Article Delete="false" Hide="false" Num="19">
        <ArticleCaption>（取得株式の対価の支払に関し必要な事項の公告）</ArticleCaption>
        <ArticleTitle>第十九条</ArticleTitle>
        <Paragraph Hide="false" Num="1">
          <ParagraphNum/>
          <ParagraphSentence>
            <Sentence WritingMode="vertical">機構は、法第四十条第三項において準用する第三十八条第二項の規定により内閣総理大臣から取得株式の対価を決定した旨の通知を受けたときは、次に掲げる事項を官報に掲載して公告するものとする。</Sentence>
          </ParagraphSentence>
          <Item Delete="false" Hide="false" Num="1">
            <ItemTitle>一</ItemTitle>
            <ItemSentence>
              <Sentence WritingMode="vertical">取得株式の対価の額</Sentence>
            </ItemSentence>
          </Item>
          <Item Delete="false" Hide="false" Num="2">
            <ItemTitle>二</ItemTitle>
            <ItemSentence>
              <Sentence WritingMode="vertical">支払場所</Sentence>
            </ItemSentence>
          </Item>
          <Item Delete="false" Hide="false" Num="3">
            <ItemTitle>三</ItemTitle>
            <ItemSentence>
              <Sentence WritingMode="vertical">支払方法</Sentence>
            </ItemSentence>
          </Item>
          <Item Delete="false" Hide="false" Num="4">
            <ItemTitle>四</ItemTitle>
            <ItemSentence>
              <Sentence WritingMode="vertical">前二号の場所及び方法で取得株式の対価の支払を受けることができる期間</Sentence>
            </ItemSentence>
          </Item>
          <Item Delete="false" Hide="false" Num="5">
            <ItemTitle>五</ItemTitle>
            <ItemSentence>
              <Sentence WritingMode="vertical">その他必要な事項</Sentence>
            </ItemSentence>
          </Item>
        </Paragraph>
      </Article>
      <Article Delete="false" Hide="false" Num="20">
        <ArticleCaption>（旧株主等に周知させるための措置）</ArticleCaption>
        <ArticleTitle>第二十条</ArticleTitle>
        <Paragraph Hide="false" Num="1">
          <ParagraphNum/>
          <ParagraphSentence>
            <Sentence WritingMode="vertical">機構は、法第三十八条第二項の規定による公告があった後、速やかに、同条第一項の規定による決定の内容その他次項各号に掲げる事項を次に掲げる日刊新聞紙の二以上を含む日刊新聞紙に掲載しなければならない。</Sentence>
          </ParagraphSentence>
          <Item Delete="false" Hide="false" Num="1">
            <ItemTitle>一</ItemTitle>
            <ItemSentence>
              <Sentence WritingMode="vertical">国内において時事に関する事項を総合して報道する日刊新聞紙</Sentence>
            </ItemSentence>
          </Item>
          <Item Delete="false" Hide="false" Num="2">
            <ItemTitle>二</ItemTitle>
            <ItemSentence>
              <Sentence WritingMode="vertical">国内において産業及び経済に関する事項を全般的に報道する日刊新聞紙</Sentence>
            </ItemSentence>
          </Item>
        </Paragraph>
        <Paragraph Hide="false" Num="2">
          <ParagraphNum>２</ParagraphNum>
          <ParagraphSentence>
            <Sentence WritingMode="vertical">法第四十四条に規定する事項は次に掲げるものとする。</Sentence>
          </ParagraphSentence>
          <Item Delete="false" Hide="false" Num="1">
            <ItemTitle>一</ItemTitle>
            <ItemSentence>
              <Sentence WritingMode="vertical">特別公的管理銀行の商号、本店の所在地及び公告時の代表取締役の氏名</Sentence>
            </ItemSentence>
          </Item>
          <Item Delete="false" Hide="false" Num="2">
            <ItemTitle>二</ItemTitle>
            <ItemSentence>
              <Sentence WritingMode="vertical">公告時に機構が特別公的管理銀行の株式を取得したこと。</Sentence>
            </ItemSentence>
          </Item>
          <Item Delete="false" Hide="false" Num="3">
            <ItemTitle>三</ItemTitle>
            <ItemSentence>
              <Sentence WritingMode="vertical">旧株主は、株価算定委員会が取得株式の対価を決定したときは、機構に対し、当該取得株式の対価の支払を請求することができること。</Sentence>
            </ItemSentence>
          </Item>
          <Item Delete="false" Hide="false" Num="4">
            <ItemTitle>四</ItemTitle>
            <ItemSentence>
              <Sentence WritingMode="vertical">前号の対価の支払は、令第四条第一項及び第二項に規定する旧株券又は旧株主証明書と引換えにこれを受けることができること。</Sentence>
            </ItemSentence>
          </Item>
          <Item Delete="false" Hide="false" Num="5">
            <ItemTitle>五</ItemTitle>
            <ItemSentence>
              <Sentence WritingMode="vertical">特別公的管理銀行の株式を目的とする質権その他の担保権は公告時に消滅すること及びこの場合においてこれらの権利は旧株主が受けるべき取得株式の対価に対しても行うことができるが、その支払の前に差押えをしなければならないこと。</Sentence>
            </ItemSentence>
          </Item>
          <Item Delete="false" Hide="false" Num="6">
            <ItemTitle>六</ItemTitle>
            <ItemSentence>
              <Sentence WritingMode="vertical">公告時までに特別公的管理銀行の株式につき差押え又は仮差押え（公告時においてその効力があったものに限る。）をした者が取得株式の対価に対してその権利を行使する場合には、その支払の前に差押え又は仮差押えをしなければならないこと。</Sentence>
            </ItemSentence>
          </Item>
          <Item Delete="false" Hide="false" Num="7">
            <ItemTitle>七</ItemTitle>
            <ItemSentence>
              <Sentence WritingMode="vertical">株価算定委員会が決定する取得株式の対価に不服のある者は、取得株式の対価の決定の公告のあった日から起算して六月以内に、訴えをもってその変更を請求できること及び当該訴えにおいては機構を被告としなければならないこと。</Sentence>
            </ItemSentence>
          </Item>
          <Item Delete="false" Hide="false" Num="8">
            <ItemTitle>八</ItemTitle>
            <ItemSentence>
              <Sentence WritingMode="vertical">その他必要な事項</Sentence>
            </ItemSentence>
          </Item>
        </Paragraph>
      </Article>
      <Article Delete="false" Hide="false" Num="21">
        <ArticleCaption>（経営合理化計画の承認等）</ArticleCaption>
        <ArticleTitle>第二十一条</ArticleTitle>
        <Paragraph Hide="false" Num="1">
          <ParagraphNum/>
          <ParagraphSentence>
            <Sentence WritingMode="vertical">特別公的管理銀行は、法第四十七条第一項の規定による承認を受けようとするときは、承認申請書に次に掲げる書類を添付して内閣総理大臣に提出しなければならない。</Sentence>
          </ParagraphSentence>
          <Item Delete="false" Hide="false" Num="1">
            <ItemTitle>一</ItemTitle>
            <ItemSentence>
              <Sentence WritingMode="vertical">理由書</Sentence>
            </ItemSentence>
          </Item>
          <Item Delete="false" Hide="false" Num="2">
            <ItemTitle>二</ItemTitle>
            <ItemSentence>
              <Sentence WritingMode="vertical">法第四十七条第一項の経営合理化計画の内容を記載した書面（同項の経営合理化計画を変更する場合においては、変更後の経営合理化計画の内容を記載した書面）</Sentence>
            </ItemSentence>
          </Item>
          <Item Delete="false" Hide="false" Num="3">
            <ItemTitle>三</ItemTitle>
            <ItemSentence>
              <Sentence WritingMode="vertical">その他参考となるべき事項を記載した書類</Sentence>
            </ItemSentence>
          </Item>
        </Paragraph>
        <Paragraph Hide="false" Num="2">
          <ParagraphNum>２</ParagraphNum>
          <ParagraphSentence>
            <Sentence WritingMode="vertical">法第四十七条第二項第三号に規定する事項は、法第五十条に規定する措置を効果的に実施するために必要な体制の整備に関する事項とする。</Sentence>
          </ParagraphSentence>
        </Paragraph>
      </Article>
      <Article Delete="false" Hide="false" Num="22">
        <ArticleCaption>（劣後特約付金銭消費貸借契約）</ArticleCaption>
        <ArticleTitle>第二十二条</ArticleTitle>
        <Paragraph Hide="false" Num="1">
          <ParagraphNum/>
          <ParagraphSentence>
            <Sentence WritingMode="vertical">法第六十条第十一号に規定する金銭の消費貸借は、元利金の支払について劣後的内容を有する特約が付された金銭の消費貸借であって、次に掲げる性質のすべてを有するものとする。</Sentence>
          </ParagraphSentence>
          <Item Delete="false" Hide="false" Num="1">
            <ItemTitle>一</ItemTitle>
            <ItemSentence>
              <Sentence WritingMode="vertical">担保が付されていないこと。</Sentence>
            </ItemSentence>
          </Item>
          <Item Delete="false" Hide="false" Num="2">
            <ItemTitle>二</ItemTitle>
            <ItemSentence>
              <Sentence WritingMode="vertical">その弁済が行われない期間が契約時から五年を超えるものであること。</Sentence>
            </ItemSentence>
          </Item>
        </Paragraph>
      </Article>
      <Article Delete="false" Hide="false" Num="23">
        <ArticleCaption>（自己資本の充実の状況を改善するために必要な範囲）</ArticleCaption>
        <ArticleTitle>第二十三条</ArticleTitle>
        <Paragraph Hide="false" Num="1">
          <ParagraphNum/>
          <ParagraphSentence>
            <Sentence WritingMode="vertical">法第六十三条第一項に規定する自己資本の充実の状況を改善するために必要な範囲を超えないものとして内閣府令で定める場合は、次に掲げる要件のすべてに該当する場合とする。</Sentence>
          </ParagraphSentence>
          <Item Delete="false" Hide="false" Num="1">
            <ItemTitle>一</ItemTitle>
            <ItemSentence>
              <Sentence Function="main" Num="1" WritingMode="vertical">機構による株式等の引受け等（法第六十三条第一項に規定する株式等の引受け等をいう。以下同じ。）により払込みを受ける額及び借り入れる額の合計額が次に掲げる額のいずれか多い額を超えないこと。</Sentence>
              <Sentence Function="proviso" Num="2" WritingMode="vertical">ただし、発行金融機関（令第十二条第一項に規定する発行金融機関をいう。以下同じ。）が行う破<Ruby>綻<Rt>たん</Rt>
</Ruby>金融機関、承継銀行又は特別公的管理銀行の営業若しくは事業の譲受け又は株式の取得（以下この条において「営業の譲受け等」という。）が地域経済の円滑な運営等のために特に必要であると認められるときは、この限りではない。</Sentence>
            </ItemSentence>
            <Subitem1 Delete="false" Hide="false" Num="1">
              <Subitem1Title>イ</Subitem1Title>
              <Subitem1Sentence>
                <Sentence WritingMode="vertical">営業の譲受け等を行った後の発行金融機関の自己資本比率を、営業の譲受け等を行う前の当該発行金融機関の自己資本比率の水準にまで回復するために必要な額</Sentence>
              </Subitem1Sentence>
            </Subitem1>
            <Subitem1 Delete="false" Hide="false" Num="2">
              <Subitem1Title>ロ</Subitem1Title>
              <Subitem1Sentence>
                <Sentence WritingMode="vertical">発行金融機関に適用すべき自己資本比率基準に係る算式上、営業の譲受け等により増加することとなる分子の額に機構による株式等の引受け等に係る払込み及び借入れにより増加することとなる分子の額を加えた合計額を、当該営業の譲受け等により増加することとなる分母の額で除した割合が八パーセント（海外営業拠点を有しない銀行及び海外拠点を有しない信用金庫連合会並びに信用金庫、信用協同組合、信用協同組合連合会、労働金庫及び労働金庫連合会については四パーセント）に達するために必要な額</Sentence>
              </Subitem1Sentence>
            </Subitem1>
          </Item>
          <Item Delete="false" Hide="false" Num="2">
            <ItemTitle>二</ItemTitle>
            <ItemSentence>
              <Sentence WritingMode="vertical">機構による株式等の引受け等により発行金融機関の自己資本の充実の状況が改善されなければ、信用秩序の維持又は経済の円滑な運営に極めて重大な支障が生ずるおそれがある場合であること。</Sentence>
            </ItemSentence>
          </Item>
        </Paragraph>
        <Paragraph Hide="false" Num="2">
          <ParagraphNum>２</ParagraphNum>
          <ParagraphSentence>
            <Sentence WritingMode="vertical">前項に規定する「自己資本比率基準」とは、銀行法（昭和五十六年法律第五十九号）第十四条の二（長期信用銀行法（昭和二十七年法律第百八十七号）第十七条、信用金庫法（昭和二十六年法律第二百三十八号）第八十九条第一項、協同組合による金融事業に関する法律（昭和二十四年法律第百八十三号）第六条第一項及び労働金庫法（昭和二十八年法律第二百二十七号）第九十四条第一項において準用する場合を含む。以下この項において同じ。）に規定する基準をいい、「自己資本比率」とは、自己資本比率基準に係る算式により得られる比率をいう。</Sentence>
          </ParagraphSentence>
        </Paragraph>
        <Paragraph Hide="false" Num="3">
          <ParagraphNum>３</ParagraphNum>
          <ParagraphSentence>
            <Sentence WritingMode="vertical">第一項に規定する「海外営業拠点」とは、銀行法施行規則第二十一条の二第二項又は長期信用銀行法施行規則第二十条の二第二項に規定する海外営業拠点をいい、「海外拠点」とは、信用金庫法施行規則第二十一条の二第三項に規定する海外拠点をいう。</Sentence>
          </ParagraphSentence>
        </Paragraph>
      </Article>
      <Article Delete="false" Hide="false" Num="24">
        <ArticleCaption>（区分経理）</ArticleCaption>
        <ArticleTitle>第二十四条</ArticleTitle>
        <Paragraph Hide="false" Num="1">
          <ParagraphNum/>
          <ParagraphSentence>
            <Sentence WritingMode="vertical">機構は、法第六十四条に規定する特別の勘定（以下「金融再生勘定」という。）において、経理すべき事項がその他の勘定において経理すべき事項と共通の事項であるため、金融再生勘定に係る部分を区別して経理することが困難なときは、当該事項については、内閣総理大臣の承認を受けて定める基準に従って、事業年度の期間中一括して経理し、当該事業年度の末日（金融再生勘定の廃止の日の属する事業年度にあっては、その廃止の日）現在において各勘定に配分することにより経理することができる。</Sentence>
          </ParagraphSentence>
        </Paragraph>
        <Paragraph Hide="false" Num="2">
          <ParagraphNum>２</ParagraphNum>
          <ParagraphSentence>
            <Sentence WritingMode="vertical">機構が法第六十条に規定する業務を行う場合には、預金保険法施行規則（昭和四十六年大蔵省令第二十八号）第三条中「及び危機対応勘定（法第百二十一条第一項に規定する危機対応勘定をいう。以下同じ。）」とあるのは「、危機対応勘定（法第百二十一条第一項に規定する危機対応勘定をいう。以下同じ。）及び金融機能の再生のための緊急措置に関する法律（平成十年法律第百三十二号）第六十四条に規定する特別の勘定（以下「金融再生勘定」という。）」と、同令第六条中「及び危機対応勘定」とあるのは「、危機対応勘定及び金融再生勘定」とする。</Sentence>
          </ParagraphSentence>
        </Paragraph>
      </Article>
      <Article Delete="false" Hide="false" Num="25">
        <ArticleCaption>（利益及び損失の処理）</ArticleCaption>
        <ArticleTitle>第二十五条</ArticleTitle>
        <Paragraph Hide="false" Num="1">
          <ParagraphNum/>
          <ParagraphSentence>
            <Sentence WritingMode="vertical">機構は、金融再生勘定において、毎事業年度の損益計算上利益を生じたときは、積立金として整理しなければならない。</Sentence>
          </ParagraphSentence>
        </Paragraph>
        <Paragraph Hide="false" Num="2">
          <ParagraphNum>２</ParagraphNum>
          <ParagraphSentence>
            <Sentence WritingMode="vertical">機構は、金融再生勘定において、毎事業年度の損益計算上損失を生じたときは、前項の規定による積立金を減額して整理することができる。</Sentence>
          </ParagraphSentence>
        </Paragraph>
      </Article>
      <Article Delete="false" Hide="false" Num="26">
        <ArticleCaption>（借入金の認可の申請）</ArticleCaption>
        <ArticleTitle>第二十六条</ArticleTitle>
        <Paragraph Hide="false" Num="1">
          <ParagraphNum/>
          <ParagraphSentence>
            <Sentence WritingMode="vertical">機構は、法第六十五条第一項の規定により日本銀行、金融機関その他の者からの資金の借入れの認可を受けようとするときは、預金保険法施行規則第十六条第一項各号に掲げる事項及び借入先を記載した申請書を内閣総理大臣に提出しなければならない。</Sentence>
          </ParagraphSentence>
        </Paragraph>
      </Article>
      <Article Delete="false" Hide="false" Num="27">
        <ArticleCaption>（金融機関の申出）</ArticleCaption>
        <ArticleTitle>第二十七条</ArticleTitle>
        <Paragraph Hide="false" Num="1">
          <ParagraphNum/>
          <ParagraphSentence>
            <Sentence WritingMode="vertical">金融機関は、法第六十八条の規定による申出を行おうとするときは、申出書に次に掲げる書類を添付して内閣総理大臣に提出しなければならない。</Sentence>
          </ParagraphSentence>
          <Item Delete="false" Hide="false" Num="1">
            <ItemTitle>一</ItemTitle>
            <ItemSentence>
              <Sentence WritingMode="vertical">理由書</Sentence>
            </ItemSentence>
          </Item>
          <Item Delete="false" Hide="false" Num="2">
            <ItemTitle>二</ItemTitle>
            <ItemSentence>
              <Sentence WritingMode="vertical">最終の貸借対照表、損益計算書及び利益金処分計算書（信用金庫、信用金庫連合会、信用協同組合及び信用協同組合連合会にあっては、剰余金処分計算書）又は損失金処理計算書並びに最近の日計表</Sentence>
            </ItemSentence>
          </Item>
          <Item Delete="false" Hide="false" Num="3">
            <ItemTitle>三</ItemTitle>
            <ItemSentence>
              <Sentence WritingMode="vertical">有価証券その他当該金融機関において時価評価が可能な資産の当該申出の日の直前の評価額及び評価損益</Sentence>
            </ItemSentence>
          </Item>
          <Item Delete="false" Hide="false" Num="4">
            <ItemTitle>四</ItemTitle>
            <ItemSentence>
              <Sentence WritingMode="vertical">その他参考となるべき事項を記載した書類</Sentence>
            </ItemSentence>
          </Item>
        </Paragraph>
      </Article>
      <Article Delete="false" Hide="false" Num="28">
        <ArticleCaption>（経由官庁）</ArticleCaption>
        <ArticleTitle>第二十八条</ArticleTitle>
        <Paragraph Hide="false" Num="1">
          <ParagraphNum/>
          <ParagraphSentence>
            <Sentence WritingMode="vertical">金融機関、機構、金融整理管財人、特別公的管理銀行その他の者は、法、令又はこの規則に基づき法第六条第一項の規定による資産査定等報告書その他の書類を内閣総理大臣に提出するときは、金融庁長官を経由して提出しなければならない。</Sentence>
          </ParagraphSentence>
        </Paragraph>
      </Article>
    </MainProvision>
    <SupplProvision>
      <SupplProvisionLabel>附　則</SupplProvisionLabel>
      <Article Delete="false" Hide="false" Num="1">
        <ArticleCaption>（施行期日）</ArticleCaption>
        <ArticleTitle>第一条</ArticleTitle>
        <Paragraph Hide="false" Num="1">
          <ParagraphNum/>
          <ParagraphSentence>
            <Sentence WritingMode="vertical">この規則は、公布の日から施行する。</Sentence>
          </ParagraphSentence>
        </Paragraph>
      </Article>
      <Article Delete="false" Hide="false" Num="2">
        <ArticleCaption>（資産の査定の公表の実施時期）</ArticleCaption>
        <ArticleTitle>第二条</ArticleTitle>
        <Paragraph Hide="false" Num="1">
          <ParagraphNum/>
          <ParagraphSentence>
            <Sentence WritingMode="vertical">法第七条に規定する公表は、別表に定める銀行にあっては平成十一年三月期決算に係る資産の査定から、その他の銀行にあっては平成十一年九月期中間決算に係る資産の査定から、協同組織金融機関にあっては平成十二年三月期決算に係る資産の査定から、実施するものとする。</Sentence>
          </ParagraphSentence>
        </Paragraph>
      </Article>
      <Article Delete="false" Hide="false" Num="3">
        <ArticleCaption>（経過措置）</ArticleCaption>
        <ArticleTitle>第三条</ArticleTitle>
        <Paragraph Hide="false" Num="1">
          <ParagraphNum/>
          <ParagraphSentence>
            <Sentence Num="1" WritingMode="vertical">法附則第四条の規定による廃止前の金融機能の安定化のための緊急措置に関する法律（平成十年法律第五号。以下「旧法」という。）第三条第一項の規定に基づく金融機関等の自己資本充実のための業務の委託に関する協定に係る旧協定銀行（旧法第二条第六項に規定する協定銀行をいう。次条において同じ。）の業務（法附則第四条の規定の施行の際有する取得優先株式等（旧法第三条第二項第三号に規定する取得優先株式等をいう。次条において同じ。）及び取得貸付債権（同項第四号に規定する取得貸付債権をいう。次条において同じ。）に係るものに限る。）及び当該業務に係る機構の業務については、金融機能の安定化のための緊急措置に関する法律施行規則（平成十年大蔵省令第五号。以下「旧施行規則」という。）の規定（第二条、第六条から第八条までの規定を除く。）は、金融機能の安定化のための緊急措置に関する法律施行規則を廃止する省令（平成十年大蔵省令第百二十一号）の施行後も、なおその効力を有する。</Sentence>
            <Sentence Num="2" WritingMode="vertical">この場合において、旧施行規則第一条中「、「協定」又は「金融危機管理基金」」とあるのは「又は「協定」」と、「、第三条第一項又は第二十八条」とあるのは「又は第三条第一項」と、「、協定又は金融危機管理基金」とあるのは「又は協定」と、旧施行規則第三条第一項中「法第十条に規定する特別の勘定（以下「金融危機管理勘定」という。）」とあるのは「金融機能の再生のための緊急措置に関する法律（平成十年法律第百三十二号）第六十四条に規定する特別の勘定（以下「金融再生勘定」という。）」と、「金融危機管理勘定」とあるのは「金融再生勘定」と、「大蔵大臣」とあるのは「内閣総理大臣」と、旧施行規則第三条第二項中「「貸借対照表勘定」」とあるのは「「及び危機対応勘定（法第百二十一条に規定する危機対応勘定をいう。以下同じ。）」」と、「金融機能の安定化のための緊急措置に関する法律（平成十年法律第五号）第十条に規定する特別の勘定（以下「金融危機管理勘定」という。）に係るもの及びその他の勘定に係るものの別に貸借対照表勘定」とあるのは「、危機対応勘定（法第百二十一条第一項に規定する危機対応勘定をいう。以下同じ。）及び金融機能の再生のための緊急措置に関する法律（平成十年法律第百三十二号）第六十四条に規定する特別の勘定（以下「金融再生勘定」という。）」と、「「収入支出予算は」」とあるのは「「及び危機対応勘定」」と、「収入支出予算は、金融危機管理勘定に係るもの及びその他の勘定に係るものの別に」とあるのは「、危機対応勘定及び金融再生勘定」と、旧施行規則第四条第一項中「金融危機管理勘定」とあるのは「金融再生勘定」と、旧施行規則第四条第二項中「金融危機管理勘定」とあるのは「金融再生勘定」と、「整理し、なお不足があるときは、法第三十条第二項の規定により第六条第一号に定める金額を限り金融危機管理基金を使用して整理するものとする。」とあるのは「整理することができる。」と、旧施行規則第五条中「大蔵大臣」とあるのは「内閣総理大臣」とする。</Sentence>
          </ParagraphSentence>
        </Paragraph>
      </Article>
      <Article Delete="false" Hide="false" Num="4">
        <ArticleTitle>第四条</ArticleTitle>
        <Paragraph Hide="false" Num="1">
          <ParagraphNum/>
          <ParagraphSentence>
            <Sentence WritingMode="vertical">旧法第三条第一項の規定に基づく金融機関等の自己資本充実のための業務の委託に関する協定に係る旧協定銀行の業務（法附則第四条の規定の施行の際有する取得優先株式等及び取得貸付債権に係るものに限る。）及び当該業務に係る機構の業務については、金融機能の安定化のための緊急措置に関する法律第二条に規定する定義に関する省令（平成十年大蔵省令・農林水産省令・労働省令第一号）の規定は、金融機能の安定化のための緊急措置に関する法律第二条に規定する定義に関する省令を廃止する省令（平成十年大蔵省令・農林水産省令・労働省令第二号）の施行後も、なおその効力を有する。</Sentence>
          </ParagraphSentence>
        </Paragraph>
      </Article>
    </SupplProvision>
    <SupplProvision AmendLawNum="平成一一年一〇月二七日金融再生委員会規則第二号">
      <SupplProvisionLabel>附　則</SupplProvisionLabel>
      <Paragraph Hide="false" Num="1">
        <ParagraphNum/>
        <ParagraphSentence>
          <Sentence WritingMode="vertical">この規則は、平成十二年四月一日から施行する。</Sentence>
        </ParagraphSentence>
      </Paragraph>
    </SupplProvision>
    <SupplProvision AmendLawNum="平成一二年六月二三日金融再生委員会規則第二号">
      <SupplProvisionLabel>附　則</SupplProvisionLabel>
      <Paragraph Hide="false" Num="1">
        <ParagraphNum/>
        <ParagraphSentence>
          <Sentence WritingMode="vertical">この規則は、平成十二年六月三十日から施行する。</Sentence>
        </ParagraphSentence>
      </Paragraph>
    </SupplProvision>
    <SupplProvision AmendLawNum="平成一二年一一月八日金融再生委員会規則第五号">
      <SupplProvisionLabel>附　則</SupplProvisionLabel>
      <Paragraph Hide="false" Num="1">
        <ParagraphNum/>
        <ParagraphSentence>
          <Sentence WritingMode="vertical">この規則は、内閣法の一部を改正する法律（平成十一年法律第八十八号）の施行の日（平成十三年一月六日）から施行する。</Sentence>
        </ParagraphSentence>
      </Paragraph>
    </SupplProvision>
    <SupplProvision AmendLawNum="平成一三年三月一日内閣府令第一一号">
      <SupplProvisionLabel>附　則</SupplProvisionLabel>
      <Paragraph Hide="false" Num="1">
        <ParagraphNum/>
        <ParagraphSentence>
          <Sentence WritingMode="vertical">この府令は、平成十三年四月一日から施行する。</Sentence>
        </ParagraphSentence>
      </Paragraph>
    </SupplProvision>
    <SupplProvision AmendLawNum="平成一六年一二月二八日内閣府令第一〇九号" Extract="true">
      <SupplProvisionLabel>附　則</SupplProvisionLabel>
      <Paragraph Hide="false" Num="1">
        <ParagraphNum>１</ParagraphNum>
        <ParagraphSentence>
          <Sentence WritingMode="vertical">この府令は、平成十七年一月一日から施行する。</Sentence>
        </ParagraphSentence>
      </Paragraph>
      <Paragraph Hide="false" Num="3">
        <ParagraphNum>３</ParagraphNum>
        <ParagraphSentence>
          <Sentence WritingMode="vertical">この府令による改正前の金融機能の再生のための緊急措置に関する法律施行規則第四条第一項第一号に掲げるものに区分されていた債権は、この府令による改正後の金融機能の再生のための緊急措置に関する法律施行規則第四条第一項第一号に掲げるものとみなす。</Sentence>
        </ParagraphSentence>
      </Paragraph>
    </SupplProvision>
    <SupplProvision AmendLawNum="平成一七年四月一四日内閣府令第五九号">
      <SupplProvisionLabel>附　則</SupplProvisionLabel>
      <Paragraph Hide="false" Num="1">
        <ParagraphNum/>
        <ParagraphSentence>
          <Sentence WritingMode="vertical">この府令は、公布の日から施行する。</Sentence>
        </ParagraphSentence>
      </Paragraph>
    </SupplProvision>
    <SupplProvision AmendLawNum="平成一八年四月二八日内閣府令第六〇号" Extract="true">
      <SupplProvisionLabel>附　則</SupplProvisionLabel>
      <Article Delete="false" Hide="false" Num="1">
        <ArticleCaption>（施行期日）</ArticleCaption>
        <ArticleTitle>第一条</ArticleTitle>
        <Paragraph Hide="false" Num="1">
          <ParagraphNum/>
          <ParagraphSentence>
            <Sentence WritingMode="vertical">この府令は、会社法の施行の日から施行する。</Sentence>
          </ParagraphSentence>
        </Paragraph>
      </Article>
    </SupplProvision>
    <SupplProvision AmendLawNum="平成一九年四月一七日内閣府令第三八号" Extract="true">
      <SupplProvisionLabel>附　則</SupplProvisionLabel>
      <Paragraph Hide="false" Num="1">
        <ParagraphNum>１</ParagraphNum>
        <ParagraphSentence>
          <Sentence WritingMode="vertical">この府令は、公布の日から施行する。</Sentence>
        </ParagraphSentence>
      </Paragraph>
    </SupplProvision>
    <SupplProvision AmendLawNum="平成一九年八月八日内閣府令第六〇号" Extract="true">
      <SupplProvisionLabel>附　則</SupplProvisionLabel>
      <Article Delete="false" Hide="false" Num="1">
        <ArticleCaption>（施行期日）</ArticleCaption>
        <ArticleTitle>第一条</ArticleTitle>
        <Paragraph Hide="false" Num="1">
          <ParagraphNum/>
          <ParagraphSentence>
            <Sentence WritingMode="vertical">この府令は、証券取引法等の一部を改正する法律（以下「改正法」という。）の施行の日（以下「施行日」という。）から施行する。</Sentence>
          </ParagraphSentence>
        </Paragraph>
      </Article>
    </SupplProvision>
    <SupplProvision AmendLawNum="平成二〇年九月二四日内閣府令第五六号">
      <SupplProvisionLabel>附　則</SupplProvisionLabel>
      <Paragraph Hide="false" Num="1">
        <ParagraphNum/>
        <ParagraphSentence>
          <Sentence WritingMode="vertical">この府令は、平成二十年十月一日から施行する。</Sentence>
        </ParagraphSentence>
      </Paragraph>
    </SupplProvision>
    <SupplProvision AmendLawNum="令和元年六月二四日内閣府令第一四号">
      <SupplProvisionLabel>附　則</SupplProvisionLabel>
      <Paragraph Hide="false" Num="1">
        <ParagraphNum/>
        <ParagraphSentence>
          <Sentence WritingMode="vertical">この府令は、不正競争防止法等の一部を改正する法律の施行の日（令和元年七月一日）から施行する。</Sentence>
        </ParagraphSentence>
      </Paragraph>
    </SupplProvision>
    <AppdxTable>
      <AppdxTableTitle WritingMode="vertical">別表</AppdxTableTitle>
      <TableStruct>
        <Table WritingMode="vertical">
          <TableRow>
            <TableColumn BorderBottom="none" BorderLeft="none" BorderRight="none" BorderTop="none">
              <Sentence WritingMode="vertical">株式会社あさひ銀行</Sentence>
              <Sentence WritingMode="vertical">株式会社さくら銀行</Sentence>
              <Sentence WritingMode="vertical">株式会社第一勧業銀行</Sentence>
              <Sentence WritingMode="vertical">株式会社東京三菱銀行</Sentence>
              <Sentence WritingMode="vertical">株式会社富士銀行</Sentence>
              <Sentence WritingMode="vertical">株式会社東海銀行</Sentence>
              <Sentence WritingMode="vertical">株式会社三和銀行</Sentence>
              <Sentence WritingMode="vertical">株式会社住友銀行</Sentence>
              <Sentence WritingMode="vertical">株式会社大和銀行</Sentence>
              <Sentence WritingMode="vertical">中央信託銀行株式会社</Sentence>
              <Sentence WritingMode="vertical">東洋信託銀行株式会社</Sentence>
              <Sentence WritingMode="vertical">日本信託銀行株式会社</Sentence>
              <Sentence WritingMode="vertical">三井信託銀行株式会社</Sentence>
              <Sentence WritingMode="vertical">三菱信託銀行株式会社</Sentence>
              <Sentence WritingMode="vertical">安田信託銀行株式会社</Sentence>
              <Sentence WritingMode="vertical">住友信託銀行株式会社</Sentence>
              <Sentence WritingMode="vertical">株式会社日本興業銀行</Sentence>
              <Sentence WritingMode="vertical">株式会社日本債券信用銀行</Sentence>
              <Sentence WritingMode="vertical">株式会社日本長期信用銀行</Sentence>
            </TableColumn>
          </TableRow>
        </Table>
      </TableStruct>
    </AppdxTable>
    <AppdxStyle>
      <AppdxStyleTitle WritingMode="vertical">別紙様式第一号</AppdxStyleTitle>
      <StyleStruct>
        <Style>
          <Fig src="./pict/H10F30601000002_1909241909_001.pdf"/>
        </Style>
      </StyleStruct>
    </AppdxStyle>
    <AppdxStyle>
      <AppdxStyleTitle WritingMode="vertical">別紙様式第二号</AppdxStyleTitle>
      <StyleStruct>
        <Style>
          <Fig src="./pict/H10F30601000002_1909241909_002.pdf"/>
        </Style>
      </StyleStruct>
    </AppdxStyle>
  </LawBody>
</Law>
