<?xml version="1.0" encoding="UTF-8" standalone="no"?>
<Law DataInfo="190724e01k01m01" Era="Heisei" Lang="ja" LawType="Act" Num="101" Year="11">
  <LawNum>平成十一年法律第百一号</LawNum>
  <LawBody>
    <LawTitle>環境省設置法</LawTitle>
    <TOC>
      <TOCLabel>目次</TOCLabel>
      <TOCChapter Delete="false" Num="1">
        <ChapterTitle>第一章　総則</ChapterTitle>
        <ArticleRange>（第一条）</ArticleRange>
      </TOCChapter>
      <TOCChapter Delete="false" Num="2">
        <ChapterTitle>第二章　環境省の設置並びに任務及び所掌事務等</ChapterTitle>
        <TOCSection Delete="false" Num="1">
          <SectionTitle>第一節　環境省の設置</SectionTitle>
          <ArticleRange>（第二条）</ArticleRange>
        </TOCSection>
        <TOCSection Delete="false" Num="2">
          <SectionTitle>第二節　環境省の任務及び所掌事務</SectionTitle>
          <ArticleRange>（第三条・第四条）</ArticleRange>
        </TOCSection>
        <TOCSection Delete="false" Num="3">
          <SectionTitle>第三節　環境省の長</SectionTitle>
          <ArticleRange>（第五条）</ArticleRange>
        </TOCSection>
      </TOCChapter>
      <TOCChapter Delete="false" Num="3">
        <ChapterTitle>第三章　本省に置かれる職及び機関</ChapterTitle>
        <TOCSection Delete="false" Num="1">
          <SectionTitle>第一節　特別な職</SectionTitle>
          <ArticleRange>（第六条）</ArticleRange>
        </TOCSection>
        <TOCSection Delete="false" Num="2">
          <SectionTitle>第二節　審議会等</SectionTitle>
          <ArticleRange>（第七条―第十条）</ArticleRange>
        </TOCSection>
        <TOCSection Delete="false" Num="3">
          <SectionTitle>第三節　特別の機関</SectionTitle>
          <ArticleRange>（第十一条）</ArticleRange>
        </TOCSection>
        <TOCSection Delete="false" Num="4">
          <SectionTitle>第四節　地方支分部局</SectionTitle>
          <ArticleRange>（第十二条）</ArticleRange>
        </TOCSection>
      </TOCChapter>
      <TOCChapter Delete="false" Num="4">
        <ChapterTitle>第四章　原子力規制委員会</ChapterTitle>
        <ArticleRange>（第十三条）</ArticleRange>
      </TOCChapter>
      <TOCSupplProvision>
        <SupplProvisionLabel>附則</SupplProvisionLabel>
      </TOCSupplProvision>
    </TOC>
    <MainProvision>
      <Chapter Delete="false" Hide="false" Num="1">
        <ChapterTitle>第一章　総則</ChapterTitle>
        <Article Delete="false" Hide="false" Num="1">
          <ArticleCaption>（目的）</ArticleCaption>
          <ArticleTitle>第一条</ArticleTitle>
          <Paragraph Hide="false" Num="1">
            <ParagraphNum/>
            <ParagraphSentence>
              <Sentence WritingMode="vertical">この法律は、環境省の設置並びに任務及びこれを達成するため必要となる明確な範囲の所掌事務を定めるとともに、その所掌する行政事務を能率的に遂行するため必要な組織を定めることを目的とする。</Sentence>
            </ParagraphSentence>
          </Paragraph>
        </Article>
      </Chapter>
      <Chapter Delete="false" Hide="false" Num="2">
        <ChapterTitle>第二章　環境省の設置並びに任務及び所掌事務等</ChapterTitle>
        <Section Delete="false" Hide="false" Num="1">
          <SectionTitle>第一節　環境省の設置</SectionTitle>
          <Article Delete="false" Hide="false" Num="2">
            <ArticleCaption>（設置）</ArticleCaption>
            <ArticleTitle>第二条</ArticleTitle>
            <Paragraph Hide="false" Num="1">
              <ParagraphNum/>
              <ParagraphSentence>
                <Sentence WritingMode="vertical">国家行政組織法（昭和二十三年法律第百二十号）第三条第二項の規定に基づいて、環境省を設置する。</Sentence>
              </ParagraphSentence>
            </Paragraph>
          </Article>
        </Section>
        <Section Delete="false" Hide="false" Num="2">
          <SectionTitle>第二節　環境省の任務及び所掌事務</SectionTitle>
          <Article Delete="false" Hide="false" Num="3">
            <ArticleCaption>（任務）</ArticleCaption>
            <ArticleTitle>第三条</ArticleTitle>
            <Paragraph Hide="false" Num="1">
              <ParagraphNum/>
              <ParagraphSentence>
                <Sentence WritingMode="vertical">環境省は、地球環境保全、公害の防止、自然環境の保護及び整備その他の環境の保全（良好な環境の創出を含む。以下単に「環境の保全」という。）並びに原子力の研究、開発及び利用における安全の確保を図ることを任務とする。</Sentence>
              </ParagraphSentence>
            </Paragraph>
            <Paragraph Hide="false" Num="2">
              <ParagraphNum>２</ParagraphNum>
              <ParagraphSentence>
                <Sentence WritingMode="vertical">前項に定めるもののほか、環境省は、同項の任務に関連する特定の内閣の重要政策に関する内閣の事務を助けることを任務とする。</Sentence>
              </ParagraphSentence>
            </Paragraph>
            <Paragraph Hide="false" Num="3">
              <ParagraphNum>３</ParagraphNum>
              <ParagraphSentence>
                <Sentence WritingMode="vertical">環境省は、前項の任務を遂行するに当たり、内閣官房を助けるものとする。</Sentence>
              </ParagraphSentence>
            </Paragraph>
          </Article>
          <Article Delete="false" Hide="false" Num="4">
            <ArticleCaption>（所掌事務）</ArticleCaption>
            <ArticleTitle>第四条</ArticleTitle>
            <Paragraph Hide="false" Num="1">
              <ParagraphNum/>
              <ParagraphSentence>
                <Sentence WritingMode="vertical">環境省は、前条第一項の任務を達成するため、次に掲げる事務をつかさどる。</Sentence>
              </ParagraphSentence>
              <Item Delete="false" Hide="false" Num="1">
                <ItemTitle>一</ItemTitle>
                <ItemSentence>
                  <Sentence WritingMode="vertical">環境の保全に関する基本的な政策の企画及び立案並びに推進に関すること。</Sentence>
                </ItemSentence>
              </Item>
              <Item Delete="false" Hide="false" Num="2">
                <ItemTitle>二</ItemTitle>
                <ItemSentence>
                  <Sentence WritingMode="vertical">環境の保全に関する関係行政機関の事務の調整に関すること。</Sentence>
                </ItemSentence>
              </Item>
              <Item Delete="false" Hide="false" Num="3">
                <ItemTitle>三</ItemTitle>
                <ItemSentence>
                  <Sentence WritingMode="vertical">地球環境保全、公害の防止並びに自然環境の保護及び整備（以下この号において「地球環境保全等」という。）に関する関係行政機関の経費の見積りの方針の調整並びに地球環境保全等に関する関係行政機関の試験研究機関の経費（大学及び大学共同利用機関の所掌に係るものを除く。）及び関係行政機関の試験研究委託費の配分計画に関すること。</Sentence>
                </ItemSentence>
              </Item>
              <Item Delete="false" Hide="false" Num="4">
                <ItemTitle>四</ItemTitle>
                <ItemSentence>
                  <Sentence WritingMode="vertical">削除</Sentence>
                </ItemSentence>
              </Item>
              <Item Delete="false" Hide="false" Num="5">
                <ItemTitle>五</ItemTitle>
                <ItemSentence>
                  <Sentence WritingMode="vertical">国土利用計画（国土利用計画法（昭和四十九年法律第九十二号）第四条に規定する計画をいう。）のうち同条に規定する全国計画の作成に関すること（環境の保全に関する基本的な政策に係るものに限る。）。</Sentence>
                </ItemSentence>
              </Item>
              <Item Delete="false" Hide="false" Num="6">
                <ItemTitle>六</ItemTitle>
                <ItemSentence>
                  <Sentence WritingMode="vertical">特定有害廃棄物等（特定有害廃棄物等の輸出入等の規制に関する法律（平成四年法律第百八号）に規定する特定有害廃棄物等をいう。）の輸出、輸入、運搬及び処分の規制に関すること（貿易管理に関するものを除く。）。</Sentence>
                </ItemSentence>
              </Item>
              <Item Delete="false" Hide="false" Num="7">
                <ItemTitle>七</ItemTitle>
                <ItemSentence>
                  <Sentence WritingMode="vertical">南極地域の環境の保護に関すること。</Sentence>
                </ItemSentence>
              </Item>
              <Item Delete="false" Hide="false" Num="8">
                <ItemTitle>八</ItemTitle>
                <ItemSentence>
                  <Sentence WritingMode="vertical">環境基準（環境基本法（平成五年法律第九十一号）第十六条第一項に規定する基準をいう。）の設定に関すること。</Sentence>
                </ItemSentence>
              </Item>
              <Item Delete="false" Hide="false" Num="9">
                <ItemTitle>九</ItemTitle>
                <ItemSentence>
                  <Sentence WritingMode="vertical">公害の防止のための規制に関すること。</Sentence>
                </ItemSentence>
              </Item>
              <Item Delete="false" Hide="false" Num="10">
                <ItemTitle>十</ItemTitle>
                <ItemSentence>
                  <Sentence WritingMode="vertical">公害に係る健康被害の補償及び予防に関すること。</Sentence>
                </ItemSentence>
              </Item>
              <Item Delete="false" Hide="false" Num="11">
                <ItemTitle>十一</ItemTitle>
                <ItemSentence>
                  <Sentence WritingMode="vertical">公害の防止のための事業に要する費用の事業者負担に関する制度に関すること。</Sentence>
                </ItemSentence>
              </Item>
              <Item Delete="false" Hide="false" Num="12">
                <ItemTitle>十二</ItemTitle>
                <ItemSentence>
                  <Sentence WritingMode="vertical">自然環境が優れた状態を維持している地域における当該自然環境の保全に関すること。</Sentence>
                </ItemSentence>
              </Item>
              <Item Delete="false" Hide="false" Num="13">
                <ItemTitle>十三</ItemTitle>
                <ItemSentence>
                  <Sentence WritingMode="vertical">自然公園及び温泉の保護及び整備並びにこれらに関する事業の振興に関すること。</Sentence>
                </ItemSentence>
              </Item>
              <Item Delete="false" Hide="false" Num="14">
                <ItemTitle>十四</ItemTitle>
                <ItemSentence>
                  <Sentence WritingMode="vertical">景勝地及び休養地並びに公園（都市計画上の公園を除く。）の整備に関すること。</Sentence>
                </ItemSentence>
              </Item>
              <Item Delete="false" Hide="false" Num="15">
                <ItemTitle>十五</ItemTitle>
                <ItemSentence>
                  <Sentence WritingMode="vertical">皇居外苑、京都御苑及び新宿御苑並びに千鳥ケ淵戦没者墓苑の維持及び管理に関すること。</Sentence>
                </ItemSentence>
              </Item>
              <Item Delete="false" Hide="false" Num="16">
                <ItemTitle>十六</ItemTitle>
                <ItemSentence>
                  <Sentence WritingMode="vertical">野生動植物の種の保存、野生鳥獣の保護及び管理並びに狩猟の適正化その他生物の多様性の確保に関すること。</Sentence>
                </ItemSentence>
              </Item>
              <Item Delete="false" Hide="false" Num="17">
                <ItemTitle>十七</ItemTitle>
                <ItemSentence>
                  <Sentence WritingMode="vertical">人の飼養に係る動物の愛護並びに当該動物による人の生命、身体及び財産に対する侵害の防止に関すること。</Sentence>
                </ItemSentence>
              </Item>
              <Item Num="17_2">
                <ItemTitle>十七の二</ItemTitle>
                <ItemSentence>
                  <Sentence>愛玩動物看護師に関する事務のうち所掌に係るものに関すること。</Sentence>
                </ItemSentence>
              </Item>
              <Item Delete="false" Hide="false" Num="18">
                <ItemTitle>十八</ItemTitle>
                <ItemSentence>
                  <Sentence WritingMode="vertical">自然環境の健全な利用のための活動の増進に関すること。</Sentence>
                </ItemSentence>
              </Item>
              <Item Delete="false" Hide="false" Num="19">
                <ItemTitle>十九</ItemTitle>
                <ItemSentence>
                  <Sentence WritingMode="vertical">廃棄物（廃棄物の処理及び清掃に関する法律（昭和四十五年法律第百三十七号）に規定する廃棄物をいう。）の排出の抑制及び適正な処理（浄化槽によるし尿及び雑排水の処理を含む。）並びに清掃に関すること。</Sentence>
                </ItemSentence>
              </Item>
              <Item Delete="false" Hide="false" Num="19_2">
                <ItemTitle>十九の二</ItemTitle>
                <ItemSentence>
                  <Sentence WritingMode="vertical">原子炉の運転等（原子力損害の賠償に関する法律（昭和三十六年法律第百四十七号）第二条第一項に規定する原子炉の運転等をいう。）に起因する事故により放出された放射性物質による環境の汚染への対処に関すること。</Sentence>
                </ItemSentence>
              </Item>
              <Item Delete="false" Hide="false" Num="20">
                <ItemTitle>二十</ItemTitle>
                <ItemSentence>
                  <Sentence WritingMode="vertical">石綿による健康被害の救済に関すること（他の府省の所掌に属するものを除く。）。</Sentence>
                </ItemSentence>
              </Item>
              <Item Delete="false" Hide="false" Num="21">
                <ItemTitle>二十一</ItemTitle>
                <ItemSentence>
                  <Sentence WritingMode="vertical">前各号に掲げるもののほか、専ら環境の保全を目的とする事務及び事業に関すること。</Sentence>
                </ItemSentence>
              </Item>
              <Item Delete="false" Hide="false" Num="22">
                <ItemTitle>二十二</ItemTitle>
                <ItemSentence>
                  <Sentence WritingMode="vertical">環境の保全の観点からの次に掲げる事務及び事業に関する基準、指針、方針、計画その他これらに類するものの策定並びに当該観点からのこれらの事務及び事業に関する規制その他これに類するもの（ホ、ヌ及びヲにあっては当該規制の実施、ヘにあっては当該整備に関する援助、チにあっては当該監視及び測定の実施、ルにあっては当該把握された化学物質の量の集計及びその結果の公表、ヨにあっては環境影響評価に関する審査）に関すること。</Sentence>
                </ItemSentence>
                <Subitem1 Delete="false" Hide="false" Num="1">
                  <Subitem1Title>イ</Subitem1Title>
                  <Subitem1Sentence>
                    <Sentence WritingMode="vertical">温室効果ガス（大気を構成する気体であって、地表からの赤外線を吸収し、及びこれを放射する性質を有するものをいう。）の排出の抑制</Sentence>
                  </Subitem1Sentence>
                </Subitem1>
                <Subitem1 Delete="false" Hide="false" Num="2">
                  <Subitem1Title>ロ</Subitem1Title>
                  <Subitem1Sentence>
                    <Sentence WritingMode="vertical">オゾン層の保護</Sentence>
                  </Subitem1Sentence>
                </Subitem1>
                <Subitem1 Delete="false" Hide="false" Num="3">
                  <Subitem1Title>ハ</Subitem1Title>
                  <Subitem1Sentence>
                    <Sentence WritingMode="vertical">海洋汚染の防止</Sentence>
                  </Subitem1Sentence>
                </Subitem1>
                <Subitem1 Delete="false" Hide="false" Num="4">
                  <Subitem1Title>ニ</Subitem1Title>
                  <Subitem1Sentence>
                    <Sentence WritingMode="vertical">工場における公害の防止のための組織の整備</Sentence>
                  </Subitem1Sentence>
                </Subitem1>
                <Subitem1 Delete="false" Hide="false" Num="5">
                  <Subitem1Title>ホ</Subitem1Title>
                  <Subitem1Sentence>
                    <Sentence WritingMode="vertical">工場立地の規制</Sentence>
                  </Subitem1Sentence>
                </Subitem1>
                <Subitem1 Delete="false" Hide="false" Num="6">
                  <Subitem1Title>ヘ</Subitem1Title>
                  <Subitem1Sentence>
                    <Sentence WritingMode="vertical">公害の防止のための施設及び設備の整備</Sentence>
                  </Subitem1Sentence>
                </Subitem1>
                <Subitem1 Delete="false" Hide="false" Num="7">
                  <Subitem1Title>ト</Subitem1Title>
                  <Subitem1Sentence>
                    <Sentence WritingMode="vertical">下水道その他の施設による排水の処理</Sentence>
                  </Subitem1Sentence>
                </Subitem1>
                <Subitem1 Delete="false" Hide="false" Num="8">
                  <Subitem1Title>チ</Subitem1Title>
                  <Subitem1Sentence>
                    <Sentence WritingMode="vertical">放射性物質に係る環境の状況の把握のための監視及び測定</Sentence>
                  </Subitem1Sentence>
                </Subitem1>
                <Subitem1 Delete="false" Hide="false" Num="9">
                  <Subitem1Title>リ</Subitem1Title>
                  <Subitem1Sentence>
                    <Sentence WritingMode="vertical">森林及び緑地の保全</Sentence>
                  </Subitem1Sentence>
                </Subitem1>
                <Subitem1 Delete="false" Hide="false" Num="10">
                  <Subitem1Title>ヌ</Subitem1Title>
                  <Subitem1Sentence>
                    <Sentence WritingMode="vertical">化学物質の審査及び製造、輸入、使用その他の取扱いの規制</Sentence>
                  </Subitem1Sentence>
                </Subitem1>
                <Subitem1 Delete="false" Hide="false" Num="11">
                  <Subitem1Title>ル</Subitem1Title>
                  <Subitem1Sentence>
                    <Sentence WritingMode="vertical">事業活動に伴い事業所において環境に排出される化学物質の量及び事業活動に係る廃棄物の処理を事業所の外において行うことに伴い当該事業所の外に移動する化学物質の量の把握並びに化学物質の管理の改善の促進</Sentence>
                  </Subitem1Sentence>
                </Subitem1>
                <Subitem1 Delete="false" Hide="false" Num="12">
                  <Subitem1Title>ヲ</Subitem1Title>
                  <Subitem1Sentence>
                    <Sentence WritingMode="vertical">農薬の登録及び使用の規制</Sentence>
                  </Subitem1Sentence>
                </Subitem1>
                <Subitem1 Delete="false" Hide="false" Num="13">
                  <Subitem1Title>ワ</Subitem1Title>
                  <Subitem1Sentence>
                    <Sentence WritingMode="vertical">資源の再利用の促進</Sentence>
                  </Subitem1Sentence>
                </Subitem1>
                <Subitem1 Delete="false" Hide="false" Num="14">
                  <Subitem1Title>カ</Subitem1Title>
                  <Subitem1Sentence>
                    <Sentence WritingMode="vertical">河川及び湖沼の保全</Sentence>
                  </Subitem1Sentence>
                </Subitem1>
                <Subitem1 Delete="false" Hide="false" Num="15">
                  <Subitem1Title>ヨ</Subitem1Title>
                  <Subitem1Sentence>
                    <Sentence WritingMode="vertical">環境影響評価</Sentence>
                  </Subitem1Sentence>
                </Subitem1>
                <Subitem1 Delete="false" Hide="false" Num="16">
                  <Subitem1Title>タ</Subitem1Title>
                  <Subitem1Sentence>
                    <Sentence WritingMode="vertical">イからヨまでに掲げるもののほか、その目的及び機能の一部に環境の保全が含まれる事務及び事業</Sentence>
                  </Subitem1Sentence>
                </Subitem1>
              </Item>
              <Item Delete="false" Hide="false" Num="23">
                <ItemTitle>二十三</ItemTitle>
                <ItemSentence>
                  <Sentence WritingMode="vertical">所掌事務に係る国際協力に関すること。</Sentence>
                </ItemSentence>
              </Item>
              <Item Delete="false" Hide="false" Num="24">
                <ItemTitle>二十四</ItemTitle>
                <ItemSentence>
                  <Sentence WritingMode="vertical">政令で定める文教研修施設において所掌事務に関する研修を行うこと。</Sentence>
                </ItemSentence>
              </Item>
              <Item Delete="false" Hide="false" Num="24_2">
                <ItemTitle>二十四の二</ItemTitle>
                <ItemSentence>
                  <Sentence WritingMode="vertical">原子力規制委員会設置法（平成二十四年法律第四十七号）第四条第一項に規定する事務</Sentence>
                </ItemSentence>
              </Item>
              <Item Delete="false" Hide="false" Num="25">
                <ItemTitle>二十五</ItemTitle>
                <ItemSentence>
                  <Sentence WritingMode="vertical">前各号に掲げるもののほか、法律（法律に基づく命令を含む。）に基づき環境省に属させられた事務</Sentence>
                </ItemSentence>
              </Item>
            </Paragraph>
            <Paragraph Hide="false" Num="2">
              <ParagraphNum>２</ParagraphNum>
              <ParagraphSentence>
                <Sentence WritingMode="vertical">前項に定めるもののほか、環境省は、前条第二項の任務を達成するため、同条第一項の任務に関連する特定の内閣の重要政策について、当該重要政策に関して閣議において決定された基本的な方針に基づいて、行政各部の施策の統一を図るために必要となる企画及び立案並びに総合調整に関する事務をつかさどる。</Sentence>
              </ParagraphSentence>
            </Paragraph>
          </Article>
        </Section>
        <Section Delete="false" Hide="false" Num="3">
          <SectionTitle>第三節　環境省の長</SectionTitle>
          <Article Delete="false" Hide="false" Num="5">
            <ArticleCaption>（環境大臣）</ArticleCaption>
            <ArticleTitle>第五条</ArticleTitle>
            <Paragraph Hide="false" Num="1">
              <ParagraphNum/>
              <ParagraphSentence>
                <Sentence WritingMode="vertical">環境省の長は、環境大臣とする。</Sentence>
              </ParagraphSentence>
            </Paragraph>
            <Paragraph Hide="false" Num="2">
              <ParagraphNum>２</ParagraphNum>
              <ParagraphSentence>
                <Sentence WritingMode="vertical">環境大臣は、環境の保全に関する基本的な政策の推進のため特に必要があると認めるときは、関係行政機関の長に対し、環境の保全に関する基本的な政策に関する重要事項について勧告し、及びその勧告に基づいて執った措置について報告を求めることができる。</Sentence>
              </ParagraphSentence>
            </Paragraph>
          </Article>
        </Section>
      </Chapter>
      <Chapter Delete="false" Hide="false" Num="3">
        <ChapterTitle>第三章　本省に置かれる職及び機関</ChapterTitle>
        <Section Delete="false" Hide="false" Num="1">
          <SectionTitle>第一節　特別な職</SectionTitle>
          <Article Delete="false" Hide="false" Num="6">
            <ArticleCaption>（地球環境審議官）</ArticleCaption>
            <ArticleTitle>第六条</ArticleTitle>
            <Paragraph Hide="false" Num="1">
              <ParagraphNum/>
              <ParagraphSentence>
                <Sentence WritingMode="vertical">環境省に、地球環境審議官一人を置く。</Sentence>
              </ParagraphSentence>
            </Paragraph>
            <Paragraph Hide="false" Num="2">
              <ParagraphNum>２</ParagraphNum>
              <ParagraphSentence>
                <Sentence WritingMode="vertical">地球環境審議官は、命を受けて、環境省の所掌事務に係る地球環境保全に関する事務その他の事務のうち、国際的に取り組む必要がある事項に関する事務を総括整理する。</Sentence>
              </ParagraphSentence>
            </Paragraph>
          </Article>
        </Section>
        <Section Delete="false" Hide="false" Num="2">
          <SectionTitle>第二節　審議会等</SectionTitle>
          <Article Delete="false" Hide="false" Num="7">
            <ArticleCaption>（設置）</ArticleCaption>
            <ArticleTitle>第七条</ArticleTitle>
            <Paragraph Hide="false" Num="1">
              <ParagraphNum/>
              <ParagraphSentence>
                <Sentence WritingMode="vertical">別に法律で定めるところにより環境省に置かれる審議会等で本省に置かれるものは、次のとおりとする。</Sentence>
              </ParagraphSentence>
              <List>
                <ListSentence>
                  <Sentence WritingMode="vertical">中央環境審議会</Sentence>
                </ListSentence>
              </List>
              <List>
                <ListSentence>
                  <Sentence WritingMode="vertical">公害健康被害補償不服審査会</Sentence>
                </ListSentence>
              </List>
              <List>
                <ListSentence>
                  <Sentence WritingMode="vertical">有明海・八代海等総合調査評価委員会</Sentence>
                </ListSentence>
              </List>
            </Paragraph>
          </Article>
          <Article Delete="false" Hide="false" Num="8">
            <ArticleCaption>（中央環境審議会）</ArticleCaption>
            <ArticleTitle>第八条</ArticleTitle>
            <Paragraph Hide="false" Num="1">
              <ParagraphNum/>
              <ParagraphSentence>
                <Sentence WritingMode="vertical">中央環境審議会については、環境基本法（これに基づく命令を含む。）の定めるところによる。</Sentence>
              </ParagraphSentence>
            </Paragraph>
          </Article>
          <Article Delete="false" Hide="false" Num="9">
            <ArticleCaption>（公害健康被害補償不服審査会）</ArticleCaption>
            <ArticleTitle>第九条</ArticleTitle>
            <Paragraph Hide="false" Num="1">
              <ParagraphNum/>
              <ParagraphSentence>
                <Sentence WritingMode="vertical">公害健康被害補償不服審査会については、公害健康被害の補償等に関する法律（昭和四十八年法律第百十一号。これに基づく命令を含む。）の定めるところによる。</Sentence>
              </ParagraphSentence>
            </Paragraph>
          </Article>
          <Article Delete="false" Hide="false" Num="10">
            <ArticleCaption>（有明海・八代海等総合調査評価委員会）</ArticleCaption>
            <ArticleTitle>第十条</ArticleTitle>
            <Paragraph Hide="false" Num="1">
              <ParagraphNum/>
              <ParagraphSentence>
                <Sentence WritingMode="vertical">有明海・八代海等総合調査評価委員会については、有明海及び八代海等を再生するための特別措置に関する法律（平成十四年法律第百二十号。これに基づく命令を含む。）の定めるところによる。</Sentence>
              </ParagraphSentence>
            </Paragraph>
          </Article>
        </Section>
        <Section Delete="false" Hide="false" Num="3">
          <SectionTitle>第三節　特別の機関</SectionTitle>
          <Article Delete="false" Hide="false" Num="11">
            <ArticleCaption>（公害対策会議）</ArticleCaption>
            <ArticleTitle>第十一条</ArticleTitle>
            <Paragraph Hide="false" Num="1">
              <ParagraphNum/>
              <ParagraphSentence>
                <Sentence WritingMode="vertical">別に法律で定めるところにより環境省に置かれる特別の機関は、公害対策会議とする。</Sentence>
              </ParagraphSentence>
            </Paragraph>
            <Paragraph Hide="false" Num="2">
              <ParagraphNum>２</ParagraphNum>
              <ParagraphSentence>
                <Sentence WritingMode="vertical">公害対策会議については、環境基本法（これに基づく命令を含む。）の定めるところによる。</Sentence>
              </ParagraphSentence>
            </Paragraph>
          </Article>
        </Section>
        <Section Delete="false" Hide="false" Num="4">
          <SectionTitle>第四節　地方支分部局</SectionTitle>
          <Article Delete="false" Hide="false" Num="12">
            <ArticleCaption>（地方環境事務所）</ArticleCaption>
            <ArticleTitle>第十二条</ArticleTitle>
            <Paragraph Hide="false" Num="1">
              <ParagraphNum/>
              <ParagraphSentence>
                <Sentence WritingMode="vertical">本省に、地方支分部局として、地方環境事務所を置く。</Sentence>
              </ParagraphSentence>
            </Paragraph>
            <Paragraph Hide="false" Num="2">
              <ParagraphNum>２</ParagraphNum>
              <ParagraphSentence>
                <Sentence WritingMode="vertical">地方環境事務所は、環境省の所掌事務のうち、第四条第一項第五号、第六号、第八号から第十四号まで、第十六号から第二十二号まで及び第二十五号に掲げる事務を分掌する。</Sentence>
              </ParagraphSentence>
            </Paragraph>
            <Paragraph Hide="false" Num="3">
              <ParagraphNum>３</ParagraphNum>
              <ParagraphSentence>
                <Sentence WritingMode="vertical">地方環境事務所の名称、位置及び管轄区域は、政令で定める。</Sentence>
              </ParagraphSentence>
            </Paragraph>
            <Paragraph Hide="false" Num="4">
              <ParagraphNum>４</ParagraphNum>
              <ParagraphSentence>
                <Sentence WritingMode="vertical">地方環境事務所の内部組織は、環境省令で定める。</Sentence>
              </ParagraphSentence>
            </Paragraph>
          </Article>
        </Section>
      </Chapter>
      <Chapter Delete="false" Hide="false" Num="4">
        <ChapterTitle>第四章　原子力規制委員会</ChapterTitle>
        <Article Delete="false" Hide="false" Num="13">
          <ArticleTitle>第十三条</ArticleTitle>
          <Paragraph Hide="false" Num="1">
            <ParagraphNum/>
            <ParagraphSentence>
              <Sentence WritingMode="vertical">国家行政組織法第三条第二項の規定に基づいて環境省に置かれる外局は、原子力規制委員会とする。</Sentence>
            </ParagraphSentence>
          </Paragraph>
          <Paragraph Hide="false" Num="2">
            <ParagraphNum>２</ParagraphNum>
            <ParagraphSentence>
              <Sentence WritingMode="vertical">原子力規制委員会については、原子力規制委員会設置法及びこれに基づく命令の定めるところによる。</Sentence>
            </ParagraphSentence>
          </Paragraph>
        </Article>
      </Chapter>
    </MainProvision>
    <SupplProvision>
      <SupplProvisionLabel>附　則</SupplProvisionLabel>
      <Paragraph Hide="false" Num="1">
        <ParagraphNum/>
        <ParagraphSentence>
          <Sentence WritingMode="vertical">この法律は、内閣法の一部を改正する法律（平成十一年法律第八十八号）の施行の日から施行する。</Sentence>
        </ParagraphSentence>
      </Paragraph>
    </SupplProvision>
    <SupplProvision AmendLawNum="平成一一年一二月二二日法律第二一六号" Extract="true">
      <SupplProvisionLabel>附　則</SupplProvisionLabel>
      <Article Delete="false" Hide="false" Num="1">
        <ArticleCaption>（施行期日）</ArticleCaption>
        <ArticleTitle>第一条</ArticleTitle>
        <Paragraph Hide="false" Num="1">
          <ParagraphNum/>
          <ParagraphSentence>
            <Sentence WritingMode="vertical">この法律は、平成十三年一月六日から施行する。</Sentence>
          </ParagraphSentence>
        </Paragraph>
      </Article>
    </SupplProvision>
    <SupplProvision AmendLawNum="平成一一年一二月二二日法律第二二一号" Extract="true">
      <SupplProvisionLabel>附　則</SupplProvisionLabel>
      <Article Delete="false" Hide="false" Num="1">
        <ArticleCaption>（施行期日）</ArticleCaption>
        <ArticleTitle>第一条</ArticleTitle>
        <Paragraph Hide="false" Num="1">
          <ParagraphNum/>
          <ParagraphSentence>
            <Sentence WritingMode="vertical">この法律は、公布の日から起算して一年を超えない範囲内において政令で定める日から施行する。</Sentence>
          </ParagraphSentence>
        </Paragraph>
      </Article>
    </SupplProvision>
    <SupplProvision AmendLawNum="平成一三年四月一三日法律第二九号" Extract="true">
      <SupplProvisionLabel>附　則</SupplProvisionLabel>
      <Article Delete="false" Hide="false" Num="1">
        <ArticleCaption>（施行期日）</ArticleCaption>
        <ArticleTitle>第一条</ArticleTitle>
        <Paragraph Hide="false" Num="1">
          <ParagraphNum/>
          <ParagraphSentence>
            <Sentence Function="main" Num="1" WritingMode="vertical">この法律は、平成十三年七月一日から施行する。</Sentence>
            <Sentence Function="proviso" Num="2" WritingMode="vertical">ただし、第十一条の次に一章を加える改正規定及び次条の規定は、同年十月一日から施行する。</Sentence>
          </ParagraphSentence>
        </Paragraph>
      </Article>
    </SupplProvision>
    <SupplProvision AmendLawNum="平成一四年一一月二九日法律第一二〇号" Extract="true">
      <SupplProvisionLabel>附　則</SupplProvisionLabel>
      <Paragraph Hide="false" Num="1">
        <ParagraphCaption>（施行期日）</ParagraphCaption>
        <ParagraphNum>１</ParagraphNum>
        <ParagraphSentence>
          <Sentence WritingMode="vertical">この法律は、公布の日から施行する。</Sentence>
        </ParagraphSentence>
      </Paragraph>
    </SupplProvision>
    <SupplProvision AmendLawNum="平成一七年四月二七日法律第三三号">
      <SupplProvisionLabel>附　則</SupplProvisionLabel>
      <Article Delete="false" Hide="false" Num="1">
        <ArticleCaption>（施行期日）</ArticleCaption>
        <ArticleTitle>第一条</ArticleTitle>
        <Paragraph Hide="false" Num="1">
          <ParagraphNum/>
          <ParagraphSentence>
            <Sentence WritingMode="vertical">この法律は、平成十七年十月一日から施行する。</Sentence>
          </ParagraphSentence>
        </Paragraph>
      </Article>
      <Article Delete="false" Hide="false" Num="24">
        <ArticleCaption>（経過措置）</ArticleCaption>
        <ArticleTitle>第二十四条</ArticleTitle>
        <Paragraph Hide="false" Num="1">
          <ParagraphNum/>
          <ParagraphSentence>
            <Sentence WritingMode="vertical">この法律による改正後のそれぞれの法律の規定に基づき命令を制定し、又は改廃する場合においては、その命令で、その制定又は改廃に伴い合理的に必要と判断される範囲内において、所要の経過措置（罰則に関する経過措置を含む。）を定めることができる。</Sentence>
          </ParagraphSentence>
        </Paragraph>
      </Article>
    </SupplProvision>
    <SupplProvision AmendLawNum="平成一八年二月一〇日法律第四号" Extract="true">
      <SupplProvisionLabel>附　則</SupplProvisionLabel>
      <Article Delete="false" Hide="false" Num="1">
        <ArticleCaption>（施行期日）</ArticleCaption>
        <ArticleTitle>第一条</ArticleTitle>
        <Paragraph Hide="false" Num="1">
          <ParagraphNum/>
          <ParagraphSentence>
            <Sentence Function="main" Num="1" WritingMode="vertical">この法律は、平成十八年三月三十一日までの間において政令で定める日から施行する。</Sentence>
            <Sentence Function="proviso" Num="2" WritingMode="vertical">ただし、次の各号に掲げる規定は、当該各号に定める日から施行する。</Sentence>
          </ParagraphSentence>
          <Item Delete="false" Hide="false" Num="1">
            <ItemTitle>一</ItemTitle>
            <ItemSentence>
              <Column LineBreak="false" Num="1">
                <Sentence WritingMode="vertical">第一章、第二章第二節第一款、第八十四条及び第八十六条並びに附則第二条、第三条、第五条、第十条及び第十二条から第十四条までの規定</Sentence>
              </Column>
              <Column LineBreak="false" Num="2">
                <Sentence WritingMode="vertical">公布の日</Sentence>
              </Column>
            </ItemSentence>
          </Item>
        </Paragraph>
      </Article>
    </SupplProvision>
    <SupplProvision AmendLawNum="平成二三年八月一二日法律第九七号" Extract="true">
      <SupplProvisionLabel>附　則</SupplProvisionLabel>
      <Paragraph Hide="false" Num="1">
        <ParagraphCaption>（施行期日）</ParagraphCaption>
        <ParagraphNum>１</ParagraphNum>
        <ParagraphSentence>
          <Sentence WritingMode="vertical">この法律は、公布の日から施行する。</Sentence>
        </ParagraphSentence>
      </Paragraph>
    </SupplProvision>
    <SupplProvision AmendLawNum="平成二三年八月三〇日法律第一〇五号" Extract="true">
      <SupplProvisionLabel>附　則</SupplProvisionLabel>
      <Article Delete="false" Hide="false" Num="1">
        <ArticleCaption>（施行期日）</ArticleCaption>
        <ArticleTitle>第一条</ArticleTitle>
        <Paragraph Hide="false" Num="1">
          <ParagraphNum/>
          <ParagraphSentence>
            <Sentence WritingMode="vertical">この法律は、公布の日から施行する。</Sentence>
          </ParagraphSentence>
        </Paragraph>
      </Article>
    </SupplProvision>
    <SupplProvision AmendLawNum="平成二四年六月二七日法律第四七号" Extract="true">
      <SupplProvisionLabel>附　則</SupplProvisionLabel>
      <Article Delete="false" Hide="false" Num="1">
        <ArticleCaption>（施行期日）</ArticleCaption>
        <ArticleTitle>第一条</ArticleTitle>
        <Paragraph Hide="false" Num="1">
          <ParagraphNum/>
          <ParagraphSentence>
            <Sentence WritingMode="vertical">この法律は、公布の日から起算して三月を超えない範囲内において政令で定める日から施行する。</Sentence>
          </ParagraphSentence>
        </Paragraph>
      </Article>
    </SupplProvision>
    <SupplProvision AmendLawNum="平成二六年五月三〇日法律第四六号" Extract="true">
      <SupplProvisionLabel>附　則</SupplProvisionLabel>
      <Article Delete="false" Hide="false" Num="1">
        <ArticleCaption>（施行期日）</ArticleCaption>
        <ArticleTitle>第一条</ArticleTitle>
        <Paragraph Hide="false" Num="1">
          <ParagraphNum/>
          <ParagraphSentence>
            <Sentence WritingMode="vertical">この法律は、公布の日から起算して一年を超えない範囲内において政令で定める日から施行する。</Sentence>
          </ParagraphSentence>
        </Paragraph>
      </Article>
    </SupplProvision>
    <SupplProvision AmendLawNum="平成二六年六月一三日法律第六七号" Extract="true">
      <SupplProvisionLabel>附　則</SupplProvisionLabel>
      <Article Delete="false" Hide="false" Num="1">
        <ArticleCaption>（施行期日）</ArticleCaption>
        <ArticleTitle>第一条</ArticleTitle>
        <Paragraph Hide="false" Num="1">
          <ParagraphNum/>
          <ParagraphSentence>
            <Sentence Function="main" Num="1" WritingMode="vertical">この法律は、独立行政法人通則法の一部を改正する法律（平成二十六年法律第六十六号。以下「通則法改正法」という。）の施行の日から施行する。</Sentence>
            <Sentence Function="proviso" Num="2" WritingMode="vertical">ただし、次の各号に掲げる規定は、当該各号に定める日から施行する。</Sentence>
          </ParagraphSentence>
          <Item Delete="false" Hide="false" Num="1">
            <ItemTitle>一</ItemTitle>
            <ItemSentence>
              <Column LineBreak="false" Num="1">
                <Sentence WritingMode="vertical">附則第十四条第二項、第十八条及び第三十条の規定</Sentence>
              </Column>
              <Column LineBreak="false" Num="2">
                <Sentence WritingMode="vertical">公布の日</Sentence>
              </Column>
            </ItemSentence>
          </Item>
        </Paragraph>
      </Article>
      <Article Delete="false" Hide="false" Num="28">
        <ArticleCaption>（処分等の効力）</ArticleCaption>
        <ArticleTitle>第二十八条</ArticleTitle>
        <Paragraph Hide="false" Num="1">
          <ParagraphNum/>
          <ParagraphSentence>
            <Sentence WritingMode="vertical">この法律の施行前にこの法律による改正前のそれぞれの法律（これに基づく命令を含む。）の規定によってした又はすべき処分、手続その他の行為であってこの法律による改正後のそれぞれの法律（これに基づく命令を含む。以下この条において「新法令」という。）に相当の規定があるものは、法律（これに基づく政令を含む。）に別段の定めのあるものを除き、新法令の相当の規定によってした又はすべき処分、手続その他の行為とみなす。</Sentence>
          </ParagraphSentence>
        </Paragraph>
      </Article>
      <Article Delete="false" Hide="false" Num="29">
        <ArticleCaption>（罰則に関する経過措置）</ArticleCaption>
        <ArticleTitle>第二十九条</ArticleTitle>
        <Paragraph Hide="false" Num="1">
          <ParagraphNum/>
          <ParagraphSentence>
            <Sentence WritingMode="vertical">この法律の施行前にした行為及びこの附則の規定によりなおその効力を有することとされる場合におけるこの法律の施行後にした行為に対する罰則の適用については、なお従前の例による。</Sentence>
          </ParagraphSentence>
        </Paragraph>
      </Article>
      <Article Delete="false" Hide="false" Num="30">
        <ArticleCaption>（その他の経過措置の政令等への委任）</ArticleCaption>
        <ArticleTitle>第三十条</ArticleTitle>
        <Paragraph Hide="false" Num="1">
          <ParagraphNum/>
          <ParagraphSentence>
            <Sentence WritingMode="vertical">附則第三条から前条までに定めるもののほか、この法律の施行に関し必要な経過措置（罰則に関する経過措置を含む。）は、政令（人事院の所掌する事項については、人事院規則）で定める。</Sentence>
          </ParagraphSentence>
        </Paragraph>
      </Article>
    </SupplProvision>
    <SupplProvision AmendLawNum="平成二七年九月一一日法律第六六号" Extract="true">
      <SupplProvisionLabel>附　則</SupplProvisionLabel>
      <Article Delete="false" Hide="false" Num="1">
        <ArticleCaption>（施行期日）</ArticleCaption>
        <ArticleTitle>第一条</ArticleTitle>
        <Paragraph Hide="false" Num="1">
          <ParagraphNum/>
          <ParagraphSentence>
            <Sentence Function="main" Num="1" WritingMode="vertical">この法律は、平成二十八年四月一日から施行する。</Sentence>
            <Sentence Function="proviso" Num="2" WritingMode="vertical">ただし、次の各号に掲げる規定は、当該各号に定める日から施行する。</Sentence>
          </ParagraphSentence>
          <Item Delete="false" Hide="false" Num="1">
            <ItemTitle>一</ItemTitle>
            <ItemSentence>
              <Column LineBreak="false" Num="1">
                <Sentence WritingMode="vertical">附則第七条の規定</Sentence>
              </Column>
              <Column LineBreak="false" Num="2">
                <Sentence WritingMode="vertical">公布の日</Sentence>
              </Column>
            </ItemSentence>
          </Item>
        </Paragraph>
      </Article>
      <Article Delete="false" Hide="false" Num="7">
        <ArticleCaption>（政令への委任）</ArticleCaption>
        <ArticleTitle>第七条</ArticleTitle>
        <Paragraph Hide="false" Num="1">
          <ParagraphNum/>
          <ParagraphSentence>
            <Sentence WritingMode="vertical">附則第二条から前条までに定めるもののほか、この法律の施行に関し必要な経過措置は、政令で定める。</Sentence>
          </ParagraphSentence>
        </Paragraph>
      </Article>
    </SupplProvision>
    <SupplProvision AmendLawNum="令和元年六月二八日法律第五〇号" Extract="true">
      <SupplProvisionLabel>附　則</SupplProvisionLabel>
      <Article Num="1">
        <ArticleCaption>（施行期日）</ArticleCaption>
        <ArticleTitle>第一条</ArticleTitle>
        <Paragraph Num="1">
          <ParagraphNum/>
          <ParagraphSentence>
            <Sentence Function="main" Num="1">この法律は、公布の日から起算して三年を超えない範囲内において政令で定める日から施行する。</Sentence>
            <Sentence Function="proviso" Num="2">ただし、第三十四条から第三十六条まで、第三十八条（第十八条及び第二十五条の規定を準用する部分を除く。）及び第三十九条の規定並びに第四十四条、第四十五条及び第四十七条（第一号を除く。）の規定（指定試験機関に係る部分に限る。）並びに附則第四条、第五条、第九条及び第十条の規定は、公布の日から起算して六月を超えない範囲内において政令で定める日から施行する。</Sentence>
          </ParagraphSentence>
        </Paragraph>
      </Article>
    </SupplProvision>
  </LawBody>
</Law>
