<?xml version="1.0" encoding="UTF-8" standalone="no"?>
<Law Era="Heisei" Lang="ja" LawType="Act" Num="3" Year="12">
  <LawNum>平成十二年法律第三号</LawNum>
  <LawBody>
    <LawTitle>平成十二年度における公債の発行の特例に関する法律</LawTitle>
    <MainProvision>
      <Article Delete="false" Hide="false" Num="1">
        <ArticleCaption>（目的）</ArticleCaption>
        <ArticleTitle>第一条</ArticleTitle>
        <Paragraph Hide="false" Num="1">
          <ParagraphNum/>
          <ParagraphSentence>
            <Sentence WritingMode="vertical">この法律は、平成十二年度における国の財政収支の状況にかんがみ、同年度における公債の発行の特例に関する措置を定めることにより、同年度の適切な財政運営に資することを目的とする。</Sentence>
          </ParagraphSentence>
        </Paragraph>
      </Article>
      <Article Delete="false" Hide="false" Num="2">
        <ArticleCaption>（特例公債の発行等）</ArticleCaption>
        <ArticleTitle>第二条</ArticleTitle>
        <Paragraph Hide="false" Num="1">
          <ParagraphNum/>
          <ParagraphSentence>
            <Sentence WritingMode="vertical">政府は、財政法（昭和二十二年法律第三十四号）第四条第一項ただし書の規定により発行する公債のほか、平成十二年度の一般会計の歳出の財源に充てるため、予算をもって国会の議決を経た金額の範囲内で、公債を発行することができる。</Sentence>
          </ParagraphSentence>
        </Paragraph>
        <Paragraph Hide="false" Num="2">
          <ParagraphNum>２</ParagraphNum>
          <ParagraphSentence>
            <Sentence Num="1" WritingMode="vertical">前項の規定による公債の発行は、平成十三年六月三十日までの間、行うことができる。</Sentence>
            <Sentence Num="2" WritingMode="vertical">この場合において、同年四月一日以後発行される同項の公債に係る収入は、平成十二年度所属の歳入とする。</Sentence>
          </ParagraphSentence>
        </Paragraph>
        <Paragraph Hide="false" Num="3">
          <ParagraphNum>３</ParagraphNum>
          <ParagraphSentence>
            <Sentence WritingMode="vertical">政府は、第一項の議決を経ようとするときは、同項の公債の償還の計画を国会に提出しなければならない。</Sentence>
          </ParagraphSentence>
        </Paragraph>
        <Paragraph Hide="false" Num="4">
          <ParagraphNum>４</ParagraphNum>
          <ParagraphSentence>
            <Sentence WritingMode="vertical">政府は、第一項の規定により発行した公債については、その速やかな減債に努めるものとする。</Sentence>
          </ParagraphSentence>
        </Paragraph>
      </Article>
    </MainProvision>
    <SupplProvision Extract="false" Type="New">
      <SupplProvisionLabel>附　則</SupplProvisionLabel>
      <Paragraph Hide="false" Num="1">
        <ParagraphNum/>
        <ParagraphSentence>
          <Sentence WritingMode="vertical">この法律は、平成十二年四月一日から施行する。</Sentence>
        </ParagraphSentence>
      </Paragraph>
    </SupplProvision>
  </LawBody>
</Law>
