<?xml version="1.0" encoding="UTF-8" standalone="no"?>
<Law DataInfo="200402e80k80m01" Era="Heisei" Lang="ja" LawType="Rule" Num="11" Year="13">
  <LawNum>平成十三年国家公安委員会規則第十一号</LawNum>
  <LawBody>
    <LawTitle>苦情の申出の手続に関する規則</LawTitle>
    <EnactStatement>警察法（昭和二十九年法律第百六十二号）第七十八条の二第一項の規定に基づき、苦情の申出の手続に関する規則を次のように定める。</EnactStatement>
    <MainProvision>
      <Article Num="1">
        <ArticleCaption>（趣旨）</ArticleCaption>
        <ArticleTitle>第一条</ArticleTitle>
        <Paragraph Num="1">
          <ParagraphNum/>
          <ParagraphSentence>
            <Sentence>この規則は、警察法（以下「法」という。）第七十九条の規定による都道府県警察の職員の職務執行についての苦情の申出（以下「苦情申出」という。）の手続に関し必要な事項を定めるものとする。</Sentence>
          </ParagraphSentence>
        </Paragraph>
      </Article>
      <Article Num="2">
        <ArticleCaption>（苦情申出書の提出）</ArticleCaption>
        <ArticleTitle>第二条</ArticleTitle>
        <Paragraph Num="1">
          <ParagraphNum/>
          <ParagraphSentence>
            <Sentence>苦情申出を行おうとする者（以下「申出者」という。）は、次の各号に掲げる事項を記載した文書（以下「苦情申出書」という。）に署名又は押印をしてこれを提出するものとする。</Sentence>
          </ParagraphSentence>
          <Item Num="1">
            <ItemTitle>一</ItemTitle>
            <ItemSentence>
              <Sentence>申出者の氏名、住所及び電話番号</Sentence>
            </ItemSentence>
          </Item>
          <Item Num="2">
            <ItemTitle>二</ItemTitle>
            <ItemSentence>
              <Sentence>申出者が住所以外の連絡先への処理の結果の通知を求める場合には、当該連絡先の名称、住所及び電話番号</Sentence>
            </ItemSentence>
          </Item>
          <Item Num="3">
            <ItemTitle>三</ItemTitle>
            <ItemSentence>
              <Sentence>苦情申出の原因たる職務執行の日時及び場所、当該職務執行に係る警察職員の執務の態様その他の事案の概要</Sentence>
            </ItemSentence>
          </Item>
          <Item Num="4">
            <ItemTitle>四</ItemTitle>
            <ItemSentence>
              <Sentence>苦情申出の原因たる職務執行により申出者が受けた具体的な不利益の内容又は当該職務執行に係る警察職員の執務の態様に対する不満の内容</Sentence>
            </ItemSentence>
          </Item>
        </Paragraph>
        <Paragraph Num="2">
          <ParagraphNum>２</ParagraphNum>
          <ParagraphSentence>
            <Sentence>申出者が複数である場合における前項の規定の適用については、同項各号列記以外の部分中「苦情申出を行おうとする者（以下「申出者」という。）」とあるのは「苦情申出を行おうとする者（以下「申出者」という。）を代表して処理の結果の通知を受ける者（以下「代表者」という。）」と、同項第一号中「申出者の氏名、住所及び電話番号」とあるのは「すべての申出者の氏名及び住所並びに代表者の電話番号」と、同項第二号中「申出者」とあるのは「代表者」とする。</Sentence>
          </ParagraphSentence>
        </Paragraph>
      </Article>
      <Article Num="3">
        <ArticleCaption>（苦情申出書作成の援助）</ArticleCaption>
        <ArticleTitle>第三条</ArticleTitle>
        <Paragraph Num="1">
          <ParagraphNum/>
          <ParagraphSentence>
            <Sentence>苦情申出書の受理に関する事務を行う警察職員は、申出者が苦情申出書を作成することが困難であると認める場合には、当該申出者の口頭による陳述を聴取し、苦情申出書を代書するものとする。</Sentence>
          </ParagraphSentence>
        </Paragraph>
        <Paragraph Num="2">
          <ParagraphNum>２</ParagraphNum>
          <ParagraphSentence>
            <Sentence>警察職員は、苦情申出書を代書した場合には、申出者に当該苦情申出書を読み聞かせ、又は閲読させた上で、その署名又は押印を求めるとともに、自己の所属、官職及び氏名を記載し、押印するものとする。</Sentence>
          </ParagraphSentence>
        </Paragraph>
        <Paragraph Num="3">
          <ParagraphNum>３</ParagraphNum>
          <ParagraphSentence>
            <Sentence>警察職員は、苦情申出書を代書するに当たり通訳その他の者を立ち会わせた場合には、当該苦情申出書にその者の署名又は押印を求めるものとする。</Sentence>
          </ParagraphSentence>
        </Paragraph>
      </Article>
      <Article Num="4">
        <ArticleCaption>（苦情申出書の補正）</ArticleCaption>
        <ArticleTitle>第四条</ArticleTitle>
        <Paragraph Num="1">
          <ParagraphNum/>
          <ParagraphSentence>
            <Sentence>都道府県公安委員会は、苦情申出書の記載事項に不備がある場合には、相当の期間を定めて、その補正を求めることができる。</Sentence>
          </ParagraphSentence>
        </Paragraph>
      </Article>
    </MainProvision>
    <SupplProvision>
      <SupplProvisionLabel>附　則</SupplProvisionLabel>
      <Paragraph Num="1">
        <ParagraphNum/>
        <ParagraphSentence>
          <Sentence>この規則は、警察法の一部を改正する法律（平成十二年法律第百三十九号）の一部の施行の日（平成十三年六月一日）から施行する。</Sentence>
        </ParagraphSentence>
      </Paragraph>
    </SupplProvision>
    <SupplProvision AmendLawNum="平成一七年三月二五日国家公安委員会規則第四号">
      <SupplProvisionLabel>附　則</SupplProvisionLabel>
      <Paragraph Num="1">
        <ParagraphNum/>
        <ParagraphSentence>
          <Sentence>この規則は、行政事件訴訟法の一部を改正する法律の施行の日（平成十七年四月一日）から施行する。</Sentence>
        </ParagraphSentence>
      </Paragraph>
    </SupplProvision>
  </LawBody>
</Law>
