<?xml version="1.0" encoding="UTF-8" standalone="no"?>
<Law Era="Heisei" Lang="ja" LawType="MinisterialOrdinance" Num="084" Year="13">
  <LawNum>平成十三年経済産業省令第八十四号</LawNum>
  <LawBody>
    <LawTitle>衣類乾燥機の製造等の事業を行う者の再生資源の利用の促進に関する判断の基準となるべき事項を定める省令</LawTitle>
    <EnactStatement>資源の有効な利用の促進に関する法律（平成三年法律第四十八号）第二十一条第一項の規定に基づき、衣類乾燥機の製造の事業を行う者の再生資源の利用の促進に関する判断の基準となるべき事項を定める省令を次のように定める。</EnactStatement>
    <TOC>
      <TOCLabel>目次</TOCLabel>
      <TOCChapter Delete="false" Num="1">
        <ChapterTitle>第一章　製造事業者の判断の基準となるべき事項</ChapterTitle>
        <ArticleRange>（第一条―第十条）</ArticleRange>
      </TOCChapter>
      <TOCChapter Delete="false" Num="2">
        <ChapterTitle>第二章　輸入販売事業者の判断の基準となるべき事項</ChapterTitle>
        <ArticleRange>（第十一条―第十八条）</ArticleRange>
      </TOCChapter>
      <TOCSupplProvision>
        <SupplProvisionLabel>附則</SupplProvisionLabel>
      </TOCSupplProvision>
    </TOC>
    <MainProvision>
      <Chapter Delete="false" Hide="false" Num="1">
        <ChapterTitle>第一章　製造事業者の判断の基準となるべき事項</ChapterTitle>
        <Article Delete="false" Hide="false" Num="1">
          <ArticleCaption>（原材料の工夫）</ArticleCaption>
          <ArticleTitle>第一条</ArticleTitle>
          <Paragraph Hide="false" Num="1">
            <ParagraphNum/>
            <ParagraphSentence>
              <Sentence WritingMode="vertical">衣類乾燥機の製造の事業を行う者（以下「製造事業者」という。）は、衣類乾燥機に係る再生資源の利用を促進するため、筐体その他の衣類乾燥機の部品等（部品又は部材をいう。以下同じ。）への再生資源としての利用が可能な原材料の使用、部品等に使用する原材料の種類数の削減、再生資源としての利用が可能な原材料を他の原材料から分離することが困難な部品等の数の削減その他の措置を講ずるものとする。</Sentence>
            </ParagraphSentence>
          </Paragraph>
        </Article>
        <Article Delete="false" Hide="false" Num="2">
          <ArticleCaption>（構造の工夫）</ArticleCaption>
          <ArticleTitle>第二条</ArticleTitle>
          <Paragraph Hide="false" Num="1">
            <ParagraphNum/>
            <ParagraphSentence>
              <Sentence WritingMode="vertical">製造事業者は、衣類乾燥機に係る再生資源の利用を促進するため、ねじの数量の削減その他の部品等の取り外しの容易化、取っ手を取り付けることその他の回収及び運搬の容易化その他の措置により、衣類乾燥機の処理を容易にするものとする。</Sentence>
            </ParagraphSentence>
          </Paragraph>
        </Article>
        <Article Delete="false" Hide="false" Num="3">
          <ArticleCaption>（分別のための工夫）</ArticleCaption>
          <ArticleTitle>第三条</ArticleTitle>
          <Paragraph Hide="false" Num="1">
            <ParagraphNum/>
            <ParagraphSentence>
              <Sentence WritingMode="vertical">製造事業者は、衣類乾燥機に係る再生資源の利用を促進するため、重量が百グラム以上の合成樹脂製の部品等の材質名の表示その他の分別のための工夫を行うことにより、衣類乾燥機に係る再生資源の利用のための分別を容易にするものとする。</Sentence>
            </ParagraphSentence>
          </Paragraph>
        </Article>
        <Article Delete="false" Hide="false" Num="4">
          <ArticleCaption>（処理に係る安全性の確保）</ArticleCaption>
          <ArticleTitle>第四条</ArticleTitle>
          <Paragraph Hide="false" Num="1">
            <ParagraphNum/>
            <ParagraphSentence>
              <Sentence WritingMode="vertical">製造事業者は、衣類乾燥機に係る再生資源の利用を促進するため、原材料の毒性その他の特性に配慮することにより、処理に係る安全性を確保するものとする。</Sentence>
            </ParagraphSentence>
          </Paragraph>
        </Article>
        <Article Delete="false" Hide="false" Num="5">
          <ArticleCaption>（安全性等の配慮）</ArticleCaption>
          <ArticleTitle>第五条</ArticleTitle>
          <Paragraph Hide="false" Num="1">
            <ParagraphNum/>
            <ParagraphSentence>
              <Sentence WritingMode="vertical">製造事業者は、前各条に規定する取組により衣類乾燥機に係る再生資源の利用を促進する際には、衣類乾燥機の安全性及び耐久性その他の必要な事情に配慮するものとする。</Sentence>
            </ParagraphSentence>
          </Paragraph>
        </Article>
        <Article Delete="false" Hide="false" Num="6">
          <ArticleCaption>（技術の向上）</ArticleCaption>
          <ArticleTitle>第六条</ArticleTitle>
          <Paragraph Hide="false" Num="1">
            <ParagraphNum/>
            <ParagraphSentence>
              <Sentence WritingMode="vertical">製造事業者は、衣類乾燥機に係る再生資源の利用を促進するため、必要な技術の向上を図るものとする。</Sentence>
            </ParagraphSentence>
          </Paragraph>
        </Article>
        <Article Delete="false" Hide="false" Num="7">
          <ArticleCaption>（事前評価）</ArticleCaption>
          <ArticleTitle>第七条</ArticleTitle>
          <Paragraph Hide="false" Num="1">
            <ParagraphNum/>
            <ParagraphSentence>
              <Sentence WritingMode="vertical">製造事業者は、衣類乾燥機の設計に際して、衣類乾燥機に係る再生資源の利用を促進するため、第一条から第四条までに規定する取組について、あらかじめ衣類乾燥機の評価を行うものとする。</Sentence>
            </ParagraphSentence>
          </Paragraph>
          <Paragraph Hide="false" Num="2">
            <ParagraphNum>２</ParagraphNum>
            <ParagraphSentence>
              <Sentence WritingMode="vertical">製造事業者は、前項の評価を行うため、衣類乾燥機の種類ごとに評価項目、評価基準及び評価方法を定めるものとする。</Sentence>
            </ParagraphSentence>
          </Paragraph>
          <Paragraph Hide="false" Num="3">
            <ParagraphNum>３</ParagraphNum>
            <ParagraphSentence>
              <Sentence WritingMode="vertical">製造事業者は、第一項の評価を行うに際し、必要な記録を行うものとする。</Sentence>
            </ParagraphSentence>
          </Paragraph>
        </Article>
        <Article Delete="false" Hide="false" Num="8">
          <ArticleCaption>（含有物質の管理）</ArticleCaption>
          <ArticleTitle>第八条</ArticleTitle>
          <Paragraph Hide="false" Num="1">
            <ParagraphNum/>
            <ParagraphSentence>
              <Sentence WritingMode="vertical">製造事業者は、衣類乾燥機に係る再生資源の利用を促進するため、部品等に含有される別表に定める物質の種類及び含有率の把握その他の措置により当該物質を管理するものとする。</Sentence>
            </ParagraphSentence>
          </Paragraph>
        </Article>
        <Article Delete="false" Hide="false" Num="9">
          <ArticleCaption>（情報の提供）</ArticleCaption>
          <ArticleTitle>第九条</ArticleTitle>
          <Paragraph Hide="false" Num="1">
            <ParagraphNum/>
            <ParagraphSentence>
              <Sentence WritingMode="vertical">製造事業者は、衣類乾燥機の構造、部品等の取り外し方法、部品等の材質名その他の衣類乾燥機に係る再生資源の利用の促進に資する情報の提供を行うものとする。</Sentence>
            </ParagraphSentence>
          </Paragraph>
          <Paragraph Hide="false" Num="2">
            <ParagraphNum>２</ParagraphNum>
            <ParagraphSentence>
              <Sentence Num="1" WritingMode="vertical">製造事業者は、前項のほか、衣類乾燥機に係る再生資源の利用を促進するため、部品等に含有される別表に定める物質の種類及び含有率に関する情報の提供を行うものとする。</Sentence>
              <Sentence Num="2" WritingMode="vertical">この場合において、情報の提供は日本産業規格Ｃ０９５０により行うものとする。</Sentence>
            </ParagraphSentence>
          </Paragraph>
        </Article>
        <Article Delete="false" Hide="false" Num="10">
          <ArticleCaption>（包装材の工夫）</ArticleCaption>
          <ArticleTitle>第十条</ArticleTitle>
          <Paragraph Hide="false" Num="1">
            <ParagraphNum/>
            <ParagraphSentence>
              <Sentence WritingMode="vertical">製造事業者は、衣類乾燥機に係る包装材に関し、安全性、機能性、経済性その他の必要な事情に配慮しつつ、再生資源としての利用が容易な原材料又は再生資源を利用した原材料を使用するものとする。</Sentence>
            </ParagraphSentence>
          </Paragraph>
          <Paragraph Hide="false" Num="2">
            <ParagraphNum>２</ParagraphNum>
            <ParagraphSentence>
              <Sentence WritingMode="vertical">製造事業者は、衣類乾燥機に係る包装材の再生資源としての利用を促進するため、衣類乾燥機に係る包装について、安全性、機能性、経済性その他の必要な事情に配慮しつつ、再生資源としての利用が可能な包装材を他の包装材から分離することが容易な構造の採用、回収及び運搬が容易な構造の採用その他の措置を講ずるものとする。</Sentence>
            </ParagraphSentence>
          </Paragraph>
        </Article>
      </Chapter>
      <Chapter Delete="false" Hide="false" Num="2">
        <ChapterTitle>第二章　輸入販売事業者の判断の基準となるべき事項</ChapterTitle>
        <Article Delete="false" Hide="false" Num="11">
          <ArticleCaption>（原材料の工夫）</ArticleCaption>
          <ArticleTitle>第十一条</ArticleTitle>
          <Paragraph Hide="false" Num="1">
            <ParagraphNum/>
            <ParagraphSentence>
              <Sentence WritingMode="vertical">自ら輸入した衣類乾燥機の販売の事業を行う者（以下「輸入販売事業者」という。）は、衣類乾燥機に係る再生資源の利用を促進するため、筐体その他の衣類乾燥機の部品等への再生資源としての利用が可能な原材料の使用、部品等に使用する原材料の種類数の削減、再生資源としての利用が可能な原材料を他の原材料から分離することが困難な部品等の数の削減その他の措置がなされた衣類乾燥機を自ら輸入して販売するものとする。</Sentence>
            </ParagraphSentence>
          </Paragraph>
        </Article>
        <Article Delete="false" Hide="false" Num="12">
          <ArticleCaption>（構造の工夫）</ArticleCaption>
          <ArticleTitle>第十二条</ArticleTitle>
          <Paragraph Hide="false" Num="1">
            <ParagraphNum/>
            <ParagraphSentence>
              <Sentence WritingMode="vertical">輸入販売事業者は、衣類乾燥機に係る再生資源の利用を促進するため、ねじの数量の削減その他の部品等の取り外しの容易化、取っ手を取り付けることその他の回収及び運搬の容易化その他の措置がなされた衣類乾燥機を自ら輸入して販売することにより、衣類乾燥機の処理を容易にするものとする。</Sentence>
            </ParagraphSentence>
          </Paragraph>
        </Article>
        <Article Delete="false" Hide="false" Num="13">
          <ArticleCaption>（分別のための工夫）</ArticleCaption>
          <ArticleTitle>第十三条</ArticleTitle>
          <Paragraph Hide="false" Num="1">
            <ParagraphNum/>
            <ParagraphSentence>
              <Sentence WritingMode="vertical">輸入販売事業者は、衣類乾燥機に係る再生資源の利用を促進するため、重量が百グラム以上の合成樹脂製の部品等の材質名の表示その他の分別のための工夫がなされた衣類乾燥機を自ら輸入して販売することにより、衣類乾燥機に係る再生資源の利用のための分別を容易にするものとする。</Sentence>
            </ParagraphSentence>
          </Paragraph>
        </Article>
        <Article Delete="false" Hide="false" Num="14">
          <ArticleCaption>（処理に係る安全性の確保）</ArticleCaption>
          <ArticleTitle>第十四条</ArticleTitle>
          <Paragraph Hide="false" Num="1">
            <ParagraphNum/>
            <ParagraphSentence>
              <Sentence WritingMode="vertical">輸入販売事業者は、衣類乾燥機に係る再生資源の利用を促進するため、原材料の毒性その他の特性に配慮がなされた衣類乾燥機を自ら輸入して販売することにより、処理に係る安全性を確保するものとする。</Sentence>
            </ParagraphSentence>
          </Paragraph>
        </Article>
        <Article Delete="false" Hide="false" Num="15">
          <ArticleCaption>（知識の向上）</ArticleCaption>
          <ArticleTitle>第十五条</ArticleTitle>
          <Paragraph Hide="false" Num="1">
            <ParagraphNum/>
            <ParagraphSentence>
              <Sentence WritingMode="vertical">輸入販売事業者は、衣類乾燥機に係る再生資源の利用を促進するため、必要な知識の向上を図るものとする。</Sentence>
            </ParagraphSentence>
          </Paragraph>
        </Article>
        <Article Delete="false" Hide="false" Num="16">
          <ArticleCaption>（事前評価）</ArticleCaption>
          <ArticleTitle>第十六条</ArticleTitle>
          <Paragraph Hide="false" Num="1">
            <ParagraphNum/>
            <ParagraphSentence>
              <Sentence WritingMode="vertical">輸入販売事業者は、自ら輸入した衣類乾燥機の販売に際して、衣類乾燥機に係る再生資源の利用を促進するため、第十一条から第十四条までに規定する取組について、あらかじめ衣類乾燥機の評価を行うものとする。</Sentence>
            </ParagraphSentence>
          </Paragraph>
          <Paragraph Hide="false" Num="2">
            <ParagraphNum>２</ParagraphNum>
            <ParagraphSentence>
              <Sentence WritingMode="vertical">輸入販売事業者は、前項の評価を行うため、衣類乾燥機の種類ごとに評価項目、評価基準及び評価方法を定めるものとする。</Sentence>
            </ParagraphSentence>
          </Paragraph>
          <Paragraph Hide="false" Num="3">
            <ParagraphNum>３</ParagraphNum>
            <ParagraphSentence>
              <Sentence WritingMode="vertical">輸入販売事業者は、第一項の評価を行うに際し、必要な記録を行うものとする。</Sentence>
            </ParagraphSentence>
          </Paragraph>
        </Article>
        <Article Delete="false" Hide="false" Num="17">
          <ArticleCaption>（包装材の工夫）</ArticleCaption>
          <ArticleTitle>第十七条</ArticleTitle>
          <Paragraph Hide="false" Num="1">
            <ParagraphNum/>
            <ParagraphSentence>
              <Sentence WritingMode="vertical">輸入販売事業者は、衣類乾燥機に係る包装材に関し、安全性、機能性、経済性その他の必要な事情に配慮しつつ、再生資源としての利用を促進するため、再生資源としての利用が容易な原材料の使用、再生資源として利用が可能な包装材を他の包装材から分離することが容易な構造の採用、回収及び運搬が容易な構造の採用その他の措置がなされた包装材が使用された衣類乾燥機を自ら輸入して販売するものとする。</Sentence>
            </ParagraphSentence>
          </Paragraph>
        </Article>
        <Article Delete="false" Hide="false" Num="18">
          <ArticleCaption>（準用）</ArticleCaption>
          <ArticleTitle>第十八条</ArticleTitle>
          <Paragraph Hide="false" Num="1">
            <ParagraphNum/>
            <ParagraphSentence>
              <Sentence Num="1" WritingMode="vertical">第五条、第八条及び第九条の規定は、輸入販売事業者に準用する。</Sentence>
              <Sentence Num="2" WritingMode="vertical">この場合において、第五条中「前各条」とあるのは「第十一条から第十四条まで」と読み替えるものとする。</Sentence>
            </ParagraphSentence>
          </Paragraph>
        </Article>
      </Chapter>
    </MainProvision>
    <SupplProvision>
      <SupplProvisionLabel>附　則</SupplProvisionLabel>
      <Paragraph Hide="false" Num="1">
        <ParagraphNum/>
        <ParagraphSentence>
          <Sentence WritingMode="vertical">この省令は、平成十三年四月一日から施行する。</Sentence>
        </ParagraphSentence>
      </Paragraph>
    </SupplProvision>
    <SupplProvision AmendLawNum="平成一八年四月二七日経済産業省令第六〇号">
      <SupplProvisionLabel>附　則</SupplProvisionLabel>
      <Paragraph Hide="false" Num="1">
        <ParagraphNum/>
        <ParagraphSentence>
          <Sentence WritingMode="vertical">この省令は、平成十八年七月一日から施行する。</Sentence>
        </ParagraphSentence>
      </Paragraph>
    </SupplProvision>
    <SupplProvision AmendLawNum="令和元年七月一日経済産業省令第一七号" Type="Amend">
      <SupplProvisionLabel>附　則</SupplProvisionLabel>
      <Paragraph Hide="false" Num="1">
        <ParagraphNum/>
        <ParagraphSentence>
          <Sentence WritingMode="vertical">この省令は、不正競争防止法等の一部を改正する法律の施行の日（令和元年七月一日）から施行する。</Sentence>
        </ParagraphSentence>
      </Paragraph>
    </SupplProvision>
    <AppdxTable>
      <AppdxTableTitle WritingMode="vertical">別表</AppdxTableTitle>
      <RelatedArticleNum>（第八条、第九条、第十八条関係）</RelatedArticleNum>
      <TableStruct>
        <Table WritingMode="vertical">
          <TableRow>
            <TableColumn BorderBottom="solid" BorderLeft="solid" BorderRight="solid" BorderTop="solid">
              <Sentence WritingMode="vertical">一　鉛及びその化合物</Sentence>
            </TableColumn>
          </TableRow>
          <TableRow>
            <TableColumn BorderBottom="solid" BorderLeft="solid" BorderRight="solid" BorderTop="solid">
              <Sentence WritingMode="vertical">二　水銀及びその化合物</Sentence>
            </TableColumn>
          </TableRow>
          <TableRow>
            <TableColumn BorderBottom="solid" BorderLeft="solid" BorderRight="solid" BorderTop="solid">
              <Sentence WritingMode="vertical">三　六価クロム化合物</Sentence>
            </TableColumn>
          </TableRow>
          <TableRow>
            <TableColumn BorderBottom="solid" BorderLeft="solid" BorderRight="solid" BorderTop="solid">
              <Sentence WritingMode="vertical">四　カドミウム及びその化合物</Sentence>
            </TableColumn>
          </TableRow>
          <TableRow>
            <TableColumn BorderBottom="solid" BorderLeft="solid" BorderRight="solid" BorderTop="solid">
              <Sentence WritingMode="vertical">五　ポリブロモビフェニル</Sentence>
            </TableColumn>
          </TableRow>
          <TableRow>
            <TableColumn BorderBottom="solid" BorderLeft="solid" BorderRight="solid" BorderTop="solid">
              <Sentence WritingMode="vertical">六　ポリブロモジフェニルエーテル</Sentence>
            </TableColumn>
          </TableRow>
        </Table>
      </TableStruct>
    </AppdxTable>
  </LawBody>
</Law>
