<?xml version="1.0" encoding="UTF-8" standalone="no"?>
<Law Era="Heisei" Lang="ja" LawType="MinisterialOrdinance" Num="089" Year="13">
  <LawNum>平成十三年経済産業省令第八十九号</LawNum>
  <LawBody>
    <LawTitle>事務用机の製造の事業を行う者の再生資源の利用の促進に関する判断の基準となるべき事項を定める省令</LawTitle>
    <EnactStatement>資源の有効な利用の促進に関する法律（平成三年法律第四十八号）第二十一条第一項の規定に基づき、事務用机の製造の事業を行う者の再生資源の利用の促進に関する判断の基準となるべき事項を定める省令を次のように定める。</EnactStatement>
    <MainProvision>
      <Article Num="1">
        <ArticleCaption>（原材料の工夫）</ArticleCaption>
        <ArticleTitle>第一条</ArticleTitle>
        <Paragraph Num="1">
          <ParagraphNum/>
          <ParagraphSentence>
            <Sentence>事務用机（金属製のものに限る。以下同じ。）の製造の事業を行う者（以下「事業者」という。）は、事務用机に係る再生資源の利用を促進するため、甲板、脚部その他の事務用机の部品等（部品又は部材をいう。以下同じ。）への再生資源としての利用が可能な原材料の使用、部品等に使用する原材料の種類数の削減、再生資源としての利用が可能な原材料を他の原材料から分離することが困難な部品等の数の削減その他の措置を講ずるものとする。</Sentence>
          </ParagraphSentence>
        </Paragraph>
      </Article>
      <Article Num="2">
        <ArticleCaption>（構造の工夫）</ArticleCaption>
        <ArticleTitle>第二条</ArticleTitle>
        <Paragraph Num="1">
          <ParagraphNum/>
          <ParagraphSentence>
            <Sentence>事業者は、事務用机に係る再生資源の利用を促進するため、ねじの数量の削減、再生資源としての利用が可能な原材料の部品等を他の原材料の部品等から分離することが容易な接合方法の採用その他の部品等の取り外しの容易化、回収及び運搬の容易化その他の措置により、事務用机の処理を容易にするものとする。</Sentence>
          </ParagraphSentence>
        </Paragraph>
      </Article>
      <Article Num="3">
        <ArticleCaption>（分別のための工夫）</ArticleCaption>
        <ArticleTitle>第三条</ArticleTitle>
        <Paragraph Num="1">
          <ParagraphNum/>
          <ParagraphSentence>
            <Sentence>事業者は、事務用机に係る再生資源の利用を促進するため、重量が百グラム以上の合成樹脂製の部品等の材質名の表示その他の分別のための工夫を行うことにより、事務用机に係る再生資源の利用のための分別を容易にするものとする。</Sentence>
          </ParagraphSentence>
        </Paragraph>
      </Article>
      <Article Num="4">
        <ArticleCaption>（処理に係る安全性の確保）</ArticleCaption>
        <ArticleTitle>第四条</ArticleTitle>
        <Paragraph Num="1">
          <ParagraphNum/>
          <ParagraphSentence>
            <Sentence>事業者は、事務用机に係る再生資源の利用を促進するため、原材料及び構造の特性に配慮することにより、処理に係る安全性を確保するものとする。</Sentence>
          </ParagraphSentence>
        </Paragraph>
      </Article>
      <Article Num="5">
        <ArticleCaption>（安全性等の配慮）</ArticleCaption>
        <ArticleTitle>第五条</ArticleTitle>
        <Paragraph Num="1">
          <ParagraphNum/>
          <ParagraphSentence>
            <Sentence>事業者は、前各条の規定に即して事務用机に係る再生資源の利用を促進する際には、事務用机の安全性及び耐久性その他の必要な事情に配慮するものとする。</Sentence>
          </ParagraphSentence>
        </Paragraph>
      </Article>
      <Article Num="6">
        <ArticleCaption>（技術の向上）</ArticleCaption>
        <ArticleTitle>第六条</ArticleTitle>
        <Paragraph Num="1">
          <ParagraphNum/>
          <ParagraphSentence>
            <Sentence>事業者は、事務用机に係る再生資源の利用を促進するため、必要な技術の向上を図るものとする。</Sentence>
          </ParagraphSentence>
        </Paragraph>
      </Article>
      <Article Num="7">
        <ArticleCaption>（事前評価）</ArticleCaption>
        <ArticleTitle>第七条</ArticleTitle>
        <Paragraph Num="1">
          <ParagraphNum/>
          <ParagraphSentence>
            <Sentence>事業者は、事務用机の設計に際して、事務用机に係る再生資源の利用を促進するため、第一条から第四条までの規定に即して、あらかじめ事務用机の評価を行うものとする。</Sentence>
          </ParagraphSentence>
        </Paragraph>
        <Paragraph Num="2">
          <ParagraphNum>２</ParagraphNum>
          <ParagraphSentence>
            <Sentence>事業者は、前項の評価を行うため、事務用机の種類ごとに評価項目、評価基準及び評価方法を定めるものとする。</Sentence>
          </ParagraphSentence>
        </Paragraph>
        <Paragraph Num="3">
          <ParagraphNum>３</ParagraphNum>
          <ParagraphSentence>
            <Sentence>事業者は、第一項の評価を行うに際し、必要な記録を行うものとする。</Sentence>
          </ParagraphSentence>
        </Paragraph>
      </Article>
      <Article Num="8">
        <ArticleCaption>（情報の提供）</ArticleCaption>
        <ArticleTitle>第八条</ArticleTitle>
        <Paragraph Num="1">
          <ParagraphNum/>
          <ParagraphSentence>
            <Sentence>事業者は、事務用机の構造、部品等の取り外し方法、部品等の材質名その他の事務用机に係る再生資源の利用の促進に資する情報の提供を行うものとする。</Sentence>
          </ParagraphSentence>
        </Paragraph>
      </Article>
      <Article Num="9">
        <ArticleCaption>（包装材の工夫）</ArticleCaption>
        <ArticleTitle>第九条</ArticleTitle>
        <Paragraph Num="1">
          <ParagraphNum/>
          <ParagraphSentence>
            <Sentence>事業者は、事務用机に係る包装材に関し、安全性、機能性、経済性その他の必要な事情に配慮しつつ、再生資源としての利用が容易な原材料又は再生資源を利用した原材料を使用するものとする。</Sentence>
          </ParagraphSentence>
        </Paragraph>
        <Paragraph Num="2">
          <ParagraphNum>２</ParagraphNum>
          <ParagraphSentence>
            <Sentence>事業者は、事務用机に係る包装材の再生資源としての利用を促進するため、事務用机に係る包装について、安全性、機能性、経済性その他の必要な事情に配慮しつつ、再生資源としての利用が可能な包装材を他の包装材から分離することが容易な構造の採用、回収及び運搬が容易な構造の採用その他の措置を講ずるものとする。</Sentence>
          </ParagraphSentence>
        </Paragraph>
      </Article>
    </MainProvision>
    <SupplProvision>
      <SupplProvisionLabel>附　則</SupplProvisionLabel>
      <Paragraph Num="1">
        <ParagraphNum/>
        <ParagraphSentence>
          <Sentence>この省令は、平成十三年四月一日から施行する。</Sentence>
        </ParagraphSentence>
      </Paragraph>
    </SupplProvision>
  </LawBody>
</Law>
