<?xml version="1.0" encoding="UTF-8" standalone="no"?>
<Law Era="Heisei" Lang="ja" LawType="MinisterialOrdinance" Num="63" Year="13">
  <LawNum>平成十三年農林水産省令第六十三号</LawNum>
  <LawBody>
    <LawTitle>家畜改良増殖法に基づく家畜登録機関に関する省令</LawTitle>
    <EnactStatement>家畜改良増殖法（昭和二十五年法律第二百九号）を実施するため、家畜改良増殖法に基づく家畜登録機関に関する省令を次のように定める。</EnactStatement>
    <MainProvision>
      <Paragraph Num="1">
        <ParagraphNum/>
        <ParagraphSentence>
          <Sentence>家畜改良増殖法第三十二条の二第三項に規定する家畜登録機関の名称及び住所は、次のとおりとする。</Sentence>
        </ParagraphSentence>
        <TableStruct>
          <Table>
            <TableRow>
              <TableColumn>
                <Sentence>名称</Sentence>
              </TableColumn>
              <TableColumn>
                <Sentence>住所</Sentence>
              </TableColumn>
            </TableRow>
            <TableRow>
              <TableColumn>
                <Sentence>社団法人日本ホルスタイン登録協会（昭和二十五年十二月五日に社団法人日本ホルスタイン登録協会という名称で設立された法人をいう。）</Sentence>
              </TableColumn>
              <TableColumn>
                <Sentence>東京都中野区本町四丁目三十八番十三号</Sentence>
              </TableColumn>
            </TableRow>
            <TableRow>
              <TableColumn>
                <Sentence>日本ジャージー登録協会</Sentence>
              </TableColumn>
              <TableColumn>
                <Sentence>東京都中野区本町四丁目三十八番十三号</Sentence>
              </TableColumn>
            </TableRow>
            <TableRow>
              <TableColumn>
                <Sentence>社団法人全国和牛登録協会（昭和二十三年十二月二十八日に社団法人全国和牛登録協会という名称で設立された法人をいう。）</Sentence>
              </TableColumn>
              <TableColumn>
                <Sentence>京都府京都市中京区烏丸通御池上ル二条殿町五百四十六番地二</Sentence>
              </TableColumn>
            </TableRow>
            <TableRow>
              <TableColumn>
                <Sentence>社団法人日本あか牛登録協会（昭和二十七年五月三十日に社団法人日本あか牛登録協会という名称で設立された法人をいう。）</Sentence>
              </TableColumn>
              <TableColumn>
                <Sentence>熊本県熊本市桜木六丁目三番五十四号</Sentence>
              </TableColumn>
            </TableRow>
            <TableRow>
              <TableColumn>
                <Sentence>社団法人日本短角種登録協会（昭和三十二年十月五日に社団法人日本短角種登録協会という名称で設立された法人をいう。）</Sentence>
              </TableColumn>
              <TableColumn>
                <Sentence>青森県上北郡七戸町字鶴児平七十二番地一</Sentence>
              </TableColumn>
            </TableRow>
            <TableRow>
              <TableColumn>
                <Sentence>社団法人日本養豚協会（昭和二十四年一月二十日に社団法人日本種豚登録協会という名称で設立された法人をいう。）</Sentence>
              </TableColumn>
              <TableColumn>
                <Sentence>東京都渋谷区代々木一丁目三十七番二十号</Sentence>
              </TableColumn>
            </TableRow>
            <TableRow>
              <TableColumn>
                <Sentence>財団法人ジャパン・スタッドブック・インターナショナル（平成五年四月十六日に財団法人競馬国際交流協会という名称で設立された法人をいう。）</Sentence>
              </TableColumn>
              <TableColumn>
                <Sentence>東京都港区新橋四丁目五番四号</Sentence>
              </TableColumn>
            </TableRow>
            <TableRow>
              <TableColumn>
                <Sentence>社団法人日本馬事協会（昭和二十四年三月二十九日に社団法人日本馬事協会という名称で設立された法人をいう。）</Sentence>
              </TableColumn>
              <TableColumn>
                <Sentence>東京都中央区新川二丁目六番十六号</Sentence>
              </TableColumn>
            </TableRow>
            <TableRow>
              <TableColumn>
                <Sentence>社団法人畜産技術協会（昭和四十年七月一日に社団法人畜産技術連盟という名称で設立された法人をいう。）</Sentence>
              </TableColumn>
              <TableColumn>
                <Sentence>東京都文京区湯島三丁目二十番九号</Sentence>
              </TableColumn>
            </TableRow>
            <TableRow>
              <TableColumn>
                <Sentence>社団法人北海道酪農畜産協会（平成十年四月一日に社団法人北海道酪農畜産協会という名称で設立された法人をいう。）</Sentence>
              </TableColumn>
              <TableColumn>
                <Sentence>北海道札幌市中央区北四条西一丁目一番地</Sentence>
              </TableColumn>
            </TableRow>
          </Table>
        </TableStruct>
      </Paragraph>
    </MainProvision>
    <SupplProvision>
      <SupplProvisionLabel>附　則</SupplProvisionLabel>
      <Paragraph Num="1">
        <ParagraphNum/>
        <ParagraphSentence>
          <Sentence>この省令は、公布の日から施行する。</Sentence>
        </ParagraphSentence>
      </Paragraph>
    </SupplProvision>
    <SupplProvision AmendLawNum="平成一五年九月二六日農林水産省令第九八号">
      <SupplProvisionLabel>附　則</SupplProvisionLabel>
      <Paragraph Num="1">
        <ParagraphNum/>
        <ParagraphSentence>
          <Sentence>この省令は、平成十五年十月一日から施行する。</Sentence>
        </ParagraphSentence>
      </Paragraph>
    </SupplProvision>
    <SupplProvision AmendLawNum="平成一七年三月二三日農林水産省令第二八号">
      <SupplProvisionLabel>附　則</SupplProvisionLabel>
      <Paragraph Num="1">
        <ParagraphNum/>
        <ParagraphSentence>
          <Sentence>この省令は、平成十七年四月一日から施行する。</Sentence>
        </ParagraphSentence>
      </Paragraph>
    </SupplProvision>
    <SupplProvision AmendLawNum="平成二〇年一一月二八日農林水産省令第七三号" Extract="true">
      <SupplProvisionLabel>附　則</SupplProvisionLabel>
      <Paragraph Num="1">
        <ParagraphCaption>（施行期日）</ParagraphCaption>
        <ParagraphNum>１</ParagraphNum>
        <ParagraphSentence>
          <Sentence>この省令は、一般社団法人及び一般財団法人に関する法律の施行の日（平成二十年十二月一日）から施行する。</Sentence>
        </ParagraphSentence>
      </Paragraph>
    </SupplProvision>
    <SupplProvision AmendLawNum="平成二二年一二月一日農林水産省令第六〇号">
      <SupplProvisionLabel>附　則</SupplProvisionLabel>
      <Paragraph Num="1">
        <ParagraphNum/>
        <ParagraphSentence>
          <Sentence>この省令は、平成二十二年十二月一日から施行する。</Sentence>
        </ParagraphSentence>
      </Paragraph>
    </SupplProvision>
  </LawBody>
</Law>
