<?xml version="1.0" encoding="UTF-8" standalone="no"?>
<Law DataInfo="191216e80k80m01" Era="Heisei" Lang="ja" LawType="MinisterialOrdinance" Num="35" Year="14">
  <LawNum>平成十四年内閣府令第三十五号</LawNum>
  <LawBody>
    <LawTitle>自動車運転代行業の業務の適正化に関する法律の施行に伴う道路交通法施行規則の規定の読替えに関する内閣府令</LawTitle>
    <EnactStatement>自動車運転代行業の業務の適正化に関する法律（平成十三年法律第五十七号）を実施するため、自動車運転代行業の業務の適正化に関する法律の施行に伴う道路交通法施行規則の規定の読替えに関する内閣府令を次のように定める。</EnactStatement>
    <MainProvision>
      <Paragraph Num="1">
        <ParagraphNum/>
        <ParagraphSentence>
          <Sentence>自動車運転代行業者についての道路交通法施行規則（昭和三十五年総理府令第六十号）の次の表の上欄に掲げる規定の適用については、これらの規定中同表の中欄に掲げる字句は、それぞれ同表の下欄に掲げる字句とする。</Sentence>
        </ParagraphSentence>
        <TableStruct>
          <Table>
            <TableRow>
              <TableColumn>
                <Sentence>読み替える規定</Sentence>
              </TableColumn>
              <TableColumn>
                <Sentence>読み替えられる字句</Sentence>
              </TableColumn>
              <TableColumn>
                <Sentence>読み替える字句</Sentence>
              </TableColumn>
            </TableRow>
            <TableRow>
              <TableColumn rowspan="8">
                <Sentence>第九条の九第一項</Sentence>
              </TableColumn>
              <TableColumn>
                <Sentence>法第七十四条の三第一項</Sentence>
              </TableColumn>
              <TableColumn>
                <Sentence>自動車運転代行業の業務の適正化に関する法律（平成十三年法律第五十七号。以下「運転代行業法」という。）第十九条第一項の規定により読み替えて適用される法第七十四条の三第一項</Sentence>
              </TableColumn>
            </TableRow>
            <TableRow>
              <TableColumn>
                <Sentence>副安全運転管理者</Sentence>
              </TableColumn>
              <TableColumn>
                <Sentence>運転代行業法第十九条第一項の規定により読み替えて適用される法第七十四条の三第四項に規定する副安全運転管理者（以下単に「副安全運転管理者」という。）</Sentence>
              </TableColumn>
            </TableRow>
            <TableRow>
              <TableColumn>
                <Sentence>法第七十四条の三第六項</Sentence>
              </TableColumn>
              <TableColumn>
                <Sentence>法第七十四条の三第六項（運転代行業法第十九条第一項の規定により読み替えて適用される場合を含む。）</Sentence>
              </TableColumn>
            </TableRow>
            <TableRow>
              <TableColumn>
                <Sentence>法第百十七条の二</Sentence>
              </TableColumn>
              <TableColumn>
                <Sentence>法第百十七条の二第一号から第三号まで、運転代行業法第十九条第一項の規定により読み替えて適用される法第百十七条の二第四号若しくは第五号</Sentence>
              </TableColumn>
            </TableRow>
            <TableRow>
              <TableColumn>
                <Sentence>法第百十七条の二の二（第七号及び第十一号を除く。）</Sentence>
              </TableColumn>
              <TableColumn>
                <Sentence>法第百十七条の二の二第一号から第六号まで、運転代行業法第十九条第一項の規定により読み替えて適用される法第百十七条の二の二第八号から第十号まで</Sentence>
              </TableColumn>
            </TableRow>
            <TableRow>
              <TableColumn>
                <Sentence>法第百十八条第一項第四号</Sentence>
              </TableColumn>
              <TableColumn>
                <Sentence>運転代行業法第十九条第一項の規定により読み替えて適用される法第百十八条第一項第四号</Sentence>
              </TableColumn>
            </TableRow>
            <TableRow>
              <TableColumn>
                <Sentence>法第百十九条第一項第十一号</Sentence>
              </TableColumn>
              <TableColumn>
                <Sentence>運転代行業法第十九条第一項の規定により読み替えて適用される法第百十九条第一項第十一号</Sentence>
              </TableColumn>
            </TableRow>
            <TableRow>
              <TableColumn>
                <Sentence>法第百十九条の二第一項第三号</Sentence>
              </TableColumn>
              <TableColumn>
                <Sentence>運転代行業法第十九条第一項の規定により読み替えて適用される法第百十九条の二第一項第三号</Sentence>
              </TableColumn>
            </TableRow>
            <TableRow>
              <TableColumn>
                <Sentence>第九条の九第二項</Sentence>
              </TableColumn>
              <TableColumn>
                <Sentence>法第七十四条の三第四項</Sentence>
              </TableColumn>
              <TableColumn>
                <Sentence>運転代行業法第十九条第一項の規定により読み替えて適用される法第七十四条の三第四項</Sentence>
              </TableColumn>
            </TableRow>
            <TableRow>
              <TableColumn rowspan="4">
                <Sentence>第九条の十</Sentence>
              </TableColumn>
              <TableColumn>
                <Sentence>法第七十四条の三第二項の</Sentence>
              </TableColumn>
              <TableColumn>
                <Sentence>運転代行業法第十九条第一項の規定により読み替えて適用される法第七十四条の三第二項の</Sentence>
              </TableColumn>
            </TableRow>
            <TableRow>
              <TableColumn>
                <Sentence>法及び法</Sentence>
              </TableColumn>
              <TableColumn>
                <Sentence>法及び運転代行業法並びにこれら</Sentence>
              </TableColumn>
            </TableRow>
            <TableRow>
              <TableColumn>
                <Sentence>法の</Sentence>
              </TableColumn>
              <TableColumn>
                <Sentence>これらの</Sentence>
              </TableColumn>
            </TableRow>
            <TableRow>
              <TableColumn>
                <Sentence>法第七十五条第一項第七号に掲げる行為</Sentence>
              </TableColumn>
              <TableColumn>
                <Sentence>運転代行業法第十九条第一項の規定により読み替えて適用される法第七十五条第一項第七号に掲げる行為</Sentence>
              </TableColumn>
            </TableRow>
            <TableRow>
              <TableColumn rowspan="5">
                <Sentence>第九条の十一</Sentence>
              </TableColumn>
              <TableColumn>
                <Sentence>法第七十四条の三第四項</Sentence>
              </TableColumn>
              <TableColumn>
                <Sentence>運転代行業法第十九条第一項の規定により読み替えて適用される法第七十四条の三第四項</Sentence>
              </TableColumn>
            </TableRow>
            <TableRow>
              <TableColumn>
                <Sentence>自動車</Sentence>
              </TableColumn>
              <TableColumn>
                <Sentence>運転代行業法第二条第七項に規定する随伴用自動車</Sentence>
              </TableColumn>
            </TableRow>
            <TableRow>
              <TableColumn>
                <Sentence>二十台以上四十台未満</Sentence>
              </TableColumn>
              <TableColumn>
                <Sentence>十台以上二十台未満</Sentence>
              </TableColumn>
            </TableRow>
            <TableRow>
              <TableColumn>
                <Sentence>四十台以上</Sentence>
              </TableColumn>
              <TableColumn>
                <Sentence>二十台以上</Sentence>
              </TableColumn>
            </TableRow>
            <TableRow>
              <TableColumn>
                <Sentence>四十台以上二十台まで</Sentence>
              </TableColumn>
              <TableColumn>
                <Sentence>二十台以上十台まで</Sentence>
              </TableColumn>
            </TableRow>
            <TableRow>
              <TableColumn rowspan="4">
                <Sentence>第九条の十四</Sentence>
              </TableColumn>
              <TableColumn>
                <Sentence>法第七十五条第九項</Sentence>
              </TableColumn>
              <TableColumn>
                <Sentence>運転代行業法第十九条第一項の規定により読み替えて適用される法第七十五条第九項</Sentence>
              </TableColumn>
            </TableRow>
            <TableRow>
              <TableColumn>
                <Sentence>法第七十五条第二項</Sentence>
              </TableColumn>
              <TableColumn>
                <Sentence>運転代行業法第十九条第一項の規定により読み替えて適用される法第七十五条第二項</Sentence>
              </TableColumn>
            </TableRow>
            <TableRow>
              <TableColumn>
                <Sentence>法第七十五条の二第一項</Sentence>
              </TableColumn>
              <TableColumn>
                <Sentence>運転代行業法第十九条第一項の規定により読み替えて適用される法第七十五条の二第一項</Sentence>
              </TableColumn>
            </TableRow>
            <TableRow>
              <TableColumn>
                <Sentence>車両の使用者</Sentence>
              </TableColumn>
              <TableColumn>
                <Sentence>自動車運転代行業者</Sentence>
              </TableColumn>
            </TableRow>
            <TableRow>
              <TableColumn>
                <Sentence>第九条の十五</Sentence>
              </TableColumn>
              <TableColumn>
                <Sentence>法第七十五条第九項</Sentence>
              </TableColumn>
              <TableColumn>
                <Sentence>運転代行業法第十九条第一項の規定により読み替えて適用される法第七十五条第九項</Sentence>
              </TableColumn>
            </TableRow>
            <TableRow>
              <TableColumn>
                <Sentence>第九条の十六</Sentence>
              </TableColumn>
              <TableColumn>
                <Sentence>法第七十五条第十項</Sentence>
              </TableColumn>
              <TableColumn>
                <Sentence>運転代行業法第十九条第一項の規定により読み替えて適用される法第七十五条第十項</Sentence>
              </TableColumn>
            </TableRow>
          </Table>
        </TableStruct>
      </Paragraph>
    </MainProvision>
    <SupplProvision>
      <SupplProvisionLabel>附　則</SupplProvisionLabel>
      <Paragraph Num="1">
        <ParagraphNum/>
        <ParagraphSentence>
          <Sentence>この府令は、平成十四年六月一日から施行する。</Sentence>
        </ParagraphSentence>
      </Paragraph>
    </SupplProvision>
    <SupplProvision AmendLawNum="平成一六年八月二七日内閣府令第七四号" Extract="true">
      <SupplProvisionLabel>附　則</SupplProvisionLabel>
      <Paragraph Num="1">
        <ParagraphCaption>（施行期日）</ParagraphCaption>
        <ParagraphNum>１</ParagraphNum>
        <ParagraphSentence>
          <Sentence>この府令は、道路交通法の一部を改正する法律（平成十六年法律第九十号）附則第一条第二号に掲げる規定の施行の日（平成十六年十一月一日）から施行する。</Sentence>
        </ParagraphSentence>
      </Paragraph>
    </SupplProvision>
    <SupplProvision AmendLawNum="平成一六年一二月一〇日内閣府令第九七号" Extract="true">
      <SupplProvisionLabel>附　則</SupplProvisionLabel>
      <Paragraph Num="1">
        <ParagraphCaption>（施行期日）</ParagraphCaption>
        <ParagraphNum>１</ParagraphNum>
        <ParagraphSentence>
          <Sentence>この府令は、道路交通法の一部を改正する法律（平成十六年法律第九十号）附則第一条第四号に掲げる規定の施行の日から施行する。</Sentence>
        </ParagraphSentence>
      </Paragraph>
    </SupplProvision>
    <SupplProvision AmendLawNum="平成一九年八月二〇日内閣府令第六六号" Extract="true">
      <SupplProvisionLabel>附　則</SupplProvisionLabel>
      <Article Num="1">
        <ArticleCaption>（施行期日）</ArticleCaption>
        <ArticleTitle>第一条</ArticleTitle>
        <Paragraph Num="1">
          <ParagraphNum/>
          <ParagraphSentence>
            <Sentence>この府令は、道路交通法の一部を改正する法律（以下「改正法」という。）の施行の日（平成十九年九月十九日）から施行する。</Sentence>
          </ParagraphSentence>
        </Paragraph>
      </Article>
    </SupplProvision>
    <SupplProvision AmendLawNum="平成二五年一一月一三日内閣府令第七二号">
      <SupplProvisionLabel>附　則</SupplProvisionLabel>
      <Paragraph Num="1">
        <ParagraphNum/>
        <ParagraphSentence>
          <Sentence>この府令は、道路交通法の一部を改正する法律附則第一条第一号に掲げる規定の施行の日（平成二十五年十二月一日）から施行する。</Sentence>
        </ParagraphSentence>
      </Paragraph>
    </SupplProvision>
  </LawBody>
</Law>
