<?xml version="1.0" encoding="UTF-8" standalone="no"?>
<Law DataInfo="200608e80k80m01" Era="Heisei" Lang="ja" LawType="MinisterialOrdinance" Num="004" Year="14">
  <LawNum>平成十四年内閣府令第四号</LawNum>
  <LawBody>
    <LawTitle>銀行等の株式等の保有の制限に関する内閣府令</LawTitle>
    <EnactStatement>銀行等の株式等の保有の制限等に関する法律（平成十三年法律第百三十一号）及び銀行等の株式等の保有の制限等に関する法律施行令（平成十三年政令第四百二十六号）の規定に基づき、並びに同法及び同令を実施するため、銀行等の株式等の保有の制限に関する内閣府令を次のように定める。</EnactStatement>
    <MainProvision>
      <Article Num="1">
        <ArticleCaption>（銀行等と特殊の関係のある会社）</ArticleCaption>
        <ArticleTitle>第一条</ArticleTitle>
        <Paragraph Num="1">
          <ParagraphNum/>
          <ParagraphSentence>
            <Sentence>銀行等の株式等の保有の制限等に関する法律（以下「法」という。）第三条第一項に規定する銀行等（法第二条第一号、第二号及び第四号に掲げる者をいう。以下同じ。）と主務省令で定める特殊の関係のある会社は、次に掲げる者とする。</Sentence>
          </ParagraphSentence>
          <Item Num="1">
            <ItemTitle>一</ItemTitle>
            <ItemSentence>
              <Sentence>当該銀行等の子法人等（銀行法施行令（昭和五十七年政令第四十号）第四条の二第二項に規定する子法人等をいう。以下同じ。）であって、特定子会社等でない者</Sentence>
            </ItemSentence>
          </Item>
          <Item Num="2">
            <ItemTitle>二</ItemTitle>
            <ItemSentence>
              <Sentence>当該銀行等の関連法人等（銀行法施行令第四条の二第三項に規定する関連法人等をいう。以下同じ。）であって、特定子会社等でない者</Sentence>
            </ItemSentence>
          </Item>
        </Paragraph>
        <Paragraph Num="2">
          <ParagraphNum>２</ParagraphNum>
          <ParagraphSentence>
            <Sentence>前項に規定する「特定子会社等」とは、当該銀行等の子法人等又は関連法人等である者のうち、次に掲げる者をいう。</Sentence>
          </ParagraphSentence>
          <Item Num="1">
            <ItemTitle>一</ItemTitle>
            <ItemSentence>
              <Sentence>金融商品取引法（昭和二十三年法律第二十五号）第二条第九項に規定する金融商品取引業者</Sentence>
            </ItemSentence>
          </Item>
          <Item Num="2">
            <ItemTitle>二</ItemTitle>
            <ItemSentence>
              <Sentence>保険業法（平成七年法律第百五号）第二条第二項に規定する保険会社</Sentence>
            </ItemSentence>
          </Item>
          <Item Num="3">
            <ItemTitle>三</ItemTitle>
            <ItemSentence>
              <Sentence>次に掲げる行為により他の株式会社に対しその事業に必要な資金を供給する業務（第一号に掲げる者が行う業務に該当するものを除く。）を営む者</Sentence>
            </ItemSentence>
            <Subitem1 Num="1">
              <Subitem1Title>イ</Subitem1Title>
              <Subitem1Sentence>
                <Sentence>株式に係る配当を受け取り又は株式に係る売却益を得ることを目的として当該会社の発行する株式を取得すること。</Sentence>
              </Subitem1Sentence>
            </Subitem1>
            <Subitem1 Num="2">
              <Subitem1Title>ロ</Subitem1Title>
              <Subitem1Sentence>
                <Sentence>当該会社の発行する社債を取得すること。</Sentence>
              </Subitem1Sentence>
            </Subitem1>
            <Subitem1 Num="3">
              <Subitem1Title>ハ</Subitem1Title>
              <Subitem1Sentence>
                <Sentence>イ又はロに掲げる行為を行うことを目的とする民法（明治二十九年法律第八十九号）第六百六十七条に規定する組合契約又は投資事業有限責任組合契約に関する法律（平成十年法律第九十号）第三条第一項に規定する投資事業有限責任組合契約を締結すること。</Sentence>
              </Subitem1Sentence>
            </Subitem1>
          </Item>
          <Item Num="4">
            <ItemTitle>四</ItemTitle>
            <ItemSentence>
              <Sentence>前三号に掲げる者が営む業務に相当し、又は類似する業務を営む外国の会社</Sentence>
            </ItemSentence>
          </Item>
        </Paragraph>
      </Article>
      <Article Num="2">
        <ArticleCaption>（保有の制限から除かれる株式）</ArticleCaption>
        <ArticleTitle>第二条</ArticleTitle>
        <Paragraph Num="1">
          <ParagraphNum/>
          <ParagraphSentence>
            <Sentence>法第三条第一項に規定する主務省令で定める保有の制限から除かれる株式は、次に掲げる株式とする。</Sentence>
          </ParagraphSentence>
          <Item Num="1">
            <ItemTitle>一</ItemTitle>
            <ItemSentence>
              <Sentence>当該銀行等又はその子会社等（法第三条第一項に規定する子会社等をいう。以下同じ。）若しくは特定子会社等（前条第二項に規定する特定子会社等をいう。以下同じ。）の発行する株式</Sentence>
            </ItemSentence>
          </Item>
          <Item Num="2">
            <ItemTitle>二</ItemTitle>
            <ItemSentence>
              <Sentence>当該銀行等又はその子会社等が金銭又は有価証券の信託に係る信託財産として所有する株式（元本補てん等契約のある信託に係るものを除く。）</Sentence>
            </ItemSentence>
          </Item>
          <Item Num="3">
            <ItemTitle>三</ItemTitle>
            <ItemSentence>
              <Sentence>金融商品取引所（金融商品取引法第二条第十六項に規定する金融商品取引所をいう。次条第一号において同じ。）若しくはこれに類似するものであって外国に所在するものに上場されている株式の発行者である会社又は同法第六十七条の十一第一項に規定する店頭売買有価証券登録原簿若しくはこれに類似するものであって外国に備えられるものに登録されている株式の発行者である会社以外の会社が発行する株式</Sentence>
            </ItemSentence>
          </Item>
          <Item Num="4">
            <ItemTitle>四</ItemTitle>
            <ItemSentence>
              <Sentence>当該銀行等又はその子会社等の取引先である会社との間の合理的な経営改善のための計画に基づき取得する当該会社の発行する株式（当該銀行等又はその子会社等に対する当該会社の債務を消滅させるために取得するものであって、当該株式の取得によって相当の期間内に当該会社の経営の状況が改善されることが見込まれるものに限り、当該計画に定められた当該会社の合理的な経営改善に必要とされる期間が経過した後の当該株式を除く。）</Sentence>
            </ItemSentence>
          </Item>
          <Item Num="5">
            <ItemTitle>五</ItemTitle>
            <ItemSentence>
              <Sentence>預金保険法（昭和四十六年法律第三十四号）附則第二十二条第一項に規定する協定に基づく譲受け等（次条において「協定譲受け等」という。）に係る株式（同法附則第七条第一項第一号に規定する協定銀行（以下この条及び次条において「協定銀行」という。）が保有するものに限る。）</Sentence>
            </ItemSentence>
          </Item>
          <Item Num="6">
            <ItemTitle>六</ItemTitle>
            <ItemSentence>
              <Sentence>農水産業協同組合貯金保険法（昭和四十八年法律第五十三号）第七十七条第一項の規定による資産の買取りの委託（次条において「資産買取りの委託」という。）に係る株式（同法第七十四条第一号に規定する協定債権回収会社（銀行に限る。次条において「協定債権回収会社」という。）が保有するものに限る。）</Sentence>
            </ItemSentence>
          </Item>
          <Item Num="7">
            <ItemTitle>七</ItemTitle>
            <ItemSentence>
              <Sentence>金融機能の早期健全化のための緊急措置に関する法律（平成十年法律第百四十三号）第四条第二項に規定する株式等の発行等（次条において「株式等の発行等」という。）に係る株式（協定銀行が保有するものに限る。）</Sentence>
            </ItemSentence>
          </Item>
          <Item Num="8">
            <ItemTitle>八</ItemTitle>
            <ItemSentence>
              <Sentence>金融機能の再生のための緊急措置に関する法律（平成十年法律第百三十二号）附則第五条の規定によりなおその効力を有することとされる旧金融機能の安定化のための緊急措置に関する法律（平成十年法律第五号）第四条第一項第一号に規定する優先株式等の発行等に係る株式（協定銀行が保有するものに限る。）</Sentence>
            </ItemSentence>
          </Item>
          <Item Num="9">
            <ItemTitle>九</ItemTitle>
            <ItemSentence>
              <Sentence>金融機能の強化のための特別措置に関する法律（平成十六年法律第百二十八号）第三十五条第二項第六号に規定する取得株式等（次条において「取得株式等」という。）である株式（協定銀行が保有するものに限る。）</Sentence>
            </ItemSentence>
          </Item>
        </Paragraph>
        <Paragraph Num="2">
          <ParagraphNum>２</ParagraphNum>
          <ParagraphSentence>
            <Sentence>銀行等の株式等の保有の制限等に関する法律施行令（以下「令」という。）第二条の規定により読み替えて適用する法第三条第一項に規定する主務省令で定める保有の制限から除かれる株式は、次に掲げる株式とする。</Sentence>
          </ParagraphSentence>
          <Item Num="1">
            <ItemTitle>一</ItemTitle>
            <ItemSentence>
              <Sentence>当該外国銀行支店に係る外国銀行等又はその子会社等若しくは特定子会社等の発行する株式</Sentence>
            </ItemSentence>
          </Item>
          <Item Num="2">
            <ItemTitle>二</ItemTitle>
            <ItemSentence>
              <Sentence>当該外国銀行支店が金銭又は有価証券の信託に係る信託財産として所有する株式（元本補てん等契約のある信託に係るものを除く。）</Sentence>
            </ItemSentence>
          </Item>
          <Item Num="3">
            <ItemTitle>三</ItemTitle>
            <ItemSentence>
              <Sentence>当該外国銀行支店の取引先である会社との間の合理的な経営改善のための計画に基づき取得する当該会社の発行する株式（当該外国銀行支店に対する当該会社の債務を消滅させるために取得するものであって、当該株式の取得によって相当の期間内に当該会社の経営の状況が改善されることが見込まれるものに限り、当該計画に定められた当該会社の合理的な経営改善に必要とされる期間が経過した後の当該株式を除く。）</Sentence>
            </ItemSentence>
          </Item>
          <Item Num="4">
            <ItemTitle>四</ItemTitle>
            <ItemSentence>
              <Sentence>前項第三号に掲げる株式</Sentence>
            </ItemSentence>
          </Item>
        </Paragraph>
        <Paragraph Num="3">
          <ParagraphNum>３</ParagraphNum>
          <ParagraphSentence>
            <Sentence>前二項に規定する「元本補てん等契約」とは、金融機関の信託業務の兼営等に関する法律（昭和十八年法律第四十三号）第六条の規定に基づく契約をいう。</Sentence>
          </ParagraphSentence>
        </Paragraph>
      </Article>
      <Article Num="3">
        <ArticleCaption>（株式に準ずるもの）</ArticleCaption>
        <ArticleTitle>第三条</ArticleTitle>
        <Paragraph Num="1">
          <ParagraphNum/>
          <ParagraphSentence>
            <Sentence>法第三条第一項に定める株式に準ずるものとして主務省令で定めるものは、次に掲げるものとする。</Sentence>
          </ParagraphSentence>
          <Item Num="1">
            <ItemTitle>一</ItemTitle>
            <ItemSentence>
              <Sentence>金融商品取引所に上場されている協同組織金融機関の優先出資に関する法律（平成五年法律第四十四号）に規定する優先出資（協定譲受け等若しくは株式等の発行等に係るもの（協定銀行が保有するものに限る。）、資産買取りの委託に係るもの（協定債権回収会社が保有するものに限る。）又は取得株式等に係るもの（協定銀行が保有するものに限る。）を除く。）</Sentence>
            </ItemSentence>
          </Item>
          <Item Num="2">
            <ItemTitle>二</ItemTitle>
            <ItemSentence>
              <Sentence>次のいずれにも該当する信託財産（株式（前条第一項第一号、第三号又は第四号に掲げる株式を除く。）又は前号に掲げる優先出資に係るものに限る。）</Sentence>
            </ItemSentence>
            <Subitem1 Num="1">
              <Subitem1Title>イ</Subitem1Title>
              <Subitem1Sentence>
                <Sentence>当該銀行等又はその子会社等が受益者であり、かつ、当該受益者である銀行等又は子会社等が委託者であること。</Sentence>
              </Subitem1Sentence>
            </Subitem1>
            <Subitem1 Num="2">
              <Subitem1Title>ロ</Subitem1Title>
              <Subitem1Sentence>
                <Sentence>その運用を共同しない他の委託者の信託財産と合同して行うものでないこと。</Sentence>
              </Subitem1Sentence>
            </Subitem1>
            <Subitem1 Num="3">
              <Subitem1Title>ハ</Subitem1Title>
              <Subitem1Sentence>
                <Sentence>その運用を委託者である当該銀行等又はその子会社等の指図に基づき行うこと。</Sentence>
              </Subitem1Sentence>
            </Subitem1>
            <Subitem1 Num="4">
              <Subitem1Title>ニ</Subitem1Title>
              <Subitem1Sentence>
                <Sentence>元本補てん等契約（前条第三項に規定する元本補てん等契約をいう。第七条において同じ。）のある信託に係るものでないこと。</Sentence>
              </Subitem1Sentence>
            </Subitem1>
          </Item>
        </Paragraph>
      </Article>
      <Article Num="4">
        <ArticleCaption>（合算の方法）</ArticleCaption>
        <ArticleTitle>第四条</ArticleTitle>
        <Paragraph Num="1">
          <ParagraphNum/>
          <ParagraphSentence>
            <Sentence>法第三条第一項に定める株式等（同項に規定する株式等をいう。以下同じ。）の合算は、次の各号に掲げる者について、当該各号に定める額の株式等を保有するものとみなしてその合計額を計算するものとする。</Sentence>
          </ParagraphSentence>
          <Item Num="1">
            <ItemTitle>一</ItemTitle>
            <ItemSentence>
              <Column Num="1">
                <Sentence>当該銀行等及びその子法人等であって、特定子会社等でない者</Sentence>
              </Column>
              <Column Num="2">
                <Sentence>保有する株式等の額</Sentence>
              </Column>
            </ItemSentence>
          </Item>
          <Item Num="2">
            <ItemTitle>二</ItemTitle>
            <ItemSentence>
              <Column Num="1">
                <Sentence>当該銀行等の子会社等（前号に掲げる者を除く。）</Sentence>
              </Column>
              <Column Num="2">
                <Sentence>保有する株式等の額に持分法（連結財務諸表の用語、様式及び作成方法に関する規則（昭和五十一年大蔵省令第二十八号）第二条第八号に規定する持分法をいう。第七条において同じ。）により計算した当該子会社等の損益のうち当該銀行等に帰属する部分の価額をその損益の価額で除して得た数を乗じた金額</Sentence>
              </Column>
            </ItemSentence>
          </Item>
        </Paragraph>
        <Paragraph Num="2">
          <ParagraphNum>２</ParagraphNum>
          <ParagraphSentence>
            <Sentence Function="main" Num="1">前項の場合において、保有する株式等の額は時価によるものとする。</Sentence>
            <Sentence Function="proviso" Num="2">ただし、同項の規定により計算した合計額が当該株式等を取得したときの価額（当該株式等の価額の低下について損益計算上損失として処理した場合においては、当該処理をした額を差し引いた金額）を合計した金額を超える額である場合は、当該合計した金額を当該銀行等及びその子会社等が保有する株式等を合算した額とみなす。</Sentence>
          </ParagraphSentence>
        </Paragraph>
      </Article>
      <Article Num="5">
        <ArticleCaption>（自己資本に相当する額）</ArticleCaption>
        <ArticleTitle>第五条</ArticleTitle>
        <Paragraph Num="1">
          <ParagraphNum/>
          <ParagraphSentence>
            <Sentence>法第三条第一項に規定する自己資本に相当する額は、外国銀行支店（法第三条第三項に規定する外国銀行支店をいう。以下この条において同じ。）以外の銀行等にあっては銀行法（昭和五十六年法律第五十九号）第十四条の二第二号（長期信用銀行法（昭和二十七年法律第百八十七号）第十七条及び信用金庫法（昭和二十六年法律第二百三十八号）第八十九条第一項において準用する場合を含む。）に掲げる基準に従い算出される自己資本の額について金融庁長官が定めるところにより必要な調整を加えた額とし、外国銀行支店にあっては自己資本として金融庁長官が定めるものの額とする。</Sentence>
          </ParagraphSentence>
        </Paragraph>
      </Article>
      <Article Num="6">
        <ArticleCaption>（株式等保有限度額を超えて株式等を保有することができる理由等）</ArticleCaption>
        <ArticleTitle>第六条</ArticleTitle>
        <Paragraph Num="1">
          <ParagraphNum/>
          <ParagraphSentence>
            <Sentence>令第一条第四号に規定する主務省令で定める理由は、当該銀行等又はその子法人等が、他の会社、組合その他これらに準ずる事業体（外国におけるこれらに相当するものを含む。第七条第七項において同じ。）をその子法人等とし、又はその関連法人等とすることとする。</Sentence>
          </ParagraphSentence>
        </Paragraph>
        <Paragraph Num="2">
          <ParagraphNum>２</ParagraphNum>
          <ParagraphSentence>
            <Sentence>銀行等は、法第三条第二項の規定による株式等保有限度額（同条第一項に規定する株式等保有限度額をいう。以下同じ。）を超える額の株式等を保有することの承認を受けようとするときは、承認申請書に次に掲げる書類を添付して金融庁長官に提出しなければならない。</Sentence>
          </ParagraphSentence>
          <Item Num="1">
            <ItemTitle>一</ItemTitle>
            <ItemSentence>
              <Sentence>理由書</Sentence>
            </ItemSentence>
          </Item>
          <Item Num="2">
            <ItemTitle>二</ItemTitle>
            <ItemSentence>
              <Sentence>当該承認に係る株式等の保有者、主たる株式等の発行者その他当該承認に係る株式等の状況に関する書類</Sentence>
            </ItemSentence>
          </Item>
          <Item Num="3">
            <ItemTitle>三</ItemTitle>
            <ItemSentence>
              <Sentence>当該承認に係る株式等のうちその株式等保有限度額を超えて保有する部分の株式等の処分の方法及び期限その他処分に関する方針を記載した書類</Sentence>
            </ItemSentence>
          </Item>
          <Item Num="4">
            <ItemTitle>四</ItemTitle>
            <ItemSentence>
              <Sentence>その他次項に規定する審査をするため参考となるべき事項を記載した書類</Sentence>
            </ItemSentence>
          </Item>
        </Paragraph>
        <Paragraph Num="3">
          <ParagraphNum>３</ParagraphNum>
          <ParagraphSentence>
            <Sentence>金融庁長官は、前項の規定による承認の申請があったときは、当該申請をした銀行等及びその子会社等が株式等保有限度額を超える額の株式等を保有することについてやむを得ないと認められる理由があるかどうかを審査するものとする。</Sentence>
          </ParagraphSentence>
        </Paragraph>
      </Article>
      <Article Num="7">
        <ArticleCaption>（銀行持株会社及び長期信用銀行持株会社に係る法の規定の適用に関し必要な事項）</ArticleCaption>
        <ArticleTitle>第七条</ArticleTitle>
        <Paragraph Num="1">
          <ParagraphNum/>
          <ParagraphSentence>
            <Sentence>法第三条第六項において準用する同条第一項の主務省令で定める特殊の関係のある会社は、銀行持株会社及び長期信用銀行持株会社（以下「銀行持株会社等」という。）の子法人等及び関連法人等（第一条第二項各号に掲げる者を除く。）とする。</Sentence>
          </ParagraphSentence>
        </Paragraph>
        <Paragraph Num="2">
          <ParagraphNum>２</ParagraphNum>
          <ParagraphSentence>
            <Sentence>法第三条第六項において準用する同条第一項の保有の制限から除かれる株式として主務省令で定めるものは、次に掲げる株式とする。</Sentence>
          </ParagraphSentence>
          <Item Num="1">
            <ItemTitle>一</ItemTitle>
            <ItemSentence>
              <Sentence>当該銀行持株会社等又はその子会社等若しくは特定子会社等の発行する株式</Sentence>
            </ItemSentence>
          </Item>
          <Item Num="2">
            <ItemTitle>二</ItemTitle>
            <ItemSentence>
              <Sentence>当該銀行持株会社等又はその子会社等が金銭又は有価証券の信託に係る信託財産として所有する株式（元本補てん等契約のある信託に係るものを除く。）</Sentence>
            </ItemSentence>
          </Item>
          <Item Num="3">
            <ItemTitle>三</ItemTitle>
            <ItemSentence>
              <Sentence>当該銀行持株会社等又はその子会社等の取引先である会社との間の合理的な経営改善のための計画に基づき取得する当該会社の発行する株式（当該銀行持株会社等又はその子会社等に対する当該会社の債務を消滅させるために取得するものであって、当該株式の取得によって相当の期間内に当該会社の経営の状況が改善されることが見込まれるものに限り、当該計画に定められた当該会社の合理的な経営改善に必要とされる期間が経過した後の当該株式を除く。）</Sentence>
            </ItemSentence>
          </Item>
          <Item Num="4">
            <ItemTitle>四</ItemTitle>
            <ItemSentence>
              <Sentence>第二条第一項第三号に掲げる株式</Sentence>
            </ItemSentence>
          </Item>
        </Paragraph>
        <Paragraph Num="3">
          <ParagraphNum>３</ParagraphNum>
          <ParagraphSentence>
            <Sentence>法第三条第六項において準用する同条第一項に規定する株式に準ずるものとして主務省令で定めるものは、次に掲げるものとする。</Sentence>
          </ParagraphSentence>
          <Item Num="1">
            <ItemTitle>一</ItemTitle>
            <ItemSentence>
              <Sentence>第三条第一号に掲げる優先出資</Sentence>
            </ItemSentence>
          </Item>
          <Item Num="2">
            <ItemTitle>二</ItemTitle>
            <ItemSentence>
              <Sentence>次のいずれにも該当する信託財産（株式（前項第一号、第三号又は第四号に掲げる株式を除く。）又は前号に掲げる優先出資に係るものに限る。）</Sentence>
            </ItemSentence>
            <Subitem1 Num="1">
              <Subitem1Title>イ</Subitem1Title>
              <Subitem1Sentence>
                <Sentence>当該銀行持株会社等又はその子会社等が受益者であり、かつ、当該受益者である銀行持株会社等又は子会社等が委託者であること。</Sentence>
              </Subitem1Sentence>
            </Subitem1>
            <Subitem1 Num="2">
              <Subitem1Title>ロ</Subitem1Title>
              <Subitem1Sentence>
                <Sentence>その運用を共同しない他の委託者の信託財産と合同して行うものでないこと。</Sentence>
              </Subitem1Sentence>
            </Subitem1>
            <Subitem1 Num="3">
              <Subitem1Title>ハ</Subitem1Title>
              <Subitem1Sentence>
                <Sentence>その運用を委託者である当該銀行持株会社等又はその子会社等の指図に基づき行うこと。</Sentence>
              </Subitem1Sentence>
            </Subitem1>
            <Subitem1 Num="4">
              <Subitem1Title>ニ</Subitem1Title>
              <Subitem1Sentence>
                <Sentence>元本補てん等契約のある信託に係るものでないこと。</Sentence>
              </Subitem1Sentence>
            </Subitem1>
          </Item>
        </Paragraph>
        <Paragraph Num="4">
          <ParagraphNum>４</ParagraphNum>
          <ParagraphSentence>
            <Sentence>法第三条第六項において準用する同条第一項の株式等の合算は、次の各号に掲げる者について、当該各号に定める額の株式等を保有するものとみなして当該額を合計することにより行うものとする。</Sentence>
          </ParagraphSentence>
          <Item Num="1">
            <ItemTitle>一</ItemTitle>
            <ItemSentence>
              <Column Num="1">
                <Sentence>当該銀行持株会社等及びその子法人等であって、特定子会社等でない者</Sentence>
              </Column>
              <Column Num="2">
                <Sentence>保有する株式等の額</Sentence>
              </Column>
            </ItemSentence>
          </Item>
          <Item Num="2">
            <ItemTitle>二</ItemTitle>
            <ItemSentence>
              <Column Num="1">
                <Sentence>当該銀行持株会社等の子会社等（前号に掲げる者を除く。）</Sentence>
              </Column>
              <Column Num="2">
                <Sentence>保有する株式等の額に持分法により計算した当該子会社等の損益のうち当該銀行持株会社等に帰属する部分の価額をその損益の価額で除して得た数を乗じた金額</Sentence>
              </Column>
            </ItemSentence>
          </Item>
        </Paragraph>
        <Paragraph Num="5">
          <ParagraphNum>５</ParagraphNum>
          <ParagraphSentence>
            <Sentence Function="main" Num="1">前項の場合において、保有する株式等の額は時価によるものとする。</Sentence>
            <Sentence Function="proviso" Num="2">ただし、同項の規定により計算した合計額が当該株式等を取得したときの価額（当該株式等の価額の低下について損益計算上損失として処理した場合においては、当該処理をした額を差し引いた金額）を合計した金額を超える額である場合は、当該合計した金額を当該銀行持株会社等及びその子会社等が保有する株式等を合算した額とみなす。</Sentence>
          </ParagraphSentence>
        </Paragraph>
        <Paragraph Num="6">
          <ParagraphNum>６</ParagraphNum>
          <ParagraphSentence>
            <Sentence>法第三条第六項において準用する同条第一項に規定する自己資本に相当する額として主務省令で定めるところにより計算した額は、銀行法第五十二条の二十五（長期信用銀行法第十七条において準用する場合を含む。）に掲げる基準に従い算出される自己資本の額について金融庁長官が定めるところにより必要な調整を加えた額とする。</Sentence>
          </ParagraphSentence>
        </Paragraph>
        <Paragraph Num="7">
          <ParagraphNum>７</ParagraphNum>
          <ParagraphSentence>
            <Sentence>令第一条第四号に規定する主務省令で定める理由は、当該銀行持株会社等又はその子法人等が、他の会社、組合その他これらに準ずる事業体をその子法人等とし、又はその関連法人等とすることとする。</Sentence>
          </ParagraphSentence>
        </Paragraph>
        <Paragraph Num="8">
          <ParagraphNum>８</ParagraphNum>
          <ParagraphSentence>
            <Sentence>銀行持株会社等は、法第三条第二項の規定による株式等保有限度額を超える額の株式等を保有することの承認を受けようとするときは、承認申請書に次に掲げる書類を添付して金融庁長官に提出しなければならない。</Sentence>
          </ParagraphSentence>
          <Item Num="1">
            <ItemTitle>一</ItemTitle>
            <ItemSentence>
              <Sentence>理由書</Sentence>
            </ItemSentence>
          </Item>
          <Item Num="2">
            <ItemTitle>二</ItemTitle>
            <ItemSentence>
              <Sentence>当該承認に係る株式等の保有者、主たる株式等の発行者その他当該承認に係る株式等の状況に関する書類</Sentence>
            </ItemSentence>
          </Item>
          <Item Num="3">
            <ItemTitle>三</ItemTitle>
            <ItemSentence>
              <Sentence>当該承認に係る株式等のうちその株式等保有限度額を超えて保有する部分の株式等の処分の方法及び期限その他処分に関する方針を記載した書類</Sentence>
            </ItemSentence>
          </Item>
          <Item Num="4">
            <ItemTitle>四</ItemTitle>
            <ItemSentence>
              <Sentence>その他次項に規定する審査をするため参考となるべき事項を記載した書類</Sentence>
            </ItemSentence>
          </Item>
        </Paragraph>
        <Paragraph Num="9">
          <ParagraphNum>９</ParagraphNum>
          <ParagraphSentence>
            <Sentence>金融庁長官は、前項の規定による承認の申請があったときは、当該申請をした銀行持株会社等及びその子会社等が株式等保有限度額を超える額の株式等を保有することについてやむを得ないと認められる理由があるかどうかを審査するものとする。</Sentence>
          </ParagraphSentence>
        </Paragraph>
      </Article>
    </MainProvision>
    <SupplProvision>
      <SupplProvisionLabel>附　則</SupplProvisionLabel>
      <Article Num="1">
        <ArticleCaption>（施行期日）</ArticleCaption>
        <ArticleTitle>第一条</ArticleTitle>
        <Paragraph Num="1">
          <ParagraphNum/>
          <ParagraphSentence>
            <Sentence Function="main" Num="1">この府令は、平成十八年九月三十日から施行する。</Sentence>
            <Sentence Function="proviso" Num="2">ただし、次条及び附則第三条の規定は、公布の日から施行する。</Sentence>
          </ParagraphSentence>
        </Paragraph>
      </Article>
      <Article Num="2">
        <ArticleTitle>第二条</ArticleTitle>
        <Paragraph Num="1">
          <ParagraphNum/>
          <ParagraphSentence>
            <Sentence>削除</Sentence>
          </ParagraphSentence>
        </Paragraph>
      </Article>
      <Article Num="3">
        <ArticleCaption>（法施行前における合併等に係る承認の予備審査）</ArticleCaption>
        <ArticleTitle>第三条</ArticleTitle>
        <Paragraph Num="1">
          <ParagraphNum/>
          <ParagraphSentence>
            <Sentence>銀行等及び銀行持株会社等は、この府令の施行前においても、法第三条第二項の承認について、第六条第二項及び第七条第八項の規定の例により、承認申請書その他の書類を金融庁長官に提出して予備審査を求めることができる。</Sentence>
          </ParagraphSentence>
        </Paragraph>
      </Article>
    </SupplProvision>
    <SupplProvision AmendLawNum="平成一五年三月二八日内閣府令第二〇号">
      <SupplProvisionLabel>附　則</SupplProvisionLabel>
      <Paragraph Num="1">
        <ParagraphNum/>
        <ParagraphSentence>
          <Sentence>この府令は、平成十五年四月一日から施行する。</Sentence>
        </ParagraphSentence>
      </Paragraph>
    </SupplProvision>
    <SupplProvision AmendLawNum="平成一五年八月二九日内閣府令第八〇号">
      <SupplProvisionLabel>附　則</SupplProvisionLabel>
      <Paragraph Num="1">
        <ParagraphNum/>
        <ParagraphSentence>
          <Sentence>この府令は、銀行等の株式等の保有の制限等に関する法律の一部を改正する法律の施行の日（平成十五年八月三十日）から施行する。</Sentence>
        </ParagraphSentence>
      </Paragraph>
    </SupplProvision>
    <SupplProvision AmendLawNum="平成一六年一月三〇日内閣府令第三号" Extract="true">
      <SupplProvisionLabel>附　則</SupplProvisionLabel>
      <Paragraph Num="1">
        <ParagraphNum/>
        <ParagraphSentence>
          <Sentence>この府令は、平成十六年四月一日から施行する。</Sentence>
        </ParagraphSentence>
      </Paragraph>
    </SupplProvision>
    <SupplProvision AmendLawNum="平成一六年四月三〇日内閣府令第四七号">
      <SupplProvisionLabel>附　則</SupplProvisionLabel>
      <Paragraph Num="1">
        <ParagraphNum/>
        <ParagraphSentence>
          <Sentence>この府令は、公布の日から施行する。</Sentence>
        </ParagraphSentence>
      </Paragraph>
    </SupplProvision>
    <SupplProvision AmendLawNum="平成一六年七月一四日内閣府令第六五号">
      <SupplProvisionLabel>附　則</SupplProvisionLabel>
      <Paragraph Num="1">
        <ParagraphNum/>
        <ParagraphSentence>
          <Sentence>この府令は、公布の日から施行する。</Sentence>
        </ParagraphSentence>
      </Paragraph>
    </SupplProvision>
    <SupplProvision AmendLawNum="平成一六年七月二六日内閣府令第六八号" Extract="true">
      <SupplProvisionLabel>附　則</SupplProvisionLabel>
      <Article Num="1">
        <ArticleCaption>（施行期日）</ArticleCaption>
        <ArticleTitle>第一条</ArticleTitle>
        <Paragraph Num="1">
          <ParagraphNum/>
          <ParagraphSentence>
            <Sentence>この府令は、金融機能の強化のための特別措置に関する法律（平成十六年法律第百二十八号）の施行の日（平成十六年八月一日）から施行する。</Sentence>
          </ParagraphSentence>
        </Paragraph>
      </Article>
    </SupplProvision>
    <SupplProvision AmendLawNum="平成一六年一二月二八日内閣府令第一〇八号" Extract="true">
      <SupplProvisionLabel>附　則</SupplProvisionLabel>
      <Article Num="1">
        <ArticleTitle>第一条</ArticleTitle>
        <Paragraph Num="1">
          <ParagraphNum/>
          <ParagraphSentence>
            <Sentence>この命令は、平成十六年十二月三十日から施行する。</Sentence>
          </ParagraphSentence>
        </Paragraph>
      </Article>
    </SupplProvision>
    <SupplProvision AmendLawNum="平成一八年四月二六日内閣府令第五五号" Extract="true">
      <SupplProvisionLabel>附　則</SupplProvisionLabel>
      <Article Num="1">
        <ArticleCaption>（施行期日）</ArticleCaption>
        <ArticleTitle>第一条</ArticleTitle>
        <Paragraph Num="1">
          <ParagraphNum/>
          <ParagraphSentence>
            <Sentence>この府令は、会社法の施行の日から施行する。</Sentence>
          </ParagraphSentence>
        </Paragraph>
      </Article>
    </SupplProvision>
    <SupplProvision AmendLawNum="平成一九年七月一三日内閣府令第四九号">
      <SupplProvisionLabel>附　則</SupplProvisionLabel>
      <Paragraph Num="1">
        <ParagraphNum/>
        <ParagraphSentence>
          <Sentence>この府令は、信託法の施行の日から施行する。</Sentence>
        </ParagraphSentence>
      </Paragraph>
    </SupplProvision>
    <SupplProvision AmendLawNum="平成一九年八月八日内閣府令第六〇号" Extract="true">
      <SupplProvisionLabel>附　則</SupplProvisionLabel>
      <Article Num="1">
        <ArticleCaption>（施行期日）</ArticleCaption>
        <ArticleTitle>第一条</ArticleTitle>
        <Paragraph Num="1">
          <ParagraphNum/>
          <ParagraphSentence>
            <Sentence>この府令は、証券取引法等の一部を改正する法律（以下「改正法」という。）の施行の日（以下「施行日」という。）から施行する。</Sentence>
          </ParagraphSentence>
        </Paragraph>
      </Article>
    </SupplProvision>
  </LawBody>
</Law>
