<?xml version="1.0" encoding="UTF-8" standalone="no"?>
<Law DataInfo="200402e80k80m01" Era="Heisei" Lang="ja" LawType="MinisterialOrdinance" Num="2" Year="14">
  <LawNum>平成十四年国土交通省・環境省令第二号</LawNum>
  <LawBody>
    <LawTitle>自動車運送事業者等に係る自動車排出窒素酸化物等の排出の抑制のための計画の提出方法等を定める省令</LawTitle>
    <EnactStatement>自動車から排出される窒素酸化物及び粒子状物質の特定地域における総量の削減等に関する特別措置法（平成四年法律第七十号）第二十二条第一項の規定により読み替えて適用される第十七条及び第十八条並びに第二十二条第二項の規定に基づき、並びに同法を実施するため、自動車運送事業者等に係る自動車排出窒素酸化物等の排出の抑制のための計画の提出方法等を定める省令を次のように定める。</EnactStatement>
    <MainProvision>
      <Article Num="1">
        <ArticleCaption>（対象自動車を使用する事業者による計画の提出）</ArticleCaption>
        <ArticleTitle>第一条</ArticleTitle>
        <Paragraph Num="1">
          <ParagraphNum/>
          <ParagraphSentence>
            <Sentence>自動車から排出される窒素酸化物及び粒子状物質の特定地域における総量の削減等に関する特別措置法（以下「法」という。）第四十三条第一項の規定により読み替えて適用される法第三十三条の規定による計画の提出は、第一号から第五号までに掲げる事項及び第六号から第九号までに掲げる事項のうち特定事業者（法第四十三条第一項の規定により読み替えて適用される法第三十四条に規定する特定事業者をいう。以下同じ。）が実施することとして選択した措置に係るものにつき定めた計画を、三年から五年程度の計画期間ごとに提出することにより行わなければならない。</Sentence>
          </ParagraphSentence>
          <Item Num="1">
            <ItemTitle>一</ItemTitle>
            <ItemSentence>
              <Sentence>特定事業者の氏名又は名称及び特定自動車（法第四十三条第一項の規定により読み替えて適用される法第三十三条に規定する特定自動車をいう。以下同じ。）の使用の本拠の位置の属する都道府県における主たる事業場の所在地</Sentence>
            </ItemSentence>
          </Item>
          <Item Num="2">
            <ItemTitle>二</ItemTitle>
            <ItemSentence>
              <Sentence>事業の概要</Sentence>
            </ItemSentence>
          </Item>
          <Item Num="3">
            <ItemTitle>三</ItemTitle>
            <ItemSentence>
              <Sentence>事業場別の特定自動車の状況</Sentence>
            </ItemSentence>
          </Item>
          <Item Num="4">
            <ItemTitle>四</ItemTitle>
            <ItemSentence>
              <Sentence>特定自動車に係る自動車排出窒素酸化物及び自動車排出粒子状物質の排出量</Sentence>
            </ItemSentence>
          </Item>
          <Item Num="5">
            <ItemTitle>五</ItemTitle>
            <ItemSentence>
              <Sentence>前号に掲げる排出量の目標</Sentence>
            </ItemSentence>
          </Item>
          <Item Num="6">
            <ItemTitle>六</ItemTitle>
            <ItemSentence>
              <Sentence>特定自動車の低公害車等への代替に関する計画</Sentence>
            </ItemSentence>
          </Item>
          <Item Num="7">
            <ItemTitle>七</ItemTitle>
            <ItemSentence>
              <Sentence>特定自動車に対する排出ガス低減装置の装着に関する計画</Sentence>
            </ItemSentence>
          </Item>
          <Item Num="8">
            <ItemTitle>八</ItemTitle>
            <ItemSentence>
              <Sentence>特定自動車に係る適正運転の実施等に関する計画</Sentence>
            </ItemSentence>
          </Item>
          <Item Num="9">
            <ItemTitle>九</ItemTitle>
            <ItemSentence>
              <Sentence>特定自動車の走行量の削減のための措置に関する計画</Sentence>
            </ItemSentence>
          </Item>
        </Paragraph>
        <Paragraph Num="2">
          <ParagraphNum>２</ParagraphNum>
          <ParagraphSentence>
            <Sentence>前項第五号から第九号までに掲げる事項に係る目標年次は、計画期間が満了する年次とする。</Sentence>
          </ParagraphSentence>
        </Paragraph>
        <Paragraph Num="3">
          <ParagraphNum>３</ParagraphNum>
          <ParagraphSentence>
            <Sentence>法第四十三条第一項の規定により読み替えて適用される法第三十三条の規定による計画の提出は、特定事業者に該当することとなった日又は計画期間が満了した日から三月以内に、正本にその写し二通を添えてしなければならない。</Sentence>
          </ParagraphSentence>
        </Paragraph>
      </Article>
      <Article Num="2">
        <ArticleCaption>（定期の報告）</ArticleCaption>
        <ArticleTitle>第二条</ArticleTitle>
        <Paragraph Num="1">
          <ParagraphNum/>
          <ParagraphSentence>
            <Sentence>法第四十三条第一項の規定により読み替えて適用される法第三十四条の環境省令、国土交通省令で定める事項は、前年度における第一号及び第二号に掲げる事項並びに第三号から第六号までに掲げる事項のうち特定事業者が実施することとして選択した措置に係る事項とする。</Sentence>
          </ParagraphSentence>
          <Item Num="1">
            <ItemTitle>一</ItemTitle>
            <ItemSentence>
              <Sentence>事業場別の特定自動車の状況</Sentence>
            </ItemSentence>
          </Item>
          <Item Num="2">
            <ItemTitle>二</ItemTitle>
            <ItemSentence>
              <Sentence>特定自動車に係る自動車排出窒素酸化物及び自動車排出粒子状物質の排出量</Sentence>
            </ItemSentence>
          </Item>
          <Item Num="3">
            <ItemTitle>三</ItemTitle>
            <ItemSentence>
              <Sentence>特定自動車の低公害車等への代替の状況</Sentence>
            </ItemSentence>
          </Item>
          <Item Num="4">
            <ItemTitle>四</ItemTitle>
            <ItemSentence>
              <Sentence>特定自動車に対する排出ガス低減装置の装着の状況</Sentence>
            </ItemSentence>
          </Item>
          <Item Num="5">
            <ItemTitle>五</ItemTitle>
            <ItemSentence>
              <Sentence>特定自動車に係る適正運転の実施等の状況</Sentence>
            </ItemSentence>
          </Item>
          <Item Num="6">
            <ItemTitle>六</ItemTitle>
            <ItemSentence>
              <Sentence>特定自動車の走行量の削減のための措置の状況</Sentence>
            </ItemSentence>
          </Item>
        </Paragraph>
        <Paragraph Num="2">
          <ParagraphNum>２</ParagraphNum>
          <ParagraphSentence>
            <Sentence>法第四十三条第一項の規定により読み替えて適用される法第三十四条の規定による報告は、毎年六月三十日までに、正本にその写し二通を添えてしなければならない。</Sentence>
          </ParagraphSentence>
        </Paragraph>
      </Article>
      <Article Num="3">
        <ArticleCaption>（周辺地域内自動車を使用する事業者による計画の提出）</ArticleCaption>
        <ArticleTitle>第三条</ArticleTitle>
        <Paragraph Num="1">
          <ParagraphNum/>
          <ParagraphSentence>
            <Sentence>法第四十三条第一項の規定により読み替えて適用される法第三十六条第一項の規定による計画の提出は、第一号から第三号までに掲げる事項及び第四号から第七号までに掲げる事項のうち周辺地域内事業者（法第四十三条第一項の規定により読み替えて適用される法第三十七条に規定する周辺地域内事業者をいう。以下同じ。）が実施することとして選択した措置に係るものにつき定めた計画を、一年から五年程度の計画期間ごとに提出することにより行わなければならない。</Sentence>
          </ParagraphSentence>
          <Item Num="1">
            <ItemTitle>一</ItemTitle>
            <ItemSentence>
              <Sentence>周辺地域内事業者の氏名又は名称及び周辺地域内自動車（法第四十三条第一項の規定により読み替えて適用される法第三十六条第一項に規定する周辺地域内自動車をいい、同項第一号の一の都道府県の区域内に使用の本拠の位置を有するものに限る。以下同じ。）の使用の本拠の位置の属する都道府県における主たる事業場の所在地</Sentence>
            </ItemSentence>
          </Item>
          <Item Num="2">
            <ItemTitle>二</ItemTitle>
            <ItemSentence>
              <Sentence>事業の概要</Sentence>
            </ItemSentence>
          </Item>
          <Item Num="3">
            <ItemTitle>三</ItemTitle>
            <ItemSentence>
              <Sentence>事業場別の周辺地域内自動車の状況</Sentence>
            </ItemSentence>
          </Item>
          <Item Num="4">
            <ItemTitle>四</ItemTitle>
            <ItemSentence>
              <Sentence>指定地区（法第三十六条第三項に規定する指定地区をいう。以下同じ。）内において運行する周辺地域内自動車の低公害車等への代替に関する計画</Sentence>
            </ItemSentence>
          </Item>
          <Item Num="5">
            <ItemTitle>五</ItemTitle>
            <ItemSentence>
              <Sentence>指定地区内において運行する周辺地域内自動車に対する排出ガス低減装置の装着に関する計画</Sentence>
            </ItemSentence>
          </Item>
          <Item Num="6">
            <ItemTitle>六</ItemTitle>
            <ItemSentence>
              <Sentence>周辺地域内自動車に係る指定地区内における適正運転の実施等に関する計画</Sentence>
            </ItemSentence>
          </Item>
          <Item Num="7">
            <ItemTitle>七</ItemTitle>
            <ItemSentence>
              <Sentence>周辺地域内自動車の指定地区内における走行量の削減のための措置に関する計画</Sentence>
            </ItemSentence>
          </Item>
        </Paragraph>
        <Paragraph Num="2">
          <ParagraphNum>２</ParagraphNum>
          <ParagraphSentence>
            <Sentence>前項第四号から第七号までに掲げる事項に係る目標年次は、計画期間が満了する年次とする。</Sentence>
          </ParagraphSentence>
        </Paragraph>
        <Paragraph Num="3">
          <ParagraphNum>３</ParagraphNum>
          <ParagraphSentence>
            <Sentence>法第四十三条第一項の規定により読み替えて適用される法第三十六条第一項の規定による計画の提出は、周辺地域内事業者に該当することとなった日又は計画期間が満了した日から三月以内に、正本にその写し二通を添えてしなければならない。</Sentence>
          </ParagraphSentence>
        </Paragraph>
      </Article>
      <Article Num="4">
        <ArticleCaption>（定期の報告）</ArticleCaption>
        <ArticleTitle>第四条</ArticleTitle>
        <Paragraph Num="1">
          <ParagraphNum/>
          <ParagraphSentence>
            <Sentence>法第四十三条第一項の規定により読み替えて適用される法第三十七条の環境省令、国土交通省令で定める事項は、前年度における第一号に掲げる事項及び第二号から第五号までに掲げる事項のうち周辺地域内事業者が実施することとして選択した措置に係る事項とする。</Sentence>
          </ParagraphSentence>
          <Item Num="1">
            <ItemTitle>一</ItemTitle>
            <ItemSentence>
              <Sentence>事業場別の周辺地域内自動車の状況</Sentence>
            </ItemSentence>
          </Item>
          <Item Num="2">
            <ItemTitle>二</ItemTitle>
            <ItemSentence>
              <Sentence>指定地区内において運行する周辺地域内自動車の低公害車等への代替の状況</Sentence>
            </ItemSentence>
          </Item>
          <Item Num="3">
            <ItemTitle>三</ItemTitle>
            <ItemSentence>
              <Sentence>指定地区内において運行する周辺地域内自動車に対する排出ガス低減装置の装着の状況</Sentence>
            </ItemSentence>
          </Item>
          <Item Num="4">
            <ItemTitle>四</ItemTitle>
            <ItemSentence>
              <Sentence>周辺地域内自動車に係る指定地区内における適正運転の実施等の状況</Sentence>
            </ItemSentence>
          </Item>
          <Item Num="5">
            <ItemTitle>五</ItemTitle>
            <ItemSentence>
              <Sentence>周辺地域内自動車の指定地区内における走行量の削減のための措置の状況</Sentence>
            </ItemSentence>
          </Item>
        </Paragraph>
        <Paragraph Num="2">
          <ParagraphNum>２</ParagraphNum>
          <ParagraphSentence>
            <Sentence>法第四十三条第一項の規定により読み替えて適用される法第三十七条の規定による報告は、毎年六月三十日までに、正本にその写し二通を添えてしなければならない。</Sentence>
          </ParagraphSentence>
        </Paragraph>
      </Article>
      <Article Num="5">
        <ArticleCaption>（立入検査の身分証明書）</ArticleCaption>
        <ArticleTitle>第五条</ArticleTitle>
        <Paragraph Num="1">
          <ParagraphNum/>
          <ParagraphSentence>
            <Sentence>道路運送法（昭和二十六年法律第百八十三号）の規定による自動車運送事業者又は貨物利用運送事業法（平成元年法律第八十二号）の規定による第二種貨物利用運送事業を経営する者が次の各号に掲げる者である場合における法第四十一条第五項の証明書の様式は、別記様式のとおりとする。</Sentence>
          </ParagraphSentence>
          <Item Num="1">
            <ItemTitle>一</ItemTitle>
            <ItemSentence>
              <Sentence>対象自動車（法第三十三条に規定する対象自動車をいう。）を使用する事業者</Sentence>
            </ItemSentence>
          </Item>
          <Item Num="2">
            <ItemTitle>二</ItemTitle>
            <ItemSentence>
              <Sentence>特定事業者</Sentence>
            </ItemSentence>
          </Item>
          <Item Num="3">
            <ItemTitle>三</ItemTitle>
            <ItemSentence>
              <Sentence>周辺地域内自動車を使用する事業者</Sentence>
            </ItemSentence>
          </Item>
          <Item Num="4">
            <ItemTitle>四</ItemTitle>
            <ItemSentence>
              <Sentence>周辺地域内事業者</Sentence>
            </ItemSentence>
          </Item>
        </Paragraph>
      </Article>
      <Article Num="6">
        <ArticleCaption>（環境大臣及び関係都道府県知事への通知）</ArticleCaption>
        <ArticleTitle>第六条</ArticleTitle>
        <Paragraph Num="1">
          <ParagraphNum/>
          <ParagraphSentence>
            <Sentence>法第四十三条第二項の規定による通知は、受理した計画又は報告について行うものとする。</Sentence>
          </ParagraphSentence>
        </Paragraph>
      </Article>
      <Article Num="7">
        <ArticleCaption>（計画書等の経由）</ArticleCaption>
        <ArticleTitle>第七条</ArticleTitle>
        <Paragraph Num="1">
          <ParagraphNum/>
          <ParagraphSentence>
            <Sentence>法第四十三条第一項の規定により読み替えて適用される第三十三条及び第三十四条の規定に基づく計画の提出及び報告は、それぞれ特定自動車の使用の本拠の位置を管轄する運輸監理部長又は運輸支局長を経由して、地方運輸局長に行わなければならない。</Sentence>
          </ParagraphSentence>
        </Paragraph>
        <Paragraph Num="2">
          <ParagraphNum>２</ParagraphNum>
          <ParagraphSentence>
            <Sentence>法第四十三条第一項の規定により読み替えて適用される第三十六条第一項及び第三十七条の規定に基づく計画の提出及び報告は、それぞれ周辺地域内自動車の使用の本拠の位置を管轄する運輸監理部長又は運輸支局長を経由して、地方運輸局長に行わなければならない。</Sentence>
          </ParagraphSentence>
        </Paragraph>
      </Article>
    </MainProvision>
    <SupplProvision>
      <SupplProvisionLabel>附　則</SupplProvisionLabel>
      <Article Num="1">
        <ArticleCaption>（施行期日）</ArticleCaption>
        <ArticleTitle>第一条</ArticleTitle>
        <Paragraph Num="1">
          <ParagraphNum/>
          <ParagraphSentence>
            <Sentence>この省令は、平成十四年五月一日から施行する。</Sentence>
          </ParagraphSentence>
        </Paragraph>
      </Article>
      <Article Num="2">
        <ArticleCaption>（経過措置）</ArticleCaption>
        <ArticleTitle>第二条</ArticleTitle>
        <Paragraph Num="1">
          <ParagraphNum/>
          <ParagraphSentence>
            <Sentence>この省令の施行の日から二月以内に特定事業者に該当することとなる者については、第一条第三項中「特定事業者に該当することとなった日から三月以内」とあるのは「平成十四年九月三十日まで」と読み替えるものとする。</Sentence>
          </ParagraphSentence>
        </Paragraph>
      </Article>
    </SupplProvision>
    <SupplProvision AmendLawNum="平成一四年六月二八日国土交通省・環境省令第四号">
      <SupplProvisionLabel>附　則</SupplProvisionLabel>
      <Paragraph Num="1">
        <ParagraphNum/>
        <ParagraphSentence>
          <Sentence>この省令は、平成十四年七月一日から施行する。</Sentence>
        </ParagraphSentence>
      </Paragraph>
    </SupplProvision>
    <SupplProvision AmendLawNum="平成一五年二月一四日国土交通省・環境省令第一号">
      <SupplProvisionLabel>附　則</SupplProvisionLabel>
      <Paragraph Num="1">
        <ParagraphNum/>
        <ParagraphSentence>
          <Sentence>この省令は、鉄道事業法等の一部を改正する法律の施行の日（平成十五年四月一日）から施行する。</Sentence>
        </ParagraphSentence>
      </Paragraph>
    </SupplProvision>
    <SupplProvision AmendLawNum="平成一八年三月二七日国土交通省・環境省令第一号">
      <SupplProvisionLabel>附　則</SupplProvisionLabel>
      <Article Num="1">
        <ArticleCaption>（施行期日）</ArticleCaption>
        <ArticleTitle>第一条</ArticleTitle>
        <Paragraph Num="1">
          <ParagraphNum/>
          <ParagraphSentence>
            <Sentence>この省令は、平成十八年四月一日から施行する。</Sentence>
          </ParagraphSentence>
        </Paragraph>
      </Article>
      <Article Num="2">
        <ArticleCaption>（経過措置）</ArticleCaption>
        <ArticleTitle>第二条</ArticleTitle>
        <Paragraph Num="1">
          <ParagraphNum/>
          <ParagraphSentence>
            <Sentence>この省令の施行の日前に改正前の第一条第一項の規定により提出された計画における同条第二項に規定する目標年次の最終日は、改正後の第一条第三項の計画期間が満了した日とみなす。</Sentence>
          </ParagraphSentence>
        </Paragraph>
      </Article>
      <Article Num="3">
        <ArticleTitle>第三条</ArticleTitle>
        <Paragraph Num="1">
          <ParagraphNum/>
          <ParagraphSentence>
            <Sentence>前条の規定により改正後の第一条第三項の計画期間が満了した日とみなされる日が平成十八年五月三十一日以前である計画を提出した特定事業者については、同項中「特定事業者に該当することとなった日又は計画期間が満了した日から三月以内」とあるのは「平成十八年八月三十一日まで」と読み替えるものとする。</Sentence>
          </ParagraphSentence>
        </Paragraph>
      </Article>
    </SupplProvision>
    <SupplProvision AmendLawNum="平成一九年八月二一日国土交通省・環境省令第一号">
      <SupplProvisionLabel>附　則</SupplProvisionLabel>
      <Paragraph Num="1">
        <ParagraphNum/>
        <ParagraphSentence>
          <Sentence>この省令は、自動車から排出される窒素酸化物及び粒子状物質の特定地域における総量の削減等に関する特別措置法の一部を改正する法律（平成十九年法律第五十号）の施行の日（平成二十年一月一日）から施行する。</Sentence>
        </ParagraphSentence>
      </Paragraph>
    </SupplProvision>
    <AppdxStyle>
      <AppdxStyleTitle>別記様式</AppdxStyleTitle>
      <RelatedArticleNum>（第五条関係）</RelatedArticleNum>
      <StyleStruct>
        <Style>
          <Fig src="./pict/H14F16002001002-001.pdf"/>
        </Style>
      </StyleStruct>
    </AppdxStyle>
  </LawBody>
</Law>
