<?xml version="1.0" encoding="UTF-8" standalone="no"?>
<Law DataInfo="200402e80k80m01" Era="Heisei" Lang="ja" LawType="MinisterialOrdinance" Num="17" Year="14">
  <LawNum>平成十四年国土交通省令第十七号</LawNum>
  <LawBody>
    <LawTitle>特定建設資材に係る分別解体等に関する省令</LawTitle>
    <EnactStatement>建設工事に係る資材の再資源化等に関する法律（平成十二年法律第百四号）第十条第一項及び第二項並びに第十三条第一項及び第三項並びに建設工事に係る資材の再資源化等に関する法律施行令（平成十二年政令第四百九十五号）第六条第一項第二号及び第二項第二号の規定に基づき、特定建設資材に係る分別解体等に関する省令を次のように定める。</EnactStatement>
    <MainProvision>
      <Article Delete="false" Hide="false" Num="1">
        <ArticleCaption>（用語）</ArticleCaption>
        <ArticleTitle>第一条</ArticleTitle>
        <Paragraph Hide="false" Num="1">
          <ParagraphNum/>
          <ParagraphSentence>
            <Sentence WritingMode="vertical">この省令において使用する用語は、建設工事に係る資材の再資源化等に関する法律（以下「法」という。）において使用する用語の例による。</Sentence>
          </ParagraphSentence>
        </Paragraph>
      </Article>
      <Article Delete="false" Hide="false" Num="2">
        <ArticleCaption>（対象建設工事の届出）</ArticleCaption>
        <ArticleTitle>第二条</ArticleTitle>
        <Paragraph Hide="false" Num="1">
          <ParagraphNum/>
          <ParagraphSentence>
            <Sentence WritingMode="vertical">法第十条第一項第六号の主務省令で定める事項は、次のとおりとする。</Sentence>
          </ParagraphSentence>
          <Item Delete="false" Hide="false" Num="1">
            <ItemTitle>一</ItemTitle>
            <ItemSentence>
              <Sentence WritingMode="vertical">商号、名称又は氏名及び住所並びに法人にあっては代表者の氏名</Sentence>
            </ItemSentence>
          </Item>
          <Item Delete="false" Hide="false" Num="2">
            <ItemTitle>二</ItemTitle>
            <ItemSentence>
              <Sentence WritingMode="vertical">工事の名称及び場所</Sentence>
            </ItemSentence>
          </Item>
          <Item Delete="false" Hide="false" Num="3">
            <ItemTitle>三</ItemTitle>
            <ItemSentence>
              <Sentence WritingMode="vertical">工事の種類</Sentence>
            </ItemSentence>
          </Item>
          <Item Delete="false" Hide="false" Num="4">
            <ItemTitle>四</ItemTitle>
            <ItemSentence>
              <Sentence WritingMode="vertical">工事の規模</Sentence>
            </ItemSentence>
          </Item>
          <Item Delete="false" Hide="false" Num="5">
            <ItemTitle>五</ItemTitle>
            <ItemSentence>
              <Sentence WritingMode="vertical">請負契約によるか自ら施工するかの別</Sentence>
            </ItemSentence>
          </Item>
          <Item Delete="false" Hide="false" Num="6">
            <ItemTitle>六</ItemTitle>
            <ItemSentence>
              <Sentence WritingMode="vertical">対象建設工事の元請業者の商号、名称又は氏名及び住所並びに法人にあっては代表者の氏名</Sentence>
            </ItemSentence>
          </Item>
          <Item Delete="false" Hide="false" Num="7">
            <ItemTitle>七</ItemTitle>
            <ItemSentence>
              <Sentence WritingMode="vertical">対象建設工事の元請業者が建設業法（昭和二十四年法律第百号）第三条第一項の許可を受けた者である場合においては、次に掲げるもの</Sentence>
            </ItemSentence>
            <Subitem1 Delete="false" Hide="false" Num="1">
              <Subitem1Title>イ</Subitem1Title>
              <Subitem1Sentence>
                <Sentence WritingMode="vertical">当該許可をした行政庁の名称及び許可番号</Sentence>
              </Subitem1Sentence>
            </Subitem1>
            <Subitem1 Delete="false" Hide="false" Num="2">
              <Subitem1Title>ロ</Subitem1Title>
              <Subitem1Sentence>
                <Sentence WritingMode="vertical">当該元請業者が置く同法第二十六条に規定する主任技術者又は監理技術者の氏名</Sentence>
              </Subitem1Sentence>
            </Subitem1>
          </Item>
          <Item Delete="false" Hide="false" Num="8">
            <ItemTitle>八</ItemTitle>
            <ItemSentence>
              <Sentence WritingMode="vertical">対象建設工事の元請業者が法第二十一条第一項の登録を受けた者である場合においては、次に掲げるもの</Sentence>
            </ItemSentence>
            <Subitem1 Delete="false" Hide="false" Num="1">
              <Subitem1Title>イ</Subitem1Title>
              <Subitem1Sentence>
                <Sentence WritingMode="vertical">当該登録をした行政庁の名称及び登録番号</Sentence>
              </Subitem1Sentence>
            </Subitem1>
            <Subitem1 Delete="false" Hide="false" Num="2">
              <Subitem1Title>ロ</Subitem1Title>
              <Subitem1Sentence>
                <Sentence WritingMode="vertical">当該元請業者が置く法第三十一条に規定する技術管理者の氏名</Sentence>
              </Subitem1Sentence>
            </Subitem1>
          </Item>
          <Item Delete="false" Hide="false" Num="9">
            <ItemTitle>九</ItemTitle>
            <ItemSentence>
              <Sentence WritingMode="vertical">対象建設工事の元請業者から法第十二条第一項の規定による説明を受けた年月日</Sentence>
            </ItemSentence>
          </Item>
        </Paragraph>
        <Paragraph Hide="false" Num="2">
          <ParagraphNum>２</ParagraphNum>
          <ParagraphSentence>
            <Sentence WritingMode="vertical">法第十条第一項の規定による届出は、別記様式第一号による届出書を提出して行うものとする。</Sentence>
          </ParagraphSentence>
        </Paragraph>
        <Paragraph Hide="false" Num="3">
          <ParagraphNum>３</ParagraphNum>
          <ParagraphSentence>
            <Sentence WritingMode="vertical">前項の届出書には、対象建設工事に係る建築物等の設計図又は現状を示す明瞭な写真を添付しなければならない。</Sentence>
          </ParagraphSentence>
        </Paragraph>
      </Article>
      <Article Delete="false" Hide="false" Num="3">
        <ArticleCaption>（変更の届出）</ArticleCaption>
        <ArticleTitle>第三条</ArticleTitle>
        <Paragraph Hide="false" Num="1">
          <ParagraphNum/>
          <ParagraphSentence>
            <Sentence WritingMode="vertical">法第十条第二項の主務省令で定める事項は、法第十条第一項第二号から第五号までに規定する事項並びに前条第一項第一号及び第四号から第九号までに規定する事項とする。</Sentence>
          </ParagraphSentence>
        </Paragraph>
        <Paragraph Hide="false" Num="2">
          <ParagraphNum>２</ParagraphNum>
          <ParagraphSentence>
            <Sentence WritingMode="vertical">法第十条第二項の規定による届出は、別記様式第二号による届出書を提出して行うものとする。</Sentence>
          </ParagraphSentence>
        </Paragraph>
      </Article>
      <Article Delete="false" Hide="false" Num="4">
        <ArticleCaption>（対象建設工事の請負契約に係る書面の記載事項）</ArticleCaption>
        <ArticleTitle>第四条</ArticleTitle>
        <Paragraph Hide="false" Num="1">
          <ParagraphNum/>
          <ParagraphSentence>
            <Sentence WritingMode="vertical">法第十三条第一項の主務省令で定める事項は、次のとおりとする。</Sentence>
          </ParagraphSentence>
          <Item Delete="false" Hide="false" Num="1">
            <ItemTitle>一</ItemTitle>
            <ItemSentence>
              <Sentence WritingMode="vertical">分別解体等の方法</Sentence>
            </ItemSentence>
          </Item>
          <Item Delete="false" Hide="false" Num="2">
            <ItemTitle>二</ItemTitle>
            <ItemSentence>
              <Sentence WritingMode="vertical">解体工事に要する費用</Sentence>
            </ItemSentence>
          </Item>
          <Item Delete="false" Hide="false" Num="3">
            <ItemTitle>三</ItemTitle>
            <ItemSentence>
              <Sentence WritingMode="vertical">再資源化等をするための施設の名称及び所在地</Sentence>
            </ItemSentence>
          </Item>
          <Item Delete="false" Hide="false" Num="4">
            <ItemTitle>四</ItemTitle>
            <ItemSentence>
              <Sentence WritingMode="vertical">再資源化等に要する費用</Sentence>
            </ItemSentence>
          </Item>
        </Paragraph>
      </Article>
      <Article Delete="false" Hide="false" Num="5">
        <ArticleCaption>（対象建設工事の請負契約に係る情報通信の技術を利用する方法）</ArticleCaption>
        <ArticleTitle>第五条</ArticleTitle>
        <Paragraph Hide="false" Num="1">
          <ParagraphNum/>
          <ParagraphSentence>
            <Sentence WritingMode="vertical">法第十三条第三項の主務省令で定める措置は、次に掲げる措置とする。</Sentence>
          </ParagraphSentence>
          <Item Delete="false" Hide="false" Num="1">
            <ItemTitle>一</ItemTitle>
            <ItemSentence>
              <Sentence WritingMode="vertical">電子情報処理組織を使用する措置のうちイ又はロに掲げるもの</Sentence>
            </ItemSentence>
            <Subitem1 Delete="false" Hide="false" Num="1">
              <Subitem1Title>イ</Subitem1Title>
              <Subitem1Sentence>
                <Sentence WritingMode="vertical">対象建設工事の請負契約（当該対象建設工事の全部又は一部について下請契約が締結されている場合における各下請契約を含む。以下この条において同じ。）の当事者の使用に係る電子計算機（入出力装置を含む。以下同じ。）と当該契約の相手方の使用に係る電子計算機とを接続する電気通信回線を通じて送信し、受信者の使用に係る電子計算機に備えられたファイルに記録する措置</Sentence>
              </Subitem1Sentence>
            </Subitem1>
            <Subitem1 Delete="false" Hide="false" Num="2">
              <Subitem1Title>ロ</Subitem1Title>
              <Subitem1Sentence>
                <Sentence WritingMode="vertical">対象建設工事の請負契約の当事者の使用に係る電子計算機に備えられたファイルに記録された同条第一項に規定する事項又は請負契約の内容で同項に規定する事項に該当するものの変更の内容（以下「契約事項等」という。）を電気通信回線を通じて当該契約の相手方の閲覧に供し、当該契約の相手方の使用に係る電子計算機に備えられたファイルに当該契約事項等を記録する措置</Sentence>
              </Subitem1Sentence>
            </Subitem1>
          </Item>
          <Item Delete="false" Hide="false" Num="2">
            <ItemTitle>二</ItemTitle>
            <ItemSentence>
              <Sentence WritingMode="vertical">磁気ディスク、シー・ディー・ロムその他これらに準ずる方法により一定の事項を確実に記録しておくことができる物（以下「磁気ディスク等」という。）をもって調製するファイルに契約事項等を記録したものを交付する措置</Sentence>
            </ItemSentence>
          </Item>
        </Paragraph>
        <Paragraph Hide="false" Num="2">
          <ParagraphNum>２</ParagraphNum>
          <ParagraphSentence>
            <Sentence WritingMode="vertical">前項に掲げる措置は、次に掲げる技術的基準に適合するものでなければならない。</Sentence>
          </ParagraphSentence>
          <Item Delete="false" Hide="false" Num="1">
            <ItemTitle>一</ItemTitle>
            <ItemSentence>
              <Sentence WritingMode="vertical">当該契約の相手方がファイルへの記録を出力することによる書面を作成することができるものであること。</Sentence>
            </ItemSentence>
          </Item>
          <Item Delete="false" Hide="false" Num="2">
            <ItemTitle>二</ItemTitle>
            <ItemSentence>
              <Sentence WritingMode="vertical">ファイルに記録された契約事項等について、改変が行われていないかどうかを確認することができる措置を講じていること。</Sentence>
            </ItemSentence>
          </Item>
        </Paragraph>
        <Paragraph Hide="false" Num="3">
          <ParagraphNum>３</ParagraphNum>
          <ParagraphSentence>
            <Sentence WritingMode="vertical">第一項第一号の「電子情報処理組織」とは、対象建設工事の請負契約の当事者の使用に係る電子計算機と、当該契約の相手方の使用に係る電子計算機とを電気通信回線で接続した電子情報処理組織をいう。</Sentence>
          </ParagraphSentence>
        </Paragraph>
      </Article>
      <Article Delete="false" Hide="false" Num="6">
        <ArticleTitle>第六条</ArticleTitle>
        <Paragraph Hide="false" Num="1">
          <ParagraphNum/>
          <ParagraphSentence>
            <Sentence WritingMode="vertical">建設工事に係る資材の再資源化等に関する法律施行令（以下「令」という。）第三条第一項の規定により示すべき措置の種類及び内容は、次に掲げる事項とする。</Sentence>
          </ParagraphSentence>
          <Item Delete="false" Hide="false" Num="1">
            <ItemTitle>一</ItemTitle>
            <ItemSentence>
              <Sentence WritingMode="vertical">前条第一項に規定する措置のうち対象建設工事の請負契約の当事者が講じるもの</Sentence>
            </ItemSentence>
          </Item>
          <Item Delete="false" Hide="false" Num="2">
            <ItemTitle>二</ItemTitle>
            <ItemSentence>
              <Sentence WritingMode="vertical">ファイルへの記録の方式</Sentence>
            </ItemSentence>
          </Item>
        </Paragraph>
      </Article>
      <Article Delete="false" Hide="false" Num="7">
        <ArticleTitle>第七条</ArticleTitle>
        <Paragraph Hide="false" Num="1">
          <ParagraphNum/>
          <ParagraphSentence>
            <Sentence WritingMode="vertical">令第三条第一項の主務省令で定める方法は、次に掲げる方法とする。</Sentence>
          </ParagraphSentence>
          <Item Delete="false" Hide="false" Num="1">
            <ItemTitle>一</ItemTitle>
            <ItemSentence>
              <Sentence WritingMode="vertical">電子情報処理組織を使用する方法のうちイ又はロに掲げるもの</Sentence>
            </ItemSentence>
            <Subitem1 Delete="false" Hide="false" Num="1">
              <Subitem1Title>イ</Subitem1Title>
              <Subitem1Sentence>
                <Sentence WritingMode="vertical">対象建設工事の請負契約の当事者の使用に係る電子計算機と当該契約の相手方の使用に係る電子計算機とを接続する電気通信回線を通じて送信し、受信者の使用に係る電子計算機に備えられたファイルに記録する方法</Sentence>
              </Subitem1Sentence>
            </Subitem1>
            <Subitem1 Delete="false" Hide="false" Num="2">
              <Subitem1Title>ロ</Subitem1Title>
              <Subitem1Sentence>
                <Sentence WritingMode="vertical">対象建設工事の請負契約の当事者の使用に係る電子計算機に備えられたファイルに記録された法第十三条第三項の承諾に関する事項を電気通信回線を通じて当該契約の相手方の閲覧に供し、当該対象建設工事の請負契約の当事者の使用に係る電子計算機に備えられたファイルに当該承諾に関する事項を記録する方法</Sentence>
              </Subitem1Sentence>
            </Subitem1>
          </Item>
          <Item Delete="false" Hide="false" Num="2">
            <ItemTitle>二</ItemTitle>
            <ItemSentence>
              <Sentence WritingMode="vertical">磁気ディスク等をもって調製するファイルに当該承諾に関する事項を記録したものを交付する方法</Sentence>
            </ItemSentence>
          </Item>
        </Paragraph>
        <Paragraph Hide="false" Num="2">
          <ParagraphNum>２</ParagraphNum>
          <ParagraphSentence>
            <Sentence WritingMode="vertical">前項第一号の「電子情報処理組織」とは、対象建設工事の請負契約の当事者の使用に係る電子計算機と、当該契約の相手方の使用に係る電子計算機とを電気通信回線で接続した電子情報処理組織をいう。</Sentence>
          </ParagraphSentence>
        </Paragraph>
      </Article>
      <Article Delete="false" Hide="false" Num="8">
        <ArticleCaption>（報告の徴収に関する事項）</ArticleCaption>
        <ArticleTitle>第八条</ArticleTitle>
        <Paragraph Hide="false" Num="1">
          <ParagraphNum/>
          <ParagraphSentence>
            <Sentence WritingMode="vertical">令第六条第一項第二号の主務省令で定める事項及び同条第二項第二号の主務省令で定める事項は、法第十三条第一項及び第二項の規定により交付した書面又は同条第三項の規定により講じた措置に関する事項その他分別解体等に関し都道府県知事が必要と認める事項とする。</Sentence>
          </ParagraphSentence>
        </Paragraph>
      </Article>
    </MainProvision>
    <SupplProvision>
      <SupplProvisionLabel>附　則</SupplProvisionLabel>
      <Paragraph Hide="false" Num="1">
        <ParagraphNum/>
        <ParagraphSentence>
          <Sentence WritingMode="vertical">この省令は、法附則第一条第二号に掲げる規定の施行の日（平成十四年五月三十日）から施行する。</Sentence>
        </ParagraphSentence>
      </Paragraph>
    </SupplProvision>
    <SupplProvision AmendLawNum="平成二二年二月九日国土交通省令第三号">
      <SupplProvisionLabel>附　則</SupplProvisionLabel>
      <Article Delete="false" Hide="false" Num="1">
        <ArticleCaption>（施行期日）</ArticleCaption>
        <ArticleTitle>第一条</ArticleTitle>
        <Paragraph Hide="false" Num="1">
          <ParagraphNum/>
          <ParagraphSentence>
            <Sentence WritingMode="vertical">この省令は、平成二十二年四月一日から施行する。</Sentence>
          </ParagraphSentence>
        </Paragraph>
      </Article>
      <Article Delete="false" Hide="false" Num="2">
        <ArticleCaption>（経過措置）</ArticleCaption>
        <ArticleTitle>第二条</ArticleTitle>
        <Paragraph Hide="false" Num="1">
          <ParagraphNum/>
          <ParagraphSentence>
            <Sentence WritingMode="vertical">この省令による改正前の特定建設資材に係る分別解体等に関する省令別記様式第一号による届出書の記載事項に変更があった場合におけるこの省令による改正後の特定建設資材に係る分別解体等に関する省令第三条第二項の規定による届出書の様式については、なお従前の例による。</Sentence>
          </ParagraphSentence>
        </Paragraph>
      </Article>
    </SupplProvision>
    <SupplProvision AmendLawNum="令和元年五月七日国土交通省令第一号" Type="Amend">
      <SupplProvisionLabel>附　則</SupplProvisionLabel>
      <Paragraph Hide="false" Num="1">
        <ParagraphNum/>
        <ParagraphSentence>
          <Sentence WritingMode="vertical">この省令は、公布の日から施行する。</Sentence>
        </ParagraphSentence>
      </Paragraph>
    </SupplProvision>
    <AppdxStyle>
      <AppdxStyleTitle WritingMode="vertical">様式第一号</AppdxStyleTitle>
    </AppdxStyle>
    <AppdxTable>
      <AppdxTableTitle WritingMode="vertical">別表１</AppdxTableTitle>
    </AppdxTable>
    <AppdxTable>
      <AppdxTableTitle WritingMode="vertical">別表２</AppdxTableTitle>
    </AppdxTable>
    <AppdxTable>
      <AppdxTableTitle WritingMode="vertical">別表３</AppdxTableTitle>
    </AppdxTable>
    <AppdxStyle>
      <AppdxStyleTitle WritingMode="vertical">様式第二号</AppdxStyleTitle>
    </AppdxStyle>
    <AppdxTable>
      <AppdxTableTitle WritingMode="vertical">別表１</AppdxTableTitle>
    </AppdxTable>
    <AppdxTable>
      <AppdxTableTitle WritingMode="vertical">別表２</AppdxTableTitle>
    </AppdxTable>
    <AppdxTable>
      <AppdxTableTitle WritingMode="vertical">別表３</AppdxTableTitle>
    </AppdxTable>
  </LawBody>
</Law>
