<?xml version="1.0" encoding="UTF-8" standalone="no"?>
<Law DataInfo="200402e80k80m01" Era="Heisei" Lang="ja" LawType="MinisterialOrdinance" Num="68" Year="14">
  <LawNum>平成十四年財務省令第六十八号</LawNum>
  <LawBody>
    <LawTitle>個人向け国債の発行等に関する省令</LawTitle>
    <EnactStatement>国債に関する法律（明治三十九年法律第三十四号）第一条第一項及び第二条ノ二の規定に基づき、個人向け国債の発行等に関する省令を次のように定める。</EnactStatement>
    <MainProvision>
      <Article Num="1">
        <ArticleCaption>（総則）</ArticleCaption>
        <ArticleTitle>第一条</ArticleTitle>
        <Paragraph Num="1">
          <ParagraphNum/>
          <ParagraphSentence>
            <Sentence>個人向け国債の発行及び中途換金等に関する取扱いは、別に定めるもののほか、この省令の定めるところによる。</Sentence>
          </ParagraphSentence>
        </Paragraph>
      </Article>
      <Article Num="2">
        <ArticleCaption>（定義）</ArticleCaption>
        <ArticleTitle>第二条</ArticleTitle>
        <Paragraph Num="1">
          <ParagraphNum/>
          <ParagraphSentence>
            <Sentence>この省令において「個人向け国債」とは、国債に関する法律第二条ノ二の規定の適用を受ける国債であって、もっぱら個人が保有することを目的とし、かつ、その権利の帰属が社債、株式等の振替に関する法律（平成十三年法律第七十五号。以下「振替法」という。）の規定による振替口座簿の記載又は記録により定まるものとされるものとして発行する国債をいう。</Sentence>
          </ParagraphSentence>
        </Paragraph>
      </Article>
      <Article Num="3">
        <ArticleCaption>（振替単位）</ArticleCaption>
        <ArticleTitle>第三条</ArticleTitle>
        <Paragraph Num="1">
          <ParagraphNum/>
          <ParagraphSentence>
            <Sentence>個人向け国債の額面金額の最低額（以下この条及び次条第八項において「最低額面金額」という。）は、国債の発行等に関する省令（昭和五十七年大蔵省令第三十号。以下「発行省令」という。）第三条の規定にかかわらず、一万円とし、振替法の規定による振替口座簿の記載又は記録は、最低額面金額の整数倍の金額によるものとする。</Sentence>
          </ParagraphSentence>
        </Paragraph>
      </Article>
      <Article Num="4">
        <ArticleCaption>（取扱機関による募集の取扱い等）</ArticleCaption>
        <ArticleTitle>第四条</ArticleTitle>
        <Paragraph Num="1">
          <ParagraphNum/>
          <ParagraphSentence>
            <Sentence>個人向け国債は、取扱機関（第七項の規定により日本銀行との間に契約を締結した者をいう。以下同じ。）による募集の取扱いの方法により発行するものとする。</Sentence>
          </ParagraphSentence>
        </Paragraph>
        <Paragraph Num="2">
          <ParagraphNum>２</ParagraphNum>
          <ParagraphSentence>
            <Sentence Num="1">財務大臣は、あらかじめ、取扱機関になることができる者を定め、その旨を当該取扱機関になることができる者に日本銀行を通じて通知するものとする。</Sentence>
            <Sentence Num="2">これを変更した場合も同様とする。</Sentence>
          </ParagraphSentence>
        </Paragraph>
        <Paragraph Num="3">
          <ParagraphNum>３</ParagraphNum>
          <ParagraphSentence>
            <Sentence>取扱機関になることができる者は、振替法第四十四条第一項に規定する口座管理機関（同項第十三号に規定する者を除く。）のうち、次の各号のいずれかに該当する者でなければならない。</Sentence>
          </ParagraphSentence>
          <Item Num="1">
            <ItemTitle>一</ItemTitle>
            <ItemSentence>
              <Sentence>金融商品取引業者</Sentence>
            </ItemSentence>
          </Item>
          <Item Num="2">
            <ItemTitle>二</ItemTitle>
            <ItemSentence>
              <Sentence>銀行、保険会社、農林中央金庫、株式会社商工組合中央金庫、信用金庫、信用金庫連合会、労働金庫、労働金庫連合会、信用協同組合、協同組合連合会、農業協同組合、農業協同組合連合会、漁業協同組合、漁業協同組合連合会又は水産加工業協同組合のうち、国債証券の売買及び募集の取扱いを行うことについて、金融商品取引法（昭和二十三年法律第二十五号）第三十三条の二の規定に基づく登録を受けている者</Sentence>
            </ItemSentence>
          </Item>
        </Paragraph>
        <Paragraph Num="4">
          <ParagraphNum>４</ParagraphNum>
          <ParagraphSentence>
            <Sentence>財務大臣は、取扱機関になることができる者のうち、法令に基づき業務の停止処分を受けていることその他それに準ずる事由により、個人向け国債の募集の取扱いを認めることが適当でないと認められる者を定めたときは、その旨を当該者に日本銀行を通じて通知するものとする。</Sentence>
          </ParagraphSentence>
        </Paragraph>
        <Paragraph Num="5">
          <ParagraphNum>５</ParagraphNum>
          <ParagraphSentence>
            <Sentence Num="1">財務大臣は、取扱機関になることができる者のうち、前項の規定により定められた者を除いた者の商号又は名称を、インターネットを利用して公衆の閲覧に供する方法により公表するものとする。</Sentence>
            <Sentence Num="2">これを変更した場合も同様とする。</Sentence>
          </ParagraphSentence>
        </Paragraph>
        <Paragraph Num="6">
          <ParagraphNum>６</ParagraphNum>
          <ParagraphSentence>
            <Sentence Num="1">財務大臣は、次の各号に掲げる事務に関して、必要となる基本的な事項を定め、これを日本銀行に通知するものとする。</Sentence>
            <Sentence Num="2">これを変更した場合も同様とする。</Sentence>
          </ParagraphSentence>
          <Item Num="1">
            <ItemTitle>一</ItemTitle>
            <ItemSentence>
              <Sentence>取扱機関になることができる者（第四項の規定により定められた者を除く。）であって、次項の規定により日本銀行との間に契約を締結した者が行うこととなる第一項に規定する個人向け国債の募集の取扱いに係る事務</Sentence>
            </ItemSentence>
          </Item>
          <Item Num="2">
            <ItemTitle>二</ItemTitle>
            <ItemSentence>
              <Sentence>取扱機関になることができる者であって、次項の規定により日本銀行との間に契約を締結した者が行うこととなる中途換金（個人向け国債を有する者の請求により、国が当該個人向け国債を償還期限前に買い取ることをいう。以下同じ。）の取扱いその他の個人向け国債に係る事務</Sentence>
            </ItemSentence>
          </Item>
          <Item Num="3">
            <ItemTitle>三</ItemTitle>
            <ItemSentence>
              <Sentence>取扱機関になることができる者であって、次項の規定により日本銀行との間に契約を締結した者のうち、発行省令第六条第二項の規定に基づき財務大臣が定める者（同条第四項の規定により定められた者を除く。）が行うこととなる同条第一項に規定する国債の募集の取扱いに係る事務</Sentence>
            </ItemSentence>
          </Item>
        </Paragraph>
        <Paragraph Num="7">
          <ParagraphNum>７</ParagraphNum>
          <ParagraphSentence>
            <Sentence>日本銀行は、前項の規定による通知を受けたときは、取扱機関になることができる者との間に当該通知された事項を内容とする契約を締結するものとする。</Sentence>
          </ParagraphSentence>
        </Paragraph>
        <Paragraph Num="8">
          <ParagraphNum>８</ParagraphNum>
          <ParagraphSentence>
            <Sentence>財務大臣は、個人向け国債を発行しようとするときは、次の各号に掲げる事項を定め、これを日本銀行に通知するものとする。</Sentence>
          </ParagraphSentence>
          <Item Num="1">
            <ItemTitle>一</ItemTitle>
            <ItemSentence>
              <Sentence>名称及び記号</Sentence>
            </ItemSentence>
          </Item>
          <Item Num="2">
            <ItemTitle>二</ItemTitle>
            <ItemSentence>
              <Sentence>発行の根拠法律及びその条項</Sentence>
            </ItemSentence>
          </Item>
          <Item Num="3">
            <ItemTitle>三</ItemTitle>
            <ItemSentence>
              <Sentence>振替法の適用等</Sentence>
            </ItemSentence>
          </Item>
          <Item Num="4">
            <ItemTitle>四</ItemTitle>
            <ItemSentence>
              <Sentence>募集期間</Sentence>
            </ItemSentence>
          </Item>
          <Item Num="5">
            <ItemTitle>五</ItemTitle>
            <ItemSentence>
              <Sentence>発行予定額</Sentence>
            </ItemSentence>
          </Item>
          <Item Num="6">
            <ItemTitle>六</ItemTitle>
            <ItemSentence>
              <Sentence>各取扱機関の募集の取扱い予定額</Sentence>
            </ItemSentence>
          </Item>
          <Item Num="7">
            <ItemTitle>七</ItemTitle>
            <ItemSentence>
              <Sentence>最低額面金額</Sentence>
            </ItemSentence>
          </Item>
          <Item Num="8">
            <ItemTitle>八</ItemTitle>
            <ItemSentence>
              <Sentence>発行日</Sentence>
            </ItemSentence>
          </Item>
          <Item Num="9">
            <ItemTitle>九</ItemTitle>
            <ItemSentence>
              <Sentence>募集の価格</Sentence>
            </ItemSentence>
          </Item>
          <Item Num="10">
            <ItemTitle>十</ItemTitle>
            <ItemSentence>
              <Sentence>利率</Sentence>
            </ItemSentence>
          </Item>
          <Item Num="11">
            <ItemTitle>十一</ItemTitle>
            <ItemSentence>
              <Sentence>利子支払期</Sentence>
            </ItemSentence>
          </Item>
          <Item Num="12">
            <ItemTitle>十二</ItemTitle>
            <ItemSentence>
              <Sentence>償還期限</Sentence>
            </ItemSentence>
          </Item>
          <Item Num="13">
            <ItemTitle>十三</ItemTitle>
            <ItemSentence>
              <Sentence>償還金額</Sentence>
            </ItemSentence>
          </Item>
          <Item Num="14">
            <ItemTitle>十四</ItemTitle>
            <ItemSentence>
              <Sentence>払込期日</Sentence>
            </ItemSentence>
          </Item>
          <Item Num="15">
            <ItemTitle>十五</ItemTitle>
            <ItemSentence>
              <Sentence>払込場所</Sentence>
            </ItemSentence>
          </Item>
          <Item Num="16">
            <ItemTitle>十六</ItemTitle>
            <ItemSentence>
              <Sentence>中途換金の取扱い</Sentence>
            </ItemSentence>
          </Item>
          <Item Num="17">
            <ItemTitle>十七</ItemTitle>
            <ItemSentence>
              <Sentence>その他必要な事項</Sentence>
            </ItemSentence>
          </Item>
        </Paragraph>
        <Paragraph Num="9">
          <ParagraphNum>９</ParagraphNum>
          <ParagraphSentence>
            <Sentence>日本銀行は、前項の規定による通知を受けたときは、通知された事項に従い、取扱機関に個人向け国債の募集の取扱いを行わせるものとする。</Sentence>
          </ParagraphSentence>
        </Paragraph>
        <Paragraph Num="10">
          <ParagraphNum>１０</ParagraphNum>
          <ParagraphSentence>
            <Sentence>日本銀行は、募集期間終了後、速やかに、当該募集の取扱いの状況についてとりまとめて、これを財務大臣に報告（発行省令第二条第二項に規定する電子情報処理組織を使用して行うものを含む。）するものとする。</Sentence>
          </ParagraphSentence>
        </Paragraph>
        <Paragraph Num="11">
          <ParagraphNum>１１</ParagraphNum>
          <ParagraphSentence>
            <Sentence>財務大臣は、前項の規定による報告に基づき、発行額その他当該個人向け国債の発行に関し必要な事項を決定し、これを日本銀行に通知するものとする。</Sentence>
          </ParagraphSentence>
        </Paragraph>
        <Paragraph Num="12">
          <ParagraphNum>１２</ParagraphNum>
          <ParagraphSentence>
            <Sentence>日本銀行は、前項の規定による通知を受けたときは、遅滞なく、取扱機関に、払込金の払込みをさせなければならない。</Sentence>
          </ParagraphSentence>
        </Paragraph>
        <Paragraph Num="13">
          <ParagraphNum>１３</ParagraphNum>
          <ParagraphSentence>
            <Sentence>日本銀行は、取扱機関から前項の払込金の払込みを受けたときは、当該取扱機関から報告を受けた振替法第九十二条第一項各号に掲げる事項についての通知を行うものとする。</Sentence>
          </ParagraphSentence>
        </Paragraph>
        <Paragraph Num="14">
          <ParagraphNum>１４</ParagraphNum>
          <ParagraphSentence>
            <Sentence>財務大臣は、個人向け国債を発行したときは、第八項各号（第四号から第六号まで及び第九号を除く。）に掲げる事項、発行額及び発行価格を告示するものとする。</Sentence>
          </ParagraphSentence>
        </Paragraph>
      </Article>
      <Article Num="5">
        <ArticleCaption>（譲渡制限等）</ArticleCaption>
        <ArticleTitle>第五条</ArticleTitle>
        <Paragraph Num="1">
          <ParagraphNum/>
          <ParagraphSentence>
            <Sentence>個人向け国債は、国債に関する法律第二条ノ二に規定する財務大臣の定める国債とし、同条に規定する者は、財務大臣が告示するものとする。</Sentence>
          </ParagraphSentence>
        </Paragraph>
      </Article>
      <Article Num="6">
        <ArticleCaption>（中途換金に関する事項）</ArticleCaption>
        <ArticleTitle>第六条</ArticleTitle>
        <Paragraph Num="1">
          <ParagraphNum/>
          <ParagraphSentence>
            <Sentence>個人向け国債の中途換金は、当該個人向け国債の第二期利子支払期以後において行われる場合に行うことができるものとする。</Sentence>
          </ParagraphSentence>
        </Paragraph>
        <Paragraph Num="2">
          <ParagraphNum>２</ParagraphNum>
          <ParagraphSentence>
            <Sentence>個人向け国債の中途換金を請求しようとする者は、取扱機関に対し、当該個人向け国債の買取りを請求するものとする。</Sentence>
          </ParagraphSentence>
        </Paragraph>
        <Paragraph Num="3">
          <ParagraphNum>３</ParagraphNum>
          <ParagraphSentence>
            <Sentence>取扱機関は、前項の規定による請求を受けたときは、遅滞なく、当該個人向け国債を買い取り、日本銀行に対して当該個人向け国債の買取りを請求するものとする。</Sentence>
          </ParagraphSentence>
        </Paragraph>
        <Paragraph Num="4">
          <ParagraphNum>４</ParagraphNum>
          <ParagraphSentence>
            <Sentence>日本銀行は、前項の規定による請求を受けたときは、遅滞なく、当該個人向け国債を買い取るものとする。</Sentence>
          </ParagraphSentence>
        </Paragraph>
        <Paragraph Num="5">
          <ParagraphNum>５</ParagraphNum>
          <ParagraphSentence>
            <Sentence>前二項の規定による買取りは、当該買取りに係る個人向け国債の金額に経過利子に相当する金額（当該買取りに係る個人向け国債を買い取る日の直前の利子支払期から当該買い取る日までの期間に対応する部分の利子に相当する金額をいう。）を加えた金額から中途換金調整額（当該買取りに係る個人向け国債を買い取る日の直前二期の利子支払期に支払われた利子に相当する金額にそれぞれ百分の七十九・六八五を乗じて得た額の合計額をいう。）を減じた金額（一円未満の端数があるときは、その端数金額は切り捨てるものとする。）によるものとする。</Sentence>
          </ParagraphSentence>
        </Paragraph>
      </Article>
      <Article Num="7">
        <ArticleCaption>（中途換金の特例）</ArticleCaption>
        <ArticleTitle>第七条</ArticleTitle>
        <Paragraph Num="1">
          <ParagraphNum/>
          <ParagraphSentence>
            <Sentence>前条第一項に規定する場合のほか、個人向け国債を有する者（相続税法（昭和二十五年法律第七十三号）第二十一条の四第一項に規定する特定障害者扶養信託契約の受益者及び所得税法等の一部を改正する法律（平成二十五年法律第五号）第三条の規定による改正前の相続税法第二十一条の四第一項に規定する特別障害者扶養信託契約の受益者を含む。）が次の各号のいずれかに該当することとなったときは、当該各号に定める者は、前条第一項に定める利子支払期前であっても、取扱機関に対し、当該個人向け国債に係る同条第二項の請求をすることができるものとする。</Sentence>
          </ParagraphSentence>
          <Item Num="1">
            <ItemTitle>一</ItemTitle>
            <ItemSentence>
              <Column Num="1">
                <Sentence>死亡したとき</Sentence>
              </Column>
              <Column Num="2">
                <Sentence>その相続人</Sentence>
              </Column>
            </ItemSentence>
          </Item>
          <Item Num="2">
            <ItemTitle>二</ItemTitle>
            <ItemSentence>
              <Column Num="1">
                <Sentence>その居住する市町村（特別区を含み、地方自治法（昭和二十二年法律第六十七号）第二百五十二条の十九第一項の指定都市にあっては、当該市又は当該市の区若しくは総合区とする。第三項において同じ。）の区域において、災害救助法（昭和二十二年法律第百十八号）による救助の行われる災害が発生し、当該災害にかかったとき</Sentence>
              </Column>
              <Column Num="2">
                <Sentence>当該個人向け国債を有する者</Sentence>
              </Column>
            </ItemSentence>
          </Item>
        </Paragraph>
        <Paragraph Num="2">
          <ParagraphNum>２</ParagraphNum>
          <ParagraphSentence>
            <Sentence>前項第一号の規定による請求をしようとする者は、取扱機関に対し、相続人たる地位を証明する書類、被相続人の死亡を公的機関が証明した書類その他の必要な書類を提出しなければならない。</Sentence>
          </ParagraphSentence>
        </Paragraph>
        <Paragraph Num="3">
          <ParagraphNum>３</ParagraphNum>
          <ParagraphSentence>
            <Sentence>第一項第二号の規定による請求をしようとする者は、取扱機関に対し、当該災害が発生した市町村の区域に居住していることを証明する書類、当該災害にかかったことを公的機関が証明した書類その他の必要な書類を提出しなければならない。</Sentence>
          </ParagraphSentence>
        </Paragraph>
        <Paragraph Num="4">
          <ParagraphNum>４</ParagraphNum>
          <ParagraphSentence>
            <Sentence>前条第五項の規定にかかわらず、第一項の規定による買取りは、次の各号に掲げる区分に応じ、当該各号に定める金額によるものとする。</Sentence>
          </ParagraphSentence>
          <Item Num="1">
            <ItemTitle>一</ItemTitle>
            <ItemSentence>
              <Column Num="1">
                <Sentence>当該個人向け国債を初期利子支払期から第二期利子支払期前までの間に買い取るとき</Sentence>
              </Column>
              <Column Num="2">
                <Sentence>当該買取りに係る個人向け国債の金額に経過利子に相当する金額（当該買取りに係る個人向け国債の初期利子支払期から当該買い取る日までの期間に対応する部分の利子に相当する金額をいう。以下この号において同じ。）を加えた金額から中途換金調整額（当該買取りに係る個人向け国債の初期利子支払期に支払われた利子に相当する金額に百分の七十九・六八五を乗じて得た額及び経過利子に相当する金額の合計額をいう。）を減じた金額（一円未満の端数があるときは、その端数金額は切り捨てるものとする。次号において同じ。）</Sentence>
              </Column>
            </ItemSentence>
          </Item>
          <Item Num="2">
            <ItemTitle>二</ItemTitle>
            <ItemSentence>
              <Column Num="1">
                <Sentence>当該個人向け国債を初期利子支払期前に買い取るとき</Sentence>
              </Column>
              <Column Num="2">
                <Sentence>当該買取りに係る個人向け国債の金額に経過利子に相当する金額（当該買取りに係る個人向け国債の発行日から当該買い取る日までの期間に対応する部分の利子に相当する金額をいう。以下この号において同じ。）を加えた金額から中途換金調整額（経過利子に相当する金額をいう。）を減じた金額</Sentence>
              </Column>
            </ItemSentence>
          </Item>
        </Paragraph>
      </Article>
      <Article Num="8">
        <ArticleCaption>（適用除外）</ArticleCaption>
        <ArticleTitle>第八条</ArticleTitle>
        <Paragraph Num="1">
          <ParagraphNum/>
          <ParagraphSentence>
            <Sentence>発行省令第八条の規定は、個人向け国債については、適用しない。</Sentence>
          </ParagraphSentence>
        </Paragraph>
      </Article>
    </MainProvision>
    <SupplProvision>
      <SupplProvisionLabel>附　則</SupplProvisionLabel>
      <Paragraph Num="1">
        <ParagraphNum/>
        <ParagraphSentence>
          <Sentence>この省令は、平成十五年一月六日から施行する。</Sentence>
        </ParagraphSentence>
      </Paragraph>
    </SupplProvision>
    <SupplProvision AmendLawNum="平成一五年三月二八日財務省令第一八号">
      <SupplProvisionLabel>附　則</SupplProvisionLabel>
      <Paragraph Num="1">
        <ParagraphNum/>
        <ParagraphSentence>
          <Sentence>この省令は、平成十五年四月一日から施行する。</Sentence>
        </ParagraphSentence>
      </Paragraph>
    </SupplProvision>
    <SupplProvision AmendLawNum="平成一七年三月三一日財務省令第二九号">
      <SupplProvisionLabel>附　則</SupplProvisionLabel>
      <Paragraph Num="1">
        <ParagraphNum/>
        <ParagraphSentence>
          <Sentence>この省令は、平成十七年四月一日から施行する。</Sentence>
        </ParagraphSentence>
      </Paragraph>
    </SupplProvision>
    <SupplProvision AmendLawNum="平成一七年一〇月一四日財務省令第八〇号">
      <SupplProvisionLabel>附　則</SupplProvisionLabel>
      <Paragraph Num="1">
        <ParagraphNum/>
        <ParagraphSentence>
          <Sentence>この省令は、平成十七年十二月一日から施行する。</Sentence>
        </ParagraphSentence>
      </Paragraph>
    </SupplProvision>
    <SupplProvision AmendLawNum="平成一八年三月二四日財務省令第一一号">
      <SupplProvisionLabel>附　則</SupplProvisionLabel>
      <Paragraph Num="1">
        <ParagraphNum/>
        <ParagraphSentence>
          <Sentence>この省令は、平成十八年四月一日から施行する。</Sentence>
        </ParagraphSentence>
      </Paragraph>
    </SupplProvision>
    <SupplProvision AmendLawNum="平成一九年七月二〇日財務省令第四三号" Extract="true">
      <SupplProvisionLabel>附　則</SupplProvisionLabel>
      <Paragraph Num="1">
        <ParagraphNum/>
        <ParagraphSentence>
          <Sentence Function="main" Num="1">この省令は、公布の日から施行する。</Sentence>
          <Sentence Function="proviso" Num="2">ただし、第二条の改正規定中個人向け国債の発行等に関する省令第六条及び第七条第四項の改正規定は、平成二十年四月十五日から施行する。</Sentence>
        </ParagraphSentence>
      </Paragraph>
    </SupplProvision>
    <SupplProvision AmendLawNum="平成一九年九月一四日財務省令第四九号" Extract="true">
      <SupplProvisionLabel>附　則</SupplProvisionLabel>
      <Article Num="1">
        <ArticleCaption>（施行期日）</ArticleCaption>
        <ArticleTitle>第一条</ArticleTitle>
        <Paragraph Num="1">
          <ParagraphNum/>
          <ParagraphSentence>
            <Sentence>この省令は、証券取引法等の一部を改正する法律の施行の日から施行する。</Sentence>
          </ParagraphSentence>
        </Paragraph>
      </Article>
    </SupplProvision>
    <SupplProvision AmendLawNum="平成一九年九月二八日財務省令第五七号" Extract="true">
      <SupplProvisionLabel>附　則</SupplProvisionLabel>
      <Article Num="1">
        <ArticleCaption>（施行期日）</ArticleCaption>
        <ArticleTitle>第一条</ArticleTitle>
        <Paragraph Num="1">
          <ParagraphNum/>
          <ParagraphSentence>
            <Sentence>この省令は、平成十九年十月一日から施行する。</Sentence>
          </ParagraphSentence>
        </Paragraph>
      </Article>
    </SupplProvision>
    <SupplProvision AmendLawNum="平成二〇年三月二五日財務省令第一二号">
      <SupplProvisionLabel>附　則</SupplProvisionLabel>
      <Paragraph Num="1">
        <ParagraphNum/>
        <ParagraphSentence>
          <Sentence>この省令は、平成二十年四月一日から施行する。</Sentence>
        </ParagraphSentence>
      </Paragraph>
    </SupplProvision>
    <SupplProvision AmendLawNum="平成二〇年九月三〇日財務省令第六一号" Extract="true">
      <SupplProvisionLabel>附　則</SupplProvisionLabel>
      <Article Num="1">
        <ArticleCaption>（施行期日）</ArticleCaption>
        <ArticleTitle>第一条</ArticleTitle>
        <Paragraph Num="1">
          <ParagraphNum/>
          <ParagraphSentence>
            <Sentence>この省令は、平成二十年十月一日から施行する。</Sentence>
          </ParagraphSentence>
        </Paragraph>
      </Article>
    </SupplProvision>
    <SupplProvision AmendLawNum="平成二〇年一二月二二日財務省令第八四号" Extract="true">
      <SupplProvisionLabel>附　則</SupplProvisionLabel>
      <Article Num="1">
        <ArticleCaption>（施行期日）</ArticleCaption>
        <ArticleTitle>第一条</ArticleTitle>
        <Paragraph Num="1">
          <ParagraphNum/>
          <ParagraphSentence>
            <Sentence>この省令は、株式等の取引に係る決済の合理化を図るための社債等の振替に関する法律等の一部を改正する法律の施行の日（平成二十一年一月五日）から施行する。</Sentence>
          </ParagraphSentence>
        </Paragraph>
      </Article>
    </SupplProvision>
    <SupplProvision AmendLawNum="平成二二年四月三〇日財務省令第三五号">
      <SupplProvisionLabel>附　則</SupplProvisionLabel>
      <Paragraph Num="1">
        <ParagraphNum/>
        <ParagraphSentence>
          <Sentence>この省令は、平成二十二年六月一日から施行する。</Sentence>
        </ParagraphSentence>
      </Paragraph>
    </SupplProvision>
    <SupplProvision AmendLawNum="平成二三年六月三〇日財務省令第四四号">
      <SupplProvisionLabel>附　則</SupplProvisionLabel>
      <Paragraph Num="1">
        <ParagraphNum/>
        <ParagraphSentence>
          <Sentence>この省令は、平成二十四年四月十五日から施行する。</Sentence>
        </ParagraphSentence>
      </Paragraph>
    </SupplProvision>
    <SupplProvision AmendLawNum="平成二四年五月八日財務省令第四三号">
      <SupplProvisionLabel>附　則</SupplProvisionLabel>
      <Paragraph Num="1">
        <ParagraphNum/>
        <ParagraphSentence>
          <Sentence>この省令は、平成二十五年一月十日から施行する。</Sentence>
        </ParagraphSentence>
      </Paragraph>
    </SupplProvision>
    <SupplProvision AmendLawNum="平成二五年三月三〇日財務省令第一八号" Extract="true">
      <SupplProvisionLabel>附　則</SupplProvisionLabel>
      <Article Num="1">
        <ArticleCaption>（施行期日）</ArticleCaption>
        <ArticleTitle>第一条</ArticleTitle>
        <Paragraph Num="1">
          <ParagraphNum/>
          <ParagraphSentence>
            <Sentence>この省令は、平成二十五年四月一日から施行する。</Sentence>
          </ParagraphSentence>
        </Paragraph>
      </Article>
    </SupplProvision>
    <SupplProvision AmendLawNum="平成二八年三月二五日財務省令第一三号">
      <SupplProvisionLabel>附　則</SupplProvisionLabel>
      <Paragraph Num="1">
        <ParagraphNum/>
        <ParagraphSentence>
          <Sentence>この省令は、平成二十八年四月一日から施行する。</Sentence>
        </ParagraphSentence>
      </Paragraph>
    </SupplProvision>
    <SupplProvision AmendLawNum="平成二八年四月一日財務省令第三四号">
      <SupplProvisionLabel>附　則</SupplProvisionLabel>
      <Paragraph Num="1">
        <ParagraphNum>１</ParagraphNum>
        <ParagraphSentence>
          <Sentence>この省令は、公布の日から施行する。</Sentence>
        </ParagraphSentence>
      </Paragraph>
      <Paragraph Num="2">
        <ParagraphNum>２</ParagraphNum>
        <ParagraphSentence>
          <Sentence>平成二十八年四月三十日以前に発行された個人向け国債の発行等に関する省令第二条に規定する個人向け国債については、なお従前の例による。</Sentence>
        </ParagraphSentence>
      </Paragraph>
    </SupplProvision>
  </LawBody>
</Law>
