<?xml version="1.0" encoding="UTF-8" standalone="no"?>
<Law Era="Heisei" Lang="ja" LawType="Rule" Num="1" Year="14">
  <LawNum>平成十四年司法試験管理委員会規則第一号</LawNum>
  <LawBody>
    <LawTitle>司法試験管理委員会の会議等に関する規則</LawTitle>
    <EnactStatement>司法試験管理委員会は、司法試験法（昭和二十四年法律第百四十号）第十七条第一項の規定に基づき、司法試験管理委員会の会議等に関する規則を次のように定める。</EnactStatement>
    <MainProvision>
      <Chapter Num="1">
        <ChapterTitle>第一章　総則</ChapterTitle>
        <Article Num="1">
          <ArticleCaption>（趣旨）</ArticleCaption>
          <ArticleTitle>第一条</ArticleTitle>
          <Paragraph Num="1">
            <ParagraphNum/>
            <ParagraphSentence>
              <Sentence>司法試験管理委員会の会議及び司法試験考査委員の会議については、この規則に定めるところによる。</Sentence>
            </ParagraphSentence>
          </Paragraph>
        </Article>
      </Chapter>
      <Chapter Num="2">
        <ChapterTitle>第二章　司法試験管理委員会の会議</ChapterTitle>
        <Article Num="2">
          <ArticleCaption>（会議の招集）</ArticleCaption>
          <ArticleTitle>第二条</ArticleTitle>
          <Paragraph Num="1">
            <ParagraphNum/>
            <ParagraphSentence>
              <Sentence>委員長は、次の場合に司法試験管理委員会の会議（以下「会議」という。）を招集する。</Sentence>
            </ParagraphSentence>
            <Item Num="1">
              <ItemTitle>一</ItemTitle>
              <ItemSentence>
                <Sentence>委員から議案の提出があったとき。</Sentence>
              </ItemSentence>
            </Item>
            <Item Num="2">
              <ItemTitle>二</ItemTitle>
              <ItemSentence>
                <Sentence>前号に掲げる場合のほか、委員長が必要があると認めたとき。</Sentence>
              </ItemSentence>
            </Item>
          </Paragraph>
          <Paragraph Num="2">
            <ParagraphNum>２</ParagraphNum>
            <ParagraphSentence>
              <Sentence>委員長は、会議を招集するときは、あらかじめその日時、場所及び議題を委員に通知しなければならない。</Sentence>
            </ParagraphSentence>
          </Paragraph>
        </Article>
        <Article Num="3">
          <ArticleCaption>（議長）</ArticleCaption>
          <ArticleTitle>第三条</ArticleTitle>
          <Paragraph Num="1">
            <ParagraphNum/>
            <ParagraphSentence>
              <Sentence>委員長は、会議の議長となり、会議の議事を主宰する。</Sentence>
            </ParagraphSentence>
          </Paragraph>
        </Article>
        <Article Num="4">
          <ArticleCaption>（議事）</ArticleCaption>
          <ArticleTitle>第四条</ArticleTitle>
          <Paragraph Num="1">
            <ParagraphNum/>
            <ParagraphSentence>
              <Sentence>会議は、委員の過半数の出席がなければ開くことができない。</Sentence>
            </ParagraphSentence>
          </Paragraph>
          <Paragraph Num="2">
            <ParagraphNum>２</ParagraphNum>
            <ParagraphSentence>
              <Sentence>会議の議事は、委員で会議に出席したものの過半数をもって決する。</Sentence>
            </ParagraphSentence>
          </Paragraph>
        </Article>
        <Article Num="5">
          <ArticleCaption>（委員以外の者の出席）</ArticleCaption>
          <ArticleTitle>第五条</ArticleTitle>
          <Paragraph Num="1">
            <ParagraphNum/>
            <ParagraphSentence>
              <Sentence>委員長が必要があると認めるとき又は会議において議決したときは、委員会の庶務を担当する職員及びその他の者の出席を求め、その説明又は意見を聴くことができる。</Sentence>
            </ParagraphSentence>
          </Paragraph>
        </Article>
        <Article Num="6">
          <ArticleCaption>（議事録）</ArticleCaption>
          <ArticleTitle>第六条</ArticleTitle>
          <Paragraph Num="1">
            <ParagraphNum/>
            <ParagraphSentence>
              <Sentence>会議を開いたときは、議事録を作成する。</Sentence>
            </ParagraphSentence>
          </Paragraph>
          <Paragraph Num="2">
            <ParagraphNum>２</ParagraphNum>
            <ParagraphSentence>
              <Sentence>議事録には、会議の日時、場所、出席者の氏名、議事又は会議の概要及び決議事項その他委員会が必要と認めた事項を記載する。</Sentence>
            </ParagraphSentence>
          </Paragraph>
        </Article>
        <Article Num="7">
          <ArticleCaption>（書面による議決）</ArticleCaption>
          <ArticleTitle>第七条</ArticleTitle>
          <Paragraph Num="1">
            <ParagraphNum/>
            <ParagraphSentence>
              <Sentence>委員会は、委員全員の同意がある場合には、書面により議決することができる。</Sentence>
            </ParagraphSentence>
          </Paragraph>
        </Article>
      </Chapter>
      <Chapter Num="3">
        <ChapterTitle>第三章　司法試験考査委員の会議</ChapterTitle>
        <Article Num="8">
          <ArticleCaption>（司法試験考査委員の会議）</ArticleCaption>
          <ArticleTitle>第八条</ArticleTitle>
          <Paragraph Num="1">
            <ParagraphNum/>
            <ParagraphSentence>
              <Sentence>司法試験考査委員（以下「考査委員」という。）の合議は、会議（以下「考査委員会議」という。）を開いて行う。</Sentence>
            </ParagraphSentence>
          </Paragraph>
        </Article>
        <Article Num="9">
          <ArticleCaption>（考査委員会議の招集）</ArticleCaption>
          <ArticleTitle>第九条</ArticleTitle>
          <Paragraph Num="1">
            <ParagraphNum/>
            <ParagraphSentence>
              <Sentence>委員長は、次の場合に考査委員会議を招集する。</Sentence>
            </ParagraphSentence>
            <Item Num="1">
              <ItemTitle>一</ItemTitle>
              <ItemSentence>
                <Sentence>司法試験法第八条第一項に規定する司法試験の合格者を定めるとき。</Sentence>
              </ItemSentence>
            </Item>
            <Item Num="2">
              <ItemTitle>二</ItemTitle>
              <ItemSentence>
                <Sentence>毎年度における司法試験の実施に関する事項を協議するとき。</Sentence>
              </ItemSentence>
            </Item>
          </Paragraph>
        </Article>
        <Article Num="10">
          <ArticleCaption>（議長）</ArticleCaption>
          <ArticleTitle>第十条</ArticleTitle>
          <Paragraph Num="1">
            <ParagraphNum/>
            <ParagraphSentence>
              <Sentence>考査委員会議に議長を置き、考査委員の互選によってこれを定める。</Sentence>
            </ParagraphSentence>
          </Paragraph>
          <Paragraph Num="2">
            <ParagraphNum>２</ParagraphNum>
            <ParagraphSentence>
              <Sentence>議長は、考査委員会議の議事を主宰する。</Sentence>
            </ParagraphSentence>
          </Paragraph>
          <Paragraph Num="3">
            <ParagraphNum>３</ParagraphNum>
            <ParagraphSentence>
              <Sentence>議長に事故があるときは、その都度考査委員のうちから互選された者が、その職務を行う。</Sentence>
            </ParagraphSentence>
          </Paragraph>
        </Article>
        <Article Num="11">
          <ArticleCaption>（議事）</ArticleCaption>
          <ArticleTitle>第十一条</ArticleTitle>
          <Paragraph Num="1">
            <ParagraphNum/>
            <ParagraphSentence>
              <Sentence>考査委員会議は、考査委員の三分の一以上の出席がなければ開くことができない。</Sentence>
            </ParagraphSentence>
          </Paragraph>
          <Paragraph Num="2">
            <ParagraphNum>２</ParagraphNum>
            <ParagraphSentence>
              <Sentence>考査委員会議の議事は、出席した考査委員の過半数で決し、可否同数のときは、議長の決するところによる。</Sentence>
            </ParagraphSentence>
          </Paragraph>
        </Article>
        <Article Num="12">
          <ArticleCaption>（司法試験管理委員会の委員の出席）</ArticleCaption>
          <ArticleTitle>第十二条</ArticleTitle>
          <Paragraph Num="1">
            <ParagraphNum/>
            <ParagraphSentence>
              <Sentence>司法試験管理委員会の委員は、考査委員会議に出席して意見を述べることができる。</Sentence>
            </ParagraphSentence>
          </Paragraph>
        </Article>
        <Article Num="13">
          <ArticleCaption>（考査委員会議の非公開）</ArticleCaption>
          <ArticleTitle>第十三条</ArticleTitle>
          <Paragraph Num="1">
            <ParagraphNum/>
            <ParagraphSentence>
              <Sentence>考査委員会議は、公開しない。</Sentence>
            </ParagraphSentence>
          </Paragraph>
        </Article>
        <Article Num="14">
          <ArticleCaption>（議事録）</ArticleCaption>
          <ArticleTitle>第十四条</ArticleTitle>
          <Paragraph Num="1">
            <ParagraphNum/>
            <ParagraphSentence>
              <Sentence>考査委員会議を開いたときは、議事録及び議事要旨を作成し、議事要旨については公開するものとする。</Sentence>
            </ParagraphSentence>
          </Paragraph>
          <Paragraph Num="2">
            <ParagraphNum>２</ParagraphNum>
            <ParagraphSentence>
              <Sentence>議事録には、会議の日時、場所、出席者の氏名、議事又は会議の概要及び決議事項を記載する。</Sentence>
            </ParagraphSentence>
          </Paragraph>
        </Article>
      </Chapter>
    </MainProvision>
    <SupplProvision Extract="true">
      <SupplProvisionLabel>附　則</SupplProvisionLabel>
      <Article Num="1">
        <ArticleCaption>（施行期日）</ArticleCaption>
        <ArticleTitle>第一条</ArticleTitle>
        <Paragraph Num="1">
          <ParagraphNum/>
          <ParagraphSentence>
            <Sentence>この規則は、公布の日から施行する。</Sentence>
          </ParagraphSentence>
        </Paragraph>
      </Article>
    </SupplProvision>
  </LawBody>
</Law>
