<?xml version="1.0" encoding="UTF-8" standalone="no"?>
<Law Era="Heisei" Lang="ja" LawType="CabinetOrder" Num="355" Year="15">
  <LawNum>平成十五年政令第三百五十五号</LawNum>
  <LawBody>
    <LawTitle>特殊開錠用具の所持の禁止等に関する法律施行令</LawTitle>
    <EnactStatement>内閣は、特殊開錠用具の所持の禁止等に関する法律（平成十五年法律第六十五号）第二条第二号及び第三号並びに第七条の規定に基づき、この政令を制定する。</EnactStatement>
    <MainProvision>
      <Article Delete="false" Hide="false" Num="1">
        <ArticleCaption>（特殊開錠用具）</ArticleCaption>
        <ArticleTitle>第一条</ArticleTitle>
        <Paragraph Hide="false" Num="1">
          <ParagraphNum/>
          <ParagraphSentence>
            <Sentence WritingMode="vertical">特殊開錠用具の所持の禁止等に関する法律（以下「法」という。）第二条第二号の政令で定める器具は、次に掲げるものとする。</Sentence>
          </ParagraphSentence>
          <Item Delete="false" Hide="false" Num="1">
            <ItemTitle>一</ItemTitle>
            <ItemSentence>
              <Sentence WritingMode="vertical">ピッキング用具（法第二条第二号に規定するピッキング用具をいう。）</Sentence>
            </ItemSentence>
          </Item>
          <Item Delete="false" Hide="false" Num="2">
            <ItemTitle>二</ItemTitle>
            <ItemSentence>
              <Sentence WritingMode="vertical">破壊用シリンダー回し（特定の型式の建物錠のシリンダーに挿入して強制的に回転させることによりこれを破壊するための器具をいう。）</Sentence>
            </ItemSentence>
          </Item>
          <Item Delete="false" Hide="false" Num="3">
            <ItemTitle>三</ItemTitle>
            <ItemSentence>
              <Sentence WritingMode="vertical">ホールソー（ドリルに取り付けて用いる筒状ののこぎりをいう。）のシリンダー用軸（特定の型式の建物錠のシリンダーに挿入して用いるための軸をいう。）</Sentence>
            </ItemSentence>
          </Item>
          <Item Delete="false" Hide="false" Num="4">
            <ItemTitle>四</ItemTitle>
            <ItemSentence>
              <Sentence WritingMode="vertical">サムターン回し（建物錠が設けられている戸の外側から挿入して当該建物錠のサムターン（かんぬきの開閉を行うためのつまみをいう。以下同じ。）を回転させるための器具をいう。）</Sentence>
            </ItemSentence>
          </Item>
        </Paragraph>
      </Article>
      <Article Delete="false" Hide="false" Num="2">
        <ArticleCaption>（指定侵入工具）</ArticleCaption>
        <ArticleTitle>第二条</ArticleTitle>
        <Paragraph Hide="false" Num="1">
          <ParagraphNum/>
          <ParagraphSentence>
            <Sentence WritingMode="vertical">法第二条第三号の政令で定める工具は、次に掲げるものとする。</Sentence>
          </ParagraphSentence>
          <Item Delete="false" Hide="false" Num="1">
            <ItemTitle>一</ItemTitle>
            <ItemSentence>
              <Sentence WritingMode="vertical">次のいずれにも該当するドライバー</Sentence>
            </ItemSentence>
            <Subitem1 Delete="false" Hide="false" Num="1">
              <Subitem1Title>イ</Subitem1Title>
              <Subitem1Sentence>
                <Sentence WritingMode="vertical">先端部が平らで、その幅が〇・五センチメートル以上であること。</Sentence>
              </Subitem1Sentence>
            </Subitem1>
            <Subitem1 Delete="false" Hide="false" Num="2">
              <Subitem1Title>ロ</Subitem1Title>
              <Subitem1Sentence>
                <Sentence WritingMode="vertical">長さ（専用の柄を取り付けることができるものにあっては、柄を取り付けたときの長さ）が十五センチメートル以上であること。</Sentence>
              </Subitem1Sentence>
            </Subitem1>
          </Item>
          <Item Delete="false" Hide="false" Num="2">
            <ItemTitle>二</ItemTitle>
            <ItemSentence>
              <Sentence WritingMode="vertical">次のいずれにも該当するバール</Sentence>
            </ItemSentence>
            <Subitem1 Delete="false" Hide="false" Num="1">
              <Subitem1Title>イ</Subitem1Title>
              <Subitem1Sentence>
                <Sentence WritingMode="vertical">作用する部分のいずれかの幅が二センチメートル以上であること。</Sentence>
              </Subitem1Sentence>
            </Subitem1>
            <Subitem1 Delete="false" Hide="false" Num="2">
              <Subitem1Title>ロ</Subitem1Title>
              <Subitem1Sentence>
                <Sentence WritingMode="vertical">長さが二十四センチメートル以上であること。</Sentence>
              </Subitem1Sentence>
            </Subitem1>
          </Item>
          <Item Delete="false" Hide="false" Num="3">
            <ItemTitle>三</ItemTitle>
            <ItemSentence>
              <Sentence WritingMode="vertical">ドリル（直径一センチメートル以上の刃が附属するものに限る。）</Sentence>
            </ItemSentence>
          </Item>
        </Paragraph>
      </Article>
      <Article Delete="false" Hide="false" Num="3">
        <ArticleCaption>（指定建物錠）</ArticleCaption>
        <ArticleTitle>第三条</ArticleTitle>
        <Paragraph Hide="false" Num="1">
          <ParagraphNum/>
          <ParagraphSentence>
            <Sentence WritingMode="vertical">法第七条の政令で定める建物錠は、次に掲げるものとする。</Sentence>
          </ParagraphSentence>
          <Item Delete="false" Hide="false" Num="1">
            <ItemTitle>一</ItemTitle>
            <ItemSentence>
              <Sentence WritingMode="vertical">シリンダー錠</Sentence>
            </ItemSentence>
          </Item>
          <Item Delete="false" Hide="false" Num="2">
            <ItemTitle>二</ItemTitle>
            <ItemSentence>
              <Sentence WritingMode="vertical">シリンダー</Sentence>
            </ItemSentence>
          </Item>
          <Item Delete="false" Hide="false" Num="3">
            <ItemTitle>三</ItemTitle>
            <ItemSentence>
              <Sentence WritingMode="vertical">サムターン</Sentence>
            </ItemSentence>
          </Item>
        </Paragraph>
      </Article>
    </MainProvision>
    <SupplProvision Extract="true" Type="New">
      <SupplProvisionLabel>附　則</SupplProvisionLabel>
      <Article Delete="false" Hide="false" Num="1">
        <ArticleCaption>（施行期日）</ArticleCaption>
        <ArticleTitle>第一条</ArticleTitle>
        <Paragraph Hide="false" Num="1">
          <ParagraphNum/>
          <ParagraphSentence>
            <Sentence Function="main" Num="1" WritingMode="vertical">この政令は、法の施行の日（平成十五年九月一日）から施行する。</Sentence>
            <Sentence Function="proviso" Num="2" WritingMode="vertical">ただし、第三条の規定は、法第七条の規定の施行の日から施行する。</Sentence>
          </ParagraphSentence>
        </Paragraph>
      </Article>
    </SupplProvision>
  </LawBody>
</Law>
