<?xml version="1.0" encoding="UTF-8" standalone="no"?>
<Law DataInfo="200107e80k80m01" Era="Heisei" Lang="ja" LawType="MinisterialOrdinance" Num="007" Year="15">
  <LawNum>平成十五年環境省令第七号</LawNum>
  <LawBody>
    <LawTitle>環境省の所管する法令に係る情報通信技術を活用した行政の推進等に関する法律施行規則</LawTitle>
    <MainProvision>
      <Article Delete="false" Hide="false" Num="1">
        <ArticleCaption>（趣旨）</ArticleCaption>
        <ArticleTitle>第一条</ArticleTitle>
        <Paragraph Hide="false" Num="1">
          <ParagraphNum/>
          <ParagraphSentence>
            <Sentence WritingMode="vertical">行政機関等に対して行うこととされ、又は行政機関等が行うこととしている環境省の所管する法令に係る手続等を、情報通信技術を活用した行政の推進等に関する法律（以下「法」という。）第六条から第九条までの規定に基づき、電子情報処理組織を使用する方法その他の情報通信の技術を利用する方法により行う場合については、他の法律及び法律に基づく命令（告示を含む。）、条例、地方公共団体の規則並びに地方公共団体の機関の定める規則及び規程に特別の定めのある場合を除くほか、この省令の定めるところによる。</Sentence>
          </ParagraphSentence>
        </Paragraph>
      </Article>
      <Article Delete="false" Hide="false" Num="2">
        <ArticleCaption>（定義）</ArticleCaption>
        <ArticleTitle>第二条</ArticleTitle>
        <Paragraph Hide="false" Num="1">
          <ParagraphNum/>
          <ParagraphSentence>
            <Sentence WritingMode="vertical">この省令で使用する用語は、法で使用する用語の例による。</Sentence>
          </ParagraphSentence>
        </Paragraph>
        <Paragraph Hide="false" Num="2">
          <ParagraphNum>２</ParagraphNum>
          <ParagraphSentence>
            <Sentence WritingMode="vertical">この省令において、次の各号に掲げる用語の意義は、それぞれ当該各号に定めるところによる。</Sentence>
          </ParagraphSentence>
          <Item Delete="false" Hide="false" Num="1">
            <ItemTitle>一</ItemTitle>
            <ItemSentence>
              <Column LineBreak="false" Num="1">
                <Sentence WritingMode="vertical">電子署名</Sentence>
              </Column>
              <Column LineBreak="false" Num="2">
                <Sentence WritingMode="vertical">電子署名及び認証業務に関する法律（平成十二年法律第百二号）第二条第一項に規定する電子署名をいう。</Sentence>
              </Column>
            </ItemSentence>
          </Item>
          <Item Delete="false" Hide="false" Num="2">
            <ItemTitle>二</ItemTitle>
            <ItemSentence>
              <Column LineBreak="false" Num="1">
                <Sentence WritingMode="vertical">電子証明書</Sentence>
              </Column>
              <Column LineBreak="false" Num="2">
                <Sentence WritingMode="vertical">申請等を行う者又は行政機関等が電子署名を行ったものであることを確認するために用いられる事項がこれらの者に係るものであることを証明するために作成する電磁的記録をいう。</Sentence>
              </Column>
            </ItemSentence>
          </Item>
        </Paragraph>
      </Article>
      <Article Delete="false" Hide="false" Num="3">
        <ArticleCaption>（申請等に係る電子情報処理組織）</ArticleCaption>
        <ArticleTitle>第三条</ArticleTitle>
        <Paragraph Hide="false" Num="1">
          <ParagraphNum/>
          <ParagraphSentence>
            <Sentence WritingMode="vertical">法第六条第一項に規定する電子情報処理組織は、行政機関等の使用に係る電子計算機と申請等をする者の使用に係る電子計算機であって環境大臣が告示で定める技術的基準に適合するものとを電気通信回線で接続した電子情報処理組織をいう。</Sentence>
          </ParagraphSentence>
        </Paragraph>
      </Article>
      <Article Delete="false" Hide="false" Num="4">
        <ArticleCaption>（電子情報処理組織による申請等）</ArticleCaption>
        <ArticleTitle>第四条</ArticleTitle>
        <Paragraph Hide="false" Num="1">
          <ParagraphNum/>
          <ParagraphSentence>
            <Sentence WritingMode="vertical">電子情報処理組織を使用する方法により申請等を行う者は、次の各号に掲げる事項を申請等をする者の使用に係る電子計算機から入力し、申請等を行わなければならない。</Sentence>
            <Sentence Function="proviso" Num="2" WritingMode="vertical"/>
          </ParagraphSentence>
          <Item Delete="false" Hide="false" Num="1">
            <ItemTitle>一</ItemTitle>
            <ItemSentence>
              <Sentence WritingMode="vertical">電子情報処理組織を使用して申請等を行う場合において従うこととされている様式であって、法第三条第一項に規定する行政機関等の使用に係る電子計算機に備えられたファイルから入手可能なものに記録すべき事項</Sentence>
            </ItemSentence>
          </Item>
          <Item Delete="false" Hide="false" Num="2">
            <ItemTitle>二</ItemTitle>
            <ItemSentence>
              <Sentence WritingMode="vertical">当該申請等を書面等により行う場合において法令の規定により添付すべきこととされている書面等又は電磁的記録に記載され、若しくは記録されている事項又は記載すべき若しくは記録すべき事項（前号に掲げる事項を除く。）</Sentence>
            </ItemSentence>
          </Item>
        </Paragraph>
        <Paragraph Num="2">
          <ParagraphNum>２</ParagraphNum>
          <ParagraphSentence>
            <Sentence>電子情報処理組織を使用して行政機関等が電子署名を要することとしている申請等を行う者は、前項の規定により入力する事項についての情報に電子署名を行い、当該電子署名に係る電子証明書（法第六条第一項に規定する行政機関等の使用に係る電子計算機から認証できるものに限る。）であって、次のいずれかに該当するものを当該申請等と併せて送信しなければならない。</Sentence>
          </ParagraphSentence>
          <Item Delete="false" Hide="false" Num="1">
            <ItemTitle>一</ItemTitle>
            <ItemSentence>
              <Sentence WritingMode="vertical">商業登記法（昭和三十八年法律第百二十五号）第十二条の二第一項及び第三項（これらの規定を他の法令の規定において準用する場合を含む。）の規定に基づき登記官が作成した電子証明書</Sentence>
            </ItemSentence>
          </Item>
          <Item Delete="false" Hide="false" Num="2">
            <ItemTitle>二</ItemTitle>
            <ItemSentence>
              <Sentence WritingMode="vertical">電子署名等に係る地方公共団体情報システム機構の認証業務に関する法律（平成十四年法律第百五十三号）第三条第一項に規定する署名用電子証明書</Sentence>
            </ItemSentence>
          </Item>
          <Item Delete="false" Hide="false" Num="3">
            <ItemTitle>三</ItemTitle>
            <ItemSentence>
              <Sentence WritingMode="vertical">電子署名及び認証業務に関する法律施行規則（平成十三年総務省・法務省・経済産業省令第二号）第四条第一号に規定する電子証明書</Sentence>
            </ItemSentence>
          </Item>
          <Item Delete="false" Hide="false" Num="4">
            <ItemTitle>四</ItemTitle>
            <ItemSentence>
              <Sentence WritingMode="vertical">行政機関等が作成する電子証明書</Sentence>
            </ItemSentence>
          </Item>
        </Paragraph>
        <Paragraph Hide="false" Num="3">
          <ParagraphNum>３</ParagraphNum>
          <ParagraphSentence>
            <Sentence Function="main" Num="1" WritingMode="vertical">電子情報処理組織を使用して行政機関等が識別番号及び暗証番号の入力を要することとしている申請等を行う者は、申請等を行う者の氏名又は名称その他必要な事項を行政機関等が指定する方法により届け出なければならない。</Sentence>
            <Sentence Function="proviso" Num="2" WritingMode="vertical">ただし、行政機関等からあらかじめ当該申請等に係る識別番号及び暗証番号の通知を受けている者については、この限りでない。</Sentence>
          </ParagraphSentence>
        </Paragraph>
        <Paragraph Hide="false" Num="4">
          <ParagraphNum>４</ParagraphNum>
          <ParagraphSentence>
            <Sentence WritingMode="vertical">行政機関等は、前項の届出を受けたときは、識別番号及び暗証番号を当該届出を行った者に通知するものとする。</Sentence>
          </ParagraphSentence>
        </Paragraph>
        <Paragraph Hide="false" Num="5">
          <ParagraphNum>５</ParagraphNum>
          <ParagraphSentence>
            <Sentence WritingMode="vertical">前項の規定による通知を受けた者は、第四項の規定により届け出た事項その他の行政機関等が指定する事項に変更があったとき、暗証番号を変更するとき又は識別番号及び暗証番号の使用を廃止するときは、遅滞なく、その旨を行政機関等が指定する方法により届け出なければならない。</Sentence>
          </ParagraphSentence>
        </Paragraph>
        <Paragraph Hide="false" Num="6">
          <ParagraphNum>６</ParagraphNum>
          <ParagraphSentence>
            <Sentence WritingMode="vertical">行政機関等は、前項の規定による暗証番号の変更の届出を受けたときは、新たな暗証番号を当該届出を行った者に通知するものとする。</Sentence>
          </ParagraphSentence>
        </Paragraph>
        <Paragraph Hide="false" Num="7">
          <ParagraphNum>７</ParagraphNum>
          <ParagraphSentence>
            <Sentence WritingMode="vertical">法令の規定により同一内容の書面等について複数通の提出を要する申請等を行う者が、第一項の規定により当該書面等のうち一通に記載すべき又は記載されている事項を入力した場合は、その他の同一内容の書面等に記載すべき又は記載されている事項の入力がなされたものとみなす。</Sentence>
          </ParagraphSentence>
        </Paragraph>
      </Article>
      <Article Delete="false" Hide="false" Num="5">
        <ArticleCaption>（署名等に代わる措置）</ArticleCaption>
        <ArticleTitle>第五条</ArticleTitle>
        <Paragraph Hide="false" Num="1">
          <ParagraphNum/>
          <ParagraphSentence>
            <Sentence WritingMode="vertical">法第六条第四項に規定する署名等に代えることができる氏名又は名称を明らかにする措置とは、第四条第一項の規定により入力する事項についての情報に電子署名を行い、第四条第二項各号に掲げる電子証明書を当該申請等と併せて送信すること又は第三項の識別番号及び暗証番号を入力して申請等を行うことをいう。</Sentence>
          </ParagraphSentence>
        </Paragraph>
        <Paragraph Hide="false" Num="2">
          <ParagraphNum>２</ParagraphNum>
          <ParagraphSentence>
            <Sentence WritingMode="vertical">法第七条第四項に規定する署名等に代えることができる氏名又は名称を明らかにする措置とは、電子情報処理組織を使用して行う処分通知等に記録された情報に電子署名を行うとともに、環境大臣が告示で定める電子証明書を当該処分通知等と併せて送信することをいう。</Sentence>
          </ParagraphSentence>
        </Paragraph>
        <Paragraph Hide="false" Num="3">
          <ParagraphNum>３</ParagraphNum>
          <ParagraphSentence>
            <Sentence WritingMode="vertical">法第九条第三項に規定する署名等に代えることができる氏名又は名称を明らかにする措置とは、電磁的記録により作成等が行われた情報に電子署名を行うとともに、環境大臣が告示で定める電子証明書を添付することをいう。</Sentence>
          </ParagraphSentence>
        </Paragraph>
      </Article>
      <Article Delete="false" Hide="false" Num="6">
        <ArticleCaption>（情報通信技術による手数料の納付）</ArticleCaption>
        <ArticleTitle>第六条</ArticleTitle>
        <Paragraph Hide="false" Num="1">
          <ParagraphNum/>
          <ParagraphSentence>
            <Sentence WritingMode="vertical">法第六条第五項に規定する電子情報処理組織を使用する方法その他の情報通信技術を利用する方法であって、前条第一項の規定により申請等を行った者が手数料を納付するときは、当該申請等を行ったことにより得られた納付情報により当該手数料を納付しなければならない。</Sentence>
          </ParagraphSentence>
        </Paragraph>
        <Paragraph Hide="false" Num="2">
          <ParagraphNum>２</ParagraphNum>
          <ParagraphSentence>
            <Sentence WritingMode="vertical">前条第一項の規定により申請等を行った者が法令の規定により収入印紙をもって納付しなければならないとされている手数料を納付するときは、当該手数料を収入印紙をもって納付しなければならないとする規定にかかわらず、当該手数料を現金で納付することができる。</Sentence>
          </ParagraphSentence>
        </Paragraph>
      </Article>
      <Article Delete="false" Hide="false" Num="7">
        <ArticleCaption>（申請等のうちに電子情報処理組織を使用する方法により行うことが困難又は著しく不適当と認められる部分がある場合）</ArticleCaption>
        <ArticleTitle>第七条</ArticleTitle>
        <Paragraph Hide="false" Num="1">
          <ParagraphNum/>
          <ParagraphSentence>
            <Sentence WritingMode="vertical">法第六条第六項に規定する電子情報処理組織を使用する方法により行うことが困難又は著しく不適当と認められる場合は、次に掲げる場合とする。</Sentence>
          </ParagraphSentence>
          <Item Delete="false" Hide="false" Num="1">
            <ItemTitle>一</ItemTitle>
            <ItemSentence>
              <Sentence WritingMode="vertical">申請等をする者について対面により本人確認をする必要があると行政機関等が認める場合</Sentence>
            </ItemSentence>
          </Item>
          <Item Delete="false" Hide="false" Num="2">
            <ItemTitle>二</ItemTitle>
            <ItemSentence>
              <Sentence WritingMode="vertical">申請等に係る書面等のうちにその原本を確認する必要があるものがあると行政機関等が認める場合</Sentence>
            </ItemSentence>
          </Item>
        </Paragraph>
        <Paragraph Hide="false" Num="2">
          <ParagraphNum>２</ParagraphNum>
          <ParagraphSentence>
            <Sentence WritingMode="vertical">前項の場合において、申請等のうちに電子情報処理組織を使用する方法により行うことが困難又は著しく不適当と認められる部分の提出は、電子情報処理組織を使用して申請等を行った日から一週間以内にしなければならない。</Sentence>
          </ParagraphSentence>
        </Paragraph>
      </Article>
      <Article Delete="false" Hide="false" Num="8">
        <ArticleCaption>（処分通知等に係る電子情報処理組織）</ArticleCaption>
        <ArticleTitle>第八条</ArticleTitle>
        <Paragraph Hide="false" Num="1">
          <ParagraphNum/>
          <ParagraphSentence>
            <Sentence WritingMode="vertical">法第七条第一項に規定する電子情報処理組織は、行政機関等の使用に係る電子計算機と処分通知等を受ける者の使用に係る電子計算機であって行政機関等の定める技術的基準に適合するものとを電気通信回線で接続した電子情報処理組織をいう。</Sentence>
          </ParagraphSentence>
        </Paragraph>
      </Article>
      <Article Delete="false" Hide="false" Num="9">
        <ArticleCaption>（電子情報処理組織による処分通知等）</ArticleCaption>
        <ArticleTitle>第九条</ArticleTitle>
        <Paragraph Hide="false" Num="1">
          <ParagraphNum/>
          <ParagraphSentence>
            <Sentence WritingMode="vertical">電子情報処理組織を使用する方法により処分通知等を行う行政機関等は、当該処分通知等につき規定した他の法令の規定において書面等に記載すべきこととされている事項を行政機関等の使用に係る電子計算機から入力し、当該事項についての情報に電子署名を行い、当該電子署名に係る電子証明書であって第四条第二項各号に掲げるものと併せて当該行政機関等の使用に係る電子計算機に備えられたファイルにこれを記録しなければならない。</Sentence>
          </ParagraphSentence>
        </Paragraph>
        <Paragraph Hide="false" Num="2">
          <ParagraphNum>２</ParagraphNum>
          <ParagraphSentence>
            <Sentence WritingMode="vertical">行政機関等は、処分通知等を受ける者が当該処分通知等をその使用に係る電子計算機に備えられたファイルに記録することが可能となったときから二十四時間以内に当該処分通知等を記録しない場合その他行政機関等が必要と認める場合は、前項の規定にかかわらず、書面等により当該処分通知等を行うことができる。</Sentence>
          </ParagraphSentence>
        </Paragraph>
      </Article>
      <Article Delete="false" Hide="false" Num="10">
        <ArticleCaption>（処分通知等を受ける旨の表示の方式）</ArticleCaption>
        <ArticleTitle>第十条</ArticleTitle>
        <Paragraph Hide="false" Num="1">
          <ParagraphNum/>
          <ParagraphSentence>
            <Sentence WritingMode="vertical">法第七条第一項ただし書に規定する電子情報処理組織を使用する方法は、次の各号に掲げるいずれかの方式とする。</Sentence>
          </ParagraphSentence>
          <Item Delete="false" Hide="false" Num="1">
            <ItemTitle>一</ItemTitle>
            <ItemSentence>
              <Sentence WritingMode="vertical">第八条の電子情報処理組織を使用して行う識別番号及び暗証番号の入力</Sentence>
            </ItemSentence>
          </Item>
          <Item Delete="false" Hide="false" Num="2">
            <ItemTitle>二</ItemTitle>
            <ItemSentence>
              <Sentence WritingMode="vertical">電子情報処理組織を使用する方法により処分通知等を受けることを希望する旨の行政機関等の定めるところによる届出</Sentence>
            </ItemSentence>
          </Item>
        </Paragraph>
      </Article>
      <Article Delete="false" Hide="false" Num="11">
        <ArticleCaption>（処分通知等のうちに電子情報処理組織を使用する方法により行うことが困難又は著しく不適当と認められる部分がある場合）</ArticleCaption>
        <ArticleTitle>第十一条</ArticleTitle>
        <Paragraph Hide="false" Num="1">
          <ParagraphNum/>
          <ParagraphSentence>
            <Sentence WritingMode="vertical">法第七条第五項に規定する処分通知等のうちに電子情報処理組織を使用する方法により行うことが困難又は著しく不適当と認められる部分がある場合は、次に掲げる場合とする。</Sentence>
          </ParagraphSentence>
          <Item Delete="false" Hide="false" Num="1">
            <ItemTitle>一</ItemTitle>
            <ItemSentence>
              <Sentence WritingMode="vertical">処分通知等を受ける者について対面により本人確認をする必要があると行政機関等が認める場合</Sentence>
            </ItemSentence>
          </Item>
          <Item Delete="false" Hide="false" Num="2">
            <ItemTitle>二</ItemTitle>
            <ItemSentence>
              <Sentence WritingMode="vertical">処分通知等に係る書面等のうちにその原本を交付する必要があるものがあると行政機関等が認める場合</Sentence>
            </ItemSentence>
          </Item>
        </Paragraph>
      </Article>
      <Article Delete="false" Hide="false" Num="12">
        <ArticleCaption>（電磁的記録による縦覧等）</ArticleCaption>
        <ArticleTitle>第十二条</ArticleTitle>
        <Paragraph Hide="false" Num="1">
          <ParagraphNum/>
          <ParagraphSentence>
            <Sentence WritingMode="vertical">行政機関等が、法第八条第一項の規定により電磁的に記録されている事項を同項の規定により縦覧等をする場合においては、当該事項をインターネットを利用する方法、行政機関等の事務所に備え置く電子計算機の映像面に表示する方法又は電磁的記録に記録されている事項を記載した書類による方法により縦覧等を行うものとする。</Sentence>
          </ParagraphSentence>
        </Paragraph>
      </Article>
      <Article Delete="false" Hide="false" Num="13">
        <ArticleCaption>（電磁的記録による作成等）</ArticleCaption>
        <ArticleTitle>第十三条</ArticleTitle>
        <Paragraph Hide="false" Num="1">
          <ParagraphNum/>
          <ParagraphSentence>
            <Sentence WritingMode="vertical">行政機関等が、法第九条第一項の規定により電磁的に記録の作成等をする場合においては、当該事項を行政機関等の使用に係る電子計算機に備えられたファイルに記録する方法又は磁気ディスク（これに準ずる方法により一定の事項を確実に記録しておくことができる物を含む。）をもって調製する方法により作成等を行うものとする。</Sentence>
          </ParagraphSentence>
        </Paragraph>
      </Article>
    </MainProvision>
    <SupplProvision>
      <SupplProvisionLabel>附　則</SupplProvisionLabel>
      <Paragraph Hide="false" Num="1">
        <ParagraphNum/>
        <ParagraphSentence>
          <Sentence WritingMode="vertical">この省令は、平成十五年三月三十一日から施行する。</Sentence>
        </ParagraphSentence>
      </Paragraph>
    </SupplProvision>
    <SupplProvision AmendLawNum="平成一六年三月二九日環境省令第七号">
      <SupplProvisionLabel>附　則</SupplProvisionLabel>
      <Paragraph Hide="false" Num="1">
        <ParagraphNum/>
        <ParagraphSentence>
          <Sentence WritingMode="vertical">この省令は、平成十六年三月二十九日から施行する。</Sentence>
        </ParagraphSentence>
      </Paragraph>
    </SupplProvision>
    <SupplProvision AmendLawNum="平成一七年三月四日環境省令第三号">
      <SupplProvisionLabel>附　則</SupplProvisionLabel>
      <Paragraph Hide="false" Num="1">
        <ParagraphNum/>
        <ParagraphSentence>
          <Sentence WritingMode="vertical">この省令は、不動産登記法の施行の日（平成十七年三月七日）から施行する。</Sentence>
        </ParagraphSentence>
      </Paragraph>
    </SupplProvision>
    <SupplProvision AmendLawNum="平成二二年一〇月一日環境省令第二二号">
      <SupplProvisionLabel>附　則</SupplProvisionLabel>
      <Article Delete="false" Hide="false" Num="1">
        <ArticleCaption>（施行期日）</ArticleCaption>
        <ArticleTitle>第一条</ArticleTitle>
        <Paragraph Hide="false" Num="1">
          <ParagraphNum/>
          <ParagraphSentence>
            <Sentence Function="main" Num="1" WritingMode="vertical">この省令は、平成二十三年四月一日から施行する。</Sentence>
            <Sentence Function="proviso" Num="2" WritingMode="vertical">ただし、第三条第三項の次に四項を加える改正規定は、平成二十三年十一月一日から施行する。</Sentence>
          </ParagraphSentence>
        </Paragraph>
      </Article>
      <Article Delete="false" Hide="false" Num="2">
        <ArticleCaption>（経過措置）</ArticleCaption>
        <ArticleTitle>第二条</ArticleTitle>
        <Paragraph Hide="false" Num="1">
          <ParagraphNum/>
          <ParagraphSentence>
            <Sentence WritingMode="vertical">この省令の施行の日前に改正前の環境省の所管する法令に係る行政手続等における情報通信の技術の利用に関する法律施行規則第三条第一項の規定により行われた申請等については、なお従前の例による。</Sentence>
          </ParagraphSentence>
        </Paragraph>
      </Article>
    </SupplProvision>
    <SupplProvision AmendLawNum="平成二七年八月一三日環境省令第二九号">
      <SupplProvisionLabel>附　則</SupplProvisionLabel>
      <Paragraph Hide="false" Num="1">
        <ParagraphNum/>
        <ParagraphSentence>
          <Sentence WritingMode="vertical">この省令は、行政手続における特定の個人を識別するための番号の利用等に関する法律（平成二十五年法律第二十七号）附則第一条第四号に掲げる規定の施行の日から施行する。</Sentence>
        </ParagraphSentence>
      </Paragraph>
    </SupplProvision>
    <SupplProvision AmendLawNum="令和元年一二月一三日環境省令第一七号" Type="Amend">
      <SupplProvisionLabel>附　則</SupplProvisionLabel>
      <Paragraph Hide="false" Num="1">
        <ParagraphNum/>
        <ParagraphSentence>
          <Sentence WritingMode="vertical">この省令は、情報通信技術の活用による行政手続等に係る関係者の利便性の向上並びに行政運営の簡素化及び効率化を図るための行政手続等における情報通信の技術の利用に関する法律等の一部を改正する法律（令和元年法律第十六号）の施行の日から施行する。</Sentence>
        </ParagraphSentence>
      </Paragraph>
    </SupplProvision>
  </LawBody>
</Law>
