<?xml version="1.0" encoding="UTF-8" standalone="no"?>
<Law DataInfo="200221e81k80m01" Era="Heisei" Lang="ja" LawType="MinisterialOrdinance" Num="148" Year="15">
  <LawNum>平成十五年厚生労働省令第百四十八号</LawNum>
  <LawBody>
    <LawTitle>独立行政法人福祉医療機構の業務運営、財務及び会計並びに人事管理に関する省令</LawTitle>
    <EnactStatement>独立行政法人通則法（平成十一年法律第百三号）第二十八条第二項、第三十条第一項及び第二項第七号、第三十一条第一項、第三十二条第一項、第三十三条、第三十四条第一項、第三十七条、第三十八条第一項及び第四項、第四十八条第一項並びに第五十条、独立行政法人福祉医療機構法（平成十四年法律第百六十六号）第十六条第五項、独立行政法人の組織、運営及び管理に係る共通的な事項に関する政令（平成十二年政令第三百十六号）第五条第二項並びに独立行政法人福祉医療機構法施行令（平成十五年政令第三百九十三号）第一条第四号及び第八条第二項の規定に基づき、並びに同法を実施するため、独立行政法人福祉医療機構の業務運営並びに財務及び会計に関する省令を次のように定める。</EnactStatement>
    <MainProvision>
      <Article Num="1">
        <ArticleCaption>（施行令第一条第四号イの厚生労働省令で定める便宜）</ArticleCaption>
        <ArticleTitle>第一条</ArticleTitle>
        <Paragraph Num="1">
          <ParagraphNum/>
          <ParagraphSentence>
            <Sentence Num="1" WritingMode="vertical">独立行政法人福祉医療機構法施行令（第二条の三において「施行令」という。）第一条第四号イの厚生労働省令で定める便宜は、入浴、給食、介護方法の指導、生活指導、養護その他の身体上若しくは精神上の障害があって日常生活を営むのに支障がある老人又はその者を現に養護する者に必要な便宜とする。</Sentence>
          </ParagraphSentence>
        </Paragraph>
      </Article>
      <Article Num="2">
        <ArticleCaption>（通則法第八条第三項の主務省令で定める重要な財産）</ArticleCaption>
        <ArticleTitle>第二条</ArticleTitle>
        <Paragraph Num="1">
          <ParagraphNum/>
          <ParagraphSentence>
            <Sentence Num="1" WritingMode="vertical">独立行政法人福祉医療機構（以下「機構」という。）に係る独立行政法人通則法（以下「通則法」という。）第八条第三項の主務省令で定める重要な財産は、その保有する財産であって、その通則法第四十六条の二第一項又は第二項の認可に係る申請の日（各項ただし書の場合にあっては、当該財産の処分に関する計画を定めた通則法第三十条第一項の中期計画の認可に係る申請の日）における帳簿価額（現金及び預金にあっては、申請の日におけるその額）が五十万円以上のもの（その性質上通則法第四十六条の二の規定により処分することが不適当なものを除く。）その他厚生労働大臣が定める財産とする。</Sentence>
          </ParagraphSentence>
        </Paragraph>
      </Article>
      <Article Num="2_2">
        <ArticleCaption>（監査報告の作成）</ArticleCaption>
        <ArticleTitle>第二条の二</ArticleTitle>
        <Paragraph Num="1">
          <ParagraphNum/>
          <ParagraphSentence>
            <Sentence Num="1" WritingMode="vertical">機構に係る通則法第十九条第四項の規定により主務省令で定める事項については、この条の定めるところによる。</Sentence>
          </ParagraphSentence>
        </Paragraph>
        <Paragraph Num="2">
          <ParagraphNum>２</ParagraphNum>
          <ParagraphSentence>
            <Sentence Num="1" WritingMode="vertical">監事は、その職務を適切に遂行するため、次に掲げる者との意思疎通を図り、情報の収集及び監査の環境の整備に努めなければならない。</Sentence>
            <Sentence Num="2" WritingMode="vertical">この場合において、役員（監事を除く。第一号及び第五項において同じ。）は、監事の職務の執行のための必要な体制の整備に留意しなければならない。</Sentence>
          </ParagraphSentence>
          <Item Num="1">
            <ItemTitle>一</ItemTitle>
            <ItemSentence>
              <Sentence Num="1" WritingMode="vertical">機構の役員及び職員</Sentence>
            </ItemSentence>
          </Item>
          <Item Num="2">
            <ItemTitle>二</ItemTitle>
            <ItemSentence>
              <Sentence Num="1" WritingMode="vertical">その他監事が適切に職務を遂行するに当たり意思疎通を図るべき者</Sentence>
            </ItemSentence>
          </Item>
        </Paragraph>
        <Paragraph Num="3">
          <ParagraphNum>３</ParagraphNum>
          <ParagraphSentence>
            <Sentence Num="1" WritingMode="vertical">前項の規定は、監事が公正不偏の態度及び独立の立場を保持することができなくなるおそれのある関係の創設及び維持を認めるものと解してはならない。</Sentence>
          </ParagraphSentence>
        </Paragraph>
        <Paragraph Num="4">
          <ParagraphNum>４</ParagraphNum>
          <ParagraphSentence>
            <Sentence Num="1" WritingMode="vertical">監事は、その職務の遂行に当たり、必要に応じ、機構の他の監事との意思疎通及び情報の交換を図るよう努めなければならない。</Sentence>
          </ParagraphSentence>
        </Paragraph>
        <Paragraph Num="5">
          <ParagraphNum>５</ParagraphNum>
          <ParagraphSentence>
            <Sentence Num="1" WritingMode="vertical">監査報告には、次に掲げる事項を記載しなければならない。</Sentence>
          </ParagraphSentence>
          <Item Num="1">
            <ItemTitle>一</ItemTitle>
            <ItemSentence>
              <Sentence Num="1" WritingMode="vertical">監事の監査の方法及びその内容</Sentence>
            </ItemSentence>
          </Item>
          <Item Num="2">
            <ItemTitle>二</ItemTitle>
            <ItemSentence>
              <Sentence Num="1" WritingMode="vertical">機構の業務が、法令等に従って適正に実施されているかどうか及び中期目標の着実な達成に向け効果的かつ効率的に実施されているかどうかについての意見</Sentence>
            </ItemSentence>
          </Item>
          <Item Num="3">
            <ItemTitle>三</ItemTitle>
            <ItemSentence>
              <Sentence Num="1" WritingMode="vertical">機構の役員の職務の執行が法令等に適合することを確保するための体制その他機構の業務の適正を確保するための体制の整備及び運用についての意見</Sentence>
            </ItemSentence>
          </Item>
          <Item Num="4">
            <ItemTitle>四</ItemTitle>
            <ItemSentence>
              <Sentence Num="1" WritingMode="vertical">機構の役員の職務の遂行に関し、不正の行為又は法令等に違反する重大な事実があったときは、その事実</Sentence>
            </ItemSentence>
          </Item>
          <Item Num="5">
            <ItemTitle>五</ItemTitle>
            <ItemSentence>
              <Sentence Num="1" WritingMode="vertical">監査のため必要な調査ができなかったときは、その旨及びその理由</Sentence>
            </ItemSentence>
          </Item>
          <Item Num="6">
            <ItemTitle>六</ItemTitle>
            <ItemSentence>
              <Sentence Num="1" WritingMode="vertical">監査報告を作成した日</Sentence>
            </ItemSentence>
          </Item>
        </Paragraph>
      </Article>
      <Article Num="2_3">
        <ArticleCaption>（監事の調査の対象となる書類）</ArticleCaption>
        <ArticleTitle>第二条の三</ArticleTitle>
        <Paragraph Num="1">
          <ParagraphNum/>
          <ParagraphSentence>
            <Sentence Num="1" WritingMode="vertical">機構に係る通則法第十九条第六項第二号に規定する主務省令で定める書類は、独立行政法人福祉医療機構法（以下「機構法」という。）、施行令及びこの省令の規定に基づき厚生労働大臣に提出する書類とする。</Sentence>
          </ParagraphSentence>
        </Paragraph>
      </Article>
      <Article Num="2_4">
        <ArticleCaption>（業務方法書の記載事項）</ArticleCaption>
        <ArticleTitle>第二条の四</ArticleTitle>
        <Paragraph Num="1">
          <ParagraphNum/>
          <ParagraphSentence>
            <Sentence Num="1" WritingMode="vertical">機構に係る通則法第二十八条第二項の主務省令で定める事項は、次のとおりとする。</Sentence>
          </ParagraphSentence>
          <Item Num="1">
            <ItemTitle>一</ItemTitle>
            <ItemSentence>
              <Sentence Num="1" WritingMode="vertical">機構法第十二条第一項第一号に規定する資金の貸付けに関する事項</Sentence>
            </ItemSentence>
          </Item>
          <Item Num="2">
            <ItemTitle>二</ItemTitle>
            <ItemSentence>
              <Sentence Num="1" WritingMode="vertical">機構法第十二条第一項第二号に規定する資金の貸付けに関する事項</Sentence>
            </ItemSentence>
          </Item>
          <Item Num="3">
            <ItemTitle>三</ItemTitle>
            <ItemSentence>
              <Sentence Num="1" WritingMode="vertical">機構法第十二条第一項第三号に規定する資金の貸付けに関する事項</Sentence>
            </ItemSentence>
          </Item>
          <Item Num="4">
            <ItemTitle>四</ItemTitle>
            <ItemSentence>
              <Sentence Num="1" WritingMode="vertical">機構法第十二条第一項第四号に規定する社会福祉事業施設又は病院等の経営の診断又は指導に関する事項</Sentence>
            </ItemSentence>
          </Item>
          <Item Num="5">
            <ItemTitle>五</ItemTitle>
            <ItemSentence>
              <Sentence Num="1" WritingMode="vertical">機構法第十二条第一項第五号に規定する資金の貸付けに関する事項</Sentence>
            </ItemSentence>
          </Item>
          <Item Num="6">
            <ItemTitle>六</ItemTitle>
            <ItemSentence>
              <Sentence Num="1" WritingMode="vertical">機構法第十二条第一項第六号に規定する資金の貸付けに関する事項</Sentence>
            </ItemSentence>
          </Item>
          <Item Num="7">
            <ItemTitle>七</ItemTitle>
            <ItemSentence>
              <Sentence Num="1" WritingMode="vertical">機構法第十二条第一項第七号に規定する助成に関する事項</Sentence>
            </ItemSentence>
          </Item>
          <Item Num="8">
            <ItemTitle>八</ItemTitle>
            <ItemSentence>
              <Sentence Num="1" WritingMode="vertical">機構法第十二条第一項第八号に規定する調査研究、知識の普及及び研修に関する事項</Sentence>
            </ItemSentence>
          </Item>
          <Item Num="9">
            <ItemTitle>九</ItemTitle>
            <ItemSentence>
              <Sentence Num="1" WritingMode="vertical">機構法第十二条第一項第九号に規定する退職手当金の支給に関する業務に関する事項</Sentence>
            </ItemSentence>
          </Item>
          <Item Num="10">
            <ItemTitle>十</ItemTitle>
            <ItemSentence>
              <Sentence Num="1" WritingMode="vertical">機構法第十二条第一項第十号に規定する心身障害者扶養保険事業に関する業務に関する事項</Sentence>
            </ItemSentence>
          </Item>
          <Item Num="11">
            <ItemTitle>十一</ItemTitle>
            <ItemSentence>
              <Sentence Num="1" WritingMode="vertical">機構法第十二条第一項第十一号に規定する情報システムの整備及び管理に関する事項</Sentence>
            </ItemSentence>
          </Item>
          <Item Num="12">
            <ItemTitle>十二</ItemTitle>
            <ItemSentence>
              <Sentence Num="1" WritingMode="vertical">機構法第十二条第一項第十二号に規定する資金の貸付けに関する事項</Sentence>
            </ItemSentence>
          </Item>
          <Item Num="13">
            <ItemTitle>十三</ItemTitle>
            <ItemSentence>
              <Sentence Num="1" WritingMode="vertical">機構法第十二条第一項第十三号に規定する資金の貸付けに関する事項</Sentence>
            </ItemSentence>
          </Item>
          <Item Num="14">
            <ItemTitle>十四</ItemTitle>
            <ItemSentence>
              <Sentence Num="1" WritingMode="vertical">業務委託の基準</Sentence>
            </ItemSentence>
          </Item>
          <Item Num="15">
            <ItemTitle>十五</ItemTitle>
            <ItemSentence>
              <Sentence Num="1" WritingMode="vertical">競争入札その他契約に関する基本的事項</Sentence>
            </ItemSentence>
          </Item>
          <Item Num="16">
            <ItemTitle>十六</ItemTitle>
            <ItemSentence>
              <Sentence Num="1" WritingMode="vertical">その他機構の業務の執行に関して必要な事項</Sentence>
            </ItemSentence>
          </Item>
        </Paragraph>
      </Article>
      <Article Num="3">
        <ArticleCaption>（中期計画の認可の申請）</ArticleCaption>
        <ArticleTitle>第三条</ArticleTitle>
        <Paragraph Num="1">
          <ParagraphNum/>
          <ParagraphSentence>
            <Sentence Num="1" WritingMode="vertical">機構は、通則法第三十条第一項の規定により中期計画の認可を受けようとするときは、当該中期計画の最初の事業年度開始の日の三十日前までに（機構の最初の事業年度の属する中期計画については、機構の成立後遅滞なく）、当該中期計画を記載した申請書を厚生労働大臣に提出しなければならない。</Sentence>
          </ParagraphSentence>
        </Paragraph>
        <Paragraph Num="2">
          <ParagraphNum>２</ParagraphNum>
          <ParagraphSentence>
            <Sentence Num="1" WritingMode="vertical">機構は、通則法第三十条第一項後段の規定により中期計画の変更の認可を受けようとするときは、変更しようとする事項及びその理由を記載した申請書を厚生労働大臣に提出しなければならない。</Sentence>
          </ParagraphSentence>
        </Paragraph>
      </Article>
      <Article Num="4">
        <ArticleCaption>（中期計画の記載事項）</ArticleCaption>
        <ArticleTitle>第四条</ArticleTitle>
        <Paragraph Num="1">
          <ParagraphNum/>
          <ParagraphSentence>
            <Sentence Num="1" WritingMode="vertical">機構に係る通則法第三十条第二項第八号の主務省令で定める業務運営に関する事項は、次のとおりとする。</Sentence>
          </ParagraphSentence>
          <Item Num="1">
            <ItemTitle>一</ItemTitle>
            <ItemSentence>
              <Sentence Num="1" WritingMode="vertical">施設及び設備に関する計画</Sentence>
            </ItemSentence>
          </Item>
          <Item Num="2">
            <ItemTitle>二</ItemTitle>
            <ItemSentence>
              <Sentence Num="1" WritingMode="vertical">職員の人事に関する計画（人員及び人件費の効率化に関する目標を含む。）</Sentence>
            </ItemSentence>
          </Item>
          <Item Num="3">
            <ItemTitle>三</ItemTitle>
            <ItemSentence>
              <Sentence Num="1" WritingMode="vertical">機構法第十六条第一項に規定する積立金の処分に関する事項</Sentence>
            </ItemSentence>
          </Item>
        </Paragraph>
      </Article>
      <Article Num="5">
        <ArticleCaption>（年度計画の記載事項等）</ArticleCaption>
        <ArticleTitle>第五条</ArticleTitle>
        <Paragraph Num="1">
          <ParagraphNum/>
          <ParagraphSentence>
            <Sentence Num="1" WritingMode="vertical">機構に係る通則法第三十一条第一項に規定する年度計画には、中期計画に定めた事項に関し、当該事業年度において実施すべき事項を記載しなければならない。</Sentence>
          </ParagraphSentence>
        </Paragraph>
        <Paragraph Num="2">
          <ParagraphNum>２</ParagraphNum>
          <ParagraphSentence>
            <Sentence Num="1" WritingMode="vertical">機構は、通則法第三十一条第一項後段の規定により年度計画の変更をしたときは、変更した事項及びその理由を記載した届出書を厚生労働大臣に提出しなければならない。</Sentence>
          </ParagraphSentence>
        </Paragraph>
      </Article>
      <Article Num="6">
        <ArticleCaption>（業務実績等報告書）</ArticleCaption>
        <ArticleTitle>第六条</ArticleTitle>
        <Paragraph Num="1">
          <ParagraphNum/>
          <ParagraphSentence>
            <Sentence Num="1" WritingMode="vertical">機構に係る通則法第三十二条第二項の報告書には、当該報告書が次の表の上欄に掲げる報告書のいずれに該当するかに応じ、同表の下欄に掲げる事項を記載しなければならない。</Sentence>
            <Sentence Num="2" WritingMode="vertical">その際、機構は、当該報告書が同条第一項の評価の根拠となる情報を提供するために作成されるものであることに留意しつつ、機構の事務及び事業の性質、内容等に応じて区分して同欄に掲げる事項を記載するものとする。</Sentence>
          </ParagraphSentence>
          <TableStruct>
            <Table WritingMode="vertical">
              <TableRow>
                <TableColumn BorderBottom="solid" BorderRight="solid">
                  <Sentence Num="1" WritingMode="vertical">一　事業年度における業務の実績及び当該実績について自ら評価を行った結果を明らかにした報告書</Sentence>
                </TableColumn>
                <TableColumn BorderBottom="solid" BorderRight="solid">
                  <Sentence Num="1" WritingMode="vertical">一　当該事業年度における業務の実績。なお、当該業務の実績は、当該業務が通則法第二十九条第二項第二号に掲げる事項に係るものである場合には次のイからニまで、同項第三号から第五号までに掲げる事項に係るものである場合には次のイからハまでに掲げる事項を明らかにしたものでなければならない。</Sentence>
                  <Sentence Num="2" WritingMode="vertical">イ　中期計画及び年度計画の実施状況</Sentence>
                  <Sentence Num="3" WritingMode="vertical">ロ　当該事業年度における業務運営の状況</Sentence>
                  <Sentence Num="4" WritingMode="vertical">ハ　当該業務に係る指標がある場合には、当該指標及び当該事業年度の属する中期目標の期間における当該事業年度以前の毎年度の当該指標の数値</Sentence>
                  <Sentence Num="5" WritingMode="vertical">ニ　当該事業年度の属する中期目標の期間における当該事業年度以前の毎年度の当該業務に係る財務情報及び人員に関する情報</Sentence>
                  <Sentence Num="6" WritingMode="vertical">二　当該業務が通則法第二十九条第二項第二号から第五号までに掲げる事項に係るものである場合には、前号に掲げる業務の実績について機構が評価を行った結果。なお、当該評価を行った結果は、次のイからハまでに掲げる事項を明らかにしたものでなければならない。</Sentence>
                  <Sentence Num="7" WritingMode="vertical">イ　中期目標に定めた項目ごとの評定及び当該評定を付した理由</Sentence>
                  <Sentence Num="8" WritingMode="vertical">ロ　業務運営上の課題が検出された場合には、当該課題及び当該課題に対する改善方策</Sentence>
                  <Sentence Num="9" WritingMode="vertical">ハ　過去の報告書に記載された改善方策のうちその実施が完了した旨の記載がないものがある場合には、その実施状況</Sentence>
                </TableColumn>
              </TableRow>
              <TableRow>
                <TableColumn BorderBottom="solid" BorderRight="solid">
                  <Sentence Num="1" WritingMode="vertical">二　中期目標の期間の終了時に見込まれる中期目標の期間における業務の実績及び当該実績について自ら評価を行った結果を明らかにする報告書</Sentence>
                </TableColumn>
                <TableColumn BorderBottom="solid" BorderRight="solid">
                  <Sentence Num="1" WritingMode="vertical">一　中期目標の期間の終了時に見込まれる中期目標の期間における業務の実績。なお、当該業務の実績は、当該業務が通則法第二十九条第二項第二号に掲げる事項に係るものである場合には次のイからニまで、同項第三号から第五号までに掲げる事項に係るものである場合には次のイからハまでに掲げる事項を明らかにしたものでなければならない。</Sentence>
                  <Sentence Num="2" WritingMode="vertical">イ　中期目標及び中期計画の実施状況</Sentence>
                  <Sentence Num="3" WritingMode="vertical">ロ　当該期間における業務運営の状況</Sentence>
                  <Sentence Num="4" WritingMode="vertical">ハ　当該業務に係る指標がある場合には、当該指標及び当該期間における毎年度の当該指標の数値</Sentence>
                  <Sentence Num="5" WritingMode="vertical">ニ　当該期間における毎年度の当該業務に係る財務情報及び人員に関する情報</Sentence>
                  <Sentence Num="6" WritingMode="vertical">二　当該業務が通則法第二十九条第二項第二号から第五号までに掲げる事項に係るものである場合には、前号に掲げる業務の実績について機構が評価を行った結果。なお、当該評価を行った結果は、次のイからハまでに掲げる事項を明らかにしたものでなければならない。</Sentence>
                  <Sentence Num="7" WritingMode="vertical">イ　中期目標に定めた項目ごとの評定及び当該評定を付した理由</Sentence>
                  <Sentence Num="8" WritingMode="vertical">ロ　業務運営上の課題が検出された場合には、当該課題及び当該課題に対する改善方策</Sentence>
                  <Sentence Num="9" WritingMode="vertical">ハ　過去の報告書に記載された改善方策のうちその実施が完了した旨の記載がないものがある場合には、その実施状況</Sentence>
                </TableColumn>
              </TableRow>
              <TableRow>
                <TableColumn BorderBottom="solid" BorderRight="solid">
                  <Sentence Num="1" WritingMode="vertical">三　中期目標の期間における業務の実績及び当該実績について自ら評価を行った結果を明らかにする報告書</Sentence>
                </TableColumn>
                <TableColumn BorderBottom="solid" BorderRight="solid">
                  <Sentence Num="1" WritingMode="vertical">一　中期目標の期間における業務の実績。なお、当該業務の実績は、当該業務が通則法第二十九条第二項第二号に掲げる事項に係るものである場合には次のイからニまで、同項第三号から第五号までに掲げる事項に係るものである場合には次のイからハまでに掲げる事項を明らかにしたものでなければならない。</Sentence>
                  <Sentence Num="2" WritingMode="vertical">イ　中期目標及び中期計画の実施状況</Sentence>
                  <Sentence Num="3" WritingMode="vertical">ロ　当該期間における業務運営の状況</Sentence>
                  <Sentence Num="4" WritingMode="vertical">ハ　当該業務に係る指標がある場合には、当該指標及び当該期間における毎年度の当該指標の数値</Sentence>
                  <Sentence Num="5" WritingMode="vertical">ニ　当該期間における毎年度の当該業務に係る財務情報及び人員に関する情報</Sentence>
                  <Sentence Num="6" WritingMode="vertical">二　当該業務が通則法第二十九条第二項第二号から第五号までに掲げる事項に係るものである場合には、前号に掲げる業務の実績について機構が評価を行った結果。なお、当該評価を行った結果は、次のイからハまでに掲げる事項を明らかにしたものでなければならない。</Sentence>
                  <Sentence Num="7" WritingMode="vertical">イ　中期目標に定めた項目ごとの評定及び当該評定を付した理由</Sentence>
                  <Sentence Num="8" WritingMode="vertical">ロ　業務運営上の課題が検出された場合には、当該課題及び当該課題に対する改善方策</Sentence>
                  <Sentence Num="9" WritingMode="vertical">ハ　過去の報告書に記載された改善方策のうちその実施が完了した旨の記載がないものがある場合には、その実施状況</Sentence>
                </TableColumn>
              </TableRow>
            </Table>
          </TableStruct>
        </Paragraph>
        <Paragraph Num="2">
          <ParagraphNum>２</ParagraphNum>
          <ParagraphSentence>
            <Sentence Num="1" WritingMode="vertical">機構は、前項に規定する報告書を厚生労働大臣に提出したときは、速やかに、当該報告書をインターネットの利用その他の適切な方法により公表するものとする。</Sentence>
          </ParagraphSentence>
        </Paragraph>
      </Article>
      <Article Num="7:8">
        <ArticleTitle>第七条及び第八条</ArticleTitle>
        <Paragraph Num="1">
          <ParagraphNum/>
          <ParagraphSentence>
            <Sentence Num="1" WritingMode="vertical">削除</Sentence>
          </ParagraphSentence>
        </Paragraph>
      </Article>
      <Article Num="9">
        <ArticleCaption>（企業会計原則等）</ArticleCaption>
        <ArticleTitle>第九条</ArticleTitle>
        <Paragraph Num="1">
          <ParagraphNum/>
          <ParagraphSentence>
            <Sentence Num="1" WritingMode="vertical">機構の会計については、この省令の定めるところによるものとし、この省令に定めのないものについては、一般に公正妥当と認められる企業会計の基準に従うものとする。</Sentence>
          </ParagraphSentence>
        </Paragraph>
        <Paragraph Num="2">
          <ParagraphNum>２</ParagraphNum>
          <ParagraphSentence>
            <Sentence Num="1" WritingMode="vertical">金融庁組織令（平成十年政令第三百九十二号）第二十四条第一項に規定する企業会計審議会により公表された企業会計の基準は、前項に規定する一般に公正妥当と認められる企業会計の基準に該当するものとする。</Sentence>
          </ParagraphSentence>
        </Paragraph>
        <Paragraph Num="3">
          <ParagraphNum>３</ParagraphNum>
          <ParagraphSentence>
            <Sentence Num="1" WritingMode="vertical">平成十一年四月二十七日の中央省庁等改革推進本部決定に基づき行われた独立行政法人の会計に関する研究の成果として公表された基準（以下「独立行政法人会計基準」という。）は、この省令に準ずるものとして、第一項に規定する一般に公正妥当と認められる企業会計の基準に優先して適用されるものとする。</Sentence>
          </ParagraphSentence>
        </Paragraph>
      </Article>
      <Article Num="10">
        <ArticleCaption>（共通経費の配賦基準）</ArticleCaption>
        <ArticleTitle>第十条</ArticleTitle>
        <Paragraph Num="1">
          <ParagraphNum/>
          <ParagraphSentence>
            <Sentence Num="1" WritingMode="vertical">機構は、機構法第十五条の規定により区分して経理する場合において、経理すべき事項が当該区分に係る勘定以外の勘定において経理すべき事項と共通の事項であるため、当該勘定に係る部分を区分して経理することが困難なときは、当該事項に関する基準を定め、これを厚生労働大臣に届け出ることにより、当該基準に従って、事業年度の期間中一括して経理し、当該事業年度の末日現在において各勘定に配分することにより経理することができる。</Sentence>
          </ParagraphSentence>
        </Paragraph>
      </Article>
      <Article Num="11">
        <ArticleCaption>（区分経理の方法）</ArticleCaption>
        <ArticleTitle>第十一条</ArticleTitle>
        <Paragraph Num="1">
          <ParagraphNum/>
          <ParagraphSentence>
            <Sentence Num="1" WritingMode="vertical">機構は、機構法第十五条第二号に掲げる業務に係る勘定（以下「第二号勘定」という。）及び同条第三号に掲げる業務に係る勘定（第十五条第二号及び第十六条において「第三号勘定」という。）の経理については、それぞれの勘定における業務に関する事務の処理に係る経理とその他の経理とを区分して整理しなければならない。</Sentence>
          </ParagraphSentence>
        </Paragraph>
      </Article>
      <Article Num="12">
        <ArticleCaption>（償却資産の指定等）</ArticleCaption>
        <ArticleTitle>第十二条</ArticleTitle>
        <Paragraph Num="1">
          <ParagraphNum/>
          <ParagraphSentence>
            <Sentence Num="1" WritingMode="vertical">厚生労働大臣は、機構が業務のため取得しようとしている償却資産についてその減価に対応すべき収益の獲得が予定されないと認められる場合には、その取得までの間に限り、当該償却資産を指定することができる。</Sentence>
          </ParagraphSentence>
        </Paragraph>
        <Paragraph Num="2">
          <ParagraphNum>２</ParagraphNum>
          <ParagraphSentence>
            <Sentence Num="1" WritingMode="vertical">前項の指定を受けた資産の減価償却については、減価償却費は計上せず、資産の減価額と同額を資本剰余金に対する控除として計上するものとする。</Sentence>
          </ParagraphSentence>
        </Paragraph>
      </Article>
      <Article Num="12_2">
        <ArticleCaption>（譲渡差額を損益計算上の損益に計上しない譲渡取引）</ArticleCaption>
        <ArticleTitle>第十二条の二</ArticleTitle>
        <Paragraph Num="1">
          <ParagraphNum/>
          <ParagraphSentence>
            <Sentence Num="1" WritingMode="vertical">厚生労働大臣は、機構が通則法第四十六条の二第二項の規定に基づいて行う不要財産の譲渡取引についてその譲渡差額を損益計算上の損益に計上しないことが必要と認められる場合には、当該譲渡取引を指定することができる。</Sentence>
          </ParagraphSentence>
        </Paragraph>
      </Article>
      <Article Num="12_3">
        <ArticleCaption>（対応する収益の獲得が予定されない資産除去債務に係る除去費用等）</ArticleCaption>
        <ArticleTitle>第十二条の三</ArticleTitle>
        <Paragraph Num="1">
          <ParagraphNum/>
          <ParagraphSentence>
            <Sentence Num="1" WritingMode="vertical">厚生労働大臣は、機構が業務のため保有し又は取得しようとしている有形固定資産に係る資産除去債務に対応する除去費用に係る費用配分額及び時の経過による資産除去債務の調整額（以下この条において「除去費用等」という。）についてその除去費用等に対応すべき収益の獲得が予定されていないと認められる場合には、当該除去費用等を指定することができる。</Sentence>
          </ParagraphSentence>
        </Paragraph>
      </Article>
      <Article Num="12_4">
        <ArticleCaption>（対応する収益の獲得が予定されない承継資産）</ArticleCaption>
        <ArticleTitle>第十二条の四</ArticleTitle>
        <Paragraph Num="1">
          <ParagraphNum/>
          <ParagraphSentence>
            <Sentence Num="1" WritingMode="vertical">厚生労働大臣は、機構が承継する資産のうち敷金及び保証金について当該資産から生ずる費用に相当する額（次項において「費用相当額」という。）に対応すべき収益の獲得が予定されていないと認められる場合には、その承継までの間に限り、当該資産を指定することができる。</Sentence>
          </ParagraphSentence>
        </Paragraph>
        <Paragraph Num="2">
          <ParagraphNum>２</ParagraphNum>
          <ParagraphSentence>
            <Sentence Num="1" WritingMode="vertical">前項の指定を受けた資産に係る費用相当額については、費用は計上せず、費用相当額と同額を資本剰余金に対する控除として計上するものとする。</Sentence>
          </ParagraphSentence>
        </Paragraph>
      </Article>
      <Article Num="13">
        <ArticleCaption>（財務諸表）</ArticleCaption>
        <ArticleTitle>第十三条</ArticleTitle>
        <Paragraph Num="1">
          <ParagraphNum/>
          <ParagraphSentence>
            <Sentence Num="1" WritingMode="vertical">機構に係る通則法第三十八条第一項の主務省令で定める書類は、独立行政法人会計基準に定める行政コスト計算書、純資産変動計算書及びキャッシュ・フロー計算書とする。</Sentence>
          </ParagraphSentence>
        </Paragraph>
      </Article>
      <Article Num="13_2">
        <ArticleCaption>（事業報告書の作成）</ArticleCaption>
        <ArticleTitle>第十三条の二</ArticleTitle>
        <Paragraph Num="1">
          <ParagraphNum/>
          <ParagraphSentence>
            <Sentence Num="1" WritingMode="vertical">機構に係る通則法第三十八条第二項の規定により主務省令で定める事項については、この条の定めるところによる。</Sentence>
          </ParagraphSentence>
        </Paragraph>
        <Paragraph Num="2">
          <ParagraphNum>２</ParagraphNum>
          <ParagraphSentence>
            <Sentence Num="1" WritingMode="vertical">事業報告書には、次に掲げる事項を記載しなければならない。</Sentence>
          </ParagraphSentence>
          <Item Num="1">
            <ItemTitle>一</ItemTitle>
            <ItemSentence>
              <Sentence Num="1" WritingMode="vertical">機構の目的及び業務内容</Sentence>
            </ItemSentence>
          </Item>
          <Item Num="2">
            <ItemTitle>二</ItemTitle>
            <ItemSentence>
              <Sentence Num="1" WritingMode="vertical">国の政策における機構の位置付け及び役割</Sentence>
            </ItemSentence>
          </Item>
          <Item Num="3">
            <ItemTitle>三</ItemTitle>
            <ItemSentence>
              <Sentence Num="1" WritingMode="vertical">中期目標の概要</Sentence>
            </ItemSentence>
          </Item>
          <Item Num="4">
            <ItemTitle>四</ItemTitle>
            <ItemSentence>
              <Sentence Num="1" WritingMode="vertical">理事長の理念並びに運営上の方針及び戦略</Sentence>
            </ItemSentence>
          </Item>
          <Item Num="5">
            <ItemTitle>五</ItemTitle>
            <ItemSentence>
              <Sentence Num="1" WritingMode="vertical">中期計画及び年度計画の概要</Sentence>
            </ItemSentence>
          </Item>
          <Item Num="6">
            <ItemTitle>六</ItemTitle>
            <ItemSentence>
              <Sentence Num="1" WritingMode="vertical">持続的に適正なサービスを提供するための源泉</Sentence>
            </ItemSentence>
          </Item>
          <Item Num="7">
            <ItemTitle>七</ItemTitle>
            <ItemSentence>
              <Sentence Num="1" WritingMode="vertical">業務運営上の課題及びリスクの状況並びにその対応策</Sentence>
            </ItemSentence>
          </Item>
          <Item Num="8">
            <ItemTitle>八</ItemTitle>
            <ItemSentence>
              <Sentence Num="1" WritingMode="vertical">業績の適正な評価に資する情報</Sentence>
            </ItemSentence>
          </Item>
          <Item Num="9">
            <ItemTitle>九</ItemTitle>
            <ItemSentence>
              <Sentence Num="1" WritingMode="vertical">業務の成果及び当該業務に要した資源</Sentence>
            </ItemSentence>
          </Item>
          <Item Num="10">
            <ItemTitle>十</ItemTitle>
            <ItemSentence>
              <Sentence Num="1" WritingMode="vertical">予算及び決算の概要</Sentence>
            </ItemSentence>
          </Item>
          <Item Num="11">
            <ItemTitle>十一</ItemTitle>
            <ItemSentence>
              <Sentence Num="1" WritingMode="vertical">財務諸表の要約</Sentence>
            </ItemSentence>
          </Item>
          <Item Num="12">
            <ItemTitle>十二</ItemTitle>
            <ItemSentence>
              <Sentence Num="1" WritingMode="vertical">財政状態及び運営状況の理事長による説明</Sentence>
            </ItemSentence>
          </Item>
          <Item Num="13">
            <ItemTitle>十三</ItemTitle>
            <ItemSentence>
              <Sentence Num="1" WritingMode="vertical">内部統制の運用状況</Sentence>
            </ItemSentence>
          </Item>
          <Item Num="14">
            <ItemTitle>十四</ItemTitle>
            <ItemSentence>
              <Sentence Num="1" WritingMode="vertical">機構に関する基礎的な情報</Sentence>
            </ItemSentence>
          </Item>
        </Paragraph>
      </Article>
      <Article Num="14">
        <ArticleCaption>（財務諸表等の閲覧期間）</ArticleCaption>
        <ArticleTitle>第十四条</ArticleTitle>
        <Paragraph Num="1">
          <ParagraphNum/>
          <ParagraphSentence>
            <Sentence Num="1" WritingMode="vertical">機構に係る通則法第三十八条第三項の主務省令で定める期間は、五年とする。</Sentence>
          </ParagraphSentence>
        </Paragraph>
      </Article>
      <Article Num="14_2">
        <ArticleCaption>（会計監査報告の作成）</ArticleCaption>
        <ArticleTitle>第十四条の二</ArticleTitle>
        <Paragraph Num="1">
          <ParagraphNum/>
          <ParagraphSentence>
            <Sentence Num="1" WritingMode="vertical">通則法第三十九条第一項の規定により主務省令で定める事項については、この条の定めるところによる。</Sentence>
          </ParagraphSentence>
        </Paragraph>
        <Paragraph Num="2">
          <ParagraphNum>２</ParagraphNum>
          <ParagraphSentence>
            <Sentence Function="main" Num="1" WritingMode="vertical">会計監査人は、その職務を適切に遂行するため、次に掲げる者との意思疎通を図り、情報の収集及び監査の環境の整備に努めなければならない。</Sentence>
            <Sentence Function="proviso" Num="2" WritingMode="vertical">ただし、会計監査人が公正不偏の態度及び独立の立場を保持することができなくなるおそれのある関係の創設及び維持を認めるものと解してはならない。</Sentence>
          </ParagraphSentence>
          <Item Num="1">
            <ItemTitle>一</ItemTitle>
            <ItemSentence>
              <Sentence Num="1" WritingMode="vertical">機構の役員（監事を除く。）及び職員</Sentence>
            </ItemSentence>
          </Item>
          <Item Num="2">
            <ItemTitle>二</ItemTitle>
            <ItemSentence>
              <Sentence Num="1" WritingMode="vertical">その他会計監査人が適切に職務を遂行するに当たり意思疎通を図るべき者</Sentence>
            </ItemSentence>
          </Item>
        </Paragraph>
        <Paragraph Num="3">
          <ParagraphNum>３</ParagraphNum>
          <ParagraphSentence>
            <Sentence Num="1" WritingMode="vertical">会計監査人は、通則法第三十八条第一項に規定する財務諸表並びに同条第二項に規定する事業報告書及び決算報告書を受領したときは、次に掲げる事項を内容とする会計監査報告を作成しなければならない。</Sentence>
          </ParagraphSentence>
          <Item Num="1">
            <ItemTitle>一</ItemTitle>
            <ItemSentence>
              <Sentence Num="1" WritingMode="vertical">会計監査人の監査の方法及びその内容</Sentence>
            </ItemSentence>
          </Item>
          <Item Num="2">
            <ItemTitle>二</ItemTitle>
            <ItemSentence>
              <Sentence Num="1" WritingMode="vertical">財務諸表（利益の処分又は損失の処理に関する書類を除く。以下この号及び次項において同じ。）が機構の財政状態、運営状況、キャッシュ・フローの状況等を全ての重要な点において適正に表示しているかどうかについての意見があるときは、次のイからハまでに掲げる意見の区分に応じ、当該イからハまでに定める事項</Sentence>
            </ItemSentence>
            <Subitem1 Num="1">
              <Subitem1Title>イ</Subitem1Title>
              <Subitem1Sentence>
                <Column Num="1">
                  <Sentence Num="1" WritingMode="vertical">無限定適正意見</Sentence>
                </Column>
                <Column Num="2">
                  <Sentence Num="1" WritingMode="vertical">監査の対象となった財務諸表が独立行政法人会計基準その他の一般に公正妥当と認められる会計の慣行に準拠して、機構の財政状態、運営状況、キャッシュ・フローの状況等を全ての重要な点において適正に表示していると認められる旨</Sentence>
                </Column>
              </Subitem1Sentence>
            </Subitem1>
            <Subitem1 Num="2">
              <Subitem1Title>ロ</Subitem1Title>
              <Subitem1Sentence>
                <Column Num="1">
                  <Sentence Num="1" WritingMode="vertical">除外事項を付した限定付適正意見</Sentence>
                </Column>
                <Column Num="2">
                  <Sentence Num="1" WritingMode="vertical">監査の対象となった財務諸表が除外事項を除き独立行政法人会計基準その他の一般に公正妥当と認められる会計の慣行に準拠して、機構の財政状態、運営状況、キャッシュ・フローの状況等を全ての重要な点において適正に表示していると認められる旨及び除外事項</Sentence>
                </Column>
              </Subitem1Sentence>
            </Subitem1>
            <Subitem1 Num="3">
              <Subitem1Title>ハ</Subitem1Title>
              <Subitem1Sentence>
                <Column Num="1">
                  <Sentence Num="1" WritingMode="vertical">不適正意見</Sentence>
                </Column>
                <Column Num="2">
                  <Sentence Num="1" WritingMode="vertical">監査の対象となった財務諸表が不適正である旨及びその理由</Sentence>
                </Column>
              </Subitem1Sentence>
            </Subitem1>
          </Item>
          <Item Num="3">
            <ItemTitle>三</ItemTitle>
            <ItemSentence>
              <Sentence Num="1" WritingMode="vertical">前号の意見がないときは、その旨及びその理由</Sentence>
            </ItemSentence>
          </Item>
          <Item Num="4">
            <ItemTitle>四</ItemTitle>
            <ItemSentence>
              <Sentence Num="1" WritingMode="vertical">追記情報</Sentence>
            </ItemSentence>
          </Item>
          <Item Num="5">
            <ItemTitle>五</ItemTitle>
            <ItemSentence>
              <Sentence Num="1" WritingMode="vertical">前各号に掲げるもののほか、利益の処分又は損失の処理に関する書類、事業報告書（会計に関する部分に限る。）及び決算報告書に関して必要な報告</Sentence>
            </ItemSentence>
          </Item>
          <Item Num="6">
            <ItemTitle>六</ItemTitle>
            <ItemSentence>
              <Sentence Num="1" WritingMode="vertical">会計監査報告を作成した日</Sentence>
            </ItemSentence>
          </Item>
        </Paragraph>
        <Paragraph Num="4">
          <ParagraphNum>４</ParagraphNum>
          <ParagraphSentence>
            <Sentence Num="1" WritingMode="vertical">前項第四号に規定する「追記情報」とは、次に掲げる事項その他の事項のうち、会計監査人の判断に関して説明を付す必要がある事項又は財務諸表の内容のうち強調する必要がある事項とする。</Sentence>
          </ParagraphSentence>
          <Item Num="1">
            <ItemTitle>一</ItemTitle>
            <ItemSentence>
              <Sentence Num="1" WritingMode="vertical">正当な理由による会計方針の変更</Sentence>
            </ItemSentence>
          </Item>
          <Item Num="2">
            <ItemTitle>二</ItemTitle>
            <ItemSentence>
              <Sentence Num="1" WritingMode="vertical">重要な偶発事象</Sentence>
            </ItemSentence>
          </Item>
          <Item Num="3">
            <ItemTitle>三</ItemTitle>
            <ItemSentence>
              <Sentence Num="1" WritingMode="vertical">重要な後発事象</Sentence>
            </ItemSentence>
          </Item>
        </Paragraph>
      </Article>
      <Article Num="15">
        <ArticleCaption>（支払資金等）</ArticleCaption>
        <ArticleTitle>第十五条</ArticleTitle>
        <Paragraph Num="1">
          <ParagraphNum/>
          <ParagraphSentence>
            <Sentence Num="1" WritingMode="vertical">機構は、厚生労働大臣の定めるところにより、毎事業年度末日現在で、次の各号に掲げる勘定単位においてそれぞれ当該各号に掲げる支払資金等を積み立てなければならない。</Sentence>
          </ParagraphSentence>
          <Item Num="1">
            <ItemTitle>一</ItemTitle>
            <ItemSentence>
              <Column Num="1">
                <Sentence Num="1" WritingMode="vertical">第二号勘定</Sentence>
              </Column>
              <Column Num="2">
                <Sentence Num="1" WritingMode="vertical">支払資金</Sentence>
              </Column>
            </ItemSentence>
          </Item>
          <Item Num="2">
            <ItemTitle>二</ItemTitle>
            <ItemSentence>
              <Column Num="1">
                <Sentence Num="1" WritingMode="vertical">第三号勘定</Sentence>
              </Column>
              <Column Num="2">
                <Sentence Num="1" WritingMode="vertical">責任準備金</Sentence>
              </Column>
            </ItemSentence>
          </Item>
        </Paragraph>
      </Article>
      <Article Num="16">
        <ArticleCaption>（国庫納付金の納付額）</ArticleCaption>
        <ArticleTitle>第十六条</ArticleTitle>
        <Paragraph Num="1">
          <ParagraphNum/>
          <ParagraphSentence>
            <Sentence Num="1" WritingMode="vertical">機構法第十六条第三項の厚生労働省令で定めるところにより算定した額は、第二号勘定及び第三号勘定におけるそれぞれの残余の額とする。</Sentence>
          </ParagraphSentence>
        </Paragraph>
      </Article>
      <Article Num="17">
        <ArticleCaption>（短期借入金の認可の申請）</ArticleCaption>
        <ArticleTitle>第十七条</ArticleTitle>
        <Paragraph Num="1">
          <ParagraphNum/>
          <ParagraphSentence>
            <Sentence Num="1" WritingMode="vertical">機構は、通則法第四十五条第一項ただし書の規定により短期借入金の認可を受けようとするとき、又は同条第二項ただし書の規定により短期借入金の借換えの認可を受けようとするときは、次に掲げる事項を記載した申請書を厚生労働大臣に提出しなければならない。</Sentence>
          </ParagraphSentence>
          <Item Num="1">
            <ItemTitle>一</ItemTitle>
            <ItemSentence>
              <Sentence Num="1" WritingMode="vertical">借入れを必要とする理由</Sentence>
            </ItemSentence>
          </Item>
          <Item Num="2">
            <ItemTitle>二</ItemTitle>
            <ItemSentence>
              <Sentence Num="1" WritingMode="vertical">借入金の額</Sentence>
            </ItemSentence>
          </Item>
          <Item Num="3">
            <ItemTitle>三</ItemTitle>
            <ItemSentence>
              <Sentence Num="1" WritingMode="vertical">借入先</Sentence>
            </ItemSentence>
          </Item>
          <Item Num="4">
            <ItemTitle>四</ItemTitle>
            <ItemSentence>
              <Sentence Num="1" WritingMode="vertical">借入金の利率</Sentence>
            </ItemSentence>
          </Item>
          <Item Num="5">
            <ItemTitle>五</ItemTitle>
            <ItemSentence>
              <Sentence Num="1" WritingMode="vertical">借入金の償還の方法及び期限</Sentence>
            </ItemSentence>
          </Item>
          <Item Num="6">
            <ItemTitle>六</ItemTitle>
            <ItemSentence>
              <Sentence Num="1" WritingMode="vertical">利息の支払の方法及び期限</Sentence>
            </ItemSentence>
          </Item>
          <Item Num="7">
            <ItemTitle>七</ItemTitle>
            <ItemSentence>
              <Sentence Num="1" WritingMode="vertical">その他必要な事項</Sentence>
            </ItemSentence>
          </Item>
        </Paragraph>
      </Article>
      <Article Num="18">
        <ArticleCaption>（長期借入金の認可の申請）</ArticleCaption>
        <ArticleTitle>第十八条</ArticleTitle>
        <Paragraph Num="1">
          <ParagraphNum/>
          <ParagraphSentence>
            <Sentence Num="1" WritingMode="vertical">機構は、機構法第十七条第一項の規定により長期借入金の認可を受けようとするときは、次に掲げる事項を記載した申請書を厚生労働大臣に提出しなければならない。</Sentence>
          </ParagraphSentence>
          <Item Num="1">
            <ItemTitle>一</ItemTitle>
            <ItemSentence>
              <Sentence Num="1" WritingMode="vertical">借入れを必要とする理由</Sentence>
            </ItemSentence>
          </Item>
          <Item Num="2">
            <ItemTitle>二</ItemTitle>
            <ItemSentence>
              <Sentence Num="1" WritingMode="vertical">借入金の額</Sentence>
            </ItemSentence>
          </Item>
          <Item Num="3">
            <ItemTitle>三</ItemTitle>
            <ItemSentence>
              <Sentence Num="1" WritingMode="vertical">借入先</Sentence>
            </ItemSentence>
          </Item>
          <Item Num="4">
            <ItemTitle>四</ItemTitle>
            <ItemSentence>
              <Sentence Num="1" WritingMode="vertical">借入金の利率</Sentence>
            </ItemSentence>
          </Item>
          <Item Num="5">
            <ItemTitle>五</ItemTitle>
            <ItemSentence>
              <Sentence Num="1" WritingMode="vertical">借入金の償還の方法及び期限</Sentence>
            </ItemSentence>
          </Item>
          <Item Num="6">
            <ItemTitle>六</ItemTitle>
            <ItemSentence>
              <Sentence Num="1" WritingMode="vertical">利息の支払の方法及び期限</Sentence>
            </ItemSentence>
          </Item>
          <Item Num="7">
            <ItemTitle>七</ItemTitle>
            <ItemSentence>
              <Sentence Num="1" WritingMode="vertical">その他必要な事項</Sentence>
            </ItemSentence>
          </Item>
        </Paragraph>
      </Article>
      <Article Num="19">
        <ArticleCaption>（償還計画の認可の申請）</ArticleCaption>
        <ArticleTitle>第十九条</ArticleTitle>
        <Paragraph Num="1">
          <ParagraphNum/>
          <ParagraphSentence>
            <Sentence Function="main" Num="1" WritingMode="vertical">機構は、機構法第二十二条の規定により償還計画の認可を受けようとするときは、通則法第三十一条第一項前段の規定により年度計画を届け出た後遅滞なく、次に掲げる事項を記載した申請書を厚生労働大臣に提出しなければならない。</Sentence>
            <Sentence Function="proviso" Num="2" WritingMode="vertical">ただし、償還計画の変更の認可を受けようとするときは、その都度提出しなければならない。</Sentence>
          </ParagraphSentence>
          <Item Num="1">
            <ItemTitle>一</ItemTitle>
            <ItemSentence>
              <Sentence Num="1" WritingMode="vertical">長期借入金の総額及び当該事業年度における借入見込額並びにその借入先</Sentence>
            </ItemSentence>
          </Item>
          <Item Num="2">
            <ItemTitle>二</ItemTitle>
            <ItemSentence>
              <Sentence Num="1" WritingMode="vertical">独立行政法人福祉医療機構債券の総額及び当該事業年度において発行するものの引受けの見込み</Sentence>
            </ItemSentence>
          </Item>
          <Item Num="3">
            <ItemTitle>三</ItemTitle>
            <ItemSentence>
              <Sentence Num="1" WritingMode="vertical">長期借入金及び独立行政法人福祉医療機構債券の償還の方法及び期限</Sentence>
            </ItemSentence>
          </Item>
          <Item Num="4">
            <ItemTitle>四</ItemTitle>
            <ItemSentence>
              <Sentence Num="1" WritingMode="vertical">その他必要な事項</Sentence>
            </ItemSentence>
          </Item>
        </Paragraph>
      </Article>
      <Article Num="20">
        <ArticleCaption>（通則法第四十八条の主務省令で定める重要な財産）</ArticleCaption>
        <ArticleTitle>第二十条</ArticleTitle>
        <Paragraph Num="1">
          <ParagraphNum/>
          <ParagraphSentence>
            <Sentence Num="1" WritingMode="vertical">機構に係る通則法第四十八条の主務省令で定める重要な財産は、次に掲げるものとする。</Sentence>
          </ParagraphSentence>
          <Item Num="1">
            <ItemTitle>一</ItemTitle>
            <ItemSentence>
              <Sentence Num="1" WritingMode="vertical">土地及び建物</Sentence>
            </ItemSentence>
          </Item>
          <Item Num="2">
            <ItemTitle>二</ItemTitle>
            <ItemSentence>
              <Sentence Num="1" WritingMode="vertical">その他厚生労働大臣が指定する財産</Sentence>
            </ItemSentence>
          </Item>
        </Paragraph>
      </Article>
      <Article Num="21">
        <ArticleCaption>（通則法第四十八条の主務省令で定める重要な財産の処分等の認可の申請）</ArticleCaption>
        <ArticleTitle>第二十一条</ArticleTitle>
        <Paragraph Num="1">
          <ParagraphNum/>
          <ParagraphSentence>
            <Sentence Num="1" WritingMode="vertical">機構は、通則法第四十八条の規定により重要な財産を譲渡し、又は担保に供すること（以下この条において「処分等」という。）について認可を受けようとするときは、次に掲げる事項を記載した申請書を厚生労働大臣に提出しなければならない。</Sentence>
          </ParagraphSentence>
          <Item Num="1">
            <ItemTitle>一</ItemTitle>
            <ItemSentence>
              <Sentence Num="1" WritingMode="vertical">処分等に係る財産の内容及び評価額</Sentence>
            </ItemSentence>
          </Item>
          <Item Num="2">
            <ItemTitle>二</ItemTitle>
            <ItemSentence>
              <Sentence Num="1" WritingMode="vertical">処分等の条件</Sentence>
            </ItemSentence>
          </Item>
          <Item Num="3">
            <ItemTitle>三</ItemTitle>
            <ItemSentence>
              <Sentence Num="1" WritingMode="vertical">処分等の方法</Sentence>
            </ItemSentence>
          </Item>
          <Item Num="4">
            <ItemTitle>四</ItemTitle>
            <ItemSentence>
              <Sentence Num="1" WritingMode="vertical">機構の業務運営上支障がない旨及びその理由</Sentence>
            </ItemSentence>
          </Item>
        </Paragraph>
      </Article>
      <Article Num="21_2">
        <ArticleCaption>（内部組織）</ArticleCaption>
        <ArticleTitle>第二十一条の二</ArticleTitle>
        <Paragraph Num="1">
          <ParagraphNum/>
          <ParagraphSentence>
            <Sentence Num="1" WritingMode="vertical">機構に係る通則法第五十条の六第一号に規定する離職前五年間に在職していた当該中期目標管理法人の内部組織として主務省令で定めるものは、現に存する理事長の直近下位の内部組織として厚生労働大臣が定めるもの（次項において「現内部組織」という。）であって再就職者（離職後二年を経過した者を除く。次項において同じ。）が離職前五年間に在職していたものとする。</Sentence>
          </ParagraphSentence>
        </Paragraph>
        <Paragraph Num="2">
          <ParagraphNum>２</ParagraphNum>
          <ParagraphSentence>
            <Sentence Num="1" WritingMode="vertical">直近七年間に存し、又は存していた理事長の直近下位の内部組織（独立行政法人通則法の一部を改正する法律（平成二十六年法律第六十六号）の施行の日以後のものに限る。）として厚生労働大臣が定めるものであって再就職者が離職前五年間に在職していたものが行っていた業務を現内部組織（当該内部組織が現内部組織である場合にあっては他の現内部組織）が行っている場合における前項の規定の適用については、当該再就職者が離職前五年間に当該現内部組織に在職していたものとみなす。</Sentence>
          </ParagraphSentence>
        </Paragraph>
      </Article>
      <Article Num="21_3">
        <ArticleCaption>（管理又は監督の地位）</ArticleCaption>
        <ArticleTitle>第二十一条の三</ArticleTitle>
        <Paragraph Num="1">
          <ParagraphNum/>
          <ParagraphSentence>
            <Sentence Num="1" WritingMode="vertical">機構に係る通則法第五十条の六第二号に規定する管理又は監督の地位として主務省令で定めるものは、職員の退職管理に関する政令（平成二十年政令第三百八十九号）第二十七条第六号に規定する職員が就いている官職に相当するものとして厚生労働大臣が定めるものとする。</Sentence>
          </ParagraphSentence>
        </Paragraph>
      </Article>
      <Article Num="22">
        <ArticleCaption>（積立金の処分に係る承認申請書の添付書類）</ArticleCaption>
        <ArticleTitle>第二十二条</ArticleTitle>
        <Paragraph Num="1">
          <ParagraphNum/>
          <ParagraphSentence>
            <Sentence Num="1" WritingMode="vertical">機構に係る独立行政法人の組織、運営及び管理に係る共通的な事項に関する政令第二十一条第二項の厚生労働省令で定める書類は、当該中期目標の期間最後の事業年度の事業年度末の貸借対照表及び当該中期目標の期間最後の事業年度の損益計算書とする。</Sentence>
          </ParagraphSentence>
        </Paragraph>
      </Article>
      <Article Num="23">
        <ArticleCaption>（立入検査のための身分証明書）</ArticleCaption>
        <ArticleTitle>第二十三条</ArticleTitle>
        <Paragraph Num="1">
          <ParagraphNum/>
          <ParagraphSentence>
            <Sentence Num="1" WritingMode="vertical">機構法第二十五条第二項の証明書は、別記様式によるものとする。</Sentence>
          </ParagraphSentence>
        </Paragraph>
      </Article>
    </MainProvision>
    <SupplProvision>
      <SupplProvisionLabel>附　則</SupplProvisionLabel>
      <Article Num="1">
        <ArticleCaption>（施行期日）</ArticleCaption>
        <ArticleTitle>第一条</ArticleTitle>
        <Paragraph Num="1">
          <ParagraphNum/>
          <ParagraphSentence>
            <Sentence Function="main" Num="1" WritingMode="vertical">この省令は、公布の日から施行する。</Sentence>
            <Sentence Function="proviso" Num="2" WritingMode="vertical">ただし、第二十二条及び附則第五条から第七条までの規定は、平成十五年十月一日から施行する。</Sentence>
          </ParagraphSentence>
        </Paragraph>
      </Article>
      <Article Num="2">
        <ArticleCaption>（区分経理の設置に伴う経過措置）</ArticleCaption>
        <ArticleTitle>第二条</ArticleTitle>
        <Paragraph Num="1">
          <ParagraphNum/>
          <ParagraphSentence>
            <Sentence Num="1" WritingMode="vertical">第三号勘定において、機構法附則第二条第八項第一号の規定により第三号勘定に属する積立金又は繰越欠損金として整理するものとされた金額があるときは、当該積立金又は繰越欠損金は、第三号勘定における第十一条のその他の経理に属する積立金又は繰越欠損金として整理するものとする。</Sentence>
          </ParagraphSentence>
        </Paragraph>
      </Article>
      <Article Num="3">
        <ArticleCaption>（小口の教育資金の貸付けを受けることができる被保険者の要件）</ArticleCaption>
        <ArticleTitle>第三条</ArticleTitle>
        <Paragraph Num="1">
          <ParagraphNum/>
          <ParagraphSentence>
            <Sentence Num="1" WritingMode="vertical">機構法附則第五条の二第三項の厚生労働省令で定める要件は、次のとおりとする。</Sentence>
          </ParagraphSentence>
          <Item Num="1">
            <ItemTitle>一</ItemTitle>
            <ItemSentence>
              <Sentence Num="1" WritingMode="vertical">厚生年金保険の被保険者としての被保険者期間及び国民年金の被保険者（国民年金法（昭和三十四年法律第百四十一号）第七条第一項第二号に規定する第二号被保険者を除く。次号において同じ。）としての被保険者期間（同法第七条第一項第一号に規定する第一号被保険者並びに同法附則第五条第一項及び国民年金法等の一部を改正する法律（平成六年法律第九十五号）附則第十一条第一項に規定する被保険者にあっては、保険料納付済期間（国民年金法第五条第一項に規定する保険料納付済期間をいう。）、保険料四分の三免除期間（同法第五条第四項に規定する保険料四分の三免除期間をいう。）、保険料半額免除期間（同法第五条第五項に規定する保険料半額免除期間をいう。）及び保険料四分の一免除期間（同法第五条第六項に規定する保険料四分の一免除期間をいう。）に限る。次号において同じ。）を合算した期間が十年以上であること。</Sentence>
            </ItemSentence>
          </Item>
          <Item Num="2">
            <ItemTitle>二</ItemTitle>
            <ItemSentence>
              <Sentence Num="1" WritingMode="vertical">小口の教育資金の貸付けのあっせんの申込み（次号において「申込み」という。）を受理した日の属する月の前々月までの二十四か月間において次に掲げる期間以外の期間がないこと。</Sentence>
            </ItemSentence>
            <Subitem1 Num="1">
              <Subitem1Title>イ</Subitem1Title>
              <Subitem1Sentence>
                <Sentence Num="1" WritingMode="vertical">厚生年金保険の被保険者としての被保険者期間</Sentence>
              </Subitem1Sentence>
            </Subitem1>
            <Subitem1 Num="2">
              <Subitem1Title>ロ</Subitem1Title>
              <Subitem1Sentence>
                <Sentence Num="1" WritingMode="vertical">国民年金の被保険者としての被保険者期間</Sentence>
              </Subitem1Sentence>
            </Subitem1>
            <Subitem1 Num="3">
              <Subitem1Title>ハ</Subitem1Title>
              <Subitem1Sentence>
                <Sentence Num="1" WritingMode="vertical">国民年金の保険料全額免除期間（国民年金法第五条第三項に規定する保険料全額免除期間をいう。）</Sentence>
              </Subitem1Sentence>
            </Subitem1>
            <Subitem1 Num="4">
              <Subitem1Title>ニ</Subitem1Title>
              <Subitem1Sentence>
                <Sentence Num="1" WritingMode="vertical">日本国内に住所を有しない者であった期間</Sentence>
              </Subitem1Sentence>
            </Subitem1>
          </Item>
          <Item Num="3">
            <ItemTitle>三</ItemTitle>
            <ItemSentence>
              <Sentence Num="1" WritingMode="vertical">申込みのあった日の属する月の前々月において国民年金法第八十九条第一項、第九十条第一項若しくは第九十条の三第一項、国民年金法等の一部を改正する法律（平成十六年法律第百四号）附則第十九条第一項若しくは第二項又は政府管掌年金事業等の運営の改善のための国民年金法等の一部を改正する法律（平成二十六年法律第六十四号）附則第十四条第一項の規定により保険料を納付することを要しないものとされていないこと。</Sentence>
            </ItemSentence>
          </Item>
        </Paragraph>
      </Article>
      <Article Num="4">
        <ArticleCaption>（業務方法書に記載すべき事項の特例）</ArticleCaption>
        <ArticleTitle>第四条</ArticleTitle>
        <Paragraph Num="1">
          <ParagraphNum/>
          <ParagraphSentence>
            <Sentence Num="1" WritingMode="vertical">機構が機構法附則第五条の二第一項から第三項まで、第五条の三第一項及び第五条の五第一項に規定する業務を行う場合には、機構に係る通則法第二十八条第二項の主務省令で定める事項は、第二条の四各号に掲げる事項のほか、次に掲げる事項とする。</Sentence>
          </ParagraphSentence>
          <Item Num="1">
            <ItemTitle>一</ItemTitle>
            <ItemSentence>
              <Sentence Num="1" WritingMode="vertical">機構法附則第五条の二第一項に規定する債権の管理及び回収に関する事項</Sentence>
            </ItemSentence>
          </Item>
          <Item Num="2">
            <ItemTitle>二</ItemTitle>
            <ItemSentence>
              <Sentence Num="1" WritingMode="vertical">機構法附則第五条の二第三項に規定する小口の教育資金の貸付けのあっせんに関する事項</Sentence>
            </ItemSentence>
          </Item>
          <Item Num="3">
            <ItemTitle>三</ItemTitle>
            <ItemSentence>
              <Sentence Num="1" WritingMode="vertical">機構法附則第五条の三第一項第一号に規定する旧優生保護法に基づく優生手術等を受けた者に対する一時金の支給等に関する法律（平成三十一年法律第十四号。以下この条において「旧優生保護法一時金支給法」という。）第三条の一時金の支払に関する事項</Sentence>
            </ItemSentence>
          </Item>
          <Item Num="4">
            <ItemTitle>四</ItemTitle>
            <ItemSentence>
              <Sentence Num="1" WritingMode="vertical">機構法附則第五条の三第一項第二号に規定する旧優生保護法一時金支給法第六条第一項の一時金の支払に関する事項</Sentence>
            </ItemSentence>
          </Item>
          <Item Num="5">
            <ItemTitle>五</ItemTitle>
            <ItemSentence>
              <Sentence Num="1" WritingMode="vertical">機構法附則第五条の三第一項第三号に規定する旧優生保護法一時金支給法第二十三条各号に規定する診断書の作成に要する費用の支払に関する事項</Sentence>
            </ItemSentence>
          </Item>
          <Item Num="6">
            <ItemTitle>六</ItemTitle>
            <ItemSentence>
              <Sentence Num="1" WritingMode="vertical">機構法附則第五条の五第一項第一号に規定するハンセン病元患者家族に対する補償金の支給等に関する法律（令和元年法律第五十五号。次号において「ハンセン病元患者家族補償金支給法」という。）第三条の補償金の支払に関する事項</Sentence>
            </ItemSentence>
          </Item>
          <Item Num="7">
            <ItemTitle>七</ItemTitle>
            <ItemSentence>
              <Sentence Num="1" WritingMode="vertical">機構法附則第五条の五第一項第二号に規定するハンセン病元患者家族補償金支給法第十条第一項の補償金の支払に関する事項</Sentence>
            </ItemSentence>
          </Item>
        </Paragraph>
      </Article>
      <Article Num="5">
        <ArticleCaption>（共通経費の配賦基準の特例）</ArticleCaption>
        <ArticleTitle>第五条</ArticleTitle>
        <Paragraph Num="1">
          <ParagraphNum/>
          <ParagraphSentence>
            <Sentence Num="1" WritingMode="vertical">機構法附則第五条の二第五項、第五条の三第二項及び第五条の五第二項の規定により特別の勘定を設けて経理する場合には、第十条中「経理する場合」とあるのは、「経理する場合並びに同法附則第五条の二第五項、第五条の三第二項及び第五条の五第二項の規定により特別の勘定を設けて経理する場合」とする。</Sentence>
          </ParagraphSentence>
        </Paragraph>
      </Article>
    </SupplProvision>
    <SupplProvision AmendLawNum="平成一六年三月二九日厚生労働省令第五六号" Extract="true">
      <SupplProvisionLabel>附　則</SupplProvisionLabel>
      <Article Num="1">
        <ArticleCaption>（施行期日）</ArticleCaption>
        <ArticleTitle>第一条</ArticleTitle>
        <Paragraph Num="1">
          <ParagraphNum/>
          <ParagraphSentence>
            <Sentence Function="main" Num="1" WritingMode="vertical">この省令は、公布の日から施行する。</Sentence>
            <Sentence Function="proviso" Num="2" WritingMode="vertical">ただし、第十八条及び附則第九条から第十五条までの規定は、平成十六年四月一日から施行する。</Sentence>
          </ParagraphSentence>
        </Paragraph>
      </Article>
    </SupplProvision>
    <SupplProvision AmendLawNum="平成一六年一一月一七日厚生労働省令第一五六号">
      <SupplProvisionLabel>附　則</SupplProvisionLabel>
      <Paragraph Num="1">
        <ParagraphNum/>
        <ParagraphSentence>
          <Sentence Num="1" WritingMode="vertical">この省令は、独立行政法人福祉医療機構法の一部を改正する法律（平成十六年法律第百三十九号）の施行の日（平成十六年十一月十七日）から施行する。</Sentence>
        </ParagraphSentence>
      </Paragraph>
    </SupplProvision>
    <SupplProvision AmendLawNum="平成一八年三月二九日厚生労働省令第六〇号" Extract="true">
      <SupplProvisionLabel>附　則</SupplProvisionLabel>
      <Article Num="1">
        <ArticleCaption>（施行期日）</ArticleCaption>
        <ArticleTitle>第一条</ArticleTitle>
        <Paragraph Num="1">
          <ParagraphNum/>
          <ParagraphSentence>
            <Sentence Num="1" WritingMode="vertical">この省令は、平成十八年四月一日から施行する。</Sentence>
          </ParagraphSentence>
        </Paragraph>
      </Article>
    </SupplProvision>
    <SupplProvision AmendLawNum="平成一八年六月三〇日厚生労働省令第一三五号">
      <SupplProvisionLabel>附　則</SupplProvisionLabel>
      <Paragraph Num="1">
        <ParagraphNum/>
        <ParagraphSentence>
          <Sentence Num="1" WritingMode="vertical">この省令は、平成十八年七月一日から施行する。</Sentence>
        </ParagraphSentence>
      </Paragraph>
    </SupplProvision>
    <SupplProvision AmendLawNum="平成二〇年三月三日厚生労働省令第二六号" Extract="true">
      <SupplProvisionLabel>附　則</SupplProvisionLabel>
      <Paragraph Num="1">
        <ParagraphCaption>（施行期日）</ParagraphCaption>
        <ParagraphNum>１</ParagraphNum>
        <ParagraphSentence>
          <Sentence Num="1" WritingMode="vertical">この省令は、平成二十年四月一日から施行する。</Sentence>
        </ParagraphSentence>
      </Paragraph>
      <Paragraph Num="4">
        <ParagraphCaption>（経過措置）</ParagraphCaption>
        <ParagraphNum>４</ParagraphNum>
        <ParagraphSentence>
          <Sentence Num="1" WritingMode="vertical">この省令の施行の際現にあるこの省令による改正前の様式による用紙については、当分の間、これを取り繕って使用することができる。</Sentence>
        </ParagraphSentence>
      </Paragraph>
    </SupplProvision>
    <SupplProvision AmendLawNum="平成二二年一一月二六日厚生労働省令第一二一号">
      <SupplProvisionLabel>附　則</SupplProvisionLabel>
      <Paragraph Num="1">
        <ParagraphNum/>
        <ParagraphSentence>
          <Sentence Num="1" WritingMode="vertical">この省令は、独立行政法人通則法の一部を改正する法律の施行の日（平成二十二年十一月二十七日）から施行する。</Sentence>
        </ParagraphSentence>
      </Paragraph>
    </SupplProvision>
    <SupplProvision AmendLawNum="平成二七年三月三一日厚生労働省令第五六号" Extract="true">
      <SupplProvisionLabel>附　則</SupplProvisionLabel>
      <Article Num="1">
        <ArticleCaption>（施行期日）</ArticleCaption>
        <ArticleTitle>第一条</ArticleTitle>
        <Paragraph Num="1">
          <ParagraphNum/>
          <ParagraphSentence>
            <Sentence Num="1" WritingMode="vertical">この省令は、平成二十七年四月一日から施行する。</Sentence>
          </ParagraphSentence>
        </Paragraph>
      </Article>
      <Article Num="3">
        <ArticleCaption>（業務実績等報告書に関する経過措置）</ArticleCaption>
        <ArticleTitle>第三条</ArticleTitle>
        <Paragraph Num="1">
          <ParagraphNum/>
          <ParagraphSentence>
            <Sentence Num="1" WritingMode="vertical">独立行政法人通則法の一部を改正する法律（以下この条において「改正法」という。）附則第八条第一項の規定により主務大臣が改正法による改正前の独立行政法人通則法（平成十一年法律第百三号）第二十九条第一項の規定により改正法の施行の日（以下この条において「施行日」という。）において中期目標管理法人となる独立行政法人に指示している中期目標が改正法による改正後の独立行政法人通則法（以下この条において「新通則法」という。）第二十九条第一項の規定により指示した中期目標とみなされる場合における次の表の上欄に掲げる省令の規定の適用については、同欄に掲げる規定中同表の中欄に掲げる字句は、それぞれ同表の下欄に掲げる字句とする。</Sentence>
          </ParagraphSentence>
          <TableStruct>
            <Table WritingMode="vertical">
              <TableRow>
                <TableColumn BorderBottom="solid" BorderRight="solid" rowspan="3">
                  <Sentence Num="1" WritingMode="vertical">第六条の規定による改正後の独立行政法人労働安全衛生総合研究所の業務運営、財務及び会計並びに人事管理に関する省令（以下「新労働安全衛生総合研究所財会省令」という。）第五条第一項の表一の項、第七条の規定による改正後の独立行政法人高齢・障害・求職者雇用支援機構の業務運営、財務及び会計並びに人事管理に関する省令（以下「新高齢・障害・求職者雇用支援機構財会省令」という。）第五条第一項の表一の項、第八条の規定による改正後の独立行政法人福祉医療機構の業務運営、財務及び会計並びに人事管理に関する省令（以下「新福祉医療機構財会省令」という。）第六条第一項の表一の項、第九条の規定による改正後の独立行政法人国立重度知的障害者総合施設のぞみの園の業務運営、財務及び会計並びに人事管理に関する省令（以下「新国立重度知的障害者総合施設のぞみの園財会省令」という。）第五条第一項の表一の項、第十条の規定による改正後の独立行政法人労働政策研究・研修機構の業務運営、財務及び会計並びに人事管理に関する省令（以下「新労働政策研究・研修機構財会省令」という。）第五条第一項の表一の項、第十一条の規定による改正後の独立行政法人勤労者退職金共済機構の業務運営、財務及び会計並びに人事管理に関する省令（以下「新勤労者退職金共済機構財会省令」という。）第五条第一項の表一の項、第十二条の規定による改正後の独立行政法人医薬品医療機器総合機構の業務運営、財務及び会計並びに人事管理に関する省令（以下「新医薬品医療機器総合機構財会省令」という。）第六条第一項の表一の項、第十三条の規定による改正後の独立行政法人労働者健康福祉機構の業務運営、財務及び会計並びに人事管理に関する省令（以下「新労働者健康福祉機構財会省令」という。）第五条第一項の表一の項、第十四条の規定による改正後の独立行政法人国立病院機構の業務運営、財務及び会計並びに人事管理に関する省令（以下「新国立病院機構財会省令」という。）第五条第一項の表一の項及び第十六条の規定による改正後の独立行政法人地域医療機能推進機構の業務運営、財務及び会計並びに人事管理に関する省令（以下「新地域医療機能推進機構財会省令」という。）第五条第一項の表一の項</Sentence>
                </TableColumn>
                <TableColumn BorderBottom="solid" BorderRight="solid">
                  <Sentence Num="1" WritingMode="vertical">通則法第二十九条第二項第二号に</Sentence>
                </TableColumn>
                <TableColumn BorderBottom="solid" BorderRight="solid">
                  <Sentence Num="1" WritingMode="vertical">独立行政法人通則法の一部を改正する法律（平成二十六年法律第六十六号）による改正前の通則法（以下この表において「旧通則法」という。）第二十九条第二項第三号に</Sentence>
                </TableColumn>
              </TableRow>
              <TableRow>
                <TableColumn BorderBottom="solid" BorderRight="solid">
                  <Sentence Num="1" WritingMode="vertical">同項第三号から第五号まで</Sentence>
                </TableColumn>
                <TableColumn BorderBottom="solid" BorderRight="solid">
                  <Sentence Num="1" WritingMode="vertical">同項第二号、第四号及び第五号</Sentence>
                </TableColumn>
              </TableRow>
              <TableRow>
                <TableColumn BorderBottom="solid" BorderRight="solid">
                  <Sentence Num="1" WritingMode="vertical">通則法第二十九条第二項第二号から</Sentence>
                </TableColumn>
                <TableColumn BorderBottom="solid" BorderRight="solid">
                  <Sentence Num="1" WritingMode="vertical">旧通則法第二十九条第二項第二号から</Sentence>
                </TableColumn>
              </TableRow>
              <TableRow>
                <TableColumn BorderBottom="solid" BorderRight="solid" rowspan="3">
                  <Sentence Num="1" WritingMode="vertical">新労働安全衛生総合研究所財会省令第五条第一項の表二の項及び三の項、新高齢・障害・求職者雇用支援機構財会省令第五条第一項の表二の項及び三の項、新福祉医療機構財会省令第六条第一項の表二の項及び三の項、新国立重度知的障害者総合施設のぞみの園財会省令第五条第一項の表二の項及び三の項、新労働政策研究・研修機構財会省令第五条第一項の表二の項及び三の項、新勤労者退職金共済機構財会省令第五条第一項の表二の項及び三の項、新医薬品医療機器総合機構財会省令第六条第一項の表二の項及び三の項、新労働者健康福祉機構財会省令第五条第一項の表二の項及び三の項、新国立病院機構財会省令第五条第一項の表二の項及び三の項並びに新地域医療機能推進機構財会省令第五条第一項の表二の項及び三の項</Sentence>
                </TableColumn>
                <TableColumn BorderBottom="solid" BorderRight="solid">
                  <Sentence Num="1" WritingMode="vertical">通則法第二十九条第二項第二号に</Sentence>
                </TableColumn>
                <TableColumn BorderBottom="solid" BorderRight="solid">
                  <Sentence Num="1" WritingMode="vertical">旧通則法第二十九条第二項第三号に</Sentence>
                </TableColumn>
              </TableRow>
              <TableRow>
                <TableColumn BorderBottom="solid" BorderRight="solid">
                  <Sentence Num="1" WritingMode="vertical">同項第三号から第五号まで</Sentence>
                </TableColumn>
                <TableColumn BorderBottom="solid" BorderRight="solid">
                  <Sentence Num="1" WritingMode="vertical">同項第二号、第四号及び第五号</Sentence>
                </TableColumn>
              </TableRow>
              <TableRow>
                <TableColumn BorderBottom="solid" BorderRight="solid">
                  <Sentence Num="1" WritingMode="vertical">通則法第二十九条第二項第二号から</Sentence>
                </TableColumn>
                <TableColumn BorderBottom="solid" BorderRight="solid">
                  <Sentence Num="1" WritingMode="vertical">旧通則法第二十九条第二項第二号から</Sentence>
                </TableColumn>
              </TableRow>
            </Table>
          </TableStruct>
        </Paragraph>
      </Article>
      <Article Num="4">
        <ArticleCaption>（事業報告書の作成に係る経過措置）</ArticleCaption>
        <ArticleTitle>第四条</ArticleTitle>
        <Paragraph Num="1">
          <ParagraphNum/>
          <ParagraphSentence>
            <Sentence Num="1" WritingMode="vertical">次の各号に掲げる省令の規定は、平成二十七年四月一日以後に開始する事業年度に係る事業報告書から適用する。</Sentence>
          </ParagraphSentence>
          <Item Num="1:2">
            <ItemTitle>一及び二</ItemTitle>
            <ItemSentence>
              <Sentence Num="1" WritingMode="vertical">略</Sentence>
            </ItemSentence>
          </Item>
          <Item Num="3">
            <ItemTitle>三</ItemTitle>
            <ItemSentence>
              <Sentence Num="1" WritingMode="vertical">新福祉医療機構財会省令第十三条の二第三項</Sentence>
            </ItemSentence>
          </Item>
        </Paragraph>
      </Article>
    </SupplProvision>
    <SupplProvision AmendLawNum="平成二七年九月三〇日厚生労働省令第一五三号" Extract="true">
      <SupplProvisionLabel>附　則</SupplProvisionLabel>
      <Article Num="1">
        <ArticleCaption>（施行期日）</ArticleCaption>
        <ArticleTitle>第一条</ArticleTitle>
        <Paragraph Num="1">
          <ParagraphNum/>
          <ParagraphSentence>
            <Sentence Num="1" WritingMode="vertical">この省令は、平成二十七年十月一日から施行する。</Sentence>
          </ParagraphSentence>
        </Paragraph>
      </Article>
    </SupplProvision>
    <SupplProvision AmendLawNum="平成二八年六月三日厚生労働省令第一〇七号" Extract="true">
      <SupplProvisionLabel>附　則</SupplProvisionLabel>
      <Paragraph Num="1">
        <ParagraphCaption>（施行期日）</ParagraphCaption>
        <ParagraphNum>１</ParagraphNum>
        <ParagraphSentence>
          <Sentence Num="1" WritingMode="vertical">この省令は、平成二十八年七月一日から施行する。</Sentence>
        </ParagraphSentence>
      </Paragraph>
    </SupplProvision>
    <SupplProvision AmendLawNum="平成三一年三月二九日厚生労働省令第四〇号" Extract="true">
      <SupplProvisionLabel>附　則</SupplProvisionLabel>
      <Article Num="1">
        <ArticleCaption>（施行期日）</ArticleCaption>
        <ArticleTitle>第一条</ArticleTitle>
        <Paragraph Num="1">
          <ParagraphNum/>
          <ParagraphSentence>
            <Sentence Num="1" WritingMode="vertical">この省令は、平成三十一年四月一日から施行する。</Sentence>
          </ParagraphSentence>
        </Paragraph>
      </Article>
      <Article Num="3">
        <ArticleCaption>（対応する収益の獲得が予定されない承継資産に係る特例）</ArticleCaption>
        <ArticleTitle>第三条</ArticleTitle>
        <Paragraph Num="1">
          <ParagraphNum/>
          <ParagraphSentence>
            <Sentence Num="1" WritingMode="vertical">独立行政法人福祉医療機構法（平成十四年法律第百六十六号）附則第二条第九項の規定により独立行政法人福祉医療機構に出資されたものとされる資産のうち敷金及び保証金については、第二条の規定による改正後の独立行政法人福祉医療機構の業務運営、財務及び会計並びに人事管理に関する省令第十二条の四第一項の指定を受けたものとみなす。</Sentence>
          </ParagraphSentence>
        </Paragraph>
      </Article>
      <Article Num="5">
        <ArticleCaption>（財務諸表及び事業報告書の作成に係る経過措置）</ArticleCaption>
        <ArticleTitle>第五条</ArticleTitle>
        <Paragraph Num="1">
          <ParagraphNum/>
          <ParagraphSentence>
            <Sentence Num="1" WritingMode="vertical">次に掲げる省令の規定は、平成三十一年四月一日以後に開始する事業年度に係る財務諸表（独立行政法人通則法（平成十一年法律第百三号）第三十八条第一項に規定する財務諸表をいう。以下この条において同じ。）及び事業報告書（同条第二項に規定する事業報告書をいう。以下この条において同じ。）から適用し、同日前に開始する事業年度に係る財務諸表及び事業報告書については、なお従前の例による。</Sentence>
          </ParagraphSentence>
          <Item Num="1">
            <ItemTitle>一</ItemTitle>
            <ItemSentence>
              <Sentence Num="1" WritingMode="vertical">略</Sentence>
            </ItemSentence>
          </Item>
          <Item Num="2">
            <ItemTitle>二</ItemTitle>
            <ItemSentence>
              <Sentence Num="1" WritingMode="vertical">第二条の規定による改正後の独立行政法人福祉医療機構の業務運営、財務及び会計並びに人事管理に関する省令第十三条及び第十三条の二第二項</Sentence>
            </ItemSentence>
          </Item>
        </Paragraph>
      </Article>
    </SupplProvision>
    <SupplProvision AmendLawNum="平成三一年四月二四日厚生労働省令第七二号" Extract="true">
      <SupplProvisionLabel>附　則</SupplProvisionLabel>
      <Paragraph Num="1">
        <ParagraphCaption>（施行期日）</ParagraphCaption>
        <ParagraphNum>１</ParagraphNum>
        <ParagraphSentence>
          <Sentence Num="1" WritingMode="vertical">この省令は、公布の日から施行する。</Sentence>
        </ParagraphSentence>
      </Paragraph>
    </SupplProvision>
    <SupplProvision AmendLawNum="令和元年六月二八日厚生労働省令第二〇号" Extract="true">
      <SupplProvisionLabel>附　則</SupplProvisionLabel>
      <Article Num="1">
        <ArticleCaption>（施行期日）</ArticleCaption>
        <ArticleTitle>第一条</ArticleTitle>
        <Paragraph Num="1">
          <ParagraphNum/>
          <ParagraphSentence>
            <Sentence Num="1" WritingMode="vertical">この省令は、不正競争防止法等の一部を改正する法律の施行の日（令和元年七月一日）から施行する。</Sentence>
          </ParagraphSentence>
        </Paragraph>
      </Article>
      <Article Num="2">
        <ArticleCaption>（様式に関する経過措置）</ArticleCaption>
        <ArticleTitle>第二条</ArticleTitle>
        <Paragraph Num="1">
          <ParagraphNum/>
          <ParagraphSentence>
            <Sentence Num="1" WritingMode="vertical">この省令の施行の際現にあるこの省令による改正前の様式（次項において「旧様式」という。）により使用されている書類は、この省令による改正後の様式によるものとみなす。</Sentence>
          </ParagraphSentence>
        </Paragraph>
        <Paragraph Num="2">
          <ParagraphNum>２</ParagraphNum>
          <ParagraphSentence>
            <Sentence Num="1" WritingMode="vertical">この省令の施行の際現にある旧様式による用紙については、当分の間、これを取り繕って使用することができる。</Sentence>
          </ParagraphSentence>
        </Paragraph>
      </Article>
    </SupplProvision>
    <SupplProvision AmendLawNum="令和元年一一月二二日厚生労働省令第七三号" Extract="true">
      <SupplProvisionLabel>附　則</SupplProvisionLabel>
      <Paragraph Num="1">
        <ParagraphCaption>（施行期日）</ParagraphCaption>
        <ParagraphNum>１</ParagraphNum>
        <ParagraphSentence>
          <Sentence Num="1" WritingMode="vertical">この省令は、公布の日から施行する。</Sentence>
        </ParagraphSentence>
      </Paragraph>
    </SupplProvision>
    <SupplProvision AmendLawNum="令和元年一二月二日厚生労働省令第七七号">
      <SupplProvisionLabel>附　則</SupplProvisionLabel>
      <Paragraph Num="1">
        <ParagraphNum/>
        <ParagraphSentence>
          <Sentence Num="1" WritingMode="vertical">この省令は、公布の日から施行する。</Sentence>
        </ParagraphSentence>
      </Paragraph>
    </SupplProvision>
    <AppdxStyle Num="0">
      <AppdxStyleTitle WritingMode="vertical">別記様式</AppdxStyleTitle>
      <RelatedArticleNum>（第二十三条関係）</RelatedArticleNum>
      <StyleStruct>
        <Style>
          <Fig src="./pict/2FH00000027324.pdf"/>
        </Style>
      </StyleStruct>
    </AppdxStyle>
  </LawBody>
</Law>
