<?xml version="1.0" encoding="UTF-8" standalone="no"?>
<Law DataInfo="200402e80k80m01" Era="Heisei" Lang="ja" LawType="MinisterialOrdinance" Num="106" Year="15">
  <LawNum>平成十五年国土交通省令第百六号</LawNum>
  <LawBody>
    <LawTitle>独立行政法人自動車事故対策機構に関する省令</LawTitle>
    <EnactStatement>独立行政法人通則法（平成十一年法律第百三号）、独立行政法人自動車事故対策機構法（平成十四年法律第百八十三号）第十三条第一項第四号から第六号まで、第十六条及び第十七条並びに独立行政法人の組織、運営及び管理に係る共通的な事項に関する政令（平成十二年政令第三百十六号）第五条第二項の規定に基づき、独立行政法人自動車事故対策機構に関する省令を次のように定める。</EnactStatement>
    <MainProvision>
      <Article Num="1">
        <ArticleCaption>（通則法第八条第三項に規定する主務省令で定める重要な財産）</ArticleCaption>
        <ArticleTitle>第一条</ArticleTitle>
        <Paragraph Num="1">
          <ParagraphNum/>
          <ParagraphSentence>
            <Sentence>独立行政法人自動車事故対策機構（以下「機構」という。）に係る独立行政法人通則法（以下「通則法」という。）第八条第三項に規定する主務省令で定める重要な財産は、その保有する財産であって、その通則法第四十六条の二第一項若しくは第二項又は第四十六条の三第一項の認可に係る申請の日（各項ただし書の場合にあっては、当該財産の処分に関する計画を定めた通則法第三十条第一項の中期計画の認可に係る申請の日）における帳簿価額（現金及び預金にあっては、申請の日におけるその額）が五十万円以上のもの（その性質上通則法第四十六条の二又は第四十六条の三の規定により処分することが不適当なものを除く。）その他国土交通大臣が定める財産とする。</Sentence>
          </ParagraphSentence>
        </Paragraph>
      </Article>
      <Article Num="2">
        <ArticleCaption>（監査報告の作成）</ArticleCaption>
        <ArticleTitle>第二条</ArticleTitle>
        <Paragraph Num="1">
          <ParagraphNum/>
          <ParagraphSentence>
            <Sentence>機構に係る通則法第十九条第四項の規定により主務省令で定める事項については、この条の定めるところによる。</Sentence>
          </ParagraphSentence>
        </Paragraph>
        <Paragraph Num="2">
          <ParagraphNum>２</ParagraphNum>
          <ParagraphSentence>
            <Sentence Num="1">監事は、その職務を適切に遂行するため、次に掲げる者との意思疎通を図り、情報の収集及び監査の環境の整備に努めなければならない。</Sentence>
            <Sentence Num="2">この場合において、役員（監事を除く。第十四条第二項第一号ニを除き、以下同じ。）は、監事の職務の執行のための必要な体制の整備に留意しなければならない。</Sentence>
          </ParagraphSentence>
          <Item Num="1">
            <ItemTitle>一</ItemTitle>
            <ItemSentence>
              <Sentence>機構の役員及び職員</Sentence>
            </ItemSentence>
          </Item>
          <Item Num="2">
            <ItemTitle>二</ItemTitle>
            <ItemSentence>
              <Sentence>その他監事が適切に職務を遂行するに当たり意思疎通を図るべき者</Sentence>
            </ItemSentence>
          </Item>
        </Paragraph>
        <Paragraph Num="3">
          <ParagraphNum>３</ParagraphNum>
          <ParagraphSentence>
            <Sentence>前項の規定は、監事が公正不偏の態度及び独立の立場を保持することができなくなるおそれのある関係の創設及び維持を認めるものと解してはならない。</Sentence>
          </ParagraphSentence>
        </Paragraph>
        <Paragraph Num="4">
          <ParagraphNum>４</ParagraphNum>
          <ParagraphSentence>
            <Sentence>監事は、その職務の遂行に当たり、必要に応じ、機構の他の監事との意思疎通及び情報の交換を図るよう努めなければならない。</Sentence>
          </ParagraphSentence>
        </Paragraph>
        <Paragraph Num="5">
          <ParagraphNum>５</ParagraphNum>
          <ParagraphSentence>
            <Sentence>監査報告には、次に掲げる事項を記載しなければならない。</Sentence>
          </ParagraphSentence>
          <Item Num="1">
            <ItemTitle>一</ItemTitle>
            <ItemSentence>
              <Sentence>監事の監査の方法及びその内容</Sentence>
            </ItemSentence>
          </Item>
          <Item Num="2">
            <ItemTitle>二</ItemTitle>
            <ItemSentence>
              <Sentence>機構の業務が、法令等に従って適正に実施されているかどうか及び中期目標の着実な達成に向け効果的かつ効率的に実施されているかどうかについての意見</Sentence>
            </ItemSentence>
          </Item>
          <Item Num="3">
            <ItemTitle>三</ItemTitle>
            <ItemSentence>
              <Sentence>機構の役員の職務の執行が法令等に適合することを確保するための体制その他機構の業務の適正を確保するための体制の整備及び運用についての意見</Sentence>
            </ItemSentence>
          </Item>
          <Item Num="4">
            <ItemTitle>四</ItemTitle>
            <ItemSentence>
              <Sentence>機構の役員の職務の遂行に関し、不正の行為又は法令等に違反する重大な事実があったときは、その事実</Sentence>
            </ItemSentence>
          </Item>
          <Item Num="5">
            <ItemTitle>五</ItemTitle>
            <ItemSentence>
              <Sentence>監査のため必要な調査ができなかったときは、その旨及びその理由</Sentence>
            </ItemSentence>
          </Item>
          <Item Num="6">
            <ItemTitle>六</ItemTitle>
            <ItemSentence>
              <Sentence>監査報告を作成した日</Sentence>
            </ItemSentence>
          </Item>
        </Paragraph>
      </Article>
      <Article Num="3">
        <ArticleCaption>（監事の調査の対象となる書類）</ArticleCaption>
        <ArticleTitle>第三条</ArticleTitle>
        <Paragraph Num="1">
          <ParagraphNum/>
          <ParagraphSentence>
            <Sentence>機構に係る通則法第十九条第六項第二号に規定する主務省令で定める書類は、独立行政法人自動車事故対策機構法（以下「機構法」という。）の規定に基づき国土交通大臣に提出する書類とする。</Sentence>
          </ParagraphSentence>
        </Paragraph>
      </Article>
      <Article Num="4">
        <ArticleCaption>（業務方法書の記載事項）</ArticleCaption>
        <ArticleTitle>第四条</ArticleTitle>
        <Paragraph Num="1">
          <ParagraphNum/>
          <ParagraphSentence>
            <Sentence>機構に係る通則法第二十八条第二項の主務省令で定める事項は、次のとおりとする。</Sentence>
          </ParagraphSentence>
          <Item Num="1">
            <ItemTitle>一</ItemTitle>
            <ItemSentence>
              <Sentence>機構法第十三条第一号に規定する指導及び講習に関する事項</Sentence>
            </ItemSentence>
          </Item>
          <Item Num="2">
            <ItemTitle>二</ItemTitle>
            <ItemSentence>
              <Sentence>機構法第十三条第二号に規定する適性診断に関する事項</Sentence>
            </ItemSentence>
          </Item>
          <Item Num="3">
            <ItemTitle>三</ItemTitle>
            <ItemSentence>
              <Sentence>機構法第十三条第三号に規定する施設の設置及び運営に関する事項</Sentence>
            </ItemSentence>
          </Item>
          <Item Num="4">
            <ItemTitle>四</ItemTitle>
            <ItemSentence>
              <Sentence>機構法第十三条第四号に規定する介護料の支給に関する事項</Sentence>
            </ItemSentence>
          </Item>
          <Item Num="5">
            <ItemTitle>五</ItemTitle>
            <ItemSentence>
              <Sentence>機構法第十三条第五号に規定する資金の貸付けに関する事項</Sentence>
            </ItemSentence>
          </Item>
          <Item Num="6">
            <ItemTitle>六</ItemTitle>
            <ItemSentence>
              <Sentence>機構法第十三条第六号に規定する資金の貸付けに関する事項</Sentence>
            </ItemSentence>
          </Item>
          <Item Num="7">
            <ItemTitle>七</ItemTitle>
            <ItemSentence>
              <Sentence>機構法第十三条第七号に規定する周知宣伝に関する事項</Sentence>
            </ItemSentence>
          </Item>
          <Item Num="8">
            <ItemTitle>八</ItemTitle>
            <ItemSentence>
              <Sentence>機構法第十三条第八号に規定する調査及び研究並びにその成果の普及に関する事項</Sentence>
            </ItemSentence>
          </Item>
          <Item Num="9">
            <ItemTitle>九</ItemTitle>
            <ItemSentence>
              <Sentence>機構法第十三条第九号に規定する附帯する業務に関する事項</Sentence>
            </ItemSentence>
          </Item>
          <Item Num="10">
            <ItemTitle>十</ItemTitle>
            <ItemSentence>
              <Sentence>業務の委託に関する基準</Sentence>
            </ItemSentence>
          </Item>
          <Item Num="11">
            <ItemTitle>十一</ItemTitle>
            <ItemSentence>
              <Sentence>競争入札その他の契約に関する事項</Sentence>
            </ItemSentence>
          </Item>
          <Item Num="12">
            <ItemTitle>十二</ItemTitle>
            <ItemSentence>
              <Sentence>その他業務の執行に関して必要な事項</Sentence>
            </ItemSentence>
          </Item>
        </Paragraph>
      </Article>
      <Article Num="5">
        <ArticleCaption>（中期計画の認可申請等）</ArticleCaption>
        <ArticleTitle>第五条</ArticleTitle>
        <Paragraph Num="1">
          <ParagraphNum/>
          <ParagraphSentence>
            <Sentence>機構は、通則法第三十条第一項の規定により中期計画の認可を受けようとするときは、当該中期計画を記載した申請書を、中期計画の最初の事業年度開始の日の三十日前までに（機構の成立後最初の中期計画については、機構の成立後遅滞なく）、国土交通大臣に提出しなければならない。</Sentence>
          </ParagraphSentence>
        </Paragraph>
        <Paragraph Num="2">
          <ParagraphNum>２</ParagraphNum>
          <ParagraphSentence>
            <Sentence>機構は、通則法第三十条第一項後段の規定により中期計画の変更の認可を受けようとするときは、変更しようとする事項及びその理由を記載した申請書を国土交通大臣に提出しなければならない。</Sentence>
          </ParagraphSentence>
        </Paragraph>
      </Article>
      <Article Num="6">
        <ArticleCaption>（中期計画の記載事項）</ArticleCaption>
        <ArticleTitle>第六条</ArticleTitle>
        <Paragraph Num="1">
          <ParagraphNum/>
          <ParagraphSentence>
            <Sentence Function="main" Num="1">機構に係る通則法第三十条第二項第八号に規定する主務省令で定める業務運営に関する事項は、次に掲げるものとする。</Sentence>
            <Sentence Function="proviso" Num="2">ただし、機構の成立後最初の中期計画に係る当該事項については、第一号、第二号及び第四号に掲げるものとする。</Sentence>
          </ParagraphSentence>
          <Item Num="1">
            <ItemTitle>一</ItemTitle>
            <ItemSentence>
              <Sentence>施設及び設備に関する計画</Sentence>
            </ItemSentence>
          </Item>
          <Item Num="2">
            <ItemTitle>二</ItemTitle>
            <ItemSentence>
              <Sentence>人事に関する計画</Sentence>
            </ItemSentence>
          </Item>
          <Item Num="3">
            <ItemTitle>三</ItemTitle>
            <ItemSentence>
              <Sentence>機構法第十五条第一項に規定する積立金の使途</Sentence>
            </ItemSentence>
          </Item>
          <Item Num="4">
            <ItemTitle>四</ItemTitle>
            <ItemSentence>
              <Sentence>その他当該中期目標を達成するために必要な事項</Sentence>
            </ItemSentence>
          </Item>
        </Paragraph>
      </Article>
      <Article Num="7">
        <ArticleCaption>（年度計画の記載事項等）</ArticleCaption>
        <ArticleTitle>第七条</ArticleTitle>
        <Paragraph Num="1">
          <ParagraphNum/>
          <ParagraphSentence>
            <Sentence>機構に係る通則法第三十一条第一項の年度計画には、中期計画に定めた事項に関し、当該事業年度において実施すべき事項を記載しなければならない。</Sentence>
          </ParagraphSentence>
        </Paragraph>
        <Paragraph Num="2">
          <ParagraphNum>２</ParagraphNum>
          <ParagraphSentence>
            <Sentence>機構は、通則法第三十一条第一項後段の規定により年度計画の変更をしたときは、変更した事項及びその理由を記載した届出書を国土交通大臣に提出しなければならない。</Sentence>
          </ParagraphSentence>
        </Paragraph>
      </Article>
      <Article Num="8">
        <ArticleCaption>（業務実績等報告書）</ArticleCaption>
        <ArticleTitle>第八条</ArticleTitle>
        <Paragraph Num="1">
          <ParagraphNum/>
          <ParagraphSentence>
            <Sentence>機構に係る通則法第三十二条第二項の報告書には、当該報告書が次の表の上欄に掲げる報告書のいずれに該当するかに応じ、同表の中欄に掲げる項目ごとに同表の下欄に掲げる事項を記載しなければならない。</Sentence>
          </ParagraphSentence>
          <TableStruct>
            <Table>
              <TableRow>
                <TableColumn>
                  <Sentence>事業年度における業務の実績及び当該実績について自ら評価を行った結果を明らかにした報告書</Sentence>
                </TableColumn>
                <TableColumn>
                  <Sentence>当該事業年度に係る年度計画に定めた項目</Sentence>
                </TableColumn>
                <TableColumn>
                  <Sentence>一　当該事業年度における業務の実績（当該項目が通則法第二十九条第二項第二号に掲げる事項に係るものである場合にあっては次のイからニまでに掲げる事項を明らかにしたものに、同項第三号から第五号までに掲げる事項に係るものである場合にあっては次のイからハまでに掲げる事項を明らかにしたものに限る。）</Sentence>
                  <Sentence>イ　中期計画及び年度計画の実施状況</Sentence>
                  <Sentence>ロ　当該事業年度における業務運営の状況</Sentence>
                  <Sentence>ハ　当該項目に係る指標及び当該事業年度の属する中期目標の期間における当該事業年度以前の毎年度の当該指標の数値（当該項目に係る指標が設定されている場合に限る。）</Sentence>
                  <Sentence>ニ　当該事業年度の属する中期目標の期間における当該事業年度以前の毎年度の当該項目に係る財務情報及び人員に関する情報</Sentence>
                  <Sentence>二　次のイからハまでに掲げる事項を明らかにした前号に掲げる業務の実績についての評価の結果（当該項目が通則法第二十九条第二項第二号から第五号までに掲げる事項に係るものである場合に限る。）</Sentence>
                  <Sentence>イ　評定及び当該評定を付した理由</Sentence>
                  <Sentence>ロ　業務運営上の課題が検出された場合には、当該課題及び当該課題に対する改善方策</Sentence>
                  <Sentence>ハ　過去の報告書に記載された改善方策のうちその実施が完了した旨の記載がないものがある場合には、その実施状況</Sentence>
                </TableColumn>
              </TableRow>
              <TableRow>
                <TableColumn>
                  <Sentence>中期目標の期間の終了時に見込まれる中期目標の期間における業務の実績及び当該実績について自ら評価を行った結果を明らかにした報告書</Sentence>
                </TableColumn>
                <TableColumn>
                  <Sentence>中期計画に定めた項目</Sentence>
                </TableColumn>
                <TableColumn>
                  <Sentence>一　中期目標の期間の終了時に見込まれる中期目標の期間における業務の実績（当該項目が通則法第二十九条第二項第二号に掲げる事項に係るものである場合にあっては次のイからニまでに掲げる事項を明らかにしたものに、同項第三号から第五号までに掲げる事項に係るものである場合にあっては次のイからハまでに掲げる事項を明らかにしたものに限る。）</Sentence>
                  <Sentence>イ　中期目標及び中期計画の実施状況</Sentence>
                  <Sentence>ロ　当該期間における業務運営の状況</Sentence>
                  <Sentence>ハ　当該項目に係る指標及び当該期間における毎年度の当該指標の数値（当該項目に係る指標が設定されている場合に限る。）</Sentence>
                  <Sentence>ニ　当該期間における毎年度の当該項目に係る財務情報及び人員に関する情報</Sentence>
                  <Sentence>二　次のイからハまでに掲げる事項を明らかにした前号に掲げる業務の実績についての評価の結果（当該項目が通則法第二十九条第二項第二号から第五号までに掲げる事項に係るものである場合に限る。）</Sentence>
                  <Sentence>イ　評定及び当該評定を付した理由</Sentence>
                  <Sentence>ロ　業務運営上の課題が検出された場合には、当該課題及び当該課題に対する改善方策</Sentence>
                  <Sentence>ハ　過去の報告書に記載された改善方策のうちその実施が完了した旨の記載がないものがある場合には、その実施状況</Sentence>
                </TableColumn>
              </TableRow>
              <TableRow>
                <TableColumn>
                  <Sentence>中期目標の期間における業務の実績及び当該実績について自ら評価を行った結果を明らかにした報告書</Sentence>
                </TableColumn>
                <TableColumn>
                  <Sentence>中期計画に定めた項目</Sentence>
                </TableColumn>
                <TableColumn>
                  <Sentence>一　中期目標の期間における業務の実績（当該項目が通則法第二十九条第二項第二号に掲げる事項に係るものである場合にあっては次のイからニまでに掲げる事項を明らかにしたものに、同項第三号から第五号までに掲げる事項に係るものである場合にあっては次のイからハまでに掲げる事項を明らかにしたものに限る。）</Sentence>
                  <Sentence>イ　中期目標及び中期計画の実施状況</Sentence>
                  <Sentence>ロ　当該期間における業務運営の状況</Sentence>
                  <Sentence>ハ　当該項目に係る指標及び当該期間における毎年度の当該指標の数値（当該項目に係る指標が設定されている場合に限る。）</Sentence>
                  <Sentence>ニ　当該期間における毎年度の当該項目に係る財務情報及び人員に関する情報</Sentence>
                  <Sentence>二　次のイからハまでに掲げる事項を明らかにした前号に掲げる業務の実績についての評価の結果（当該項目が通則法第二十九条第二項第二号から第五号までに掲げる事項に係るものである場合に限る。）</Sentence>
                  <Sentence>イ　評定及び当該評定を付した理由</Sentence>
                  <Sentence>ロ　業務運営上の課題が検出された場合には、当該課題及び当該課題に対する改善方策</Sentence>
                  <Sentence>ハ　過去の報告書に記載された改善方策のうちその実施が完了した旨の記載がないものがある場合には、その実施状況</Sentence>
                </TableColumn>
              </TableRow>
            </Table>
          </TableStruct>
        </Paragraph>
        <Paragraph Num="2">
          <ParagraphNum>２</ParagraphNum>
          <ParagraphSentence>
            <Sentence>機構は、前項に規定する報告書を国土交通大臣に提出したときは、速やかに、当該報告書をインターネットの利用その他の適切な方法により公表するものとする。</Sentence>
          </ParagraphSentence>
        </Paragraph>
      </Article>
      <Article Num="9">
        <ArticleCaption>（会計の原則）</ArticleCaption>
        <ArticleTitle>第九条</ArticleTitle>
        <Paragraph Num="1">
          <ParagraphNum/>
          <ParagraphSentence>
            <Sentence>機構の会計については、この省令の定めるところによるものとし、この省令に定めのないものについては、一般に公正妥当と認められる企業会計の基準に従うものとする。</Sentence>
          </ParagraphSentence>
        </Paragraph>
        <Paragraph Num="2">
          <ParagraphNum>２</ParagraphNum>
          <ParagraphSentence>
            <Sentence>金融庁組織令（平成十年政令第三百九十二号）第二十四条第一項に規定する企業会計審議会により公表された企業会計の基準は、前項に規定する一般に公正妥当と認められる企業会計の基準に該当するものとする。</Sentence>
          </ParagraphSentence>
        </Paragraph>
        <Paragraph Num="3">
          <ParagraphNum>３</ParagraphNum>
          <ParagraphSentence>
            <Sentence>平成十一年四月二十七日の中央省庁等改革推進本部決定に基づき行われた独立行政法人の会計に関する研究の成果として公表された基準（以下「独立行政法人会計基準」という。）は、この省令の規定に準ずるものとして、第一項に規定する一般に公正妥当と認められる企業会計の基準に優先して適用されるものとする。</Sentence>
          </ParagraphSentence>
        </Paragraph>
      </Article>
      <Article Num="10">
        <ArticleCaption>（収益の獲得が予定されない償却資産）</ArticleCaption>
        <ArticleTitle>第十条</ArticleTitle>
        <Paragraph Num="1">
          <ParagraphNum/>
          <ParagraphSentence>
            <Sentence>国土交通大臣は、機構が業務のため取得しようとしている償却資産についてその減価に対応すべき収益の獲得が予定されないと認められる場合には、その取得までの間に限り、当該償却資産を指定することができる。</Sentence>
          </ParagraphSentence>
        </Paragraph>
        <Paragraph Num="2">
          <ParagraphNum>２</ParagraphNum>
          <ParagraphSentence>
            <Sentence>前項の指定を受けた資産の減価償却については、減価償却費は計上せず、資産の減価額と同額を資本剰余金に対する控除として計上するものとする。</Sentence>
          </ParagraphSentence>
        </Paragraph>
      </Article>
      <Article Num="11">
        <ArticleCaption>（対応する収益の獲得が予定されない資産除去債務に係る除去費用等）</ArticleCaption>
        <ArticleTitle>第十一条</ArticleTitle>
        <Paragraph Num="1">
          <ParagraphNum/>
          <ParagraphSentence>
            <Sentence>国土交通大臣は、機構が業務のため保有し又は取得しようとしている有形固定資産に係る資産除去債務に対応する除去費用に係る費用配分額及び時の経過による資産除去債務の調整額（以下この条において「除去費用等」という。）についてその除去費用等に対応すべき収益の獲得が予定されていないと認められる場合には、当該除去費用等を指定することができる。</Sentence>
          </ParagraphSentence>
        </Paragraph>
      </Article>
      <Article Num="12">
        <ArticleCaption>（譲渡差額を損益計算上の損益に計上しない譲渡取引）</ArticleCaption>
        <ArticleTitle>第十二条</ArticleTitle>
        <Paragraph Num="1">
          <ParagraphNum/>
          <ParagraphSentence>
            <Sentence>国土交通大臣は、機構が通則法第四十六条の二第二項又は第四十六条の三第三項の規定に基づいて行う不要財産の譲渡取引についてその譲渡差額を損益計算上の損益に計上しないことが必要と認められる場合には、当該譲渡取引を指定することができる。</Sentence>
          </ParagraphSentence>
        </Paragraph>
      </Article>
      <Article Num="13">
        <ArticleCaption>（財務諸表）</ArticleCaption>
        <ArticleTitle>第十三条</ArticleTitle>
        <Paragraph Num="1">
          <ParagraphNum/>
          <ParagraphSentence>
            <Sentence>機構に係る通則法第三十八条第一項に規定する主務省令で定める書類は、独立行政法人会計基準に掲げるキャッシュ・フロー計算書及び行政サービス実施コスト計算書とする。</Sentence>
          </ParagraphSentence>
        </Paragraph>
      </Article>
      <Article Num="14">
        <ArticleCaption>（事業報告書の作成）</ArticleCaption>
        <ArticleTitle>第十四条</ArticleTitle>
        <Paragraph Num="1">
          <ParagraphNum/>
          <ParagraphSentence>
            <Sentence>機構に係る通則法第三十八条第二項の規定により主務省令で定める事項については、この条の定めるところによる。</Sentence>
          </ParagraphSentence>
        </Paragraph>
        <Paragraph Num="2">
          <ParagraphNum>２</ParagraphNum>
          <ParagraphSentence>
            <Sentence>事業報告書は、次に掲げる事項を記載しなければならない。</Sentence>
          </ParagraphSentence>
          <Item Num="1">
            <ItemTitle>一</ItemTitle>
            <ItemSentence>
              <Sentence>機構に関する基礎的な情報</Sentence>
            </ItemSentence>
            <Subitem1 Num="1">
              <Subitem1Title>イ</Subitem1Title>
              <Subitem1Sentence>
                <Sentence>目的、業務内容、沿革、設立に係る根拠法、主務大臣、組織図その他の機構の概要</Sentence>
              </Subitem1Sentence>
            </Subitem1>
            <Subitem1 Num="2">
              <Subitem1Title>ロ</Subitem1Title>
              <Subitem1Sentence>
                <Sentence>事務所（従たる事務所を含む。）の所在地</Sentence>
              </Subitem1Sentence>
            </Subitem1>
            <Subitem1 Num="3">
              <Subitem1Title>ハ</Subitem1Title>
              <Subitem1Sentence>
                <Sentence>資本金の額及び出資者ごとの出資額（前事業年度末のそれぞれの増減を含む。）</Sentence>
              </Subitem1Sentence>
            </Subitem1>
            <Subitem1 Num="4">
              <Subitem1Title>ニ</Subitem1Title>
              <Subitem1Sentence>
                <Sentence>役員の氏名、役職、任期、担当及び経歴</Sentence>
              </Subitem1Sentence>
            </Subitem1>
            <Subitem1 Num="5">
              <Subitem1Title>ホ</Subitem1Title>
              <Subitem1Sentence>
                <Sentence>常勤職員の数（前事業年度末からの増減を含む。）及び平均年齢並びに機構への出向者の数</Sentence>
              </Subitem1Sentence>
            </Subitem1>
          </Item>
          <Item Num="2">
            <ItemTitle>二</ItemTitle>
            <ItemSentence>
              <Sentence>財務諸表の要約</Sentence>
            </ItemSentence>
          </Item>
          <Item Num="3">
            <ItemTitle>三</ItemTitle>
            <ItemSentence>
              <Sentence>財務情報</Sentence>
            </ItemSentence>
            <Subitem1 Num="1">
              <Subitem1Title>イ</Subitem1Title>
              <Subitem1Sentence>
                <Sentence>財務諸表に記載された事項の概要</Sentence>
              </Subitem1Sentence>
            </Subitem1>
            <Subitem1 Num="2">
              <Subitem1Title>ロ</Subitem1Title>
              <Subitem1Sentence>
                <Sentence>重要な施設等の整備等の状況</Sentence>
              </Subitem1Sentence>
            </Subitem1>
            <Subitem1 Num="3">
              <Subitem1Title>ハ</Subitem1Title>
              <Subitem1Sentence>
                <Sentence>予算及び決算の概要</Sentence>
              </Subitem1Sentence>
            </Subitem1>
            <Subitem1 Num="4">
              <Subitem1Title>ニ</Subitem1Title>
              <Subitem1Sentence>
                <Sentence>経費の削減及び効率化に関する目標並びにその達成状況</Sentence>
              </Subitem1Sentence>
            </Subitem1>
          </Item>
          <Item Num="4">
            <ItemTitle>四</ItemTitle>
            <ItemSentence>
              <Sentence>事業に関する説明</Sentence>
            </ItemSentence>
            <Subitem1 Num="1">
              <Subitem1Title>イ</Subitem1Title>
              <Subitem1Sentence>
                <Sentence>財源の内訳</Sentence>
              </Subitem1Sentence>
            </Subitem1>
            <Subitem1 Num="2">
              <Subitem1Title>ロ</Subitem1Title>
              <Subitem1Sentence>
                <Sentence>財務情報及び業務の実績に基づく説明</Sentence>
              </Subitem1Sentence>
            </Subitem1>
          </Item>
        </Paragraph>
        <Paragraph Num="3">
          <ParagraphNum>３</ParagraphNum>
          <ParagraphSentence>
            <Sentence>事業報告書には、通則法第三十一条第一項の年度計画に記載されたセグメント（機構を構成する一定の単位をいう。）ごとの予算に関する見積り及び当該予算の執行実績を明らかにした資料を添付するものとする。</Sentence>
          </ParagraphSentence>
        </Paragraph>
      </Article>
      <Article Num="15">
        <ArticleCaption>（財務諸表の閲覧期間）</ArticleCaption>
        <ArticleTitle>第十五条</ArticleTitle>
        <Paragraph Num="1">
          <ParagraphNum/>
          <ParagraphSentence>
            <Sentence>機構に係る通則法第三十八条第三項に規定する主務省令で定める期間は、五年とする。</Sentence>
          </ParagraphSentence>
        </Paragraph>
      </Article>
      <Article Num="16">
        <ArticleCaption>（会計監査報告の作成）</ArticleCaption>
        <ArticleTitle>第十六条</ArticleTitle>
        <Paragraph Num="1">
          <ParagraphNum/>
          <ParagraphSentence>
            <Sentence>通則法第三十九条第一項後段の規定により主務省令で定める事項については、この条の定めるところによる。</Sentence>
          </ParagraphSentence>
        </Paragraph>
        <Paragraph Num="2">
          <ParagraphNum>２</ParagraphNum>
          <ParagraphSentence>
            <Sentence Function="main" Num="1">会計監査人は、その職務を適切に遂行するため、次に掲げる者との意思疎通を図り、情報の収集及び監査の環境の整備に努めなければならない。</Sentence>
            <Sentence Function="proviso" Num="2">ただし、会計監査人が公正不偏の態度及び独立の立場を保持することができなくなるおそれのある関係の創設及び維持を認めるものと解してはならない。</Sentence>
          </ParagraphSentence>
          <Item Num="1">
            <ItemTitle>一</ItemTitle>
            <ItemSentence>
              <Sentence>機構の役員及び職員</Sentence>
            </ItemSentence>
          </Item>
          <Item Num="2">
            <ItemTitle>二</ItemTitle>
            <ItemSentence>
              <Sentence>その他会計監査人が適切に職務を遂行するに当たり意思疎通を図るべき者</Sentence>
            </ItemSentence>
          </Item>
        </Paragraph>
        <Paragraph Num="3">
          <ParagraphNum>３</ParagraphNum>
          <ParagraphSentence>
            <Sentence>会計監査人は、通則法第三十八条第一項に規定する財務諸表並びに同条第二項に規定する事業報告書及び決算報告書を受領したときは、次に掲げる事項を内容とする会計監査報告を作成しなければならない。</Sentence>
          </ParagraphSentence>
          <Item Num="1">
            <ItemTitle>一</ItemTitle>
            <ItemSentence>
              <Sentence>会計監査人の監査の方法及びその内容</Sentence>
            </ItemSentence>
          </Item>
          <Item Num="2">
            <ItemTitle>二</ItemTitle>
            <ItemSentence>
              <Sentence>財務諸表（利益の処分又は損失の処理に関する書類を除く。以下この号及び次項において同じ。）が機構の財政状態、運営状況、キャッシュ・フローの状況等を全ての重要な点において適正に表示しているかどうかについての意見があるときは、次のイからハまでに掲げる意見の区分に応じ、当該イからハまでに定める事項</Sentence>
            </ItemSentence>
            <Subitem1 Num="1">
              <Subitem1Title>イ</Subitem1Title>
              <Subitem1Sentence>
                <Column Num="1">
                  <Sentence>無限定適正意見</Sentence>
                </Column>
                <Column Num="2">
                  <Sentence>監査の対象となった財務諸表が独立行政法人会計基準その他の一般に公正妥当と認められる会計の慣行に準拠して、機構の財政状態、運営状況、キャッシュ・フローの状況等を全ての重要な点において適正に表示していると認められる旨</Sentence>
                </Column>
              </Subitem1Sentence>
            </Subitem1>
            <Subitem1 Num="2">
              <Subitem1Title>ロ</Subitem1Title>
              <Subitem1Sentence>
                <Column Num="1">
                  <Sentence>除外事項を付した限定付適正意見</Sentence>
                </Column>
                <Column Num="2">
                  <Sentence>監査の対象となった財務諸表が除外事項を除き独立行政法人会計基準その他の一般に公正妥当と認められる会計の慣行に準拠して、機構の財政状態、運営状況、キャッシュ・フローの状況等を全ての重要な点において適正に表示していると認められる旨及び除外事項</Sentence>
                </Column>
              </Subitem1Sentence>
            </Subitem1>
            <Subitem1 Num="3">
              <Subitem1Title>ハ</Subitem1Title>
              <Subitem1Sentence>
                <Column Num="1">
                  <Sentence>不適正意見</Sentence>
                </Column>
                <Column Num="2">
                  <Sentence>監査の対象となった財務諸表が不適正である旨及びその理由</Sentence>
                </Column>
              </Subitem1Sentence>
            </Subitem1>
          </Item>
          <Item Num="3">
            <ItemTitle>三</ItemTitle>
            <ItemSentence>
              <Sentence>前号の意見がないときは、その旨及びその理由</Sentence>
            </ItemSentence>
          </Item>
          <Item Num="4">
            <ItemTitle>四</ItemTitle>
            <ItemSentence>
              <Sentence>追記情報</Sentence>
            </ItemSentence>
          </Item>
          <Item Num="5">
            <ItemTitle>五</ItemTitle>
            <ItemSentence>
              <Sentence>前各号に掲げるもののほか、利益の処分又は損失の処理に関する書類、事業報告書（会計に関する部分に限る。）及び決算報告書に関して必要な報告</Sentence>
            </ItemSentence>
          </Item>
          <Item Num="6">
            <ItemTitle>六</ItemTitle>
            <ItemSentence>
              <Sentence>会計監査報告を作成した日</Sentence>
            </ItemSentence>
          </Item>
        </Paragraph>
        <Paragraph Num="4">
          <ParagraphNum>４</ParagraphNum>
          <ParagraphSentence>
            <Sentence>前項第四号に規定する「追記情報」とは、次に掲げる事項その他の事項のうち、会計監査人の判断に関して説明を付す必要がある事項又は財務諸表の内容のうち強調する必要がある事項とする。</Sentence>
          </ParagraphSentence>
          <Item Num="1">
            <ItemTitle>一</ItemTitle>
            <ItemSentence>
              <Sentence>正当な理由による会計方針の変更</Sentence>
            </ItemSentence>
          </Item>
          <Item Num="2">
            <ItemTitle>二</ItemTitle>
            <ItemSentence>
              <Sentence>重要な偶発事象</Sentence>
            </ItemSentence>
          </Item>
          <Item Num="3">
            <ItemTitle>三</ItemTitle>
            <ItemSentence>
              <Sentence>重要な後発事象</Sentence>
            </ItemSentence>
          </Item>
        </Paragraph>
      </Article>
      <Article Num="17">
        <ArticleCaption>（短期借入金の認可の申請）</ArticleCaption>
        <ArticleTitle>第十七条</ArticleTitle>
        <Paragraph Num="1">
          <ParagraphNum/>
          <ParagraphSentence>
            <Sentence>機構は、通則法第四十五条第一項ただし書の規定により短期借入金の認可を受けようとするとき、又は同条第二項ただし書の規定により短期借入金の借換えの認可を受けようとするときは、次に掲げる事項を記載した申請書を国土交通大臣に提出しなければならない。</Sentence>
          </ParagraphSentence>
          <Item Num="1">
            <ItemTitle>一</ItemTitle>
            <ItemSentence>
              <Sentence>借入れを必要とする理由</Sentence>
            </ItemSentence>
          </Item>
          <Item Num="2">
            <ItemTitle>二</ItemTitle>
            <ItemSentence>
              <Sentence>借入金の額</Sentence>
            </ItemSentence>
          </Item>
          <Item Num="3">
            <ItemTitle>三</ItemTitle>
            <ItemSentence>
              <Sentence>借入先</Sentence>
            </ItemSentence>
          </Item>
          <Item Num="4">
            <ItemTitle>四</ItemTitle>
            <ItemSentence>
              <Sentence>借入金の利率</Sentence>
            </ItemSentence>
          </Item>
          <Item Num="5">
            <ItemTitle>五</ItemTitle>
            <ItemSentence>
              <Sentence>借入金の償還の方法及び期限</Sentence>
            </ItemSentence>
          </Item>
          <Item Num="6">
            <ItemTitle>六</ItemTitle>
            <ItemSentence>
              <Sentence>利息の支払いの方法及び期限</Sentence>
            </ItemSentence>
          </Item>
          <Item Num="7">
            <ItemTitle>七</ItemTitle>
            <ItemSentence>
              <Sentence>その他必要な事項</Sentence>
            </ItemSentence>
          </Item>
        </Paragraph>
      </Article>
      <Article Num="18">
        <ArticleCaption>（長期借入金の認可の申請）</ArticleCaption>
        <ArticleTitle>第十八条</ArticleTitle>
        <Paragraph Num="1">
          <ParagraphNum/>
          <ParagraphSentence>
            <Sentence>機構は、機構法第十六条の規定により長期借入金の認可を受けようとするときは、次に掲げる事項を記載した申請書を国土交通大臣に提出しなければならない。</Sentence>
          </ParagraphSentence>
          <Item Num="1">
            <ItemTitle>一</ItemTitle>
            <ItemSentence>
              <Sentence>借入れを必要とする理由</Sentence>
            </ItemSentence>
          </Item>
          <Item Num="2">
            <ItemTitle>二</ItemTitle>
            <ItemSentence>
              <Sentence>借入金の額</Sentence>
            </ItemSentence>
          </Item>
          <Item Num="3">
            <ItemTitle>三</ItemTitle>
            <ItemSentence>
              <Sentence>借入先</Sentence>
            </ItemSentence>
          </Item>
          <Item Num="4">
            <ItemTitle>四</ItemTitle>
            <ItemSentence>
              <Sentence>借入金の利率</Sentence>
            </ItemSentence>
          </Item>
          <Item Num="5">
            <ItemTitle>五</ItemTitle>
            <ItemSentence>
              <Sentence>借入金の償還の方法及び期限</Sentence>
            </ItemSentence>
          </Item>
          <Item Num="6">
            <ItemTitle>六</ItemTitle>
            <ItemSentence>
              <Sentence>利息の支払の方法及び期限</Sentence>
            </ItemSentence>
          </Item>
          <Item Num="7">
            <ItemTitle>七</ItemTitle>
            <ItemSentence>
              <Sentence>その他必要な事項</Sentence>
            </ItemSentence>
          </Item>
        </Paragraph>
      </Article>
      <Article Num="19">
        <ArticleCaption>（償還計画の認可の申請）</ArticleCaption>
        <ArticleTitle>第十九条</ArticleTitle>
        <Paragraph Num="1">
          <ParagraphNum/>
          <ParagraphSentence>
            <Sentence Function="main" Num="1">機構は、機構法第十七条の規定により償還計画の認可を受けようとするときは、通則法第三十一条第一項前段の規定により年度計画を届け出た後遅滞なく、次に掲げる事項を記載した申請書を国土交通大臣に提出しなければならない。</Sentence>
            <Sentence Function="proviso" Num="2">ただし、償還計画の変更の認可を受けようとするときは、その都度提出しなければならない。</Sentence>
          </ParagraphSentence>
          <Item Num="1">
            <ItemTitle>一</ItemTitle>
            <ItemSentence>
              <Sentence>長期借入金の総額及び当該事業年度における借入見込額並びにその借入先</Sentence>
            </ItemSentence>
          </Item>
          <Item Num="2">
            <ItemTitle>二</ItemTitle>
            <ItemSentence>
              <Sentence>長期借入金の償還の方法及び期限</Sentence>
            </ItemSentence>
          </Item>
          <Item Num="3">
            <ItemTitle>三</ItemTitle>
            <ItemSentence>
              <Sentence>その他必要な事項</Sentence>
            </ItemSentence>
          </Item>
        </Paragraph>
      </Article>
      <Article Num="20">
        <ArticleCaption>（不要財産に係る民間等出資の払戻しの認可の申請）</ArticleCaption>
        <ArticleTitle>第二十条</ArticleTitle>
        <Paragraph Num="1">
          <ParagraphNum/>
          <ParagraphSentence>
            <Sentence>機構は、通則法第四十六条の三第一項の規定により、民間等出資に係る不要財産について、当該民間等出資に係る不要財産に係る出資者（以下単に「出資者」という。）に対し当該民間等出資に係る不要財産に係る出資額として国土交通大臣が定める額の持分の全部又は一部の払戻しの請求をすることができる旨を催告することについて、同項本文の規定により認可を受けようとするときは、次に掲げる事項を記載した申請書を国土交通大臣に提出しなければならない。</Sentence>
          </ParagraphSentence>
          <Item Num="1">
            <ItemTitle>一</ItemTitle>
            <ItemSentence>
              <Sentence>催告に係る不要財産の内容</Sentence>
            </ItemSentence>
          </Item>
          <Item Num="2">
            <ItemTitle>二</ItemTitle>
            <ItemSentence>
              <Sentence>不要財産であると認められる理由</Sentence>
            </ItemSentence>
          </Item>
          <Item Num="3">
            <ItemTitle>三</ItemTitle>
            <ItemSentence>
              <Sentence>当該不要財産の取得の日及び申請の日における不要財産の帳簿価額（現金及び預金にあっては、取得の日及び申請の日におけるその額）</Sentence>
            </ItemSentence>
          </Item>
          <Item Num="4">
            <ItemTitle>四</ItemTitle>
            <ItemSentence>
              <Sentence>当該不要財産の取得に係る出資の内容（出資者が複数ある場合にあっては、出資者ごとの当該不要財産の取得の日における帳簿価額に占める出資額の割合）</Sentence>
            </ItemSentence>
          </Item>
          <Item Num="5">
            <ItemTitle>五</ItemTitle>
            <ItemSentence>
              <Sentence>催告の内容</Sentence>
            </ItemSentence>
          </Item>
          <Item Num="6">
            <ItemTitle>六</ItemTitle>
            <ItemSentence>
              <Sentence>不要財産により払戻しをする場合には、不要財産の評価額</Sentence>
            </ItemSentence>
          </Item>
          <Item Num="7">
            <ItemTitle>七</ItemTitle>
            <ItemSentence>
              <Sentence>通則法第四十六条の三第三項の規定により主務大臣が定める基準に従い算定した金額により払戻しをする場合には、不要財産の譲渡によって得られる収入の見込額並びに譲渡に要する費用の費目、費目ごとの見込額及びその合計額</Sentence>
            </ItemSentence>
          </Item>
          <Item Num="8">
            <ItemTitle>八</ItemTitle>
            <ItemSentence>
              <Sentence>前号の場合における譲渡の方法</Sentence>
            </ItemSentence>
          </Item>
          <Item Num="9">
            <ItemTitle>九</ItemTitle>
            <ItemSentence>
              <Sentence>第七号の場合における譲渡の予定時期</Sentence>
            </ItemSentence>
          </Item>
          <Item Num="10">
            <ItemTitle>十</ItemTitle>
            <ItemSentence>
              <Sentence>その他必要な事項</Sentence>
            </ItemSentence>
          </Item>
        </Paragraph>
        <Paragraph Num="2">
          <ParagraphNum>２</ParagraphNum>
          <ParagraphSentence>
            <Sentence>国土交通大臣は、前項の申請に係る払戻しの方法が通則法第四十六条の三第三項の規定により主務大臣が定める基準に従い算定した金額による払戻しである場合において、同条第一項の認可をしたときは、次に掲げる事項を機構に通知するものとする。</Sentence>
          </ParagraphSentence>
          <Item Num="1">
            <ItemTitle>一</ItemTitle>
            <ItemSentence>
              <Sentence>通則法第四十六条の三第一項の規定により当該不要財産に係る出資額として国土交通大臣が定める額の持分</Sentence>
            </ItemSentence>
          </Item>
          <Item Num="2">
            <ItemTitle>二</ItemTitle>
            <ItemSentence>
              <Sentence>通則法第四十六条の三第三項の規定により主務大臣が定める基準に従い算定した金額により払戻しをする場合における当該払戻しの見込額</Sentence>
            </ItemSentence>
          </Item>
        </Paragraph>
      </Article>
      <Article Num="21">
        <ArticleCaption>（中期計画に定めた不要財産の払戻しの催告に係る通知）</ArticleCaption>
        <ArticleTitle>第二十一条</ArticleTitle>
        <Paragraph Num="1">
          <ParagraphNum/>
          <ParagraphSentence>
            <Sentence>機構は、通則法第四十四条第三項の中期計画において通則法第三十条第二項第五号の計画に定めた場合において、通則法第四十六条の三第一項の規定により、民間等出資に係る不要財産について、出資者に対し当該民間等出資に係る不要財産に係る出資額として国土交通大臣が定める額の持分の全部又は一部の払戻しの請求をすることができる旨を催告しようとするときは、前条第一項各号に掲げる事項を国土交通大臣に通知しなければならない。</Sentence>
          </ParagraphSentence>
        </Paragraph>
        <Paragraph Num="2">
          <ParagraphNum>２</ParagraphNum>
          <ParagraphSentence>
            <Sentence>国土交通大臣は、前項の通知を受けたときは、遅滞なく、財務大臣にその旨を通知するものとする。</Sentence>
          </ParagraphSentence>
        </Paragraph>
      </Article>
      <Article Num="22">
        <ArticleCaption>（催告の方法）</ArticleCaption>
        <ArticleTitle>第二十二条</ArticleTitle>
        <Paragraph Num="1">
          <ParagraphNum/>
          <ParagraphSentence>
            <Sentence>機構は、通則法第四十六条の三第一項の規定により催告しようとするときは、次に掲げる事項を記載した書面を交付し、又は当該事項を電磁的方法（電子的方法、磁気的方法その他人の知覚によっては認識することができない方法をいう。）により提供しなければならない。</Sentence>
          </ParagraphSentence>
          <Item Num="1">
            <ItemTitle>一</ItemTitle>
            <ItemSentence>
              <Sentence>催告に係る不要財産の内容</Sentence>
            </ItemSentence>
          </Item>
          <Item Num="2">
            <ItemTitle>二</ItemTitle>
            <ItemSentence>
              <Sentence>通則法第四十六条の三第一項の規定に基づき当該民間等出資に係る不要財産に係る出資額として主務大臣が定める額の持分の全部又は一部の払戻しの請求をすることができる旨</Sentence>
            </ItemSentence>
          </Item>
          <Item Num="3">
            <ItemTitle>三</ItemTitle>
            <ItemSentence>
              <Sentence>通則法第四十六条の三第一項に規定する払戻しについて、次に掲げる方法のうちいずれの方法によるかの別</Sentence>
            </ItemSentence>
            <Subitem1 Num="1">
              <Subitem1Title>イ</Subitem1Title>
              <Subitem1Sentence>
                <Sentence>不要財産により払戻しをすること</Sentence>
              </Subitem1Sentence>
            </Subitem1>
            <Subitem1 Num="2">
              <Subitem1Title>ロ</Subitem1Title>
              <Subitem1Sentence>
                <Sentence>通則法第四十六条の三第三項の規定により主務大臣が定める基準に従い算定した金額により払戻しをすること</Sentence>
              </Subitem1Sentence>
            </Subitem1>
          </Item>
          <Item Num="4">
            <ItemTitle>四</ItemTitle>
            <ItemSentence>
              <Sentence>払戻しを行う予定時期</Sentence>
            </ItemSentence>
          </Item>
          <Item Num="5">
            <ItemTitle>五</ItemTitle>
            <ItemSentence>
              <Sentence>第三号ロの方法による払戻しの場合における払戻しの見込額</Sentence>
            </ItemSentence>
          </Item>
        </Paragraph>
        <Paragraph Num="2">
          <ParagraphNum>２</ParagraphNum>
          <ParagraphSentence>
            <Sentence>前項の規定により催告するに際し、当該不要財産の評価額が当該不要財産の帳簿価額を超えることその他の事情があるため、払戻しの方法が同項第三号イの方法により難い場合には、その旨を当該催告の相手方に対し、通知するものとする。</Sentence>
          </ParagraphSentence>
        </Paragraph>
      </Article>
      <Article Num="23">
        <ArticleCaption>（民間等出資に係る不要財産の譲渡の報告等）</ArticleCaption>
        <ArticleTitle>第二十三条</ArticleTitle>
        <Paragraph Num="1">
          <ParagraphNum/>
          <ParagraphSentence>
            <Sentence>機構は、通則法第四十六条の三第三項の規定により民間等出資に係る不要財産の譲渡を行ったときは、遅滞なく、次に掲げる事項を記載した報告書を国土交通大臣に提出するものとする。</Sentence>
          </ParagraphSentence>
          <Item Num="1">
            <ItemTitle>一</ItemTitle>
            <ItemSentence>
              <Sentence>当該不要財産の内容</Sentence>
            </ItemSentence>
          </Item>
          <Item Num="2">
            <ItemTitle>二</ItemTitle>
            <ItemSentence>
              <Sentence>譲渡によって得られた収入の額</Sentence>
            </ItemSentence>
          </Item>
          <Item Num="3">
            <ItemTitle>三</ItemTitle>
            <ItemSentence>
              <Sentence>譲渡に要した費用の費目、費目ごとの金額及びその合計額</Sentence>
            </ItemSentence>
          </Item>
          <Item Num="4">
            <ItemTitle>四</ItemTitle>
            <ItemSentence>
              <Sentence>譲渡した時期</Sentence>
            </ItemSentence>
          </Item>
          <Item Num="5">
            <ItemTitle>五</ItemTitle>
            <ItemSentence>
              <Sentence>通則法第四十六条の三第二項の規定により払戻しを請求された持分の額</Sentence>
            </ItemSentence>
          </Item>
        </Paragraph>
        <Paragraph Num="2">
          <ParagraphNum>２</ParagraphNum>
          <ParagraphSentence>
            <Sentence>前項の報告書には、同項各号に掲げる事項を証する書類を添付するものとする。</Sentence>
          </ParagraphSentence>
        </Paragraph>
        <Paragraph Num="3">
          <ParagraphNum>３</ParagraphNum>
          <ParagraphSentence>
            <Sentence>国土交通大臣は、第一項の報告書の提出を受けたときは、通則法第四十六条の三第三項の規定により主務大臣が定める基準に従い算定した金額（当該算定した金額が第一項第五号の持分の額に満たない場合にあっては、当該算定した金額及び通則法第四十六条の三第三項の規定により当該持分のうち国土交通大臣が定める額の持分）を機構に通知するものとする。</Sentence>
          </ParagraphSentence>
        </Paragraph>
        <Paragraph Num="4">
          <ParagraphNum>４</ParagraphNum>
          <ParagraphSentence>
            <Sentence>機構は、前項の通知を受けたときは、遅滞なく、同項の規定により通知された金額により、第一項第五号の持分（当該通知された金額が当該持分の額に満たない場合にあっては、前項の規定により通知された額の持分）を、当該請求をした出資者に払い戻すものとする。</Sentence>
          </ParagraphSentence>
        </Paragraph>
      </Article>
      <Article Num="24">
        <ArticleCaption>（資本金の減少の報告）</ArticleCaption>
        <ArticleTitle>第二十四条</ArticleTitle>
        <Paragraph Num="1">
          <ParagraphNum/>
          <ParagraphSentence>
            <Sentence>機構は、通則法第四十六条の三第四項の規定により資本金を減少したときは、遅滞なく、その旨を国土交通大臣に報告するものとする。</Sentence>
          </ParagraphSentence>
        </Paragraph>
      </Article>
      <Article Num="25">
        <ArticleCaption>（通則法第四十八条に規定する主務省令で定める重要な財産）</ArticleCaption>
        <ArticleTitle>第二十五条</ArticleTitle>
        <Paragraph Num="1">
          <ParagraphNum/>
          <ParagraphSentence>
            <Sentence>機構に係る通則法第四十八条に規定する主務省令で定める重要な財産とは、土地及び建物並びに国土交通大臣が指定するその他の財産とする。</Sentence>
          </ParagraphSentence>
        </Paragraph>
      </Article>
      <Article Num="26">
        <ArticleCaption>（重要な財産の処分等の認可の申請）</ArticleCaption>
        <ArticleTitle>第二十六条</ArticleTitle>
        <Paragraph Num="1">
          <ParagraphNum/>
          <ParagraphSentence>
            <Sentence>機構は、通則法第四十八条の規定により重要な財産を譲渡し、又は担保に供すること（以下この条において「処分等」という。）について認可を受けようとするときは、次に掲げる事項を記載した申請書を国土交通大臣に提出しなければならない。</Sentence>
          </ParagraphSentence>
          <Item Num="1">
            <ItemTitle>一</ItemTitle>
            <ItemSentence>
              <Sentence>処分等に係る財産の内容及び評価額</Sentence>
            </ItemSentence>
          </Item>
          <Item Num="2">
            <ItemTitle>二</ItemTitle>
            <ItemSentence>
              <Sentence>処分等の条件</Sentence>
            </ItemSentence>
          </Item>
          <Item Num="3">
            <ItemTitle>三</ItemTitle>
            <ItemSentence>
              <Sentence>処分等の方法</Sentence>
            </ItemSentence>
          </Item>
          <Item Num="4">
            <ItemTitle>四</ItemTitle>
            <ItemSentence>
              <Sentence>機構の業務運営上支障がない旨及びその理由</Sentence>
            </ItemSentence>
          </Item>
        </Paragraph>
      </Article>
      <Article Num="27">
        <ArticleCaption>（内部組織）</ArticleCaption>
        <ArticleTitle>第二十七条</ArticleTitle>
        <Paragraph Num="1">
          <ParagraphNum/>
          <ParagraphSentence>
            <Sentence>機構に係る通則法第五十条の六第一号に規定する離職前五年間に在職していた当該中期目標管理法人の内部組織として主務省令で定めるものは、現に存する理事長の直近下位の内部組織として国土交通大臣が定めるもの（次項において「現内部組織」という。）であって再就職者（離職後二年を経過した者を除く。同項において同じ。）が離職前五年間に在職していたものとする。</Sentence>
          </ParagraphSentence>
        </Paragraph>
        <Paragraph Num="2">
          <ParagraphNum>２</ParagraphNum>
          <ParagraphSentence>
            <Sentence>直近七年間に存し、又は存していた理事長の直近下位の内部組織（独立行政法人通則法の一部を改正する法律（平成二十六年法律第六十六号）の施行の日以後のものに限る。）として国土交通大臣が定めるものであって再就職者が離職前五年間に在職していたものが行っていた業務を現内部組織（当該内部組織が現内部組織である場合にあっては他の現内部組織）が行っている場合における前項の規定の適用については、当該再就職者が離職前五年間に当該現内部組織に在職していたものとみなす。</Sentence>
          </ParagraphSentence>
        </Paragraph>
      </Article>
      <Article Num="28">
        <ArticleCaption>（管理又は監督の地位）</ArticleCaption>
        <ArticleTitle>第二十八条</ArticleTitle>
        <Paragraph Num="1">
          <ParagraphNum/>
          <ParagraphSentence>
            <Sentence>機構に係る通則法第五十条の六第二号に規定する管理又は監督の地位として主務省令で定めるものは、職員の退職管理に関する政令（平成二十年政令第三百八十九号）第二十七条第六号に規定する職員が就いている官職に相当するものとして国土交通大臣が定めるものとする。</Sentence>
          </ParagraphSentence>
        </Paragraph>
      </Article>
      <Article Num="29">
        <ArticleCaption>（区分経理等）</ArticleCaption>
        <ArticleTitle>第二十九条</ArticleTitle>
        <Paragraph Num="1">
          <ParagraphNum/>
          <ParagraphSentence>
            <Sentence>機構の経理は、次に掲げる業務に係る各経理単位に区分して行うものとする。</Sentence>
          </ParagraphSentence>
          <Item Num="1">
            <ItemTitle>一</ItemTitle>
            <ItemSentence>
              <Sentence>機構法第十三条第三号に掲げる業務及びこれに附帯する業務</Sentence>
            </ItemSentence>
          </Item>
          <Item Num="2">
            <ItemTitle>二</ItemTitle>
            <ItemSentence>
              <Sentence>機構法第十三条第五号及び第六号に掲げる業務及びこれらに附帯する業務</Sentence>
            </ItemSentence>
          </Item>
          <Item Num="3">
            <ItemTitle>三</ItemTitle>
            <ItemSentence>
              <Sentence>その他の業務</Sentence>
            </ItemSentence>
          </Item>
        </Paragraph>
        <Paragraph Num="2">
          <ParagraphNum>２</ParagraphNum>
          <ParagraphSentence>
            <Sentence>機構は、前項の規定により区分して経理する場合において、機構の運営に必要な経費については、前項第一号及び第二号の業務に係る経理単位から同項第三号の業務に係る経理単位に繰り入れて一括して経理することができる。</Sentence>
          </ParagraphSentence>
        </Paragraph>
      </Article>
      <Article Num="30">
        <ArticleCaption>（積立金の処分に係る申請の添付書類）</ArticleCaption>
        <ArticleTitle>第三十条</ArticleTitle>
        <Paragraph Num="1">
          <ParagraphNum/>
          <ParagraphSentence>
            <Sentence>独立行政法人の組織、運営及び管理に係る共通的な事項に関する政令（以下「令」という。）第二十一条第二項に規定する添付書類は、次に掲げるものとする。</Sentence>
          </ParagraphSentence>
          <Item Num="1">
            <ItemTitle>一</ItemTitle>
            <ItemSentence>
              <Sentence>令第二十一条第一項の期間最後の事業年度（以下単に「期間最後の事業年度」という。）の事業年度末の貸借対照表</Sentence>
            </ItemSentence>
          </Item>
          <Item Num="2">
            <ItemTitle>二</ItemTitle>
            <ItemSentence>
              <Sentence>期間最後の事業年度の損益計算書</Sentence>
            </ItemSentence>
          </Item>
          <Item Num="3">
            <ItemTitle>三</ItemTitle>
            <ItemSentence>
              <Sentence>期間最後の事業年度の事業年度末の利益の処分に関する書類</Sentence>
            </ItemSentence>
          </Item>
          <Item Num="4">
            <ItemTitle>四</ItemTitle>
            <ItemSentence>
              <Sentence>承認を受けようとする金額の計算の基礎を明らかにした書類</Sentence>
            </ItemSentence>
          </Item>
        </Paragraph>
      </Article>
      <Article Num="31">
        <ArticleCaption>（介護料の支給の基準）</ArticleCaption>
        <ArticleTitle>第三十一条</ArticleTitle>
        <Paragraph Num="1">
          <ParagraphNum/>
          <ParagraphSentence>
            <Sentence>機構法第十三条第四号の国土交通省令で定める基準は、当該傷害を受けた者が自動車損害賠償保障法施行令（昭和三十年政令第二百八十六号。以下「自賠令」という。）別表第一に定める第一級又は第二級に該当する介護を要する後遺障害をもたらす傷害を受けた者又はこれと同程度以上の傷害を受けたと認められる者（次に掲げる者を除く。次項において「受給資格者」という。）であることとする。</Sentence>
          </ParagraphSentence>
          <Item Num="1">
            <ItemTitle>一</ItemTitle>
            <ItemSentence>
              <Sentence>機構法第十三条第三号に規定する施設その他これに類する施設に収容されている者</Sentence>
            </ItemSentence>
          </Item>
          <Item Num="2">
            <ItemTitle>二</ItemTitle>
            <ItemSentence>
              <Sentence>労働者災害補償保険法（昭和二十二年法律第五十号）の規定による介護補償給付又は介護給付その他の給付であって介護料に相当するものを受けている者</Sentence>
            </ItemSentence>
          </Item>
        </Paragraph>
        <Paragraph Num="2">
          <ParagraphNum>２</ParagraphNum>
          <ParagraphSentence>
            <Sentence>介護料は、次に掲げるいずれかの者の年間の所得の額（所得税法（昭和四十年法律第三十三号）第二十二条に規定する総所得金額、退職所得金額及び山林所得金額の合計額をいう。）が千万円を超えると認められる年にあっては、その年の九月から翌年の八月までは、支給しない。</Sentence>
          </ParagraphSentence>
          <Item Num="1">
            <ItemTitle>一</ItemTitle>
            <ItemSentence>
              <Sentence>受給資格者</Sentence>
            </ItemSentence>
          </Item>
          <Item Num="2">
            <ItemTitle>二</ItemTitle>
            <ItemSentence>
              <Sentence>受給資格者の配偶者</Sentence>
            </ItemSentence>
          </Item>
          <Item Num="3">
            <ItemTitle>三</ItemTitle>
            <ItemSentence>
              <Sentence>受給資格者の民法（明治二十九年法律第八十九号）第八百七十七条第一項に定める扶養義務者であって当該受給資格者の生計を維持するもの</Sentence>
            </ItemSentence>
          </Item>
        </Paragraph>
      </Article>
      <Article Num="32">
        <ArticleCaption>（生活の困窮の程度の基準）</ArticleCaption>
        <ArticleTitle>第三十二条</ArticleTitle>
        <Paragraph Num="1">
          <ParagraphNum/>
          <ParagraphSentence>
            <Sentence>機構法第十三条第五号及び第六号の国土交通省令で定める基準は、当該被害者が次のいずれかに該当する者又はこれと同程度以上に生活に困窮していると認められる者であることとする。</Sentence>
          </ParagraphSentence>
          <Item Num="1">
            <ItemTitle>一</ItemTitle>
            <ItemSentence>
              <Sentence>生活保護法（昭和二十五年法律第百四十四号）第六条第一項に規定する被保護者</Sentence>
            </ItemSentence>
          </Item>
          <Item Num="2">
            <ItemTitle>二</ItemTitle>
            <ItemSentence>
              <Sentence>所得税法の規定により所得税を納付しないこととなる者であって、次に掲げるもの</Sentence>
            </ItemSentence>
            <Subitem1 Num="1">
              <Subitem1Title>イ</Subitem1Title>
              <Subitem1Sentence>
                <Sentence>その者を扶養する者がいない者</Sentence>
              </Subitem1Sentence>
            </Subitem1>
            <Subitem1 Num="2">
              <Subitem1Title>ロ</Subitem1Title>
              <Subitem1Sentence>
                <Sentence>その者を扶養する者がいる者であって、当該扶養する者が所得税法の規定により所得税を納付しないこととなるもの</Sentence>
              </Subitem1Sentence>
            </Subitem1>
          </Item>
        </Paragraph>
      </Article>
      <Article Num="33">
        <ArticleCaption>（貸付けの対象となる傷害）</ArticleCaption>
        <ArticleTitle>第三十三条</ArticleTitle>
        <Paragraph Num="1">
          <ParagraphNum/>
          <ParagraphSentence>
            <Sentence>機構法第十三条第五号イの国土交通省令で定める後遺障害をもたらす傷害は、自賠令別表第一に定める第一級又は第二級に該当する介護を要する後遺障害をもたらす傷害若しくは同令別表第二に定める第一級から第三級までのいずれかに該当する後遺障害をもたらす傷害又はこれらと同程度以上の傷害であると認められるものとする。</Sentence>
          </ParagraphSentence>
        </Paragraph>
      </Article>
    </MainProvision>
    <SupplProvision>
      <SupplProvisionLabel>附　則</SupplProvisionLabel>
      <Paragraph Num="1">
        <ParagraphCaption>（施行期日）</ParagraphCaption>
        <ParagraphNum>１</ParagraphNum>
        <ParagraphSentence>
          <Sentence>この省令は、公布の日から施行する。</Sentence>
        </ParagraphSentence>
      </Paragraph>
      <Paragraph Num="2">
        <ParagraphCaption>（自動車事故対策センター法施行規則及び自動車事故対策センターの財務及び会計に関する省令の廃止）</ParagraphCaption>
        <ParagraphNum>２</ParagraphNum>
        <ParagraphSentence>
          <Sentence>次に掲げる省令は、廃止する。</Sentence>
        </ParagraphSentence>
        <Item Num="1">
          <ItemTitle>一</ItemTitle>
          <ItemSentence>
            <Sentence>自動車事故対策センター法施行規則（昭和四十八年運輸省令第三十八号）</Sentence>
          </ItemSentence>
        </Item>
        <Item Num="2">
          <ItemTitle>二</ItemTitle>
          <ItemSentence>
            <Sentence>自動車事故対策センターの財務及び会計に関する省令（昭和四十八年運輸省令第三十九号）</Sentence>
          </ItemSentence>
        </Item>
      </Paragraph>
      <Paragraph Num="3">
        <ParagraphCaption>（自動車事故対策センターの財務及び会計に関する省令の廃止に伴う経過措置）</ParagraphCaption>
        <ParagraphNum>３</ParagraphNum>
        <ParagraphSentence>
          <Sentence>自動車事故対策センターの解散の日の前日の前日を含む事業年度の第二・四半期に係る前項の規定による廃止前の自動車事故対策センターの財務及び会計に関する省令第十三条の規定による報告については、なお従前の例による。</Sentence>
        </ParagraphSentence>
      </Paragraph>
    </SupplProvision>
    <SupplProvision AmendLawNum="平成二二年一一月二六日国土交通省令第五五号" Extract="true">
      <SupplProvisionLabel>附　則</SupplProvisionLabel>
      <Article Num="1">
        <ArticleCaption>（施行期日）</ArticleCaption>
        <ArticleTitle>第一条</ArticleTitle>
        <Paragraph Num="1">
          <ParagraphNum/>
          <ParagraphSentence>
            <Sentence>この省令は、独立行政法人通則法の一部を改正する法律の施行の日（平成二十二年十一月二十七日）から施行する。</Sentence>
          </ParagraphSentence>
        </Paragraph>
      </Article>
    </SupplProvision>
    <SupplProvision AmendLawNum="平成二七年三月三一日国土交通省令第一九号" Extract="true">
      <SupplProvisionLabel>附　則</SupplProvisionLabel>
      <Article Num="1">
        <ArticleCaption>（施行期日）</ArticleCaption>
        <ArticleTitle>第一条</ArticleTitle>
        <Paragraph Num="1">
          <ParagraphNum/>
          <ParagraphSentence>
            <Sentence>この省令は、独立行政法人通則法の一部を改正する法律（以下「改正法」という。）の施行の日（平成二十七年四月一日）から施行する。</Sentence>
          </ParagraphSentence>
        </Paragraph>
      </Article>
      <Article Num="2">
        <ArticleCaption>（中期目標管理法人となる独立行政法人の業務実績等報告書に係る経過措置）</ArticleCaption>
        <ArticleTitle>第二条</ArticleTitle>
        <Paragraph Num="1">
          <ParagraphNum/>
          <ParagraphSentence>
            <Sentence>改正法附則第八条第一項の規定により改正法による改正前の独立行政法人通則法第二十九条第一項の中期目標が改正法による改正後の独立行政法人通則法第二十九条第一項の中期目標とみなされる場合におけるこの省令による改正後の次に掲げる省令の規定の適用については、これらの規定中「当該事業年度における業務の実績（当該項目が通則法」とあるのは「当該事業年度における業務の実績（当該項目が独立行政法人通則法の一部を改正する法律（平成二十六年法律第六十六号）による改正前の通則法（以下「旧通則法」という。）」と、「第二十九条第二項第二号に」とあるのは「第二十九条第二項第三号に」と、「同項第三号から第五号まで」とあるのは「同項第二号、第四号及び第五号」と、「結果（当該項目が通則法」とあるのは「結果（当該項目が旧通則法」と、「期間における業務の実績（当該項目が通則法」とあるのは「期間における業務の実績（当該項目が旧通則法」とする。</Sentence>
          </ParagraphSentence>
          <Item Num="1:7">
            <ItemTitle>一から七まで</ItemTitle>
            <ItemSentence>
              <Sentence>略</Sentence>
            </ItemSentence>
          </Item>
          <Item Num="8">
            <ItemTitle>八</ItemTitle>
            <ItemSentence>
              <Sentence>独立行政法人自動車事故対策機構に関する省令第八条第一項</Sentence>
            </ItemSentence>
          </Item>
        </Paragraph>
      </Article>
      <Article Num="4">
        <ArticleCaption>（事業報告書の作成に係る経過措置）</ArticleCaption>
        <ArticleTitle>第四条</ArticleTitle>
        <Paragraph Num="1">
          <ParagraphNum/>
          <ParagraphSentence>
            <Sentence>この省令による改正後の次に掲げる省令の規定は、改正法の施行の日以後に開始する事業年度に係る事業報告書から適用する。</Sentence>
          </ParagraphSentence>
          <Item Num="1:13">
            <ItemTitle>一から十三まで</ItemTitle>
            <ItemSentence>
              <Sentence>略</Sentence>
            </ItemSentence>
          </Item>
          <Item Num="14">
            <ItemTitle>十四</ItemTitle>
            <ItemSentence>
              <Sentence>独立行政法人自動車事故対策機構に関する省令第十四条第三項</Sentence>
            </ItemSentence>
          </Item>
        </Paragraph>
      </Article>
    </SupplProvision>
    <SupplProvision AmendLawNum="平成二八年三月三一日国土交通省令第二四号" Extract="true">
      <SupplProvisionLabel>附　則</SupplProvisionLabel>
      <Paragraph Num="1">
        <ParagraphCaption>（施行期日）</ParagraphCaption>
        <ParagraphNum>１</ParagraphNum>
        <ParagraphSentence>
          <Sentence>この省令は、平成二十八年四月一日から施行する。</Sentence>
        </ParagraphSentence>
      </Paragraph>
    </SupplProvision>
  </LawBody>
</Law>
