<?xml version="1.0" encoding="UTF-8" standalone="no"?>
<Law DataInfo="180913e01k01m01" Era="Heisei" Lang="ja" LawType="CabinetOrder" Num="13" Year="16">
  <LawNum>平成十六年政令第十三号</LawNum>
  <LawBody>
    <LawTitle>国立研究開発法人情報通信研究機構法施行令</LawTitle>
    <EnactStatement>内閣は、独立行政法人情報通信研究機構法（平成十一年法律第百六十二号）第十六条第四項及び第七項並びに附則第九条第四項並びに第十条第一項及び第四項の規定に基づき、この政令を制定する。</EnactStatement>
    <MainProvision>
      <Article Num="1">
        <ArticleCaption>（毎事業年度において国庫に納付すべき額の算定方法）</ArticleCaption>
        <ArticleTitle>第一条</ArticleTitle>
        <Paragraph Num="1">
          <ParagraphNum/>
          <ParagraphSentence>
            <Sentence>国立研究開発法人情報通信研究機構法（平成十一年法律第百六十二号。以下「法」という。）第十六条に規定する基盤技術研究促進勘定及び出資勘定における法第十七条第四項の政令で定めるところにより計算した額（第六条において「毎事業年度において国庫に納付すべき額」という。）は、独立行政法人通則法（平成十一年法律第百三号。以下「通則法」という。）第四十四条第一項に規定する残余の額に百分の九十を乗じて得た額とする。</Sentence>
          </ParagraphSentence>
        </Paragraph>
      </Article>
      <Article Num="2">
        <ArticleCaption>（積立金の処分に係る承認の手続）</ArticleCaption>
        <ArticleTitle>第二条</ArticleTitle>
        <Paragraph Num="1">
          <ParagraphNum/>
          <ParagraphSentence>
            <Sentence>国立研究開発法人情報通信研究機構（以下「機構」という。）は、法第十六条に規定する債務保証勘定及び一般勘定において、通則法第三十五条の四第二項第一号に規定する中長期目標の期間（以下「中長期目標の期間」という。）の最後の事業年度（以下「期間最後の事業年度」という。）に係る通則法第四十四条第一項又は第二項の規定による整理を行った後、同条第一項の規定による積立金がある場合において、その額に相当する金額の全部又は一部を法第十七条第一項の規定により当該中長期目標の期間の次の中長期目標の期間における業務の財源に充てようとするときは、次に掲げる事項を記載した承認申請書を総務大臣（法第十六条に規定する債務保証勘定に係るものについては、総務大臣及び財務大臣）に提出し、当該次の中長期目標の期間の最初の事業年度の六月三十日までに、同項の規定による承認を受けなければならない。</Sentence>
          </ParagraphSentence>
          <Item Num="1">
            <ItemTitle>一</ItemTitle>
            <ItemSentence>
              <Sentence>法第十七条第一項の規定による承認を受けようとする金額</Sentence>
            </ItemSentence>
          </Item>
          <Item Num="2">
            <ItemTitle>二</ItemTitle>
            <ItemSentence>
              <Sentence>前号の金額を財源に充てようとする業務の内容</Sentence>
            </ItemSentence>
          </Item>
        </Paragraph>
        <Paragraph Num="2">
          <ParagraphNum>２</ParagraphNum>
          <ParagraphSentence>
            <Sentence>機構は、法第十六条に規定する基盤技術研究促進勘定及び出資勘定において、期間最後の事業年度に係る法第十七条第五項の規定による整理を行った後、同項の規定による積立金がある場合において、その額に相当する金額の全部又は一部を同条第六項の規定により読み替えて準用する同条第一項の規定により当該中長期目標の期間の次の中長期目標の期間における業務の財源に充てようとするときは、次に掲げる事項を記載した承認申請書を総務大臣（法第十六条に規定する出資勘定に係るものについては、総務大臣及び財務大臣）に提出し、当該次の中長期目標の期間の最初の事業年度の六月三十日までに、法第十七条第六項の規定により読み替えて準用する同条第一項の規定による承認を受けなければならない。</Sentence>
          </ParagraphSentence>
          <Item Num="1">
            <ItemTitle>一</ItemTitle>
            <ItemSentence>
              <Sentence>法第十七条第六項の規定により読み替えて準用する同条第一項の規定による承認を受けようとする金額</Sentence>
            </ItemSentence>
          </Item>
          <Item Num="2">
            <ItemTitle>二</ItemTitle>
            <ItemSentence>
              <Sentence>前号の金額を財源に充てようとする業務の内容</Sentence>
            </ItemSentence>
          </Item>
        </Paragraph>
        <Paragraph Num="3">
          <ParagraphNum>３</ParagraphNum>
          <ParagraphSentence>
            <Sentence>前二項の承認申請書には、当該期間最後の事業年度の事業年度末の貸借対照表、当該期間最後の事業年度の損益計算書その他の総務省令（法第十六条に規定する債務保証勘定及び出資勘定に係るものについては、総務省令・財務省令）で定める書類を添付しなければならない。</Sentence>
          </ParagraphSentence>
        </Paragraph>
      </Article>
      <Article Num="3">
        <ArticleCaption>（国庫納付金の納付の手続）</ArticleCaption>
        <ArticleTitle>第三条</ArticleTitle>
        <Paragraph Num="1">
          <ParagraphNum/>
          <ParagraphSentence>
            <Sentence Function="main" Num="1">機構は、法第十七条第三項（同条第六項において読み替えて準用する場合を含む。）に規定する残余があるときは、当該規定による納付金（以下「国庫納付金」という。）の計算書に、当該期間最後の事業年度の事業年度末の貸借対照表、当該期間最後の事業年度の損益計算書その他の当該国庫納付金の計算の基礎を明らかにした書類を添付して、当該期間最後の事業年度の次の事業年度の六月三十日までに、これを総務大臣に提出しなければならない。</Sentence>
            <Sentence Function="proviso" Num="2">ただし、前条第一項又は第二項の承認申請書を提出したときは、これに添付した同条第三項に規定する書類を重ねて提出することを要しない。</Sentence>
          </ParagraphSentence>
        </Paragraph>
        <Paragraph Num="2">
          <ParagraphNum>２</ParagraphNum>
          <ParagraphSentence>
            <Sentence>総務大臣は、前項の国庫納付金の計算書及び添付書類の提出があったときは、遅滞なく、当該国庫納付金の計算書及び添付書類の写しを財務大臣に送付するものとする。</Sentence>
          </ParagraphSentence>
        </Paragraph>
      </Article>
      <Article Num="4">
        <ArticleCaption>（国庫納付金の納付期限）</ArticleCaption>
        <ArticleTitle>第四条</ArticleTitle>
        <Paragraph Num="1">
          <ParagraphNum/>
          <ParagraphSentence>
            <Sentence>国庫納付金は、当該期間最後の事業年度の次の事業年度の七月十日までに納付しなければならない。</Sentence>
          </ParagraphSentence>
        </Paragraph>
      </Article>
      <Article Num="5">
        <ArticleCaption>（国庫納付金の帰属する会計）</ArticleCaption>
        <ArticleTitle>第五条</ArticleTitle>
        <Paragraph Num="1">
          <ParagraphNum/>
          <ParagraphSentence>
            <Sentence>国庫納付金は、一般会計（法第十六条に規定する基盤技術研究促進勘定及び出資勘定における国庫納付金にあっては、財政投融資特別会計の投資勘定）に帰属する。</Sentence>
          </ParagraphSentence>
        </Paragraph>
      </Article>
      <Article Num="6">
        <ArticleCaption>（毎事業年度において国庫に納付すべき額の納付の手続等）</ArticleCaption>
        <ArticleTitle>第六条</ArticleTitle>
        <Paragraph Num="1">
          <ParagraphNum/>
          <ParagraphSentence>
            <Sentence Num="1">前三条の規定は、毎事業年度において国庫に納付すべき額を国庫に納付する場合について準用する。</Sentence>
            <Sentence Num="2">この場合において、第三条第一項及び第四条中「期間最後の事業年度」とあるのは、「事業年度」と読み替えるものとする。</Sentence>
          </ParagraphSentence>
        </Paragraph>
      </Article>
    </MainProvision>
    <SupplProvision>
      <SupplProvisionLabel>附　則</SupplProvisionLabel>
      <Paragraph Num="1">
        <ParagraphCaption>（施行期日）</ParagraphCaption>
        <ParagraphNum>１</ParagraphNum>
        <ParagraphSentence>
          <Sentence>この政令は、平成十六年四月一日から施行する。</Sentence>
        </ParagraphSentence>
      </Paragraph>
      <Paragraph Num="2">
        <ParagraphCaption>（法附則第十一条の審議会等で政令で定めるもの）</ParagraphCaption>
        <ParagraphNum>２</ParagraphNum>
        <ParagraphSentence>
          <Sentence>法附則第十一条の審議会等で政令で定めるものは、情報通信行政・郵政行政審議会とする。</Sentence>
        </ParagraphSentence>
      </Paragraph>
    </SupplProvision>
    <SupplProvision AmendLawNum="平成一八年三月三一日政令第一五八号">
      <SupplProvisionLabel>附　則</SupplProvisionLabel>
      <Paragraph Num="1">
        <ParagraphNum/>
        <ParagraphSentence>
          <Sentence>この政令は、平成十八年四月一日から施行する。</Sentence>
        </ParagraphSentence>
      </Paragraph>
    </SupplProvision>
    <SupplProvision AmendLawNum="平成二〇年二月二九日政令第四〇号" Extract="true">
      <SupplProvisionLabel>附　則</SupplProvisionLabel>
      <Article Num="1">
        <ArticleCaption>（施行期日）</ArticleCaption>
        <ArticleTitle>第一条</ArticleTitle>
        <Paragraph Num="1">
          <ParagraphNum/>
          <ParagraphSentence>
            <Sentence>この政令は、特別会計に関する法律の一部の施行の日（平成二十年四月一日）から施行する。</Sentence>
          </ParagraphSentence>
        </Paragraph>
      </Article>
    </SupplProvision>
    <SupplProvision AmendLawNum="平成二七年三月一八日政令第七四号" Extract="true">
      <SupplProvisionLabel>附　則</SupplProvisionLabel>
      <Paragraph Num="1">
        <ParagraphNum/>
        <ParagraphSentence>
          <Sentence>この政令は、平成二十七年四月一日から施行する。</Sentence>
        </ParagraphSentence>
      </Paragraph>
    </SupplProvision>
    <SupplProvision AmendLawNum="平成二七年四月二四日政令第二二一号" Extract="true">
      <SupplProvisionLabel>附　則</SupplProvisionLabel>
      <Paragraph Num="1">
        <ParagraphCaption>（施行期日）</ParagraphCaption>
        <ParagraphNum>１</ParagraphNum>
        <ParagraphSentence>
          <Sentence>この政令は、公布の日から施行する。</Sentence>
        </ParagraphSentence>
      </Paragraph>
    </SupplProvision>
    <SupplProvision AmendLawNum="平成三〇年八月八日政令第二三七号">
      <SupplProvisionLabel>附　則</SupplProvisionLabel>
      <Paragraph Num="1">
        <ParagraphNum/>
        <ParagraphSentence>
          <Sentence>この政令は、電気通信事業法及び国立研究開発法人情報通信研究機構法の一部を改正する法律の施行の日から施行する。</Sentence>
        </ParagraphSentence>
      </Paragraph>
    </SupplProvision>
  </LawBody>
</Law>
