<?xml version="1.0" encoding="UTF-8" standalone="no"?>
<Law DataInfo="190730e01k01m01" Era="Heisei" Lang="ja" LawType="CabinetOrder" Num="193" Year="17">
  <LawNum>平成十七年政令第百九十三号</LawNum>
  <LawBody>
    <LawTitle>官公庁施設の建設等に関する法律第十二条第一項の規定によりその敷地及び構造に係る劣化の状況の点検を要する建築物を定める政令</LawTitle>
    <EnactStatement>内閣は、官公庁施設の建設等に関する法律（昭和二十六年法律第百八十一号）第十二条第一項の規定に基づき、この政令を制定する。</EnactStatement>
    <MainProvision>
      <Paragraph Num="1">
        <ParagraphNum/>
        <ParagraphSentence>
          <Sentence>官公庁施設の建設等に関する法律第十二条第一項の政令で定める建築物は、事務所その他これに類する用途に供する建築物（建築基準法（昭和二十五年法律第二百一号）第八十五条第二項に規定する建築物及び災害があった場合において建築物の用途を変更して同法第八十七条の三第二項に規定する公益的建築物として使用するときにおける当該公益的建築物を除く。）のうち、次の各号のいずれかに該当するものとする。</Sentence>
        </ParagraphSentence>
        <Item Num="1">
          <ItemTitle>一</ItemTitle>
          <ItemSentence>
            <Sentence>階数が二以上である建築物</Sentence>
          </ItemSentence>
        </Item>
        <Item Num="2">
          <ItemTitle>二</ItemTitle>
          <ItemSentence>
            <Sentence>延べ面積が二百平方メートルを超える建築物</Sentence>
          </ItemSentence>
        </Item>
      </Paragraph>
    </MainProvision>
    <SupplProvision Extract="false" Type="New">
      <SupplProvisionLabel>附　則</SupplProvisionLabel>
      <Paragraph Num="1">
        <ParagraphNum/>
        <ParagraphSentence>
          <Sentence>この政令は、建築物の安全性及び市街地の防災機能の確保等を図るための建築基準法等の一部を改正する法律（平成十六年法律第六十七号）の施行の日（平成十七年六月一日）から施行する。</Sentence>
        </ParagraphSentence>
      </Paragraph>
    </SupplProvision>
    <SupplProvision AmendLawNum="令和元年六月一九日政令第三〇号" Extract="true">
      <SupplProvisionLabel>附　則</SupplProvisionLabel>
      <Article Num="1">
        <ArticleCaption>（施行期日）</ArticleCaption>
        <ArticleTitle>第一条</ArticleTitle>
        <Paragraph Num="1">
          <ParagraphNum/>
          <ParagraphSentence>
            <Sentence>この政令は、建築基準法の一部を改正する法律の施行の日（令和元年六月二十五日）から施行する。</Sentence>
          </ParagraphSentence>
        </Paragraph>
      </Article>
    </SupplProvision>
  </LawBody>
</Law>
