<?xml version="1.0" encoding="UTF-8" standalone="no"?>
<Law DataInfo="200402e80k80m01" Era="Heisei" Lang="ja" LawType="MinisterialOrdinance" Num="10" Year="17">
  <LawNum>平成十七年文部科学省令第十号</LawNum>
  <LawBody>
    <LawTitle>重要文化的景観に係る選定及び届出等に関する規則</LawTitle>
    <EnactStatement>文化財保護法（昭和二十五年法律第二百十四号）第百三十四条第一項、第百三十六条（同法第百六十七条第二項において準用する場合を含む。）並びに第百三十九条第一項（同法第百六十七条第二項において準用する場合を含む。）及び第二項の規定に基づき、並びに同法を実施するため、重要文化的景観に係る選定及び届出等に関する規則を次のように定める。</EnactStatement>
    <MainProvision>
      <Article Num="1">
        <ArticleCaption>（法第百三十四条第一項の文部科学省令で定める基準）</ArticleCaption>
        <ArticleTitle>第一条</ArticleTitle>
        <Paragraph Num="1">
          <ParagraphNum/>
          <ParagraphSentence>
            <Sentence>文化財保護法（以下「法」という。）第百三十四条第一項の文部科学省令で定める基準は、次のとおりとする。</Sentence>
          </ParagraphSentence>
          <Item Num="1">
            <ItemTitle>一</ItemTitle>
            <ItemSentence>
              <Sentence>選定の申出に係る文化的景観（以下「文化的景観」という。）の保存に関する計画（以下「文化的景観保存計画」という。）を定めていること。</Sentence>
            </ItemSentence>
          </Item>
          <Item Num="2">
            <ItemTitle>二</ItemTitle>
            <ItemSentence>
              <Sentence>景観法その他の法律に基づく条例で、文化的景観の保存のため必要な規制を定めていること。</Sentence>
            </ItemSentence>
          </Item>
          <Item Num="3">
            <ItemTitle>三</ItemTitle>
            <ItemSentence>
              <Sentence>文化的景観の所有者又は権原に基づく占有者（管理者がいる場合には、当該管理者を含む。以下「所有者等」という。）の氏名又は名称及び住所を把握していること。</Sentence>
            </ItemSentence>
          </Item>
        </Paragraph>
        <Paragraph Num="2">
          <ParagraphNum>２</ParagraphNum>
          <ParagraphSentence>
            <Sentence>文化的景観保存計画には、次に掲げる事項を記載するものとする。</Sentence>
          </ParagraphSentence>
          <Item Num="1">
            <ItemTitle>一</ItemTitle>
            <ItemSentence>
              <Sentence>文化的景観の位置及び範囲</Sentence>
            </ItemSentence>
          </Item>
          <Item Num="2">
            <ItemTitle>二</ItemTitle>
            <ItemSentence>
              <Sentence>文化的景観の保存に関する基本方針</Sentence>
            </ItemSentence>
          </Item>
          <Item Num="3">
            <ItemTitle>三</ItemTitle>
            <ItemSentence>
              <Sentence>文化的景観の保存に配慮した土地利用に関する事項</Sentence>
            </ItemSentence>
          </Item>
          <Item Num="4">
            <ItemTitle>四</ItemTitle>
            <ItemSentence>
              <Sentence>文化的景観の整備に関する事項</Sentence>
            </ItemSentence>
          </Item>
          <Item Num="5">
            <ItemTitle>五</ItemTitle>
            <ItemSentence>
              <Sentence>文化的景観を保存するために必要な体制に関する事項</Sentence>
            </ItemSentence>
          </Item>
          <Item Num="6">
            <ItemTitle>六</ItemTitle>
            <ItemSentence>
              <Sentence>文化的景観における重要な構成要素</Sentence>
            </ItemSentence>
          </Item>
          <Item Num="7">
            <ItemTitle>七</ItemTitle>
            <ItemSentence>
              <Sentence>前各号に掲げるもののほか、文化的景観の保存に関し特に必要と認められる事項</Sentence>
            </ItemSentence>
          </Item>
        </Paragraph>
      </Article>
      <Article Num="2">
        <ArticleCaption>（選定の申出）</ArticleCaption>
        <ArticleTitle>第二条</ArticleTitle>
        <Paragraph Num="1">
          <ParagraphNum/>
          <ParagraphSentence>
            <Sentence>法第百三十四条第一項の規定による重要文化的景観の選定の申出をしようとする都道府県又は市町村は、選定の申出に関し、あらかじめ当該文化的景観における重要な構成要素である不動産の所有者等の同意を得て、次に掲げる事項を記載した選定申出書を文部科学大臣に提出するものとする。</Sentence>
          </ParagraphSentence>
          <Item Num="1">
            <ItemTitle>一</ItemTitle>
            <ItemSentence>
              <Sentence>文化的景観の名称</Sentence>
            </ItemSentence>
          </Item>
          <Item Num="2">
            <ItemTitle>二</ItemTitle>
            <ItemSentence>
              <Sentence>文化的景観の種類</Sentence>
            </ItemSentence>
          </Item>
          <Item Num="3">
            <ItemTitle>三</ItemTitle>
            <ItemSentence>
              <Sentence>文化的景観の所在地及び面積</Sentence>
            </ItemSentence>
          </Item>
          <Item Num="4">
            <ItemTitle>四</ItemTitle>
            <ItemSentence>
              <Sentence>文化的景観の保存状況</Sentence>
            </ItemSentence>
          </Item>
          <Item Num="5">
            <ItemTitle>五</ItemTitle>
            <ItemSentence>
              <Sentence>文化的景観の特性</Sentence>
            </ItemSentence>
          </Item>
          <Item Num="6">
            <ItemTitle>六</ItemTitle>
            <ItemSentence>
              <Sentence>文化的景観保存計画</Sentence>
            </ItemSentence>
          </Item>
          <Item Num="7">
            <ItemTitle>七</ItemTitle>
            <ItemSentence>
              <Sentence>その他参考となるべき事項</Sentence>
            </ItemSentence>
          </Item>
        </Paragraph>
        <Paragraph Num="2">
          <ParagraphNum>２</ParagraphNum>
          <ParagraphSentence>
            <Sentence>前項の選定申出書には、次に掲げる書類、図面及び写真を添えるものとする。</Sentence>
          </ParagraphSentence>
          <Item Num="1">
            <ItemTitle>一</ItemTitle>
            <ItemSentence>
              <Sentence>文化的景観の位置及び範囲を示す図面</Sentence>
            </ItemSentence>
          </Item>
          <Item Num="2">
            <ItemTitle>二</ItemTitle>
            <ItemSentence>
              <Sentence>文化的景観の概況を示す写真</Sentence>
            </ItemSentence>
          </Item>
          <Item Num="3">
            <ItemTitle>三</ItemTitle>
            <ItemSentence>
              <Sentence>文化的景観に係る規制に関する書類</Sentence>
            </ItemSentence>
          </Item>
          <Item Num="4">
            <ItemTitle>四</ItemTitle>
            <ItemSentence>
              <Sentence>所有者等の同意を得たことを証する書類</Sentence>
            </ItemSentence>
          </Item>
          <Item Num="5">
            <ItemTitle>五</ItemTitle>
            <ItemSentence>
              <Sentence>その他参考となるべき資料</Sentence>
            </ItemSentence>
          </Item>
        </Paragraph>
      </Article>
      <Article Num="3">
        <ArticleCaption>（滅失又はき損の届出書の記載事項等）</ArticleCaption>
        <ArticleTitle>第三条</ArticleTitle>
        <Paragraph Num="1">
          <ParagraphNum/>
          <ParagraphSentence>
            <Sentence>法第百三十六条の規定による重要文化的景観の全部又は一部が滅失し、又はき損したときの届出の書面には、次に掲げる事項を記載するものとする。</Sentence>
          </ParagraphSentence>
          <Item Num="1">
            <ItemTitle>一</ItemTitle>
            <ItemSentence>
              <Sentence>重要文化的景観の名称</Sentence>
            </ItemSentence>
          </Item>
          <Item Num="2">
            <ItemTitle>二</ItemTitle>
            <ItemSentence>
              <Sentence>選定年月日</Sentence>
            </ItemSentence>
          </Item>
          <Item Num="3">
            <ItemTitle>三</ItemTitle>
            <ItemSentence>
              <Sentence>重要文化的景観の所在地</Sentence>
            </ItemSentence>
          </Item>
          <Item Num="4">
            <ItemTitle>四</ItemTitle>
            <ItemSentence>
              <Sentence>選定の申出を行った都道府県又は市町村</Sentence>
            </ItemSentence>
          </Item>
          <Item Num="5">
            <ItemTitle>五</ItemTitle>
            <ItemSentence>
              <Sentence>所有者等の氏名又は名称及び住所</Sentence>
            </ItemSentence>
          </Item>
          <Item Num="6">
            <ItemTitle>六</ItemTitle>
            <ItemSentence>
              <Sentence>滅失又はき損の事実の生じた日時</Sentence>
            </ItemSentence>
          </Item>
          <Item Num="7">
            <ItemTitle>七</ItemTitle>
            <ItemSentence>
              <Sentence>滅失又はき損の事実の生じた当時における管理の状況</Sentence>
            </ItemSentence>
          </Item>
          <Item Num="8">
            <ItemTitle>八</ItemTitle>
            <ItemSentence>
              <Sentence>滅失又はき損の原因並びにき損の場合は、その箇所及び程度</Sentence>
            </ItemSentence>
          </Item>
          <Item Num="9">
            <ItemTitle>九</ItemTitle>
            <ItemSentence>
              <Sentence>き損の場合は、き損の結果当該重要文化的景観がその保存上受ける影響</Sentence>
            </ItemSentence>
          </Item>
          <Item Num="10">
            <ItemTitle>十</ItemTitle>
            <ItemSentence>
              <Sentence>滅失又はき損の事実を知った日</Sentence>
            </ItemSentence>
          </Item>
          <Item Num="11">
            <ItemTitle>十一</ItemTitle>
            <ItemSentence>
              <Sentence>滅失又はき損の事実を知った後に執られた措置その他参考となるべき事項</Sentence>
            </ItemSentence>
          </Item>
        </Paragraph>
        <Paragraph Num="2">
          <ParagraphNum>２</ParagraphNum>
          <ParagraphSentence>
            <Sentence>前項の書面には、滅失又はき損の状態を示すキャビネ型写真及び図面を添えるものとする。</Sentence>
          </ParagraphSentence>
        </Paragraph>
      </Article>
      <Article Num="4">
        <ArticleCaption>（滅失又はき損の届出を要しない場合）</ArticleCaption>
        <ArticleTitle>第四条</ArticleTitle>
        <Paragraph Num="1">
          <ParagraphNum/>
          <ParagraphSentence>
            <Sentence>法第百三十六条ただし書に規定する文部科学省令で定める場合は、重要文化的景観の滅失又はき損が次に掲げる行為による場合とする。</Sentence>
          </ParagraphSentence>
          <Item Num="1">
            <ItemTitle>一</ItemTitle>
            <ItemSentence>
              <Sentence>都市計画事業の施行として行う行為、国、都道府県、市町村若しくは当該都市計画施設を管理することとなる者が当該都市施設若しくは市街地開発事業に関する都市計画に適合して行う行為、国土保全施設、水資源開発施設、道路交通、船舶交通若しくは航空機の航行の安全のため必要な施設、気象、海象、地象、洪水等の観測若しくは通報の用に供する施設、自然公園の保護若しくは利用のための施設若しくは都市公園若しくはその施設の設置若しくは管理に係る行為、土地改良事業若しくは地方公共団体若しくは農業等を営む者が組織する団体が行う農業構造、林業構造若しくは漁業構造の改善に関する事業の施行に係る行為、重要文化財等文部科学大臣の指定若しくは選定に係る文化財の保存に係る行為又は鉱物の掘採に係る行為</Sentence>
            </ItemSentence>
          </Item>
          <Item Num="2">
            <ItemTitle>二</ItemTitle>
            <ItemSentence>
              <Sentence>道路、鉄道若しくは軌道、国若しくは地方公共団体が行う通信業務、認定電気通信事業（電気通信事業法（昭和五十九年法律第八十六号）第百二十条第一項に規定する認定電気通信事業をいう。）、基幹放送（放送法（昭和二十五年法律第百三十二号）第二条第二号に規定する基幹放送をいう。）若しくは有線テレビジョン放送（有線電気通信設備を用いて行われる同条第十八号に規定するテレビジョン放送をいう。）の用に供する線路若しくは空中線系（その支持物を含む。）、水道若しくは下水道又は電気工作物若しくはガス工作物の設置又は管理に係る行為（自動車専用道路以外の道路、駅、操車場、車庫及び発電の用に供する電気工作物の新設に係るものを除く。）</Sentence>
            </ItemSentence>
          </Item>
          <Item Num="3">
            <ItemTitle>三</ItemTitle>
            <ItemSentence>
              <Sentence>古都における歴史的風土の保存に関する特別措置法（昭和四十一年法律第一号）第四条に規定する歴史的風土保存区域内においてその歴史的風土の保存に関連して必要とされる施設の設置又は管理に係る行為</Sentence>
            </ItemSentence>
          </Item>
          <Item Num="4">
            <ItemTitle>四</ItemTitle>
            <ItemSentence>
              <Sentence>都市緑地法（昭和四十八年法律第七十二号）第五条に規定する緑地保全地域、同法第十二条第一項に規定する特別緑地保全地区又は同法第五十五条第一項に規定する市民緑地（緑地保全地域又は特別緑地保全地区内にあるものを除く。）内において緑地の保全に関連して必要とされる施設の設置又は管理に係る行為</Sentence>
            </ItemSentence>
          </Item>
        </Paragraph>
      </Article>
      <Article Num="5">
        <ArticleCaption>（現状変更等の届出）</ArticleCaption>
        <ArticleTitle>第五条</ArticleTitle>
        <Paragraph Num="1">
          <ParagraphNum/>
          <ParagraphSentence>
            <Sentence>法第百三十九条第一項の規定による重要文化的景観の現状変更又は保存に影響を及ぼす行為（以下「現状変更等」という。）の届出は、次に掲げる事項を記載した書面をもって行うものとする。</Sentence>
          </ParagraphSentence>
          <Item Num="1">
            <ItemTitle>一</ItemTitle>
            <ItemSentence>
              <Sentence>重要文化的景観の名称</Sentence>
            </ItemSentence>
          </Item>
          <Item Num="2">
            <ItemTitle>二</ItemTitle>
            <ItemSentence>
              <Sentence>選定年月日</Sentence>
            </ItemSentence>
          </Item>
          <Item Num="3">
            <ItemTitle>三</ItemTitle>
            <ItemSentence>
              <Sentence>重要文化的景観の所在地</Sentence>
            </ItemSentence>
          </Item>
          <Item Num="4">
            <ItemTitle>四</ItemTitle>
            <ItemSentence>
              <Sentence>選定の申出を行った都道府県又は市町村</Sentence>
            </ItemSentence>
          </Item>
          <Item Num="5">
            <ItemTitle>五</ItemTitle>
            <ItemSentence>
              <Sentence>所有者等の氏名又は名称及び住所</Sentence>
            </ItemSentence>
          </Item>
          <Item Num="6">
            <ItemTitle>六</ItemTitle>
            <ItemSentence>
              <Sentence>届出者の氏名又は名称及び住所並びに法人にあっては、その代表者の氏名</Sentence>
            </ItemSentence>
          </Item>
          <Item Num="7">
            <ItemTitle>七</ItemTitle>
            <ItemSentence>
              <Sentence>現状変更等を必要とする理由</Sentence>
            </ItemSentence>
          </Item>
          <Item Num="8">
            <ItemTitle>八</ItemTitle>
            <ItemSentence>
              <Sentence>現状変更等の内容及び実施の方法</Sentence>
            </ItemSentence>
          </Item>
          <Item Num="9">
            <ItemTitle>九</ItemTitle>
            <ItemSentence>
              <Sentence>現状変更等により生ずる物件の滅失若しくはき損又は景観の変化その他現状変更等が重要文化的景観に及ぼす影響に関する事項</Sentence>
            </ItemSentence>
          </Item>
          <Item Num="10">
            <ItemTitle>十</ItemTitle>
            <ItemSentence>
              <Sentence>現状変更等の着手及び終了の予定時期</Sentence>
            </ItemSentence>
          </Item>
          <Item Num="11">
            <ItemTitle>十一</ItemTitle>
            <ItemSentence>
              <Sentence>現状変更等に係る地域の地番</Sentence>
            </ItemSentence>
          </Item>
          <Item Num="12">
            <ItemTitle>十二</ItemTitle>
            <ItemSentence>
              <Sentence>現状変更等に係る工事その他の行為の施行者の氏名又は名称及び住所並びに法人にあっては、その代表者の氏名</Sentence>
            </ItemSentence>
          </Item>
          <Item Num="13">
            <ItemTitle>十三</ItemTitle>
            <ItemSentence>
              <Sentence>その他参考となるべき事項</Sentence>
            </ItemSentence>
          </Item>
        </Paragraph>
        <Paragraph Num="2">
          <ParagraphNum>２</ParagraphNum>
          <ParagraphSentence>
            <Sentence>前項の書面には、次に掲げる書類、図面及び写真を添えるものとする。</Sentence>
          </ParagraphSentence>
          <Item Num="1">
            <ItemTitle>一</ItemTitle>
            <ItemSentence>
              <Sentence>現状変更等の設計仕様書及び設計図</Sentence>
            </ItemSentence>
          </Item>
          <Item Num="2">
            <ItemTitle>二</ItemTitle>
            <ItemSentence>
              <Sentence>現状変更等に係る地域及びこれに関連する地域の地番及び地<Ruby>貌<Rt>ぼう</Rt>
</Ruby>を表示した実測図</Sentence>
            </ItemSentence>
          </Item>
          <Item Num="3">
            <ItemTitle>三</ItemTitle>
            <ItemSentence>
              <Sentence>現状変更等に係る地域のキャビネ型写真</Sentence>
            </ItemSentence>
          </Item>
          <Item Num="4">
            <ItemTitle>四</ItemTitle>
            <ItemSentence>
              <Sentence>現状変更等を必要とする理由を証するに足りる資料があるときは、その資料</Sentence>
            </ItemSentence>
          </Item>
        </Paragraph>
        <Paragraph Num="3">
          <ParagraphNum>３</ParagraphNum>
          <ParagraphSentence>
            <Sentence>前項第二号の実測図及び第三号の写真には、現状変更等をしようとする箇所を表示しなければならない。</Sentence>
          </ParagraphSentence>
        </Paragraph>
      </Article>
      <Article Num="6">
        <ArticleCaption>（届出書及びその添付書類等の記載事項等の変更）</ArticleCaption>
        <ArticleTitle>第六条</ArticleTitle>
        <Paragraph Num="1">
          <ParagraphNum/>
          <ParagraphSentence>
            <Sentence>前条第一項の届出の書面又は同条第二項の書類、写真若しくは図面に記載し、又は表示した事項を変更しようとするときは、あらかじめ文化庁長官にその旨を届け出なければならない。</Sentence>
          </ParagraphSentence>
        </Paragraph>
      </Article>
      <Article Num="7">
        <ArticleCaption>（維持の措置の範囲）</ArticleCaption>
        <ArticleTitle>第七条</ArticleTitle>
        <Paragraph Num="1">
          <ParagraphNum/>
          <ParagraphSentence>
            <Sentence>法第百三十九条第一項ただし書の規定により現状変更について届出を要しない場合は、次の各号のいずれかに該当する場合とする。</Sentence>
          </ParagraphSentence>
          <Item Num="1">
            <ItemTitle>一</ItemTitle>
            <ItemSentence>
              <Sentence>重要文化的景観がき損している場合において、その価値に影響及ぼすことなく当該重要文化的景観をその選定当時の原状（選定後において現状変更等の届出をしたものについては、当該現状変更等の後の原状）に復するとき。</Sentence>
            </ItemSentence>
          </Item>
          <Item Num="2">
            <ItemTitle>二</ItemTitle>
            <ItemSentence>
              <Sentence>重要文化的景観がき損している場合において、当該き損の拡大を防止するため応急の措置を執るとき。</Sentence>
            </ItemSentence>
          </Item>
          <Item Num="3">
            <ItemTitle>三</ItemTitle>
            <ItemSentence>
              <Sentence>重要文化的景観の一部がき損し、かつ、当該部分の復旧が明らかに不可能である場合において、当該部分を除去するとき。</Sentence>
            </ItemSentence>
          </Item>
        </Paragraph>
      </Article>
      <Article Num="8">
        <ArticleCaption>（国の所有に属する重要文化的景観の滅失又はき損等の通知）</ArticleCaption>
        <ArticleTitle>第八条</ArticleTitle>
        <Paragraph Num="1">
          <ParagraphNum/>
          <ParagraphSentence>
            <Sentence>各省各庁の長が、重要文化的景観の滅失若しくはき損又は現状変更等について、法第百六十七条第一項第三号の規定により通知する場合については第三条の規定を、法第百六十七条第一項第六号の規定により通知する場合については第五条及び第六条の規定を準用する。</Sentence>
          </ParagraphSentence>
        </Paragraph>
        <Paragraph Num="2">
          <ParagraphNum>２</ParagraphNum>
          <ParagraphSentence>
            <Sentence>法第百六十七条第二項において準用する法第百三十六条ただし書の規定により滅失又はき損について通知を要しない場合については第四条の規定を、法第百六十七条第二項において準用する法第百三十九条第一項ただし書の規定により現状変更について通知を要しない場合については前条の規定を準用する。</Sentence>
          </ParagraphSentence>
        </Paragraph>
      </Article>
    </MainProvision>
    <SupplProvision>
      <SupplProvisionLabel>附　則</SupplProvisionLabel>
      <Paragraph Num="1">
        <ParagraphNum/>
        <ParagraphSentence>
          <Sentence>この省令は、平成十七年四月一日から施行する。</Sentence>
        </ParagraphSentence>
      </Paragraph>
    </SupplProvision>
    <SupplProvision AmendLawNum="平成二〇年七月三一日文部科学省令第二四号">
      <SupplProvisionLabel>附　則</SupplProvisionLabel>
      <Paragraph Num="1">
        <ParagraphNum/>
        <ParagraphSentence>
          <Sentence>この省令は、公布の日から施行する。</Sentence>
        </ParagraphSentence>
      </Paragraph>
    </SupplProvision>
    <SupplProvision AmendLawNum="平成二三年六月二九日文部科学省令第二四号">
      <SupplProvisionLabel>附　則</SupplProvisionLabel>
      <Paragraph Num="1">
        <ParagraphCaption>（施行期日）</ParagraphCaption>
        <ParagraphNum>１</ParagraphNum>
        <ParagraphSentence>
          <Sentence>この省令は、放送法等の一部を改正する法律の施行の日（平成二十三年六月三十日）から施行する。</Sentence>
        </ParagraphSentence>
      </Paragraph>
      <Paragraph Num="2">
        <ParagraphCaption>（経過措置）</ParagraphCaption>
        <ParagraphNum>２</ParagraphNum>
        <ParagraphSentence>
          <Sentence>放送法等の一部を改正する法律附則第七条の規定により同法附則第二条の規定による廃止前の有線放送電話に関する法律（昭和三十二年法律第百五十二号）の規定の適用についてなお従前の例によることとされる同法第三条の許可を受けている者が行う有線放送電話業務の用に供する線路の設置又は管理に係る行為については、この省令による改正後の重要文化的景観に係る選定及び届出等に関する規則第四条第二号の規定にかかわらず、なお従前の例による。</Sentence>
        </ParagraphSentence>
      </Paragraph>
    </SupplProvision>
  </LawBody>
</Law>
