<?xml version="1.0" encoding="UTF-8" standalone="no"?>
<Law DataInfo="200402e80k80m01" Era="Heisei" Lang="ja" LawType="MinisterialOrdinance" Num="010" Year="17">
  <LawNum>平成十七年農林水産省令第十号</LawNum>
  <LawBody>
    <LawTitle>農林水産省所管の不動産登記の嘱託職員を指定する省令</LawTitle>
    <EnactStatement>不動産登記令（平成十六年政令第三百七十九号）第七条第二項並びに船舶登記令（平成十七年政令第十一号）第十三条第二項及び第二十七条第二項の規定に基づき、農林水産省所管の不動産登記の嘱託職員を指定する省令を次のように定める。</EnactStatement>
    <MainProvision>
      <Paragraph Num="1">
        <ParagraphNum/>
        <ParagraphSentence>
          <Sentence>不動産登記令第七条第二項並びに船舶登記令第十三条第二項及び第二十七条第二項の規定に基づき、農林水産省所管の不動産登記の嘱託職員を次のとおり指定する。</Sentence>
        </ParagraphSentence>
        <Item Num="1">
          <ItemTitle>一</ItemTitle>
          <ItemSentence>
            <Sentence>大臣官房予算課長（農林水産省組織令（平成十二年政令第二百五十三号）第十三条第一項の規定により大臣官房に置かれる参事官が同条第二項の規定により命を受けて同令第十七条第一号（予算の執行及び会計に係るものに限る。）及び第二号から第九号までに掲げる事務に参画する場合にあっては、当該参事官）</Sentence>
          </ItemSentence>
        </Item>
        <Item Num="2">
          <ItemTitle>二</ItemTitle>
          <ItemSentence>
            <Sentence>消費・安全局長</Sentence>
          </ItemSentence>
        </Item>
        <Item Num="3">
          <ItemTitle>三</ItemTitle>
          <ItemSentence>
            <Sentence>食料産業局長</Sentence>
          </ItemSentence>
        </Item>
        <Item Num="4">
          <ItemTitle>四</ItemTitle>
          <ItemSentence>
            <Sentence>生産局長</Sentence>
          </ItemSentence>
        </Item>
        <Item Num="5">
          <ItemTitle>五</ItemTitle>
          <ItemSentence>
            <Sentence>経営局長</Sentence>
          </ItemSentence>
        </Item>
        <Item Num="6">
          <ItemTitle>六</ItemTitle>
          <ItemSentence>
            <Sentence>農村振興局長</Sentence>
          </ItemSentence>
        </Item>
        <Item Num="7">
          <ItemTitle>七</ItemTitle>
          <ItemSentence>
            <Sentence>政策統括官</Sentence>
          </ItemSentence>
        </Item>
        <Item Num="8">
          <ItemTitle>八</ItemTitle>
          <ItemSentence>
            <Sentence>植物防疫所長</Sentence>
          </ItemSentence>
        </Item>
        <Item Num="9">
          <ItemTitle>九</ItemTitle>
          <ItemSentence>
            <Sentence>那覇植物防疫事務所長</Sentence>
          </ItemSentence>
        </Item>
        <Item Num="10">
          <ItemTitle>十</ItemTitle>
          <ItemSentence>
            <Sentence>動物検疫所長</Sentence>
          </ItemSentence>
        </Item>
        <Item Num="11">
          <ItemTitle>十一</ItemTitle>
          <ItemSentence>
            <Sentence>動物医薬品検査所長</Sentence>
          </ItemSentence>
        </Item>
        <Item Num="12">
          <ItemTitle>十二</ItemTitle>
          <ItemSentence>
            <Sentence>農林水産研修所長</Sentence>
          </ItemSentence>
        </Item>
        <Item Num="13">
          <ItemTitle>十三</ItemTitle>
          <ItemSentence>
            <Sentence>農林水産政策研究所長</Sentence>
          </ItemSentence>
        </Item>
        <Item Num="14">
          <ItemTitle>十四</ItemTitle>
          <ItemSentence>
            <Sentence>農林水産技術会議事務局長</Sentence>
          </ItemSentence>
        </Item>
        <Item Num="15">
          <ItemTitle>十五</ItemTitle>
          <ItemSentence>
            <Sentence>地方農政局長</Sentence>
          </ItemSentence>
        </Item>
        <Item Num="16">
          <ItemTitle>十六</ItemTitle>
          <ItemSentence>
            <Sentence>地方農政局の事務所長</Sentence>
          </ItemSentence>
        </Item>
        <Item Num="17">
          <ItemTitle>十七</ItemTitle>
          <ItemSentence>
            <Sentence>地方農政局の事業所長</Sentence>
          </ItemSentence>
        </Item>
        <Item Num="18">
          <ItemTitle>十八</ItemTitle>
          <ItemSentence>
            <Sentence>北海道農政事務所長</Sentence>
          </ItemSentence>
        </Item>
        <Item Num="19">
          <ItemTitle>十九</ItemTitle>
          <ItemSentence>
            <Sentence>林野庁長官</Sentence>
          </ItemSentence>
        </Item>
        <Item Num="20">
          <ItemTitle>二十</ItemTitle>
          <ItemSentence>
            <Sentence>森林技術総合研修所長</Sentence>
          </ItemSentence>
        </Item>
        <Item Num="21">
          <ItemTitle>二十一</ItemTitle>
          <ItemSentence>
            <Sentence>森林管理局長</Sentence>
          </ItemSentence>
        </Item>
        <Item Num="22">
          <ItemTitle>二十二</ItemTitle>
          <ItemSentence>
            <Sentence>森林管理署長</Sentence>
          </ItemSentence>
        </Item>
        <Item Num="23">
          <ItemTitle>二十三</ItemTitle>
          <ItemSentence>
            <Sentence>森林管理署の支署長</Sentence>
          </ItemSentence>
        </Item>
        <Item Num="24">
          <ItemTitle>二十四</ItemTitle>
          <ItemSentence>
            <Sentence>水産庁長官</Sentence>
          </ItemSentence>
        </Item>
        <Item Num="25">
          <ItemTitle>二十五</ItemTitle>
          <ItemSentence>
            <Sentence>沖縄総合事務局農林水産部長</Sentence>
          </ItemSentence>
        </Item>
        <Item Num="26">
          <ItemTitle>二十六</ItemTitle>
          <ItemSentence>
            <Sentence>沖縄総合事務局の事務所長</Sentence>
          </ItemSentence>
        </Item>
        <Item Num="27">
          <ItemTitle>二十七</ItemTitle>
          <ItemSentence>
            <Sentence>北海道開発局長</Sentence>
          </ItemSentence>
        </Item>
        <Item Num="28">
          <ItemTitle>二十八</ItemTitle>
          <ItemSentence>
            <Sentence>北海道開発局の開発建設部長</Sentence>
          </ItemSentence>
        </Item>
        <Item Num="29">
          <ItemTitle>二十九</ItemTitle>
          <ItemSentence>
            <Sentence>財務局長（食料安定供給特別会計の食糧管理勘定及び業務勘定の普通財産の処分について、会計法（昭和二十二年法律第三十五号）第二十九条の二第二項の規定に基づき、農林水産大臣が契約に関する事務を委任した財務局長に限る。）</Sentence>
          </ItemSentence>
        </Item>
        <Item Num="30">
          <ItemTitle>三十</ItemTitle>
          <ItemSentence>
            <Sentence>財務支局長（食料安定供給特別会計の食糧管理勘定及び業務勘定の普通財産の処分について、会計法第二十九条の二第二項の規定に基づき、農林水産大臣が契約に関する事務を委任した財務支局長に限る。）</Sentence>
          </ItemSentence>
        </Item>
        <Item Num="31">
          <ItemTitle>三十一</ItemTitle>
          <ItemSentence>
            <Sentence>財務事務所長（食料安定供給特別会計の食糧管理勘定及び業務勘定の普通財産の処分について、会計法第二十九条の二第二項の規定に基づき、農林水産大臣が契約に関する事務を委任した財務事務所長に限る。）</Sentence>
          </ItemSentence>
        </Item>
        <Item Num="32">
          <ItemTitle>三十二</ItemTitle>
          <ItemSentence>
            <Sentence>財務局、財務支局又は財務事務所の出張所長（食料安定供給特別会計の食糧管理勘定及び業務勘定の普通財産の処分について、会計法第二十九条の二第二項の規定に基づき、農林水産大臣が契約に関する事務を委任した財務局、財務支局又は財務事務所の出張所長に限る。）</Sentence>
          </ItemSentence>
        </Item>
        <Item Num="33">
          <ItemTitle>三十三</ItemTitle>
          <ItemSentence>
            <Sentence>都道府県知事</Sentence>
          </ItemSentence>
        </Item>
      </Paragraph>
    </MainProvision>
    <SupplProvision>
      <SupplProvisionLabel>附　則</SupplProvisionLabel>
      <Paragraph Num="1">
        <ParagraphNum>１</ParagraphNum>
        <ParagraphSentence>
          <Sentence>この省令は、不動産登記法（平成十六年法律第百二十三号）の施行の日（平成十七年三月七日）から施行する。</Sentence>
        </ParagraphSentence>
      </Paragraph>
      <Paragraph Num="2">
        <ParagraphNum>２</ParagraphNum>
        <ParagraphSentence>
          <Sentence>農林水産省所管の不動産登記の嘱託職員を指定する省令（昭和二十九年農林省令第二号）は、廃止する。</Sentence>
        </ParagraphSentence>
      </Paragraph>
    </SupplProvision>
    <SupplProvision AmendLawNum="平成一八年三月九日農林水産省令第九号">
      <SupplProvisionLabel>附　則</SupplProvisionLabel>
      <Paragraph Num="1">
        <ParagraphNum/>
        <ParagraphSentence>
          <Sentence>この省令は、平成十八年四月一日から施行する。</Sentence>
        </ParagraphSentence>
      </Paragraph>
    </SupplProvision>
    <SupplProvision AmendLawNum="平成二三年八月三一日農林水産省令第五二号" Extract="true">
      <SupplProvisionLabel>附　則</SupplProvisionLabel>
      <Article Num="1">
        <ArticleCaption>（施行期日）</ArticleCaption>
        <ArticleTitle>第一条</ArticleTitle>
        <Paragraph Num="1">
          <ParagraphNum/>
          <ParagraphSentence>
            <Sentence>この省令は、平成二十三年九月一日から施行する。</Sentence>
          </ParagraphSentence>
        </Paragraph>
      </Article>
      <Article Num="3">
        <ArticleCaption>（経過措置）</ArticleCaption>
        <ArticleTitle>第三条</ArticleTitle>
        <Paragraph Num="1">
          <ParagraphNum/>
          <ParagraphSentence>
            <Sentence>この省令の施行の際現にこの省令による改正前のそれぞれの省令の規定により従前の農林水産省の機関に対してされている送付その他の行為は、この省令の施行後は、改正後のそれぞれの省令の相当規定により相当の農林水産省の機関に対してされた送付その他の行為とみなす。</Sentence>
          </ParagraphSentence>
        </Paragraph>
      </Article>
    </SupplProvision>
    <SupplProvision AmendLawNum="平成二七年九月一五日農林水産省令第七〇号" Extract="true">
      <SupplProvisionLabel>附　則</SupplProvisionLabel>
      <Article Num="1">
        <ArticleCaption>（施行期日）</ArticleCaption>
        <ArticleTitle>第一条</ArticleTitle>
        <Paragraph Num="1">
          <ParagraphNum/>
          <ParagraphSentence>
            <Sentence>この省令は、平成二十七年十月一日から施行する。</Sentence>
          </ParagraphSentence>
        </Paragraph>
      </Article>
      <Article Num="4">
        <ArticleCaption>（罰則に関する経過措置）</ArticleCaption>
        <ArticleTitle>第四条</ArticleTitle>
        <Paragraph Num="1">
          <ParagraphNum/>
          <ParagraphSentence>
            <Sentence>この省令の施行前にした行為に対する罰則の適用については、なお従前の例による。</Sentence>
          </ParagraphSentence>
        </Paragraph>
      </Article>
    </SupplProvision>
  </LawBody>
</Law>
