<?xml version="1.0" encoding="UTF-8" standalone="no"?>
<Law Era="Heisei" Lang="ja" LawType="MinisterialOrdinance" Num="077" Year="18">
  <LawNum>平成十八年経済産業省令第七十七号</LawNum>
  <LawBody>
    <LawTitle>中小企業のものづくり基盤技術の高度化に関する法律施行規則</LawTitle>
    <EnactStatement>中小企業のものづくり基盤技術の高度化に関する法律（平成十八年法律第三十三号）第四条第一項、第五条第一項及び第十三条の規定に基づき、並びに同法を実施するため、中小企業のものづくり基盤技術の高度化に関する法律施行規則を次のように定める。</EnactStatement>
    <MainProvision>
      <Article Delete="false" Hide="false" Num="1">
        <ArticleCaption>（特定研究開発等計画の認定の申請）</ArticleCaption>
        <ArticleTitle>第一条</ArticleTitle>
        <Paragraph Hide="false" Num="1">
          <ParagraphNum/>
          <ParagraphSentence>
            <Sentence WritingMode="vertical">中小企業のものづくり基盤技術の高度化に関する法律（以下「法」という。）第四条第一項の規定により特定研究開発等計画に係る認定を受けようとする中小企業者は、その特定研究開発等の拠点となる施設を定め、様式第一による申請書一通を経済産業大臣に提出しなければならない。</Sentence>
          </ParagraphSentence>
        </Paragraph>
        <Paragraph Hide="false" Num="2">
          <ParagraphNum>２</ParagraphNum>
          <ParagraphSentence>
            <Sentence WritingMode="vertical">前項の申請書には、次に掲げる書類を添付しなければならない。</Sentence>
          </ParagraphSentence>
          <Item Delete="false" Hide="false" Num="1">
            <ItemTitle>一</ItemTitle>
            <ItemSentence>
              <Sentence WritingMode="vertical">当該中小企業者（法人である場合に限る。）の定款</Sentence>
            </ItemSentence>
          </Item>
          <Item Delete="false" Hide="false" Num="2">
            <ItemTitle>二</ItemTitle>
            <ItemSentence>
              <Sentence WritingMode="vertical">当該中小企業者（法第二条第一項第八号に掲げる者にあっては、当該特定研究開発等計画に参加する全ての構成員）の最近二期間の事業報告、貸借対照表及び損益計算書（これらの書類がない場合にあっては、最近一年間の事業内容の概要を記載した書類）</Sentence>
            </ItemSentence>
          </Item>
        </Paragraph>
        <Paragraph Hide="false" Num="3">
          <ParagraphNum>３</ParagraphNum>
          <ParagraphSentence>
            <Sentence WritingMode="vertical">法第四条第一項の代表者は、一名とする。</Sentence>
          </ParagraphSentence>
        </Paragraph>
      </Article>
      <Article Delete="false" Hide="false" Num="2">
        <ArticleCaption>（特定研究開発等計画の変更に係る認定の申請）</ArticleCaption>
        <ArticleTitle>第二条</ArticleTitle>
        <Paragraph Hide="false" Num="1">
          <ParagraphNum/>
          <ParagraphSentence>
            <Sentence WritingMode="vertical">法第五条第一項の規定により特定研究開発等計画の変更に係る認定を受けようとする中小企業者は、様式第二による申請書一通を経済産業大臣に提出しなければならない。</Sentence>
          </ParagraphSentence>
        </Paragraph>
        <Paragraph Hide="false" Num="2">
          <ParagraphNum>２</ParagraphNum>
          <ParagraphSentence>
            <Sentence WritingMode="vertical">前項の申請書には、次に掲げる書類を添付しなければならない。</Sentence>
          </ParagraphSentence>
          <Item Delete="false" Hide="false" Num="1">
            <ItemTitle>一</ItemTitle>
            <ItemSentence>
              <Sentence WritingMode="vertical">当該特定研究開発等計画に従って行われる特定研究開発等の実施状況を記載した書類</Sentence>
            </ItemSentence>
          </Item>
          <Item Delete="false" Hide="false" Num="2">
            <ItemTitle>二</ItemTitle>
            <ItemSentence>
              <Sentence WritingMode="vertical">前条第二項各号に掲げる書類</Sentence>
            </ItemSentence>
          </Item>
        </Paragraph>
        <Paragraph Hide="false" Num="3">
          <ParagraphNum>３</ParagraphNum>
          <ParagraphSentence>
            <Sentence Function="main" Num="1" WritingMode="vertical">前項の規定にかかわらず、前条第二項各号に掲げる書類に変更がないときは、申請書にその旨を記載して当該書類の添付を省略することができる。</Sentence>
            <Sentence Function="proviso" Num="2" WritingMode="vertical">ただし、経済産業大臣は、特に必要があると認めるときは、当該書類の提出を命ずることができる。</Sentence>
          </ParagraphSentence>
        </Paragraph>
      </Article>
      <Article Num="3">
        <ArticleCaption>（特許料軽減申請書の様式）</ArticleCaption>
        <ArticleTitle>第三条</ArticleTitle>
        <Paragraph Num="1">
          <ParagraphNum/>
          <ParagraphSentence>
            <Sentence>中小企業のものづくり基盤技術の高度化に関する法律施行令（平成十八年政令第二百十二号。以下「令」という。）第三条第一項の申請書は、一の申請ごとに様式第三により作成しなければならない。</Sentence>
          </ParagraphSentence>
        </Paragraph>
      </Article>
      <Article Delete="false" Hide="false" Num="4">
        <ArticleCaption>（審査請求料軽減申請書の様式）</ArticleCaption>
        <ArticleTitle>第四条</ArticleTitle>
        <Paragraph Hide="false" Num="1">
          <ParagraphNum/>
          <ParagraphSentence>
            <Sentence WritingMode="vertical">令第四条第一項の申請書は、一の申請ごとに様式第四により作成しなければならない。</Sentence>
          </ParagraphSentence>
        </Paragraph>
      </Article>
      <Article Delete="false" Hide="false" Num="5">
        <ArticleCaption>（特許料軽減申請書等の添付書面の省略）</ArticleCaption>
        <ArticleTitle>第五条</ArticleTitle>
        <Paragraph Hide="false" Num="1">
          <ParagraphNum/>
          <ParagraphSentence>
            <Sentence Function="main" Num="1" WritingMode="vertical">令第三条第一項又は第四条第一項の申請書（以下「特許料軽減申請書等」という。）に添付すべき書面を他の特許料軽減申請書等の提出に係る手続において既に特許庁長官に提出した者は、当該他の特許料軽減申請書等に添付した令第三条第一項に規定する申請に係る特許発明が認定計画に従って行われる特定研究開発等の成果に係る特許発明又は当該特許発明を実施するために認定計画に従って承継した特許権若しくは特許を受ける権利に係る特許発明であることを証する書面及び認定計画の写し並びに令第四条第一項に規定する申請に係る発明が認定計画に従って行われる特定研究開発等の成果に係る発明又は当該発明を実施するために認定計画に従って承継した特許を受ける権利に係る発明であることを証する書面及び認定計画の写しに変更がないときは、特許料軽減申請書等にその旨を記載して当該書面の添付を省略することができる。</Sentence>
            <Sentence Function="proviso" Num="2" WritingMode="vertical">ただし、特許庁長官は、特に必要があると認めるときは、当該書面の提出を命ずることができる。</Sentence>
          </ParagraphSentence>
        </Paragraph>
      </Article>
      <Article Delete="false" Hide="false" Num="6">
        <ArticleCaption>（特許料軽減申請書等の提出等）</ArticleCaption>
        <ArticleTitle>第六条</ArticleTitle>
        <Paragraph Hide="false" Num="1">
          <ParagraphNum/>
          <ParagraphSentence>
            <Sentence WritingMode="vertical">法第九条第一項又は第二項に規定する中小企業者が特許料軽減申請書等を提出する場合には、提出者の住所若しくは居所又はその主たる営業所若しくは事務所の所在地を管轄する経済産業局長を経由して提出しなければならない。</Sentence>
          </ParagraphSentence>
        </Paragraph>
        <Paragraph Hide="false" Num="2">
          <ParagraphNum>２</ParagraphNum>
          <ParagraphSentence>
            <Sentence WritingMode="vertical">前項の場合において、特許庁長官は、提出者が法第九条第一項又は第二項に規定する中小企業者であることを確認したときは、その提出者に経済産業局長を経由して確認書を交付するものとする。</Sentence>
          </ParagraphSentence>
        </Paragraph>
      </Article>
      <Article Delete="false" Hide="false" Num="7">
        <ArticleCaption>（権限の委任）</ArticleCaption>
        <ArticleTitle>第七条</ArticleTitle>
        <Paragraph Hide="false" Num="1">
          <ParagraphNum/>
          <ParagraphSentence>
            <Sentence Function="main" Num="1" WritingMode="vertical">法第四条第一項、第五条第一項及び第二項並びに第十二条の規定による経済産業大臣の権限は、当該特定研究開発等計画の拠点となる施設の所在地を管轄する経済産業局長に委任されるものとする。</Sentence>
            <Sentence Function="proviso" Num="2" WritingMode="vertical">ただし、経済産業大臣が自らその権限を行うことを妨げない。</Sentence>
          </ParagraphSentence>
        </Paragraph>
      </Article>
    </MainProvision>
    <SupplProvision Extract="true">
      <SupplProvisionLabel>附　則</SupplProvisionLabel>
      <Article Delete="false" Hide="false" Num="1">
        <ArticleCaption>（施行期日）</ArticleCaption>
        <ArticleTitle>第一条</ArticleTitle>
        <Paragraph Hide="false" Num="1">
          <ParagraphNum/>
          <ParagraphSentence>
            <Sentence WritingMode="vertical">この省令は、法の施行の日（平成十八年六月十三日）から施行する。</Sentence>
          </ParagraphSentence>
        </Paragraph>
      </Article>
    </SupplProvision>
    <SupplProvision AmendLawNum="平成二四年三月二六日経済産業省令第一七号">
      <SupplProvisionLabel>附　則</SupplProvisionLabel>
      <Paragraph Hide="false" Num="1">
        <ParagraphNum/>
        <ParagraphSentence>
          <Sentence WritingMode="vertical">この省令は、特許法等の一部を改正する法律の施行の日（平成二十四年四月一日）から施行する。</Sentence>
        </ParagraphSentence>
      </Paragraph>
    </SupplProvision>
    <AppdxStyle>
      <AppdxStyleTitle WritingMode="vertical">様式第１</AppdxStyleTitle>
    </AppdxStyle>
    <AppdxStyle>
      <AppdxStyleTitle WritingMode="vertical">様式第２</AppdxStyleTitle>
    </AppdxStyle>
    <AppdxStyle>
      <AppdxStyleTitle WritingMode="vertical">様式第３（第３条関係）</AppdxStyleTitle>
      <StyleStruct>
        <Style>
          <Fig src="./pict/H18F15001000077-003.pdf"/>
        </Style>
      </StyleStruct>
    </AppdxStyle>
    <AppdxStyle>
      <AppdxStyleTitle WritingMode="vertical">様式第４（第４条関係）</AppdxStyleTitle>
      <StyleStruct>
        <Style>
          <Fig src="./pict/H18F15001000077-002.pdf"/>
        </Style>
      </StyleStruct>
    </AppdxStyle>
  </LawBody>
</Law>
