<?xml version="1.0" encoding="UTF-8" standalone="no"?>
<Law DataInfo="200608e80k80m01" Era="Heisei" Lang="ja" LawType="CabinetOrder" Num="330" Year="19">
  <LawNum>平成十九年政令第三百三十号</LawNum>
  <LawBody>
    <LawTitle>利息制限法施行令</LawTitle>
    <EnactStatement>内閣は、利息制限法（昭和二十九年法律第百号）第六条第一項及び第二項第三号並びに第八条第四項並びに第七項第一号ハ及び第二号の規定に基づき、この政令を制定する。</EnactStatement>
    <MainProvision>
      <Article Num="1">
        <ArticleCaption>（利息とみなされない費用）</ArticleCaption>
        <ArticleTitle>第一条</ArticleTitle>
        <Paragraph Num="1">
          <ParagraphNum/>
          <ParagraphSentence>
            <Sentence>利息制限法（以下「法」という。）第六条第一項の政令で定める費用は、法令の規定により業として貸付けを行うことができる者による当該業として行った営業的金銭消費貸借に関し債権者の受ける次に掲げる費用（消費税額及び当該消費税額を課税標準として課されるべき地方消費税額に相当する額（以下「消費税額等相当額」という。）を含む。）とする。</Sentence>
          </ParagraphSentence>
          <Item Num="1">
            <ItemTitle>一</ItemTitle>
            <ItemSentence>
              <Sentence>金銭の貸付け及び弁済に用いるため債務者に交付されたカードの再発行の手数料</Sentence>
            </ItemSentence>
          </Item>
          <Item Num="2">
            <ItemTitle>二</ItemTitle>
            <ItemSentence>
              <Sentence>貸金業法（昭和五十八年法律第三十二号）の規定により営業的金銭消費貸借に関して債務者に交付された書面の再発行及び当該書面の交付に代えて同法第二条第十二項に規定する電磁的方法により債務者に提供された事項の再提供の手数料</Sentence>
            </ItemSentence>
          </Item>
          <Item Num="3">
            <ItemTitle>三</ItemTitle>
            <ItemSentence>
              <Sentence>口座振替の方法による弁済において、債務者が弁済期に弁済できなかった場合に行う再度の口座振替手続に要する費用</Sentence>
            </ItemSentence>
          </Item>
        </Paragraph>
      </Article>
      <Article Num="2">
        <ArticleCaption>（利息とみなされない現金自動支払機その他の機械の利用料の範囲）</ArticleCaption>
        <ArticleTitle>第二条</ArticleTitle>
        <Paragraph Num="1">
          <ParagraphNum/>
          <ParagraphSentence>
            <Sentence>法第六条第二項第三号の政令で定める額は、現金自動支払機その他の機械を利用して受け取り、又は支払う次の各号に掲げる額の区分に応じ、当該各号に定める額（消費税額等相当額を含む。）とする。</Sentence>
          </ParagraphSentence>
          <Item Num="1">
            <ItemTitle>一</ItemTitle>
            <ItemSentence>
              <Column Num="1">
                <Sentence>一万円以下の額</Sentence>
              </Column>
              <Column Num="2">
                <Sentence>百十円</Sentence>
              </Column>
            </ItemSentence>
          </Item>
          <Item Num="2">
            <ItemTitle>二</ItemTitle>
            <ItemSentence>
              <Column Num="1">
                <Sentence>一万円を超える額</Sentence>
              </Column>
              <Column Num="2">
                <Sentence>二百二十円</Sentence>
              </Column>
            </ItemSentence>
          </Item>
        </Paragraph>
      </Article>
      <Article Num="3">
        <ArticleCaption>（保証の業務に関して行政機関の監督を受ける者）</ArticleCaption>
        <ArticleTitle>第三条</ArticleTitle>
        <Paragraph Num="1">
          <ParagraphNum/>
          <ParagraphSentence>
            <Sentence>法第八条第四項の政令で定める者は、次に掲げる者とする。</Sentence>
          </ParagraphSentence>
          <Item Num="1">
            <ItemTitle>一</ItemTitle>
            <ItemSentence>
              <Sentence>銀行</Sentence>
            </ItemSentence>
          </Item>
          <Item Num="2">
            <ItemTitle>二</ItemTitle>
            <ItemSentence>
              <Sentence>信用金庫</Sentence>
            </ItemSentence>
          </Item>
          <Item Num="3">
            <ItemTitle>三</ItemTitle>
            <ItemSentence>
              <Sentence>信用金庫連合会</Sentence>
            </ItemSentence>
          </Item>
          <Item Num="4">
            <ItemTitle>四</ItemTitle>
            <ItemSentence>
              <Sentence>労働金庫</Sentence>
            </ItemSentence>
          </Item>
          <Item Num="5">
            <ItemTitle>五</ItemTitle>
            <ItemSentence>
              <Sentence>労働金庫連合会</Sentence>
            </ItemSentence>
          </Item>
          <Item Num="6">
            <ItemTitle>六</ItemTitle>
            <ItemSentence>
              <Sentence>信用協同組合</Sentence>
            </ItemSentence>
          </Item>
          <Item Num="7">
            <ItemTitle>七</ItemTitle>
            <ItemSentence>
              <Sentence>信用協同組合連合会</Sentence>
            </ItemSentence>
          </Item>
          <Item Num="8">
            <ItemTitle>八</ItemTitle>
            <ItemSentence>
              <Sentence>農業協同組合</Sentence>
            </ItemSentence>
          </Item>
          <Item Num="9">
            <ItemTitle>九</ItemTitle>
            <ItemSentence>
              <Sentence>農業協同組合連合会</Sentence>
            </ItemSentence>
          </Item>
          <Item Num="10">
            <ItemTitle>十</ItemTitle>
            <ItemSentence>
              <Sentence>漁業協同組合</Sentence>
            </ItemSentence>
          </Item>
          <Item Num="11">
            <ItemTitle>十一</ItemTitle>
            <ItemSentence>
              <Sentence>漁業協同組合連合会</Sentence>
            </ItemSentence>
          </Item>
          <Item Num="12">
            <ItemTitle>十二</ItemTitle>
            <ItemSentence>
              <Sentence>水産加工業協同組合</Sentence>
            </ItemSentence>
          </Item>
          <Item Num="13">
            <ItemTitle>十三</ItemTitle>
            <ItemSentence>
              <Sentence>水産加工業協同組合連合会</Sentence>
            </ItemSentence>
          </Item>
          <Item Num="14">
            <ItemTitle>十四</ItemTitle>
            <ItemSentence>
              <Sentence>農林中央金庫</Sentence>
            </ItemSentence>
          </Item>
          <Item Num="15">
            <ItemTitle>十五</ItemTitle>
            <ItemSentence>
              <Sentence>株式会社商工組合中央金庫</Sentence>
            </ItemSentence>
          </Item>
          <Item Num="16">
            <ItemTitle>十六</ItemTitle>
            <ItemSentence>
              <Sentence>保険会社</Sentence>
            </ItemSentence>
          </Item>
          <Item Num="17">
            <ItemTitle>十七</ItemTitle>
            <ItemSentence>
              <Sentence>保険業法（平成七年法律第百五号）第二条第七項に規定する外国保険会社等</Sentence>
            </ItemSentence>
          </Item>
          <Item Num="18">
            <ItemTitle>十八</ItemTitle>
            <ItemSentence>
              <Sentence>沖縄振興開発金融公庫</Sentence>
            </ItemSentence>
          </Item>
          <Item Num="19">
            <ItemTitle>十九</ItemTitle>
            <ItemSentence>
              <Sentence>株式会社国際協力銀行</Sentence>
            </ItemSentence>
          </Item>
          <Item Num="20">
            <ItemTitle>二十</ItemTitle>
            <ItemSentence>
              <Sentence>食品等流通合理化促進機構</Sentence>
            </ItemSentence>
          </Item>
          <Item Num="21">
            <ItemTitle>二十一</ItemTitle>
            <ItemSentence>
              <Sentence>米穀安定供給確保支援機構</Sentence>
            </ItemSentence>
          </Item>
          <Item Num="22">
            <ItemTitle>二十二</ItemTitle>
            <ItemSentence>
              <Sentence>独立行政法人農林漁業信用基金</Sentence>
            </ItemSentence>
          </Item>
          <Item Num="23">
            <ItemTitle>二十三</ItemTitle>
            <ItemSentence>
              <Sentence>農業信用基金協会</Sentence>
            </ItemSentence>
          </Item>
          <Item Num="24">
            <ItemTitle>二十四</ItemTitle>
            <ItemSentence>
              <Sentence>森林組合</Sentence>
            </ItemSentence>
          </Item>
          <Item Num="25">
            <ItemTitle>二十五</ItemTitle>
            <ItemSentence>
              <Sentence>森林組合連合会</Sentence>
            </ItemSentence>
          </Item>
          <Item Num="26">
            <ItemTitle>二十六</ItemTitle>
            <ItemSentence>
              <Sentence>漁業信用基金協会</Sentence>
            </ItemSentence>
          </Item>
          <Item Num="27">
            <ItemTitle>二十七</ItemTitle>
            <ItemSentence>
              <Sentence>輸出水産業組合</Sentence>
            </ItemSentence>
          </Item>
          <Item Num="28">
            <ItemTitle>二十八</ItemTitle>
            <ItemSentence>
              <Sentence>独立行政法人情報処理推進機構</Sentence>
            </ItemSentence>
          </Item>
          <Item Num="29">
            <ItemTitle>二十九</ItemTitle>
            <ItemSentence>
              <Sentence>株式会社日本政策金融公庫</Sentence>
            </ItemSentence>
          </Item>
          <Item Num="30">
            <ItemTitle>三十</ItemTitle>
            <ItemSentence>
              <Sentence>信用保証協会</Sentence>
            </ItemSentence>
          </Item>
          <Item Num="31">
            <ItemTitle>三十一</ItemTitle>
            <ItemSentence>
              <Sentence>独立行政法人中小企業基盤整備機構</Sentence>
            </ItemSentence>
          </Item>
          <Item Num="32">
            <ItemTitle>三十二</ItemTitle>
            <ItemSentence>
              <Sentence>商工組合</Sentence>
            </ItemSentence>
          </Item>
          <Item Num="33">
            <ItemTitle>三十三</ItemTitle>
            <ItemSentence>
              <Sentence>商工組合連合会</Sentence>
            </ItemSentence>
          </Item>
          <Item Num="34">
            <ItemTitle>三十四</ItemTitle>
            <ItemSentence>
              <Sentence>独立行政法人奄美群島振興開発基金</Sentence>
            </ItemSentence>
          </Item>
          <Item Num="35">
            <ItemTitle>三十五</ItemTitle>
            <ItemSentence>
              <Sentence>独立行政法人住宅金融支援機構</Sentence>
            </ItemSentence>
          </Item>
          <Item Num="36">
            <ItemTitle>三十六</ItemTitle>
            <ItemSentence>
              <Sentence>内航海運組合</Sentence>
            </ItemSentence>
          </Item>
          <Item Num="37">
            <ItemTitle>三十七</ItemTitle>
            <ItemSentence>
              <Sentence>内航海運組合連合会</Sentence>
            </ItemSentence>
          </Item>
          <Item Num="38">
            <ItemTitle>三十八</ItemTitle>
            <ItemSentence>
              <Sentence>事業協同組合</Sentence>
            </ItemSentence>
          </Item>
          <Item Num="39">
            <ItemTitle>三十九</ItemTitle>
            <ItemSentence>
              <Sentence>事業協同小組合</Sentence>
            </ItemSentence>
          </Item>
        </Paragraph>
      </Article>
      <Article Num="4">
        <ArticleCaption>（保証料とみなされない現金自動支払機その他の機械の利用料の範囲）</ArticleCaption>
        <ArticleTitle>第四条</ArticleTitle>
        <Paragraph Num="1">
          <ParagraphNum/>
          <ParagraphSentence>
            <Sentence>法第八条第七項第一号ハの政令で定める額は、現金自動支払機その他の機械を利用して支払う次の各号に掲げる額の区分に応じ、当該各号に定める額（消費税額等相当額を含む。）とする。</Sentence>
          </ParagraphSentence>
          <Item Num="1">
            <ItemTitle>一</ItemTitle>
            <ItemSentence>
              <Column Num="1">
                <Sentence>一万円以下の額</Sentence>
              </Column>
              <Column Num="2">
                <Sentence>百十円</Sentence>
              </Column>
            </ItemSentence>
          </Item>
          <Item Num="2">
            <ItemTitle>二</ItemTitle>
            <ItemSentence>
              <Column Num="1">
                <Sentence>一万円を超える額</Sentence>
              </Column>
              <Column Num="2">
                <Sentence>二百二十円</Sentence>
              </Column>
            </ItemSentence>
          </Item>
        </Paragraph>
      </Article>
      <Article Num="5">
        <ArticleCaption>（保証料とみなされない費用）</ArticleCaption>
        <ArticleTitle>第五条</ArticleTitle>
        <Paragraph Num="1">
          <ParagraphNum/>
          <ParagraphSentence>
            <Sentence>法第八条第七項第二号の政令で定める費用は、法令の規定により業として貸付けを行うことができる者による当該業として行った営業的金銭消費貸借上の債務を主たる債務とする保証契約に関し保証人が受ける次に掲げる費用（消費税額等相当額を含む。）とする。</Sentence>
          </ParagraphSentence>
          <Item Num="1">
            <ItemTitle>一</ItemTitle>
            <ItemSentence>
              <Sentence>弁済に用いるため主たる債務者に交付されたカードの再発行の手数料</Sentence>
            </ItemSentence>
          </Item>
          <Item Num="2">
            <ItemTitle>二</ItemTitle>
            <ItemSentence>
              <Sentence>口座振替の方法による弁済において、主たる債務者が弁済期に弁済できなかった場合に行う再度の口座振替手続に要する費用</Sentence>
            </ItemSentence>
          </Item>
        </Paragraph>
      </Article>
    </MainProvision>
    <SupplProvision Type="New">
      <SupplProvisionLabel>附　則</SupplProvisionLabel>
      <Paragraph Num="1">
        <ParagraphNum/>
        <ParagraphSentence>
          <Sentence>この政令は、貸金業の規制等に関する法律等の一部を改正する法律（平成十八年法律第百十五号）附則第一条第四号に掲げる規定の施行の日から施行する。</Sentence>
        </ParagraphSentence>
      </Paragraph>
    </SupplProvision>
    <SupplProvision AmendLawNum="平成二三年一二月二六日政令第四二三号" Extract="true" Type="Amend">
      <SupplProvisionLabel>附　則</SupplProvisionLabel>
      <Article Num="1">
        <ArticleCaption>（施行期日）</ArticleCaption>
        <ArticleTitle>第一条</ArticleTitle>
        <Paragraph Num="1">
          <ParagraphNum/>
          <ParagraphSentence>
            <Sentence>この政令は、平成二十四年四月一日から施行する。</Sentence>
          </ParagraphSentence>
        </Paragraph>
      </Article>
    </SupplProvision>
    <SupplProvision AmendLawNum="平成二六年三月五日政令第五一号" Type="Amend">
      <SupplProvisionLabel>附　則</SupplProvisionLabel>
      <Paragraph Num="1">
        <ParagraphCaption>（施行期日）</ParagraphCaption>
        <ParagraphNum>１</ParagraphNum>
        <ParagraphSentence>
          <Sentence>この政令は、平成二十六年四月一日から施行する。</Sentence>
        </ParagraphSentence>
      </Paragraph>
      <Paragraph Num="2">
        <ParagraphCaption>（経過措置）</ParagraphCaption>
        <ParagraphNum>２</ParagraphNum>
        <ParagraphSentence>
          <Sentence>第一条の規定による改正後の利息制限法施行令第二条及び第四条の規定、第二条の規定による改正後の貸金業法施行令第三条の二の三の規定並びに第三条の規定による改正後の出資の受入れ、預り金及び金利等の取締りに関する法律施行令第二条の規定は、この政令の施行の日以後の現金自動支払機その他の機械の利用に係る利用料について適用し、同日前の現金自動支払機その他の機械の利用に係る利用料については、なお従前の例による。</Sentence>
        </ParagraphSentence>
      </Paragraph>
    </SupplProvision>
    <SupplProvision AmendLawNum="平成二八年一二月二六日政令第三九六号" Type="Amend">
      <SupplProvisionLabel>附　則</SupplProvisionLabel>
      <Paragraph Num="1">
        <ParagraphNum/>
        <ParagraphSentence>
          <Sentence>この政令は、平成二十九年四月一日から施行する。</Sentence>
        </ParagraphSentence>
      </Paragraph>
    </SupplProvision>
    <SupplProvision AmendLawNum="平成三〇年一〇月一七日政令第二九三号" Extract="true">
      <SupplProvisionLabel>附　則</SupplProvisionLabel>
      <Article Num="1">
        <ArticleCaption>（施行期日）</ArticleCaption>
        <ArticleTitle>第一条</ArticleTitle>
        <Paragraph Num="1">
          <ParagraphNum/>
          <ParagraphSentence>
            <Sentence>この政令は、改正法の施行の日（平成三十年十月二十二日）から施行する。</Sentence>
          </ParagraphSentence>
        </Paragraph>
      </Article>
    </SupplProvision>
    <SupplProvision AmendLawNum="令和元年九月一一日政令第九三号">
      <SupplProvisionLabel>附　則</SupplProvisionLabel>
      <Paragraph Num="1">
        <ParagraphCaption>（施行期日）</ParagraphCaption>
        <ParagraphNum>１</ParagraphNum>
        <ParagraphSentence>
          <Sentence>この政令は、令和元年十月一日から施行する。</Sentence>
        </ParagraphSentence>
      </Paragraph>
      <Paragraph Num="2">
        <ParagraphCaption>（経過措置）</ParagraphCaption>
        <ParagraphNum>２</ParagraphNum>
        <ParagraphSentence>
          <Sentence>第一条の規定による改正後の利息制限法施行令第二条及び第四条の規定、第二条の規定による改正後の貸金業法施行令第三条の二の三の規定並びに第三条の規定による改正後の出資の受入れ、預り金及び金利等の取締りに関する法律施行令第二条の規定は、この政令の施行の日以後の現金自動支払機その他の機械の利用に係る利用料について適用し、同日前の現金自動支払機その他の機械の利用に係る利用料については、なお従前の例による。</Sentence>
        </ParagraphSentence>
      </Paragraph>
    </SupplProvision>
  </LawBody>
</Law>
