<?xml version="1.0" encoding="UTF-8" standalone="no"?>
<Law DataInfo="200402e80k80m01" Era="Heisei" Lang="ja" LawType="MinisterialOrdinance" Num="041" Year="19">
  <LawNum>平成十九年法務省令第四十一号</LawNum>
  <LawBody>
    <LawTitle>信託法施行規則</LawTitle>
    <EnactStatement>信託法（平成十八年法律第百八号）及び信託法施行令（平成十九年政令第百九十九号）の規定に基づき、信託法施行規則を次のように定める。</EnactStatement>
    <TOC>
      <TOCLabel>目次</TOCLabel>
      <TOCChapter Num="1">
        <ChapterTitle>第一章　総則</ChapterTitle>
        <TOCSection Num="1">
          <SectionTitle>第一節　通則</SectionTitle>
          <ArticleRange>（第一条・第二条）</ArticleRange>
        </TOCSection>
        <TOCSection Num="2">
          <SectionTitle>第二節　自己信託に係る公正証書等の記載事項等</SectionTitle>
          <ArticleRange>（第三条）</ArticleRange>
        </TOCSection>
      </TOCChapter>
      <TOCChapter Num="2">
        <ChapterTitle>第二章　受託者等</ChapterTitle>
        <ArticleRange>（第四条・第五条）</ArticleRange>
      </TOCChapter>
      <TOCChapter Num="3">
        <ChapterTitle>第三章　受益者集会</ChapterTitle>
        <ArticleRange>（第六条―第十一条）</ArticleRange>
      </TOCChapter>
      <TOCChapter Num="4">
        <ChapterTitle>第四章　信託の併合及び分割</ChapterTitle>
        <TOCSection Num="1">
          <SectionTitle>第一節　信託の併合</SectionTitle>
          <ArticleRange>（第十二条・第十三条）</ArticleRange>
        </TOCSection>
        <TOCSection Num="2">
          <SectionTitle>第二節　信託の分割</SectionTitle>
          <TOCSubsection Num="1">
            <SubsectionTitle>第一款　吸収信託分割</SubsectionTitle>
            <ArticleRange>（第十四条・第十五条）</ArticleRange>
          </TOCSubsection>
          <TOCSubsection Num="2">
            <SubsectionTitle>第二款　新規信託分割</SubsectionTitle>
            <ArticleRange>（第十六条・第十七条）</ArticleRange>
          </TOCSubsection>
        </TOCSection>
      </TOCChapter>
      <TOCChapter Num="5">
        <ChapterTitle>第五章　受益証券発行信託の特例</ChapterTitle>
        <ArticleRange>（第十八条―第二十三条）</ArticleRange>
      </TOCChapter>
      <TOCChapter Num="6">
        <ChapterTitle>第六章　限定責任信託の特例</ChapterTitle>
        <ArticleRange>（第二十四条）</ArticleRange>
      </TOCChapter>
      <TOCChapter Num="7">
        <ChapterTitle>第七章　電磁的記録等</ChapterTitle>
        <ArticleRange>（第二十五条―第三十二条）</ArticleRange>
      </TOCChapter>
      <TOCChapter Num="8">
        <ChapterTitle>第八章　計算</ChapterTitle>
        <ArticleRange>（第三十三条）</ArticleRange>
      </TOCChapter>
      <TOCSupplProvision>
        <SupplProvisionLabel>附則</SupplProvisionLabel>
      </TOCSupplProvision>
    </TOC>
    <MainProvision>
      <Chapter Num="1">
        <ChapterTitle>第一章　総則</ChapterTitle>
        <Section Num="1">
          <SectionTitle>第一節　通則</SectionTitle>
          <Article Num="1">
            <ArticleCaption>（目的）</ArticleCaption>
            <ArticleTitle>第一条</ArticleTitle>
            <Paragraph Num="1">
              <ParagraphNum/>
              <ParagraphSentence>
                <Sentence>この省令は、信託法（平成十八年法律第百八号。以下「法」という。）の委任に基づく事項その他法の施行に必要な事項を定めることを目的とする。</Sentence>
              </ParagraphSentence>
            </Paragraph>
          </Article>
          <Article Num="2">
            <ArticleCaption>（定義）</ArticleCaption>
            <ArticleTitle>第二条</ArticleTitle>
            <Paragraph Num="1">
              <ParagraphNum/>
              <ParagraphSentence>
                <Sentence>この省令において使用する用語は、法において使用する用語の例によるほか、次の各号に掲げる用語の意義は、それぞれ当該各号に定めるところによる。</Sentence>
              </ParagraphSentence>
              <Item Num="1">
                <ItemTitle>一</ItemTitle>
                <ItemSentence>
                  <Column Num="1">
                    <Sentence>自己信託</Sentence>
                  </Column>
                  <Column Num="2">
                    <Sentence>法第三条第三号に掲げる方法によってされる信託をいう。</Sentence>
                  </Column>
                </ItemSentence>
              </Item>
              <Item Num="2">
                <ItemTitle>二</ItemTitle>
                <ItemSentence>
                  <Column Num="1">
                    <Sentence>電磁的記録</Sentence>
                  </Column>
                  <Column Num="2">
                    <Sentence>法第三条第三号に規定する電磁的記録をいう。</Sentence>
                  </Column>
                </ItemSentence>
              </Item>
              <Item Num="3">
                <ItemTitle>三</ItemTitle>
                <ItemSentence>
                  <Column Num="1">
                    <Sentence>電磁的方法</Sentence>
                  </Column>
                  <Column Num="2">
                    <Sentence>法第百八条第三号に規定する電磁的方法をいう。</Sentence>
                  </Column>
                </ItemSentence>
              </Item>
              <Item Num="4">
                <ItemTitle>四</ItemTitle>
                <ItemSentence>
                  <Column Num="1">
                    <Sentence>財産状況開示資料等</Sentence>
                  </Column>
                  <Column Num="2">
                    <Sentence>次のイ又はロに掲げる信託の区分に応じ、当該イ又はロに定めるものをいう。</Sentence>
                  </Column>
                </ItemSentence>
                <Subitem1 Num="1">
                  <Subitem1Title>イ</Subitem1Title>
                  <Subitem1Sentence>
                    <Column Num="1">
                      <Sentence>限定責任信託以外の信託</Sentence>
                    </Column>
                    <Column Num="2">
                      <Sentence>法第三十七条第二項の規定により作成する同項の書類又は電磁的記録</Sentence>
                    </Column>
                  </Subitem1Sentence>
                </Subitem1>
                <Subitem1 Num="2">
                  <Subitem1Title>ロ</Subitem1Title>
                  <Subitem1Sentence>
                    <Column Num="1">
                      <Sentence>限定責任信託</Sentence>
                    </Column>
                    <Column Num="2">
                      <Sentence>法第二百二十二条第四項の規定により作成する同項の書類又は電磁的記録（法第二百五十二条第四項において読み替えて適用する法第二百二十二条第四項の規定の適用がある場合にあっては、法第二百五十二条第一項の会計監査報告を含む。）</Sentence>
                    </Column>
                  </Subitem1Sentence>
                </Subitem1>
              </Item>
            </Paragraph>
          </Article>
        </Section>
        <Section Num="2">
          <SectionTitle>第二節　自己信託に係る公正証書等の記載事項等</SectionTitle>
          <Article Num="3">
            <ArticleTitle>第三条</ArticleTitle>
            <Paragraph Num="1">
              <ParagraphNum/>
              <ParagraphSentence>
                <Sentence>法第三条第三号に規定する法務省令で定める事項は、次に掲げるものとする。</Sentence>
              </ParagraphSentence>
              <Item Num="1">
                <ItemTitle>一</ItemTitle>
                <ItemSentence>
                  <Sentence>信託の目的</Sentence>
                </ItemSentence>
              </Item>
              <Item Num="2">
                <ItemTitle>二</ItemTitle>
                <ItemSentence>
                  <Sentence>信託をする財産を特定するために必要な事項</Sentence>
                </ItemSentence>
              </Item>
              <Item Num="3">
                <ItemTitle>三</ItemTitle>
                <ItemSentence>
                  <Sentence>自己信託をする者の氏名又は名称及び住所</Sentence>
                </ItemSentence>
              </Item>
              <Item Num="4">
                <ItemTitle>四</ItemTitle>
                <ItemSentence>
                  <Sentence>受益者の定め（受益者を定める方法の定めを含む。）</Sentence>
                </ItemSentence>
              </Item>
              <Item Num="5">
                <ItemTitle>五</ItemTitle>
                <ItemSentence>
                  <Sentence>信託財産に属する財産の管理又は処分の方法</Sentence>
                </ItemSentence>
              </Item>
              <Item Num="6">
                <ItemTitle>六</ItemTitle>
                <ItemSentence>
                  <Sentence>信託行為に条件又は期限を付すときは、条件又は期限に関する定め</Sentence>
                </ItemSentence>
              </Item>
              <Item Num="7">
                <ItemTitle>七</ItemTitle>
                <ItemSentence>
                  <Sentence>法第百六十三条第九号の事由（当該事由を定めない場合にあっては、その旨）</Sentence>
                </ItemSentence>
              </Item>
              <Item Num="8">
                <ItemTitle>八</ItemTitle>
                <ItemSentence>
                  <Sentence>前各号に掲げるもののほか、信託の条項</Sentence>
                </ItemSentence>
              </Item>
            </Paragraph>
          </Article>
        </Section>
      </Chapter>
      <Chapter Num="2">
        <ChapterTitle>第二章　受託者等</ChapterTitle>
        <Article Num="4">
          <ArticleCaption>（分別管理の方法）</ArticleCaption>
          <ArticleTitle>第四条</ArticleTitle>
          <Paragraph Num="1">
            <ParagraphNum/>
            <ParagraphSentence>
              <Sentence>法第三十四条第一項第三号に規定する法務省令で定める財産は、法第二百六条第一項その他の法令の規定により、当該財産が信託財産に属する旨の記載又は記録をしなければ、当該財産が信託財産に属することを第三者に対抗することができないとされているもの（法第十四条の信託の登記又は登録をすることができる財産を除く。）とする。</Sentence>
            </ParagraphSentence>
          </Paragraph>
          <Paragraph Num="2">
            <ParagraphNum>２</ParagraphNum>
            <ParagraphSentence>
              <Sentence>法第三十四条第一項第三号に規定する法務省令で定めるものは、法第二百六条第一項その他の法令の規定に従い信託財産に属する旨の記載又は記録をするとともに、その計算を明らかにする方法とする。</Sentence>
            </ParagraphSentence>
          </Paragraph>
        </Article>
        <Article Num="5">
          <ArticleCaption>（前受託者が破産管財人に通知すべき事項）</ArticleCaption>
          <ArticleTitle>第五条</ArticleTitle>
          <Paragraph Num="1">
            <ParagraphNum/>
            <ParagraphSentence>
              <Sentence>法第五十九条第二項に規定する法務省令で定める事項は、次に掲げるものとする。</Sentence>
            </ParagraphSentence>
            <Item Num="1">
              <ItemTitle>一</ItemTitle>
              <ItemSentence>
                <Sentence>信託財産に属する財産の内容及び所在</Sentence>
              </ItemSentence>
            </Item>
            <Item Num="2">
              <ItemTitle>二</ItemTitle>
              <ItemSentence>
                <Sentence>信託財産責任負担債務の内容</Sentence>
              </ItemSentence>
            </Item>
            <Item Num="3">
              <ItemTitle>三</ItemTitle>
              <ItemSentence>
                <Sentence>知れている受益者及び法第百八十二条第一項第二号に規定する帰属権利者の氏名又は名称及び住所</Sentence>
              </ItemSentence>
            </Item>
            <Item Num="4">
              <ItemTitle>四</ItemTitle>
              <ItemSentence>
                <Sentence>信託行為の内容</Sentence>
              </ItemSentence>
            </Item>
          </Paragraph>
        </Article>
      </Chapter>
      <Chapter Num="3">
        <ChapterTitle>第三章　受益者集会</ChapterTitle>
        <Article Num="6">
          <ArticleCaption>（受益者集会の招集の場合における決定事項）</ArticleCaption>
          <ArticleTitle>第六条</ArticleTitle>
          <Paragraph Num="1">
            <ParagraphNum/>
            <ParagraphSentence>
              <Sentence>法第百八条第四号に規定する法務省令で定める事項は、次に掲げるものとする。</Sentence>
            </ParagraphSentence>
            <Item Num="1">
              <ItemTitle>一</ItemTitle>
              <ItemSentence>
                <Sentence>次条の規定により受益者集会参考書類（法第百十条第一項に規定する受益者集会参考書類をいう。次条において同じ。）に記載すべき事項</Sentence>
              </ItemSentence>
            </Item>
            <Item Num="2">
              <ItemTitle>二</ItemTitle>
              <ItemSentence>
                <Sentence>書面による議決権の行使の期限（受益者集会の日時以前の時であって、法第百九条第一項の規定による通知を発した日から二週間を経過した日以後の時に限る。）</Sentence>
              </ItemSentence>
            </Item>
            <Item Num="3">
              <ItemTitle>三</ItemTitle>
              <ItemSentence>
                <Sentence>一の受益者が同一の議案につき法第百十五条第一項（法第百八条第三号に掲げる事項を定めた場合にあっては、法第百十五条第一項又は第百十六条第一項）の規定により重複して議決権を行使した場合において、当該同一の議案に対する議決権の行使の内容が異なるものであるときにおける当該受益者の議決権の行使の取扱いに関する事項を定めるときは、その事項</Sentence>
              </ItemSentence>
            </Item>
            <Item Num="4">
              <ItemTitle>四</ItemTitle>
              <ItemSentence>
                <Sentence>第八条第一項第一号の欄に記載がない議決権行使書面（法第百十条第一項に規定する議決権行使書面をいう。以下この条及び第八条において同じ。）が招集者（法第百八条に規定する招集者をいう。以下この条及び第八条において同じ。）に提出され、又は法第百十六条第一項の規定により電磁的方法により招集者に提供された事項のうちに当該欄に記載すべきものがない場合における各議案についての賛成、反対又は棄権のいずれかの意思の表示があったものとする取扱いを定めるときは、その取扱いの内容</Sentence>
              </ItemSentence>
            </Item>
            <Item Num="5">
              <ItemTitle>五</ItemTitle>
              <ItemSentence>
                <Sentence>法第百八条第三号に掲げる事項を定めたときは、次に掲げる事項</Sentence>
              </ItemSentence>
              <Subitem1 Num="1">
                <Subitem1Title>イ</Subitem1Title>
                <Subitem1Sentence>
                  <Sentence>電磁的方法による議決権の行使の期限（受益者集会の日時以前の時であって、法第百九条第一項の規定による通知を発した日から二週間を経過した日以後の時に限る。）</Sentence>
                </Subitem1Sentence>
              </Subitem1>
              <Subitem1 Num="2">
                <Subitem1Title>ロ</Subitem1Title>
                <Subitem1Sentence>
                  <Sentence>法第百九条第二項の承諾をした受益者に対しては、当該受益者の第八条第二項の請求があった時に法第百十条第一項の規定による議決権行使書面の交付（当該交付に代えて行う同条第二項の規定による電磁的方法による提供を含む。）をすることとするときは、その旨</Sentence>
                </Subitem1Sentence>
              </Subitem1>
            </Item>
            <Item Num="6">
              <ItemTitle>六</ItemTitle>
              <ItemSentence>
                <Sentence>法第百十七条第一項の規定による通知の方法を定めるときは、その方法</Sentence>
              </ItemSentence>
            </Item>
          </Paragraph>
        </Article>
        <Article Num="7">
          <ArticleCaption>（受益者集会参考書類）</ArticleCaption>
          <ArticleTitle>第七条</ArticleTitle>
          <Paragraph Num="1">
            <ParagraphNum/>
            <ParagraphSentence>
              <Sentence>受益者集会参考書類には、議案及び次の各号に掲げる議案の区分に応じ、当該各号に定める事項を記載しなければならない。</Sentence>
            </ParagraphSentence>
            <Item Num="1">
              <ItemTitle>一</ItemTitle>
              <ItemSentence>
                <Column Num="1">
                  <Sentence>新たな受託者（以下この号において「新受託者」という。）の選任に関する議案</Sentence>
                </Column>
                <Column Num="2">
                  <Sentence>次に掲げる事項</Sentence>
                </Column>
              </ItemSentence>
              <Subitem1 Num="1">
                <Subitem1Title>イ</Subitem1Title>
                <Subitem1Sentence>
                  <Sentence>新受託者となるべき者の氏名又は名称</Sentence>
                </Subitem1Sentence>
              </Subitem1>
              <Subitem1 Num="2">
                <Subitem1Title>ロ</Subitem1Title>
                <Subitem1Sentence>
                  <Sentence>新受託者となるべき者の略歴又は沿革</Sentence>
                </Subitem1Sentence>
              </Subitem1>
              <Subitem1 Num="3">
                <Subitem1Title>ハ</Subitem1Title>
                <Subitem1Sentence>
                  <Sentence>新受託者となるべき者を受託者に選任すべきものとした理由</Sentence>
                </Subitem1Sentence>
              </Subitem1>
            </Item>
            <Item Num="2">
              <ItemTitle>二</ItemTitle>
              <ItemSentence>
                <Column Num="1">
                  <Sentence>信託監督人又は受益者代理人の選任に関する議案</Sentence>
                </Column>
                <Column Num="2">
                  <Sentence>次に掲げる事項</Sentence>
                </Column>
              </ItemSentence>
              <Subitem1 Num="1">
                <Subitem1Title>イ</Subitem1Title>
                <Subitem1Sentence>
                  <Sentence>信託監督人又は受益者代理人となるべき者の氏名又は名称</Sentence>
                </Subitem1Sentence>
              </Subitem1>
              <Subitem1 Num="2">
                <Subitem1Title>ロ</Subitem1Title>
                <Subitem1Sentence>
                  <Sentence>信託監督人又は受益者代理人となるべき者の略歴又は沿革</Sentence>
                </Subitem1Sentence>
              </Subitem1>
              <Subitem1 Num="3">
                <Subitem1Title>ハ</Subitem1Title>
                <Subitem1Sentence>
                  <Sentence>信託監督人又は受益者代理人となるべき者が受託者と特別の利害関係があるときは、その事実の概要</Sentence>
                </Subitem1Sentence>
              </Subitem1>
            </Item>
            <Item Num="3">
              <ItemTitle>三</ItemTitle>
              <ItemSentence>
                <Column Num="1">
                  <Sentence>受託者、信託監督人又は受益者代理人の解任に関する議案</Sentence>
                </Column>
                <Column Num="2">
                  <Sentence>次に掲げる事項</Sentence>
                </Column>
              </ItemSentence>
              <Subitem1 Num="1">
                <Subitem1Title>イ</Subitem1Title>
                <Subitem1Sentence>
                  <Sentence>解任すべき受託者、信託監督人又は受益者代理人の氏名又は名称</Sentence>
                </Subitem1Sentence>
              </Subitem1>
              <Subitem1 Num="2">
                <Subitem1Title>ロ</Subitem1Title>
                <Subitem1Sentence>
                  <Sentence>解任の理由</Sentence>
                </Subitem1Sentence>
              </Subitem1>
            </Item>
            <Item Num="4">
              <ItemTitle>四</ItemTitle>
              <ItemSentence>
                <Column Num="1">
                  <Sentence>信託の変更に関する議案</Sentence>
                </Column>
                <Column Num="2">
                  <Sentence>次に掲げる事項</Sentence>
                </Column>
              </ItemSentence>
              <Subitem1 Num="1">
                <Subitem1Title>イ</Subitem1Title>
                <Subitem1Sentence>
                  <Sentence>信託の変更後の信託行為の内容</Sentence>
                </Subitem1Sentence>
              </Subitem1>
              <Subitem1 Num="2">
                <Subitem1Title>ロ</Subitem1Title>
                <Subitem1Sentence>
                  <Sentence>信託行為で定められた受益権の内容に変更を加え、又は受益権の価値に重大な影響を与えるおそれがあるときは、その変更又は影響の内容及び相当性に関する事項</Sentence>
                </Subitem1Sentence>
              </Subitem1>
              <Subitem1 Num="3">
                <Subitem1Title>ハ</Subitem1Title>
                <Subitem1Sentence>
                  <Sentence>信託の変更がその効力を生ずる日</Sentence>
                </Subitem1Sentence>
              </Subitem1>
              <Subitem1 Num="4">
                <Subitem1Title>ニ</Subitem1Title>
                <Subitem1Sentence>
                  <Sentence>信託の変更をする理由</Sentence>
                </Subitem1Sentence>
              </Subitem1>
            </Item>
            <Item Num="5">
              <ItemTitle>五</ItemTitle>
              <ItemSentence>
                <Column Num="1">
                  <Sentence>信託の併合に関する議案</Sentence>
                </Column>
                <Column Num="2">
                  <Sentence>法第百五十一条第一項各号に掲げる事項</Sentence>
                </Column>
              </ItemSentence>
            </Item>
            <Item Num="6">
              <ItemTitle>六</ItemTitle>
              <ItemSentence>
                <Column Num="1">
                  <Sentence>吸収信託分割に関する議案</Sentence>
                </Column>
                <Column Num="2">
                  <Sentence>法第百五十五条第一項各号に掲げる事項</Sentence>
                </Column>
              </ItemSentence>
            </Item>
            <Item Num="7">
              <ItemTitle>七</ItemTitle>
              <ItemSentence>
                <Column Num="1">
                  <Sentence>新規信託分割に関する議案</Sentence>
                </Column>
                <Column Num="2">
                  <Sentence>法第百五十九条第一項各号に掲げる事項</Sentence>
                </Column>
              </ItemSentence>
            </Item>
            <Item Num="8">
              <ItemTitle>八</ItemTitle>
              <ItemSentence>
                <Column Num="1">
                  <Sentence>前各号に掲げる議案以外の議案</Sentence>
                </Column>
                <Column Num="2">
                  <Sentence>当該議案を提案した理由</Sentence>
                </Column>
              </ItemSentence>
            </Item>
          </Paragraph>
          <Paragraph Num="2">
            <ParagraphNum>２</ParagraphNum>
            <ParagraphSentence>
              <Sentence>受益者集会参考書類には、前項各号に定めるもののほか、受益者の議決権の行使について参考となると認める事項を記載することができる。</Sentence>
            </ParagraphSentence>
          </Paragraph>
          <Paragraph Num="3">
            <ParagraphNum>３</ParagraphNum>
            <ParagraphSentence>
              <Sentence>同一の受益者集会に関して受益者に対して提供する受益者集会参考書類に記載すべき事項のうち、他の書面に記載している事項又は電磁的方法により提供している事項がある場合には、これらの事項は、受益者集会参考書類に記載することを要しない。</Sentence>
            </ParagraphSentence>
          </Paragraph>
          <Paragraph Num="4">
            <ParagraphNum>４</ParagraphNum>
            <ParagraphSentence>
              <Sentence>同一の受益者集会に関して受益者に対して提供する招集通知（法第百九条第一項又は第二項の規定による通知をいう。以下この条及び次条において同じ。）の内容とすべき事項のうち、受益者集会参考書類に記載している事項又は受益者集会参考書類の交付に代えて電磁的方法により提供している事項がある場合には、当該事項は、招集通知の内容とすることを要しない。</Sentence>
            </ParagraphSentence>
          </Paragraph>
        </Article>
        <Article Num="8">
          <ArticleCaption>（議決権行使書面）</ArticleCaption>
          <ArticleTitle>第八条</ArticleTitle>
          <Paragraph Num="1">
            <ParagraphNum/>
            <ParagraphSentence>
              <Sentence>法第百十条第一項の規定により交付すべき議決権行使書面に記載すべき事項又は法第百十一条第一項若しくは第二項の規定により電磁的方法により提供すべき議決権行使書面に記載すべき事項は、次に掲げる事項とする。</Sentence>
            </ParagraphSentence>
            <Item Num="1">
              <ItemTitle>一</ItemTitle>
              <ItemSentence>
                <Sentence>各議案についての賛否（棄権の欄を設ける場合にあっては、棄権を含む。）を記載する欄</Sentence>
              </ItemSentence>
            </Item>
            <Item Num="2">
              <ItemTitle>二</ItemTitle>
              <ItemSentence>
                <Sentence>第六条第三号に掲げる事項を定めたときは、当該事項</Sentence>
              </ItemSentence>
            </Item>
            <Item Num="3">
              <ItemTitle>三</ItemTitle>
              <ItemSentence>
                <Sentence>第六条第四号に掲げる事項を定めたときは、同号の取扱いの内容</Sentence>
              </ItemSentence>
            </Item>
            <Item Num="4">
              <ItemTitle>四</ItemTitle>
              <ItemSentence>
                <Sentence>議決権の行使の期限</Sentence>
              </ItemSentence>
            </Item>
            <Item Num="5">
              <ItemTitle>五</ItemTitle>
              <ItemSentence>
                <Sentence>議決権を行使すべき受益者の氏名又は名称及び当該受益者が行使することができる議決権の数又は割合</Sentence>
              </ItemSentence>
            </Item>
          </Paragraph>
          <Paragraph Num="2">
            <ParagraphNum>２</ParagraphNum>
            <ParagraphSentence>
              <Sentence>法第百八条第三号に掲げる事項を定めた場合において、第六条第五号ロに掲げる事項を定めたときは、招集者は、法第百九条第二項の承諾をした受益者が請求をした時に、当該受益者に対して、法第百十条第一項の規定による議決権行使書面の交付（当該交付に代えて行う同条第二項の規定による電磁的方法による提供を含む。）をしなければならない。</Sentence>
            </ParagraphSentence>
          </Paragraph>
          <Paragraph Num="3">
            <ParagraphNum>３</ParagraphNum>
            <ParagraphSentence>
              <Sentence>同一の受益者集会に関して受益者に対して提供する議決権行使書面に記載すべき事項（第一項第二号から第四号までに掲げる事項に限る。）のうち、招集通知の内容としている事項がある場合には、当該事項は、受益者に対して提供する議決権行使書面に記載することを要しない。</Sentence>
            </ParagraphSentence>
          </Paragraph>
          <Paragraph Num="4">
            <ParagraphNum>４</ParagraphNum>
            <ParagraphSentence>
              <Sentence>同一の受益者集会に関して受益者に対して提供する招集通知の内容とすべき事項のうち、議決権行使書面に記載している事項又は議決権行使書面の交付に代えて電磁的方法により提供している事項がある場合には、当該事項は、受益者に対して提供する招集通知の内容とすることを要しない。</Sentence>
            </ParagraphSentence>
          </Paragraph>
        </Article>
        <Article Num="9">
          <ArticleCaption>（書面による議決権行使の期限）</ArticleCaption>
          <ArticleTitle>第九条</ArticleTitle>
          <Paragraph Num="1">
            <ParagraphNum/>
            <ParagraphSentence>
              <Sentence>法第百十五条第二項に規定する法務省令で定める時は、第六条第二号の行使の期限とする。</Sentence>
            </ParagraphSentence>
          </Paragraph>
        </Article>
        <Article Num="10">
          <ArticleCaption>（電磁的方法による議決権行使の期限）</ArticleCaption>
          <ArticleTitle>第十条</ArticleTitle>
          <Paragraph Num="1">
            <ParagraphNum/>
            <ParagraphSentence>
              <Sentence>法第百十六条第一項に規定する法務省令で定める時は、第六条第五号イの行使の期限とする。</Sentence>
            </ParagraphSentence>
          </Paragraph>
        </Article>
        <Article Num="11">
          <ArticleCaption>（受益者集会の議事録）</ArticleCaption>
          <ArticleTitle>第十一条</ArticleTitle>
          <Paragraph Num="1">
            <ParagraphNum/>
            <ParagraphSentence>
              <Sentence>法第百二十条の規定による受益者集会の議事録の作成については、この条の定めるところによる。</Sentence>
            </ParagraphSentence>
          </Paragraph>
          <Paragraph Num="2">
            <ParagraphNum>２</ParagraphNum>
            <ParagraphSentence>
              <Sentence>受益者集会の議事録は、書面又は電磁的記録をもって作成しなければならない。</Sentence>
            </ParagraphSentence>
          </Paragraph>
          <Paragraph Num="3">
            <ParagraphNum>３</ParagraphNum>
            <ParagraphSentence>
              <Sentence>受益者集会の議事録は、次に掲げる事項を内容とするものでなければならない。</Sentence>
            </ParagraphSentence>
            <Item Num="1">
              <ItemTitle>一</ItemTitle>
              <ItemSentence>
                <Sentence>受益者集会が開催された日時及び場所</Sentence>
              </ItemSentence>
            </Item>
            <Item Num="2">
              <ItemTitle>二</ItemTitle>
              <ItemSentence>
                <Sentence>受益者集会の議事の経過の要領及びその結果</Sentence>
              </ItemSentence>
            </Item>
            <Item Num="3">
              <ItemTitle>三</ItemTitle>
              <ItemSentence>
                <Sentence>法第百十八条第一項の規定により受益者集会において述べられた意見があるときは、その意見の内容の概要</Sentence>
              </ItemSentence>
            </Item>
            <Item Num="4">
              <ItemTitle>四</ItemTitle>
              <ItemSentence>
                <Sentence>受益者集会に出席した受託者（法人である受託者にあっては、その代表者又は代理人）又は信託監督人の氏名又は名称</Sentence>
              </ItemSentence>
            </Item>
            <Item Num="5">
              <ItemTitle>五</ItemTitle>
              <ItemSentence>
                <Sentence>受益者集会の議長が存するときは、議長の氏名</Sentence>
              </ItemSentence>
            </Item>
            <Item Num="6">
              <ItemTitle>六</ItemTitle>
              <ItemSentence>
                <Sentence>議事録の作成に係る職務を行った者の氏名又は名称</Sentence>
              </ItemSentence>
            </Item>
          </Paragraph>
        </Article>
      </Chapter>
      <Chapter Num="4">
        <ChapterTitle>第四章　信託の併合及び分割</ChapterTitle>
        <Section Num="1">
          <SectionTitle>第一節　信託の併合</SectionTitle>
          <Article Num="12">
            <ArticleCaption>（信託の併合に当たり明らかにすべき事項）</ArticleCaption>
            <ArticleTitle>第十二条</ArticleTitle>
            <Paragraph Num="1">
              <ParagraphNum/>
              <ParagraphSentence>
                <Sentence>法第百五十一条第一項第五号に規定する法務省令で定める事項は、次のとおりとする。</Sentence>
              </ParagraphSentence>
              <Item Num="1">
                <ItemTitle>一</ItemTitle>
                <ItemSentence>
                  <Sentence>信託の併合をする他の信託についての次に掲げる事項その他の当該他の信託を特定するために必要な事項</Sentence>
                </ItemSentence>
                <Subitem1 Num="1">
                  <Subitem1Title>イ</Subitem1Title>
                  <Subitem1Sentence>
                    <Sentence>委託者及び受託者の氏名又は名称及び住所</Sentence>
                  </Subitem1Sentence>
                </Subitem1>
                <Subitem1 Num="2">
                  <Subitem1Title>ロ</Subitem1Title>
                  <Subitem1Sentence>
                    <Sentence>信託の年月日</Sentence>
                  </Subitem1Sentence>
                </Subitem1>
                <Subitem1 Num="3">
                  <Subitem1Title>ハ</Subitem1Title>
                  <Subitem1Sentence>
                    <Sentence>限定責任信託であるときは、その名称及び事務処理地（法第二百十六条第二項第四号に規定する事務処理地をいう。以下同じ。）</Sentence>
                  </Subitem1Sentence>
                </Subitem1>
              </Item>
              <Item Num="2">
                <ItemTitle>二</ItemTitle>
                <ItemSentence>
                  <Sentence>信託の併合をする他の信託の信託行為の内容</Sentence>
                </ItemSentence>
              </Item>
              <Item Num="3">
                <ItemTitle>三</ItemTitle>
                <ItemSentence>
                  <Sentence>法第百五十一条第一項第三号に規定する場合には、同号に掲げる事項の定めの相当性に関する事項</Sentence>
                </ItemSentence>
              </Item>
              <Item Num="4">
                <ItemTitle>四</ItemTitle>
                <ItemSentence>
                  <Sentence>前号に規定する場合には、受益者に対して交付する金銭その他の財産の割当てに関する事項及び当該事項の定めの相当性に関する事項</Sentence>
                </ItemSentence>
              </Item>
              <Item Num="5">
                <ItemTitle>五</ItemTitle>
                <ItemSentence>
                  <Sentence>信託の併合をする各信託において直前に作成された財産状況開示資料等の内容（財産状況開示資料等を作成すべき時期が到来していないときは、次のイ又はロに掲げる書類又は電磁的記録の区分に応じ、当該イ又はロに定める事項）</Sentence>
                </ItemSentence>
                <Subitem1 Num="1">
                  <Subitem1Title>イ</Subitem1Title>
                  <Subitem1Sentence>
                    <Column Num="1">
                      <Sentence>第二条第四号イに定める書類又は電磁的記録</Sentence>
                    </Column>
                    <Column Num="2">
                      <Sentence>当該書類又は電磁的記録を作成すべき時期が到来していない旨</Sentence>
                    </Column>
                  </Subitem1Sentence>
                </Subitem1>
                <Subitem1 Num="2">
                  <Subitem1Title>ロ</Subitem1Title>
                  <Subitem1Sentence>
                    <Column Num="1">
                      <Sentence>第二条第四号ロに定める書類又は電磁的記録</Sentence>
                    </Column>
                    <Column Num="2">
                      <Sentence>法第二百二十二条第三項の規定により作成された貸借対照表の内容</Sentence>
                    </Column>
                  </Subitem1Sentence>
                </Subitem1>
              </Item>
              <Item Num="6">
                <ItemTitle>六</ItemTitle>
                <ItemSentence>
                  <Sentence>信託の併合をする各信託について、財産状況開示資料等を作成した後（財産状況開示資料等を作成すべき時期が到来していない場合にあっては、信託がされた後）に、重要な信託財産に属する財産の処分、重大な信託財産責任負担債務の負担その他の信託財産の状況に重要な影響を与える事象が生じたときは、その内容</Sentence>
                </ItemSentence>
              </Item>
              <Item Num="7">
                <ItemTitle>七</ItemTitle>
                <ItemSentence>
                  <Sentence>信託の併合をする理由</Sentence>
                </ItemSentence>
              </Item>
            </Paragraph>
          </Article>
          <Article Num="13">
            <ArticleCaption>（債権者の異議に関する公告事項）</ArticleCaption>
            <ArticleTitle>第十三条</ArticleTitle>
            <Paragraph Num="1">
              <ParagraphNum/>
              <ParagraphSentence>
                <Sentence>法第百五十二条第二項第三号に規定する法務省令で定める事項は、次のとおりとする。</Sentence>
              </ParagraphSentence>
              <Item Num="1">
                <ItemTitle>一</ItemTitle>
                <ItemSentence>
                  <Sentence>信託の併合をする各信託についての次に掲げる事項その他の当該信託の併合をする各信託を特定するために必要な事項</Sentence>
                </ItemSentence>
                <Subitem1 Num="1">
                  <Subitem1Title>イ</Subitem1Title>
                  <Subitem1Sentence>
                    <Sentence>委託者及び受託者の氏名又は名称及び住所</Sentence>
                  </Subitem1Sentence>
                </Subitem1>
                <Subitem1 Num="2">
                  <Subitem1Title>ロ</Subitem1Title>
                  <Subitem1Sentence>
                    <Sentence>信託の年月日</Sentence>
                  </Subitem1Sentence>
                </Subitem1>
                <Subitem1 Num="3">
                  <Subitem1Title>ハ</Subitem1Title>
                  <Subitem1Sentence>
                    <Sentence>限定責任信託であるときは、その名称及び事務処理地</Sentence>
                  </Subitem1Sentence>
                </Subitem1>
              </Item>
              <Item Num="2">
                <ItemTitle>二</ItemTitle>
                <ItemSentence>
                  <Sentence>前条第五号に掲げる事項（法第百五十二条第一項の債権者が当該事項を知ることができるようにするための適切な措置を受託者が講ずる場合にあっては、当該措置に基づいて当該債権者が当該事項を知るための方法）</Sentence>
                </ItemSentence>
              </Item>
              <Item Num="3">
                <ItemTitle>三</ItemTitle>
                <ItemSentence>
                  <Sentence>前条第六号に掲げる事項（法第百五十二条第一項の債権者が当該事項を知ることができるようにするための適切な措置を受託者が講ずる場合にあっては、当該措置に基づいて当該債権者が当該事項を知るための方法）</Sentence>
                </ItemSentence>
              </Item>
              <Item Num="4">
                <ItemTitle>四</ItemTitle>
                <ItemSentence>
                  <Sentence>信託の併合が効力を生ずる日以後における信託の併合後の信託の信託財産責任負担債務（信託の併合をする他の信託の信託財産責任負担債務であったものを除く。）の履行の見込みに関する事項（法第百五十二条第一項の債権者が当該事項を知ることができるようにするための適切な措置を受託者が講ずる場合にあっては、当該措置に基づいて当該債権者が当該事項を知るための方法）</Sentence>
                </ItemSentence>
              </Item>
            </Paragraph>
          </Article>
        </Section>
        <Section Num="2">
          <SectionTitle>第二節　信託の分割</SectionTitle>
          <Subsection Num="1">
            <SubsectionTitle>第一款　吸収信託分割</SubsectionTitle>
            <Article Num="14">
              <ArticleCaption>（吸収信託分割に当たり明らかにすべき事項）</ArticleCaption>
              <ArticleTitle>第十四条</ArticleTitle>
              <Paragraph Num="1">
                <ParagraphNum/>
                <ParagraphSentence>
                  <Sentence>法第百五十五条第一項第七号に規定する法務省令で定める事項は、次のとおりとする。</Sentence>
                </ParagraphSentence>
                <Item Num="1">
                  <ItemTitle>一</ItemTitle>
                  <ItemSentence>
                    <Sentence>吸収信託分割をする他の信託についての次に掲げる事項その他の当該吸収信託分割をする各信託を特定するために必要な事項</Sentence>
                  </ItemSentence>
                  <Subitem1 Num="1">
                    <Subitem1Title>イ</Subitem1Title>
                    <Subitem1Sentence>
                      <Sentence>委託者及び受託者の氏名又は名称及び住所</Sentence>
                    </Subitem1Sentence>
                  </Subitem1>
                  <Subitem1 Num="2">
                    <Subitem1Title>ロ</Subitem1Title>
                    <Subitem1Sentence>
                      <Sentence>信託の年月日</Sentence>
                    </Subitem1Sentence>
                  </Subitem1>
                  <Subitem1 Num="3">
                    <Subitem1Title>ハ</Subitem1Title>
                    <Subitem1Sentence>
                      <Sentence>限定責任信託であるときは、その名称及び事務処理地</Sentence>
                    </Subitem1Sentence>
                  </Subitem1>
                </Item>
                <Item Num="2">
                  <ItemTitle>二</ItemTitle>
                  <ItemSentence>
                    <Sentence>吸収信託分割をする他の信託の信託行為の内容</Sentence>
                  </ItemSentence>
                </Item>
                <Item Num="3">
                  <ItemTitle>三</ItemTitle>
                  <ItemSentence>
                    <Sentence>法第百五十五条第一項第三号に規定する場合には、同号に掲げる事項の定めの相当性に関する事項</Sentence>
                  </ItemSentence>
                </Item>
                <Item Num="4">
                  <ItemTitle>四</ItemTitle>
                  <ItemSentence>
                    <Sentence>前号に規定する場合には、分割信託（法第百五十五条第一項第六号に規定する分割信託をいう。以下この条及び次条において同じ。）の受益者に対する金銭その他の財産の割当てに関する事項及び当該事項の定めの相当性に関する事項</Sentence>
                  </ItemSentence>
                </Item>
                <Item Num="5">
                  <ItemTitle>五</ItemTitle>
                  <ItemSentence>
                    <Sentence>吸収信託分割に際して、承継信託（法第百五十五条第一項第六号に規定する承継信託をいう。以下この条及び次条において同じ。）に属する財産（承継信託の受益権を含む。）を分割信託の信託財産に帰属させることとするときは、当該財産の種類及び数若しくは額又はこれらの算定方法</Sentence>
                  </ItemSentence>
                </Item>
                <Item Num="6">
                  <ItemTitle>六</ItemTitle>
                  <ItemSentence>
                    <Sentence>前号に規定する場合には、同号に掲げる事項の定めの相当性に関する事項</Sentence>
                  </ItemSentence>
                </Item>
                <Item Num="7">
                  <ItemTitle>七</ItemTitle>
                  <ItemSentence>
                    <Sentence>吸収信託分割をする各信託において直前に作成された財産状況開示資料等の内容（財産状況開示資料等を作成すべき時期が到来していないときは、次のイ又はロに掲げる書類又は電磁的記録の区分に応じ、当該イ又はロに定める事項）</Sentence>
                  </ItemSentence>
                  <Subitem1 Num="1">
                    <Subitem1Title>イ</Subitem1Title>
                    <Subitem1Sentence>
                      <Column Num="1">
                        <Sentence>第二条第四号イに定める書類又は電磁的記録</Sentence>
                      </Column>
                      <Column Num="2">
                        <Sentence>当該書類又は電磁的記録を作成すべき時期が到来していない旨</Sentence>
                      </Column>
                    </Subitem1Sentence>
                  </Subitem1>
                  <Subitem1 Num="2">
                    <Subitem1Title>ロ</Subitem1Title>
                    <Subitem1Sentence>
                      <Column Num="1">
                        <Sentence>第二条第四号ロに定める書類又は電磁的記録</Sentence>
                      </Column>
                      <Column Num="2">
                        <Sentence>法第二百二十二条第三項の規定により作成された貸借対照表の内容</Sentence>
                      </Column>
                    </Subitem1Sentence>
                  </Subitem1>
                </Item>
                <Item Num="8">
                  <ItemTitle>八</ItemTitle>
                  <ItemSentence>
                    <Sentence>吸収信託分割をする各信託について、財産状況開示資料等を作成した後（財産状況開示資料等を作成すべき時期が到来していない場合にあっては、信託がされた後）に、重要な信託財産に属する財産の処分、重大な信託財産責任負担債務の負担その他の信託財産の状況に重要な影響を与える事象が生じたときは、その内容</Sentence>
                  </ItemSentence>
                </Item>
                <Item Num="9">
                  <ItemTitle>九</ItemTitle>
                  <ItemSentence>
                    <Sentence>吸収信託分割をする理由</Sentence>
                  </ItemSentence>
                </Item>
              </Paragraph>
            </Article>
            <Article Num="15">
              <ArticleCaption>（債権者の異議に関する公告事項）</ArticleCaption>
              <ArticleTitle>第十五条</ArticleTitle>
              <Paragraph Num="1">
                <ParagraphNum/>
                <ParagraphSentence>
                  <Sentence>法第百五十六条第二項第三号に規定する法務省令で定める事項は、次のとおりとする。</Sentence>
                </ParagraphSentence>
                <Item Num="1">
                  <ItemTitle>一</ItemTitle>
                  <ItemSentence>
                    <Sentence>吸収信託分割をする各信託についての次に掲げる事項その他の当該吸収信託分割をする各信託を特定するために必要な事項</Sentence>
                  </ItemSentence>
                  <Subitem1 Num="1">
                    <Subitem1Title>イ</Subitem1Title>
                    <Subitem1Sentence>
                      <Sentence>委託者及び受託者の氏名又は名称及び住所</Sentence>
                    </Subitem1Sentence>
                  </Subitem1>
                  <Subitem1 Num="2">
                    <Subitem1Title>ロ</Subitem1Title>
                    <Subitem1Sentence>
                      <Sentence>信託の年月日</Sentence>
                    </Subitem1Sentence>
                  </Subitem1>
                  <Subitem1 Num="3">
                    <Subitem1Title>ハ</Subitem1Title>
                    <Subitem1Sentence>
                      <Sentence>限定責任信託であるときは、その名称及び事務処理地</Sentence>
                    </Subitem1Sentence>
                  </Subitem1>
                </Item>
                <Item Num="2">
                  <ItemTitle>二</ItemTitle>
                  <ItemSentence>
                    <Sentence>前条第七号に掲げる事項（法第百五十六条第一項の債権者が当該事項を知ることができるようにするための適切な措置を受託者が講ずる場合にあっては、当該措置に基づいて当該債権者が当該事項を知るための方法）</Sentence>
                  </ItemSentence>
                </Item>
                <Item Num="3">
                  <ItemTitle>三</ItemTitle>
                  <ItemSentence>
                    <Sentence>前条第八号に掲げる事項（法第百五十六条第一項の債権者が当該事項を知ることができるようにするための適切な措置を受託者が講ずる場合にあっては、当該措置に基づいて当該債権者が当該事項を知るための方法）</Sentence>
                  </ItemSentence>
                </Item>
                <Item Num="4">
                  <ItemTitle>四</ItemTitle>
                  <ItemSentence>
                    <Sentence>当該信託が分割信託である場合には、吸収信託分割が効力を生ずる日以後における分割信託の信託財産責任負担債務及び承継信託の信託財産責任負担債務（吸収信託分割により承継信託の信託財産責任負担債務となるものに限る。）の履行の見込みに関する事項（法第百五十六条第一項の債権者が当該事項を知ることができるようにするための適切な措置を受託者が講ずる場合にあっては、当該措置に基づいて当該債権者が当該事項を知るための方法）</Sentence>
                  </ItemSentence>
                </Item>
                <Item Num="5">
                  <ItemTitle>五</ItemTitle>
                  <ItemSentence>
                    <Sentence>当該信託が承継信託である場合には、吸収信託分割が効力を生ずる日以後における承継信託の信託財産責任負担債務（法第百五十六条第一項の規定により吸収信託分割に異議を述べることができる債権者に対して負担するものに限る。）の履行の見込みに関する事項（同項の債権者が当該事項を知ることができるようにするための適切な措置を受託者が講ずる場合にあっては、当該措置に基づいて当該債権者が当該事項を知るための方法）</Sentence>
                  </ItemSentence>
                </Item>
              </Paragraph>
            </Article>
          </Subsection>
          <Subsection Num="2">
            <SubsectionTitle>第二款　新規信託分割</SubsectionTitle>
            <Article Num="16">
              <ArticleCaption>（新規信託分割に当たり明らかにすべき事項）</ArticleCaption>
              <ArticleTitle>第十六条</ArticleTitle>
              <Paragraph Num="1">
                <ParagraphNum/>
                <ParagraphSentence>
                  <Sentence>法第百五十九条第一項第七号に規定する法務省令で定める事項は、次のとおりとする。</Sentence>
                </ParagraphSentence>
                <Item Num="1">
                  <ItemTitle>一</ItemTitle>
                  <ItemSentence>
                    <Sentence>二以上の信託により新規信託分割が行われるときは、当該新規信託分割をする他の信託についての次に掲げる事項その他の当該他の信託を特定するために必要な事項</Sentence>
                  </ItemSentence>
                  <Subitem1 Num="1">
                    <Subitem1Title>イ</Subitem1Title>
                    <Subitem1Sentence>
                      <Sentence>委託者及び受託者の氏名又は名称及び住所</Sentence>
                    </Subitem1Sentence>
                  </Subitem1>
                  <Subitem1 Num="2">
                    <Subitem1Title>ロ</Subitem1Title>
                    <Subitem1Sentence>
                      <Sentence>信託の年月日</Sentence>
                    </Subitem1Sentence>
                  </Subitem1>
                  <Subitem1 Num="3">
                    <Subitem1Title>ハ</Subitem1Title>
                    <Subitem1Sentence>
                      <Sentence>限定責任信託であるときは、その名称及び事務処理地</Sentence>
                    </Subitem1Sentence>
                  </Subitem1>
                </Item>
                <Item Num="2">
                  <ItemTitle>二</ItemTitle>
                  <ItemSentence>
                    <Sentence>前号に規定する場合には、当該新規信託分割をする他の信託の信託行為の内容</Sentence>
                  </ItemSentence>
                </Item>
                <Item Num="3">
                  <ItemTitle>三</ItemTitle>
                  <ItemSentence>
                    <Sentence>法第百五十九条第一項第三号に規定する場合には、同号に掲げる事項の定めの相当性に関する事項</Sentence>
                  </ItemSentence>
                </Item>
                <Item Num="4">
                  <ItemTitle>四</ItemTitle>
                  <ItemSentence>
                    <Sentence>前号に規定する場合には、従前の信託（新規信託分割をする他の信託がある場合にあっては、従前の信託及び当該他の信託。以下この条及び次条第一号において同じ。）の受益者に対する金銭その他の財産の割当てに関する事項及び当該事項の定めの相当性に関する事項</Sentence>
                  </ItemSentence>
                </Item>
                <Item Num="5">
                  <ItemTitle>五</ItemTitle>
                  <ItemSentence>
                    <Sentence>新規信託分割に際して、新たな信託の受益権を従前の信託の信託財産に帰属させることとするときは、当該受益権の内容及び数若しくは額又はこれらの算定方法</Sentence>
                  </ItemSentence>
                </Item>
                <Item Num="6">
                  <ItemTitle>六</ItemTitle>
                  <ItemSentence>
                    <Sentence>前号に規定する場合には、同号に掲げる事項の定めの相当性に関する事項</Sentence>
                  </ItemSentence>
                </Item>
                <Item Num="7">
                  <ItemTitle>七</ItemTitle>
                  <ItemSentence>
                    <Sentence>従前の信託において直前に作成された財産状況開示資料等の内容（財産状況開示資料等を作成すべき時期が到来していないときは、次のイ又はロに掲げる書類又は電磁的記録の区分に応じ、当該イ又はロに定める事項）</Sentence>
                  </ItemSentence>
                  <Subitem1 Num="1">
                    <Subitem1Title>イ</Subitem1Title>
                    <Subitem1Sentence>
                      <Column Num="1">
                        <Sentence>第二条第四号イに定める書類又は電磁的記録</Sentence>
                      </Column>
                      <Column Num="2">
                        <Sentence>当該書類又は電磁的記録を作成すべき時期が到来していない旨</Sentence>
                      </Column>
                    </Subitem1Sentence>
                  </Subitem1>
                  <Subitem1 Num="2">
                    <Subitem1Title>ロ</Subitem1Title>
                    <Subitem1Sentence>
                      <Column Num="1">
                        <Sentence>第二条第四号ロに定める書類又は電磁的記録</Sentence>
                      </Column>
                      <Column Num="2">
                        <Sentence>法第二百二十二条第三項の規定により作成された貸借対照表の内容</Sentence>
                      </Column>
                    </Subitem1Sentence>
                  </Subitem1>
                </Item>
                <Item Num="8">
                  <ItemTitle>八</ItemTitle>
                  <ItemSentence>
                    <Sentence>従前の信託について、財産状況開示資料等を作成した後（財産状況開示資料等を作成すべき時期が到来していない場合にあっては、信託がされた後）に、重要な信託財産に属する財産の処分、重大な信託財産責任負担債務の負担その他の信託財産の状況に重要な影響を与える事象が生じたときは、その内容</Sentence>
                  </ItemSentence>
                </Item>
                <Item Num="9">
                  <ItemTitle>九</ItemTitle>
                  <ItemSentence>
                    <Sentence>新規信託分割をする理由</Sentence>
                  </ItemSentence>
                </Item>
              </Paragraph>
            </Article>
            <Article Num="17">
              <ArticleCaption>（債権者の異議に関する公告事項）</ArticleCaption>
              <ArticleTitle>第十七条</ArticleTitle>
              <Paragraph Num="1">
                <ParagraphNum/>
                <ParagraphSentence>
                  <Sentence>法第百六十条第二項第三号に規定する法務省令で定める事項は、次のとおりとする。</Sentence>
                </ParagraphSentence>
                <Item Num="1">
                  <ItemTitle>一</ItemTitle>
                  <ItemSentence>
                    <Sentence>従前の信託についての次に掲げる事項その他の当該従前の信託を特定するために必要な事項</Sentence>
                  </ItemSentence>
                  <Subitem1 Num="1">
                    <Subitem1Title>イ</Subitem1Title>
                    <Subitem1Sentence>
                      <Sentence>委託者及び受託者の氏名又は名称及び住所</Sentence>
                    </Subitem1Sentence>
                  </Subitem1>
                  <Subitem1 Num="2">
                    <Subitem1Title>ロ</Subitem1Title>
                    <Subitem1Sentence>
                      <Sentence>信託の年月日</Sentence>
                    </Subitem1Sentence>
                  </Subitem1>
                  <Subitem1 Num="3">
                    <Subitem1Title>ハ</Subitem1Title>
                    <Subitem1Sentence>
                      <Sentence>限定責任信託であるときは、その名称及び事務処理地</Sentence>
                    </Subitem1Sentence>
                  </Subitem1>
                </Item>
                <Item Num="2">
                  <ItemTitle>二</ItemTitle>
                  <ItemSentence>
                    <Sentence>前条第七号に掲げる事項（法第百六十条第一項の債権者が当該事項を知ることができるようにするための適切な措置を受託者が講ずる場合にあっては、当該措置に基づいて当該債権者が当該事項を知るための方法）</Sentence>
                  </ItemSentence>
                </Item>
                <Item Num="3">
                  <ItemTitle>三</ItemTitle>
                  <ItemSentence>
                    <Sentence>前条第八号に掲げる事項（法第百六十条第一項の債権者が当該事項を知ることができるようにするための適切な措置を受託者が講ずる場合にあっては、当該措置に基づいて当該債権者が当該事項を知るための方法）</Sentence>
                  </ItemSentence>
                </Item>
                <Item Num="4">
                  <ItemTitle>四</ItemTitle>
                  <ItemSentence>
                    <Sentence>新規信託分割が効力を生ずる日以後における当該従前の信託の信託財産責任負担債務及び新たな信託の信託財産責任負担債務（当該従前の信託の信託財産責任負担債務のうち、新規信託分割により新たな信託の信託財産責任負担債務となったものに限る。）の履行の見込みに関する事項（法第百六十条第一項の債権者が当該事項を知ることができるようにするための適切な措置を受託者が講ずる場合にあっては、当該措置に基づいて当該債権者が当該事項を知るための方法）</Sentence>
                  </ItemSentence>
                </Item>
              </Paragraph>
            </Article>
          </Subsection>
        </Section>
      </Chapter>
      <Chapter Num="5">
        <ChapterTitle>第五章　受益証券発行信託の特例</ChapterTitle>
        <Article Num="18">
          <ArticleCaption>（受益権原簿記載事項）</ArticleCaption>
          <ArticleTitle>第十八条</ArticleTitle>
          <Paragraph Num="1">
            <ParagraphNum/>
            <ParagraphSentence>
              <Sentence>法第百八十六条第一号に規定する法務省令で定める事項は、次のとおりとする。</Sentence>
            </ParagraphSentence>
            <Item Num="1">
              <ItemTitle>一</ItemTitle>
              <ItemSentence>
                <Sentence>各受益権に係る受益債権の給付の内容、弁済期（弁済期の定めがないときは、その旨）その他の受益債権の内容</Sentence>
              </ItemSentence>
            </Item>
            <Item Num="2">
              <ItemTitle>二</ItemTitle>
              <ItemSentence>
                <Sentence>受益権について譲渡の制限があるときは、その旨及びその内容</Sentence>
              </ItemSentence>
            </Item>
            <Item Num="3">
              <ItemTitle>三</ItemTitle>
              <ItemSentence>
                <Sentence>当該受益証券発行信託において、受益債権の内容が同一の二以上の受益権がある場合において、それらの受益権について、受益者として有する権利の行使に関して内容の異なる信託行為の定めがあるときは、当該定めの要旨</Sentence>
              </ItemSentence>
            </Item>
          </Paragraph>
        </Article>
        <Article Num="19">
          <ArticleTitle>第十九条</ArticleTitle>
          <Paragraph Num="1">
            <ParagraphNum/>
            <ParagraphSentence>
              <Sentence>法第百八十六条第五号に規定する法務省令で定める事項は、次のとおりとする。</Sentence>
            </ParagraphSentence>
            <Item Num="1">
              <ItemTitle>一</ItemTitle>
              <ItemSentence>
                <Sentence>当該受益証券発行信託の委託者の氏名又は名称及び住所（当該受益証券発行信託の委託者が現に存しないときは、その旨）</Sentence>
              </ItemSentence>
            </Item>
            <Item Num="2">
              <ItemTitle>二</ItemTitle>
              <ItemSentence>
                <Sentence>当該受益証券発行信託の受託者の氏名又は名称及び住所</Sentence>
              </ItemSentence>
            </Item>
            <Item Num="3">
              <ItemTitle>三</ItemTitle>
              <ItemSentence>
                <Sentence>信託監督人があるときは、次に掲げる事項</Sentence>
              </ItemSentence>
              <Subitem1 Num="1">
                <Subitem1Title>イ</Subitem1Title>
                <Subitem1Sentence>
                  <Sentence>氏名又は名称及び住所</Sentence>
                </Subitem1Sentence>
              </Subitem1>
              <Subitem1 Num="2">
                <Subitem1Title>ロ</Subitem1Title>
                <Subitem1Sentence>
                  <Sentence>法第百三十二条第一項ただし書又は第二項ただし書の定めがあるときは、当該定めの内容</Sentence>
                </Subitem1Sentence>
              </Subitem1>
            </Item>
            <Item Num="4">
              <ItemTitle>四</ItemTitle>
              <ItemSentence>
                <Sentence>受益者代理人があるときは、次に掲げる事項</Sentence>
              </ItemSentence>
              <Subitem1 Num="1">
                <Subitem1Title>イ</Subitem1Title>
                <Subitem1Sentence>
                  <Sentence>氏名又は名称及び住所</Sentence>
                </Subitem1Sentence>
              </Subitem1>
              <Subitem1 Num="2">
                <Subitem1Title>ロ</Subitem1Title>
                <Subitem1Sentence>
                  <Sentence>法第百三十九条第一項ただし書又は第三項ただし書の定めがあるときは、当該定めの内容</Sentence>
                </Subitem1Sentence>
              </Subitem1>
            </Item>
            <Item Num="5">
              <ItemTitle>五</ItemTitle>
              <ItemSentence>
                <Sentence>法第百八十五条第二項の定めがあるときは、当該定めの内容</Sentence>
              </ItemSentence>
            </Item>
            <Item Num="6">
              <ItemTitle>六</ItemTitle>
              <ItemSentence>
                <Sentence>法第百八十八条に規定する受益権原簿管理人を定めたときは、その氏名又は名称及び住所</Sentence>
              </ItemSentence>
            </Item>
            <Item Num="7">
              <ItemTitle>七</ItemTitle>
              <ItemSentence>
                <Sentence>限定責任信託であるときは、その名称及び事務処理地</Sentence>
              </ItemSentence>
            </Item>
            <Item Num="8">
              <ItemTitle>八</ItemTitle>
              <ItemSentence>
                <Sentence>前各号に掲げるもののほか、当該受益証券発行信託の信託の条項</Sentence>
              </ItemSentence>
            </Item>
          </Paragraph>
        </Article>
        <Article Num="20">
          <ArticleCaption>（受益証券発行信託の受託者が受益権を取得した場合の特例）</ArticleCaption>
          <ArticleTitle>第二十条</ArticleTitle>
          <Paragraph Num="1">
            <ParagraphNum/>
            <ParagraphSentence>
              <Sentence>法第百九十七条第一項に掲げる場合には、受益証券発行信託の受託者は、受益権原簿記載事項として、当該受益権が固有財産に属するか、他の信託財産に属するか、当該受益証券発行信託の信託財産に属するかの別をも記載し、又は記録しなければならない。</Sentence>
            </ParagraphSentence>
          </Paragraph>
        </Article>
        <Article Num="21">
          <ArticleCaption>（受益権原簿記載事項の記載等の請求）</ArticleCaption>
          <ArticleTitle>第二十一条</ArticleTitle>
          <Paragraph Num="1">
            <ParagraphNum/>
            <ParagraphSentence>
              <Sentence>法第百九十八条第二項に規定する法務省令で定める場合は、受益権取得者（受益証券発行信託の受益権を受益証券発行信託の受託者以外の者から取得した者（当該受託者を除く。）をいう。以下この条において同じ。）が受益証券を提示して請求をした場合とする。</Sentence>
            </ParagraphSentence>
          </Paragraph>
          <Paragraph Num="2">
            <ParagraphNum>２</ParagraphNum>
            <ParagraphSentence>
              <Sentence>前項の規定にかかわらず、受益権取得者が取得した受益権が法第百八十五条第二項の定めのあるものである場合には、法第百九十八条第二項に規定する法務省令で定める場合は、次のとおりとする。</Sentence>
            </ParagraphSentence>
            <Item Num="1">
              <ItemTitle>一</ItemTitle>
              <ItemSentence>
                <Sentence>受益権取得者が、受益者として受益権原簿に記載若しくは記録がされた者又はその一般承継人に対して当該受益権取得者の取得した受益権に係る法第百九十八条第一項の規定による請求をすべきことを命ずる確定判決を得た場合において、当該確定判決の内容を証する書面その他の資料を提供して請求をしたとき。</Sentence>
              </ItemSentence>
            </Item>
            <Item Num="2">
              <ItemTitle>二</ItemTitle>
              <ItemSentence>
                <Sentence>受益権取得者が前号の確定判決と同一の効力を有するものの内容を証する書面その他の資料を提供して請求をしたとき。</Sentence>
              </ItemSentence>
            </Item>
            <Item Num="3">
              <ItemTitle>三</ItemTitle>
              <ItemSentence>
                <Sentence>受益権取得者が、一般承継により当該受益権を取得した者である場合において、当該一般承継を証する書面その他の資料を提供して請求をしたとき。</Sentence>
              </ItemSentence>
            </Item>
            <Item Num="4">
              <ItemTitle>四</ItemTitle>
              <ItemSentence>
                <Sentence>受益権取得者が、当該受益権を競売により取得した者である場合において、当該競売により取得したことを証する書面その他の資料を提供して請求をしたとき。</Sentence>
              </ItemSentence>
            </Item>
          </Paragraph>
        </Article>
        <Article Num="22">
          <ArticleCaption>（受益証券記載事項）</ArticleCaption>
          <ArticleTitle>第二十二条</ArticleTitle>
          <Paragraph Num="1">
            <ParagraphNum/>
            <ParagraphSentence>
              <Sentence>法第二百九条第一項第四号に規定する法務省令で定める事項は、次のとおりとする。</Sentence>
            </ParagraphSentence>
            <Item Num="1">
              <ItemTitle>一</ItemTitle>
              <ItemSentence>
                <Sentence>各受益権に係る受益債権の給付の内容、弁済期（弁済期の定めがないときは、その旨）その他の受益債権の内容</Sentence>
              </ItemSentence>
            </Item>
            <Item Num="2">
              <ItemTitle>二</ItemTitle>
              <ItemSentence>
                <Sentence>受益権について譲渡の制限があるときは、その旨及びその内容</Sentence>
              </ItemSentence>
            </Item>
            <Item Num="3">
              <ItemTitle>三</ItemTitle>
              <ItemSentence>
                <Sentence>当該受益証券発行信託において、受益債権の内容が同一の二以上の受益権がある場合において、それらの受益権について、受益者として有する権利の行使に関して内容の異なる信託行為の定めがあるときは、当該定めの要旨</Sentence>
              </ItemSentence>
            </Item>
          </Paragraph>
        </Article>
        <Article Num="23">
          <ArticleTitle>第二十三条</ArticleTitle>
          <Paragraph Num="1">
            <ParagraphNum/>
            <ParagraphSentence>
              <Sentence>法第二百九条第一項第九号に規定する法務省令で定める事項は、限定責任信託の名称及び事務処理地（当該受益証券発行信託が限定責任信託である場合に限る。）とする。</Sentence>
            </ParagraphSentence>
          </Paragraph>
        </Article>
      </Chapter>
      <Chapter Num="6">
        <ChapterTitle>第六章　限定責任信託の特例</ChapterTitle>
        <Article Num="24">
          <ArticleTitle>第二十四条</ArticleTitle>
          <Paragraph Num="1">
            <ParagraphNum/>
            <ParagraphSentence>
              <Sentence>法第二百十六条第二項第六号に規定する法務省令で定める事項は、信託事務年度とする。</Sentence>
            </ParagraphSentence>
          </Paragraph>
        </Article>
      </Chapter>
      <Chapter Num="7">
        <ChapterTitle>第七章　電磁的記録等</ChapterTitle>
        <Article Num="25">
          <ArticleCaption>（電磁的記録）</ArticleCaption>
          <ArticleTitle>第二十五条</ArticleTitle>
          <Paragraph Num="1">
            <ParagraphNum/>
            <ParagraphSentence>
              <Sentence>法第三条第三号に規定する法務省令で定めるものは、磁気ディスクその他これに準ずる方法により一定の情報を確実に記録しておくことができる物をもって調製するファイルに情報を記録したものとする。</Sentence>
            </ParagraphSentence>
          </Paragraph>
        </Article>
        <Article Num="26">
          <ArticleCaption>（電磁的記録の作成）</ArticleCaption>
          <ArticleTitle>第二十六条</ArticleTitle>
          <Paragraph Num="1">
            <ParagraphNum/>
            <ParagraphSentence>
              <Sentence>法第三十七条第四項本文、第五項若しくは第六項本文又は第二百二十二条第六項本文、第七項若しくは第八項本文に規定する法務省令で定める方法は、書面に記載されている事項をスキャナ（これに準ずる画像読取装置を含む。）により読み取る方法とする。</Sentence>
            </ParagraphSentence>
          </Paragraph>
        </Article>
        <Article Num="27">
          <ArticleCaption>（電磁的記録に記録された事項の提供の方法）</ArticleCaption>
          <ArticleTitle>第二十七条</ArticleTitle>
          <Paragraph Num="1">
            <ParagraphNum/>
            <ParagraphSentence>
              <Sentence>法第三十七条第四項ただし書（同条第五項後段において準用する場合を含む。）若しくは第六項ただし書又は第二百二十二条第六項ただし書（同条第七項後段において準用する場合を含む。）若しくは第八項ただし書（第二号においてこれらの規定を「提供規定」と総称する。）に規定する法務省令で定める方法は、電磁的方法のうち、次に掲げる方法のいずれかとする。</Sentence>
            </ParagraphSentence>
            <Item Num="1">
              <ItemTitle>一</ItemTitle>
              <ItemSentence>
                <Sentence>信託行為に定めた方法</Sentence>
              </ItemSentence>
            </Item>
            <Item Num="2">
              <ItemTitle>二</ItemTitle>
              <ItemSentence>
                <Sentence>提供規定により電磁的記録に記録された事項の提供を受ける者が定めた方法</Sentence>
              </ItemSentence>
            </Item>
          </Paragraph>
        </Article>
        <Article Num="28">
          <ArticleCaption>（電磁的記録に記録された事項を表示する方法）</ArticleCaption>
          <ArticleTitle>第二十八条</ArticleTitle>
          <Paragraph Num="1">
            <ParagraphNum/>
            <ParagraphSentence>
              <Sentence>次に掲げる規定に規定する法務省令で定める方法は、次に掲げる規定の電磁的記録に記録された事項を紙面又は映像面に表示する方法とする。</Sentence>
            </ParagraphSentence>
            <Item Num="1">
              <ItemTitle>一</ItemTitle>
              <ItemSentence>
                <Sentence>法第三十八条第一項第二号</Sentence>
              </ItemSentence>
            </Item>
            <Item Num="2">
              <ItemTitle>二</ItemTitle>
              <ItemSentence>
                <Sentence>法第三十八条第六項第二号</Sentence>
              </ItemSentence>
            </Item>
            <Item Num="3">
              <ItemTitle>三</ItemTitle>
              <ItemSentence>
                <Sentence>法第百九十条第二項第二号</Sentence>
              </ItemSentence>
            </Item>
            <Item Num="4">
              <ItemTitle>四</ItemTitle>
              <ItemSentence>
                <Sentence>法第二百五十二条第二項第二号</Sentence>
              </ItemSentence>
            </Item>
          </Paragraph>
        </Article>
        <Article Num="29">
          <ArticleCaption>（検査役が提供する電磁的記録等）</ArticleCaption>
          <ArticleTitle>第二十九条</ArticleTitle>
          <Paragraph Num="1">
            <ParagraphNum/>
            <ParagraphSentence>
              <Sentence>法第四十七条第二項に規定する法務省令で定めるものは、商業登記規則（昭和三十九年法務省令第二十三号）第三十六条第一項に規定する電磁的記録媒体（電磁的記録に限る。）及び法第四十七条第二項の規定により電磁的記録の提供を受ける者が定める電磁的記録とする。</Sentence>
            </ParagraphSentence>
          </Paragraph>
          <Paragraph Num="2">
            <ParagraphNum>２</ParagraphNum>
            <ParagraphSentence>
              <Sentence>法第四十七条第四項に規定する法務省令で定める方法は、電磁的方法のうち、同項の規定により電磁的記録に記録された事項の提供を受ける者が定めるものとする。</Sentence>
            </ParagraphSentence>
          </Paragraph>
        </Article>
        <Article Num="30">
          <ArticleCaption>（電磁的方法）</ArticleCaption>
          <ArticleTitle>第三十条</ArticleTitle>
          <Paragraph Num="1">
            <ParagraphNum/>
            <ParagraphSentence>
              <Sentence>法第百八条第三号に規定する電子情報処理組織を使用する方法その他の情報通信の技術を利用する方法であって法務省令で定めるものは、次に掲げる方法とする。</Sentence>
            </ParagraphSentence>
            <Item Num="1">
              <ItemTitle>一</ItemTitle>
              <ItemSentence>
                <Sentence>電子情報処理組織を使用する方法のうちイ又はロに掲げるもの</Sentence>
              </ItemSentence>
              <Subitem1 Num="1">
                <Subitem1Title>イ</Subitem1Title>
                <Subitem1Sentence>
                  <Sentence>送信者の使用に係る電子計算機と受信者の使用に係る電子計算機とを接続する電気通信回線を通じて送信し、受信者の使用に係る電子計算機に備えられたファイルに記録する方法</Sentence>
                </Subitem1Sentence>
              </Subitem1>
              <Subitem1 Num="2">
                <Subitem1Title>ロ</Subitem1Title>
                <Subitem1Sentence>
                  <Sentence>送信者の使用に係る電子計算機に備えられたファイルに記録された情報の内容を電気通信回線を通じて情報の提供を受ける者の閲覧に供し、当該情報の提供を受ける者の使用に係る電子計算機に備えられたファイルに当該情報を記録する方法</Sentence>
                </Subitem1Sentence>
              </Subitem1>
            </Item>
            <Item Num="2">
              <ItemTitle>二</ItemTitle>
              <ItemSentence>
                <Sentence>磁気ディスクその他これに準ずる方法により一定の情報を確実に記録しておくことができる物をもって調製するファイルに情報を記録したものを交付する方法</Sentence>
              </ItemSentence>
            </Item>
          </Paragraph>
          <Paragraph Num="2">
            <ParagraphNum>２</ParagraphNum>
            <ParagraphSentence>
              <Sentence>前項各号に掲げる方法は、受信者がファイルへの記録を出力することにより書面を作成することができるものでなければならない。</Sentence>
            </ParagraphSentence>
          </Paragraph>
        </Article>
        <Article Num="31">
          <ArticleCaption>（電子署名）</ArticleCaption>
          <ArticleTitle>第三十一条</ArticleTitle>
          <Paragraph Num="1">
            <ParagraphNum/>
            <ParagraphSentence>
              <Sentence>次に掲げる規定に規定する法務省令で定める署名又は記名押印に代わる措置は、電子署名とする。</Sentence>
            </ParagraphSentence>
            <Item Num="1">
              <ItemTitle>一</ItemTitle>
              <ItemSentence>
                <Sentence>法第百八十七条第三項</Sentence>
              </ItemSentence>
            </Item>
            <Item Num="2">
              <ItemTitle>二</ItemTitle>
              <ItemSentence>
                <Sentence>法第二百二条第三項</Sentence>
              </ItemSentence>
            </Item>
          </Paragraph>
          <Paragraph Num="2">
            <ParagraphNum>２</ParagraphNum>
            <ParagraphSentence>
              <Sentence>前項に規定する「電子署名」とは、電磁的記録に記録することができる情報について行われる措置であって、次の要件のいずれにも該当するものをいう。</Sentence>
            </ParagraphSentence>
            <Item Num="1">
              <ItemTitle>一</ItemTitle>
              <ItemSentence>
                <Sentence>当該情報が当該措置を行った者の作成に係るものであることを示すためのものであること。</Sentence>
              </ItemSentence>
            </Item>
            <Item Num="2">
              <ItemTitle>二</ItemTitle>
              <ItemSentence>
                <Sentence>当該情報について改変が行われていないかどうかを確認することができるものであること。</Sentence>
              </ItemSentence>
            </Item>
          </Paragraph>
        </Article>
        <Article Num="32">
          <ArticleCaption>（信託法施行令に係る電磁的方法）</ArticleCaption>
          <ArticleTitle>第三十二条</ArticleTitle>
          <Paragraph Num="1">
            <ParagraphNum/>
            <ParagraphSentence>
              <Sentence>信託法施行令（平成十九年政令第百九十九号）第一条第一項又は第二条第一項の規定により示すべき電磁的方法の種類及び内容は、次に掲げるものとする。</Sentence>
            </ParagraphSentence>
            <Item Num="1">
              <ItemTitle>一</ItemTitle>
              <ItemSentence>
                <Sentence>次に掲げる方法のうち、送信者が使用するもの</Sentence>
              </ItemSentence>
              <Subitem1 Num="1">
                <Subitem1Title>イ</Subitem1Title>
                <Subitem1Sentence>
                  <Sentence>電子情報処理組織を使用する方法のうち次に掲げるもの</Sentence>
                </Subitem1Sentence>
                <Subitem2 Num="1">
                  <Subitem2Title>（１）</Subitem2Title>
                  <Subitem2Sentence>
                    <Sentence>送信者の使用に係る電子計算機と受信者の使用に係る電子計算機とを接続する電気通信回線を通じて送信し、受信者の使用に係る電子計算機に備えられたファイルに記録する方法</Sentence>
                  </Subitem2Sentence>
                </Subitem2>
                <Subitem2 Num="2">
                  <Subitem2Title>（２）</Subitem2Title>
                  <Subitem2Sentence>
                    <Sentence>送信者の使用に係る電子計算機に備えられたファイルに記録された情報の内容を電気通信回線を通じて情報の提供を受ける者の閲覧に供し、当該情報の提供を受ける者の使用に係る電子計算機に備えられたファイルに当該情報を記録する方法</Sentence>
                  </Subitem2Sentence>
                </Subitem2>
              </Subitem1>
              <Subitem1 Num="2">
                <Subitem1Title>ロ</Subitem1Title>
                <Subitem1Sentence>
                  <Sentence>磁気ディスクその他これに準ずる方法により一定の情報を確実に記録しておくことができる物をもって調製するファイルに情報を記録したものを交付する方法</Sentence>
                </Subitem1Sentence>
              </Subitem1>
            </Item>
            <Item Num="2">
              <ItemTitle>二</ItemTitle>
              <ItemSentence>
                <Sentence>ファイルへの記録の方式</Sentence>
              </ItemSentence>
            </Item>
          </Paragraph>
        </Article>
      </Chapter>
      <Chapter Num="8">
        <ChapterTitle>第八章　計算</ChapterTitle>
        <Article Num="33">
          <ArticleTitle>第三十三条</ArticleTitle>
          <Paragraph Num="1">
            <ParagraphNum/>
            <ParagraphSentence>
              <Sentence>次に掲げる規定に規定する法務省令で定めるべき事項は、信託計算規則の定めるところによる。</Sentence>
            </ParagraphSentence>
            <Item Num="1">
              <ItemTitle>一</ItemTitle>
              <ItemSentence>
                <Sentence>法第三十七条第一項及び第二項</Sentence>
              </ItemSentence>
            </Item>
            <Item Num="2">
              <ItemTitle>二</ItemTitle>
              <ItemSentence>
                <Sentence>法第二百二十二条第二項、第三項及び第四項</Sentence>
              </ItemSentence>
            </Item>
            <Item Num="3">
              <ItemTitle>三</ItemTitle>
              <ItemSentence>
                <Sentence>法第二百二十五条</Sentence>
              </ItemSentence>
            </Item>
            <Item Num="4">
              <ItemTitle>四</ItemTitle>
              <ItemSentence>
                <Sentence>法第二百五十二条第一項</Sentence>
              </ItemSentence>
            </Item>
          </Paragraph>
        </Article>
      </Chapter>
    </MainProvision>
    <SupplProvision>
      <SupplProvisionLabel>附　則</SupplProvisionLabel>
      <Paragraph Num="1">
        <ParagraphNum/>
        <ParagraphSentence>
          <Sentence>この省令は、法の施行の日から施行する。</Sentence>
        </ParagraphSentence>
      </Paragraph>
    </SupplProvision>
    <SupplProvision AmendLawNum="平成二一年三月一六日法務省令第五号">
      <SupplProvisionLabel>附　則</SupplProvisionLabel>
      <Paragraph Num="1">
        <ParagraphNum/>
        <ParagraphSentence>
          <Sentence>この省令は、公布の日から施行する。</Sentence>
        </ParagraphSentence>
      </Paragraph>
    </SupplProvision>
    <SupplProvision AmendLawNum="平成二七年一二月二八日法務省令第六一号" Extract="true">
      <SupplProvisionLabel>附　則</SupplProvisionLabel>
      <Article Num="1">
        <ArticleCaption>（施行期日）</ArticleCaption>
        <ArticleTitle>第一条</ArticleTitle>
        <Paragraph Num="1">
          <ParagraphNum/>
          <ParagraphSentence>
            <Sentence>この省令は、平成二十八年三月一日から施行する。</Sentence>
          </ParagraphSentence>
        </Paragraph>
      </Article>
    </SupplProvision>
  </LawBody>
</Law>
