<?xml version="1.0" encoding="UTF-8" standalone="no"?>
<Law Era="Heisei" Lang="ja" LawType="MinisterialOrdinance" Num="005" Year="19">
  <LawNum>平成十九年経済産業省令第五号</LawNum>
  <LawBody>
    <LawTitle>経済産業省関係道州制特別区域における広域行政の推進に関する法律施行規則</LawTitle>
    <EnactStatement>道州制特別区域における広域行政の推進に関する法律（平成十八年法律第百十六号）第二条第三項及び第三十二条の規定に基づき、経済産業省関係道州制特別区域における広域行政の推進に関する法律施行規則を次のように定める。</EnactStatement>
    <MainProvision>
      <Paragraph Num="1">
        <ParagraphNum/>
        <ParagraphSentence>
          <Sentence>道州制特別区域における広域行政の推進に関する法律（以下「法」という。）第十三条の道州制特別区域計画を作成した特定広域団体の区域においては、法第七条第四項（同条第五項において準用する場合を含む。）の規定による公告の日以後は、商工会議所法施行規則（昭和二十八年通商産業省令第五十二号）第六条第一項中「経済産業大臣」とあるのは「道州制特別区域における広域行政の推進に関する法律（平成十八年法律第百十六号）第二条第一項に規定する特定広域団体（以下単に「特定広域団体」という。）の知事」と、同規則第六条第二項中「都道府県知事又は指定都市の長」とあるのは「特定広域団体の知事」と、同規則第八条中「経済産業大臣」とあるのは「特定広域団体の知事」と、同規則様式第七中「経済産業大臣」とあるのは「都道府県知事」とする。</Sentence>
        </ParagraphSentence>
      </Paragraph>
    </MainProvision>
    <SupplProvision>
      <SupplProvisionLabel>附　則</SupplProvisionLabel>
      <Article Num="1">
        <ArticleCaption>（施行期日）</ArticleCaption>
        <ArticleTitle>第一条</ArticleTitle>
        <Paragraph Num="1">
          <ParagraphNum/>
          <ParagraphSentence>
            <Sentence>この省令は、平成十九年四月一日から施行する。</Sentence>
          </ParagraphSentence>
        </Paragraph>
      </Article>
      <Article Num="2">
        <ArticleCaption>（経過措置）</ArticleCaption>
        <ArticleTitle>第二条</ArticleTitle>
        <Paragraph Num="1">
          <ParagraphNum/>
          <ParagraphSentence>
            <Sentence>この省令の施行の際、特定広域団体が法第十三条の道州制特別区域計画を法第七条第四項（同条第五項において準用する場合を含む。）の規定により公告している場合におけるこの省令の規定の適用については、「法第七条第四項（同条第五項において準用する場合を含む。）の規定による公告の日」とあるのは、「この省令の施行の日」とする。</Sentence>
          </ParagraphSentence>
        </Paragraph>
      </Article>
    </SupplProvision>
    <SupplProvision AmendLawNum="平成二六年一二月一七日経済産業省令第六六号" Extract="true">
      <SupplProvisionLabel>附　則</SupplProvisionLabel>
      <Article Num="1">
        <ArticleCaption>（施行期日）</ArticleCaption>
        <ArticleTitle>第一条</ArticleTitle>
        <Paragraph Num="1">
          <ParagraphNum/>
          <ParagraphSentence>
            <Sentence>この省令は、平成二十七年四月一日から施行する。</Sentence>
          </ParagraphSentence>
        </Paragraph>
      </Article>
    </SupplProvision>
  </LawBody>
</Law>
