<?xml version="1.0" encoding="UTF-8" standalone="no"?>
<Law DataInfo="200608e80k80m01" Era="Heisei" Lang="ja" LawType="MinisterialOrdinance" Num="050" Year="20">
  <LawNum>平成二十年財務省令第五十号</LawNum>
  <LawBody>
    <LawTitle>株式会社日本政策投資銀行法施行規則</LawTitle>
    <EnactStatement>株式会社日本政策投資銀行法（平成十九年法律第八十五号）の規定に基づき、並びに同法を実施するため、株式会社日本政策投資銀行法施行規則を次のように定める。</EnactStatement>
    <MainProvision>
      <Article Num="1">
        <ArticleCaption>（金銭債権の証書の範囲）</ArticleCaption>
        <ArticleTitle>第一条</ArticleTitle>
        <Paragraph Num="1">
          <ParagraphNum/>
          <ParagraphSentence>
            <Sentence>株式会社日本政策投資銀行法（以下「法」という。）第三条第一項第七号に規定する財務省令で定める証書をもって表示されるものは、次に掲げるものとする。</Sentence>
          </ParagraphSentence>
          <Item Num="1">
            <ItemTitle>一</ItemTitle>
            <ItemSentence>
              <Sentence>譲渡性預金（払戻しについて期限の定めがある預金で、譲渡禁止の特約のないものをいう。）の預金証書</Sentence>
            </ItemSentence>
          </Item>
          <Item Num="2">
            <ItemTitle>二</ItemTitle>
            <ItemSentence>
              <Sentence>コマーシャル・ペーパー</Sentence>
            </ItemSentence>
          </Item>
          <Item Num="3">
            <ItemTitle>三</ItemTitle>
            <ItemSentence>
              <Sentence>住宅抵当証書</Sentence>
            </ItemSentence>
          </Item>
          <Item Num="4">
            <ItemTitle>四</ItemTitle>
            <ItemSentence>
              <Sentence>貸付債権信託の受益権証書</Sentence>
            </ItemSentence>
          </Item>
          <Item Num="5">
            <ItemTitle>五</ItemTitle>
            <ItemSentence>
              <Sentence>抵当証券法（昭和六年法律第十五号）第一条第一項に規定する抵当証券</Sentence>
            </ItemSentence>
          </Item>
          <Item Num="6">
            <ItemTitle>六</ItemTitle>
            <ItemSentence>
              <Sentence>商品投資に係る事業の規制に関する法律（平成三年法律第六十六号）第二条第六項に規定する商品投資受益権の受益権証書</Sentence>
            </ItemSentence>
          </Item>
          <Item Num="7">
            <ItemTitle>七</ItemTitle>
            <ItemSentence>
              <Sentence>外国の法人の発行する証券又は証書で銀行業を営む者その他の金銭の貸付けを業として行う者の貸付債権を信託する信託の受益権又はこれに類する権利を表示するもの</Sentence>
            </ItemSentence>
          </Item>
          <Item Num="8">
            <ItemTitle>八</ItemTitle>
            <ItemSentence>
              <Sentence>法第三条第一項第十一号に規定する取引に係る権利を表示する証券又は証書</Sentence>
            </ItemSentence>
          </Item>
        </Paragraph>
      </Article>
      <Article Num="2">
        <ArticleCaption>（特定社債に準ずる有価証券）</ArticleCaption>
        <ArticleTitle>第二条</ArticleTitle>
        <Paragraph Num="1">
          <ParagraphNum/>
          <ParagraphSentence>
            <Sentence>法第三条第一項第八号に規定する有価証券として財務省令で定めるものは、金融商品取引法施行令（昭和四十年政令第三百二十一号）第十五条の十七第一項第二号又は同条第三項に規定する有価証券（同項に規定する有価証券については、金融商品取引法（昭和二十三年法律第二十五号）第二条第一項第四号又は第五号に掲げるものの性質を有するものに限る。）であって、金融商品取引業等に関する内閣府令（平成十九年内閣府令第五十二号）第四十条第一号に規定する譲渡資産が、指名金銭債権又は指名金銭債権を信託する信託の受益権であるものとする。</Sentence>
          </ParagraphSentence>
        </Paragraph>
      </Article>
      <Article Num="3">
        <ArticleCaption>（社債等の発行等に係る基本方針の認可）</ArticleCaption>
        <ArticleTitle>第三条</ArticleTitle>
        <Paragraph Num="1">
          <ParagraphNum/>
          <ParagraphSentence>
            <Sentence>株式会社日本政策投資銀行（第十条を除き、以下「会社」という。）は、法第十三条第一項の規定による認可を受けようとするときは、毎事業年度、財務大臣の定める日までに、当該事業年度の社債及び日本政策投資銀行債の発行並びに借入金（弁済期限が一年を超えるものに限る。第六条において同じ。）の借入れに係る基本方針（法第十三条第一項に規定する基本方針をいう。）を作成し、財務大臣に提出しなければならない。</Sentence>
          </ParagraphSentence>
        </Paragraph>
        <Paragraph Num="2">
          <ParagraphNum>２</ParagraphNum>
          <ParagraphSentence>
            <Sentence>基本方針には、次に掲げる事項について記載しなければならない。</Sentence>
          </ParagraphSentence>
          <Item Num="1">
            <ItemTitle>一</ItemTitle>
            <ItemSentence>
              <Sentence>社債及び日本政策投資銀行債の発行金額並びに借入金の借入れ金額</Sentence>
            </ItemSentence>
          </Item>
          <Item Num="2">
            <ItemTitle>二</ItemTitle>
            <ItemSentence>
              <Sentence>社債、日本政策投資銀行債及び借入金の表示通貨</Sentence>
            </ItemSentence>
          </Item>
          <Item Num="3">
            <ItemTitle>三</ItemTitle>
            <ItemSentence>
              <Sentence>社債及び日本政策投資銀行債の発行市場並びに借入金の借入れ先</Sentence>
            </ItemSentence>
          </Item>
          <Item Num="4">
            <ItemTitle>四</ItemTitle>
            <ItemSentence>
              <Sentence>社債及び日本政策投資銀行債の利回り並びに借入金の利率</Sentence>
            </ItemSentence>
          </Item>
          <Item Num="5">
            <ItemTitle>五</ItemTitle>
            <ItemSentence>
              <Sentence>その他財務大臣が定める事項</Sentence>
            </ItemSentence>
          </Item>
        </Paragraph>
        <Paragraph Num="3">
          <ParagraphNum>３</ParagraphNum>
          <ParagraphSentence>
            <Sentence>会社は、法第十三条第一項後段の規定により基本方針の変更の認可を受けようとするときは、変更しようとする事項及び変更の理由を記載した申請書を財務大臣に提出しなければならない。</Sentence>
          </ParagraphSentence>
        </Paragraph>
      </Article>
      <Article Num="4">
        <ArticleCaption>（社債及び日本政策投資銀行債発行の届出）</ArticleCaption>
        <ArticleTitle>第四条</ArticleTitle>
        <Paragraph Num="1">
          <ParagraphNum/>
          <ParagraphSentence>
            <Sentence>会社は、社債又は日本政策投資銀行債（外国を発行地とする社債及び日本政策投資銀行債（次条において「国外債」という。）を除く。以下この条において同じ。）の発行について法第十三条第二項の規定による届出をしようとするときは、次に掲げる事項を記載した書面を財務大臣に提出しなければならない。</Sentence>
          </ParagraphSentence>
          <Item Num="1">
            <ItemTitle>一</ItemTitle>
            <ItemSentence>
              <Sentence>社債又は日本政策投資銀行債の発行により調達した資金の使途</Sentence>
            </ItemSentence>
          </Item>
          <Item Num="2">
            <ItemTitle>二</ItemTitle>
            <ItemSentence>
              <Sentence>社債にあっては、会社法（平成十七年法律第八十六号）第六百七十六条第一号から第六号までに掲げる事項、日本政策投資銀行債にあっては、法第六条第四項第一号から第四号まで及び第五項第五号に掲げる事項</Sentence>
            </ItemSentence>
          </Item>
          <Item Num="3">
            <ItemTitle>三</ItemTitle>
            <ItemSentence>
              <Sentence>社債又は日本政策投資銀行債の募集の方法</Sentence>
            </ItemSentence>
          </Item>
          <Item Num="4">
            <ItemTitle>四</ItemTitle>
            <ItemSentence>
              <Sentence>社債又は日本政策投資銀行債の利回り</Sentence>
            </ItemSentence>
          </Item>
          <Item Num="5">
            <ItemTitle>五</ItemTitle>
            <ItemSentence>
              <Sentence>第二号に掲げるもののほか、社債又は日本政策投資銀行債の記載事項</Sentence>
            </ItemSentence>
          </Item>
          <Item Num="6">
            <ItemTitle>六</ItemTitle>
            <ItemSentence>
              <Sentence>その他財務大臣が定める事項</Sentence>
            </ItemSentence>
          </Item>
        </Paragraph>
      </Article>
      <Article Num="5">
        <ArticleCaption>（国外債発行の届出）</ArticleCaption>
        <ArticleTitle>第五条</ArticleTitle>
        <Paragraph Num="1">
          <ParagraphNum/>
          <ParagraphSentence>
            <Sentence>会社は、国外債の発行について法第十三条第二項の規定による届出をしようとするときは、次に掲げる事項を記載した書面を財務大臣に提出しなければならない。</Sentence>
          </ParagraphSentence>
          <Item Num="1">
            <ItemTitle>一</ItemTitle>
            <ItemSentence>
              <Sentence>国外債の発行により調達した資金の使途</Sentence>
            </ItemSentence>
          </Item>
          <Item Num="2">
            <ItemTitle>二</ItemTitle>
            <ItemSentence>
              <Sentence>社債にあっては、会社法第六百七十六条第一号から第六号までに掲げる事項、日本政策投資銀行債にあっては、法第六条第四項第一号から第四号までに掲げる事項</Sentence>
            </ItemSentence>
          </Item>
          <Item Num="3">
            <ItemTitle>三</ItemTitle>
            <ItemSentence>
              <Sentence>国外債の種類</Sentence>
            </ItemSentence>
          </Item>
          <Item Num="4">
            <ItemTitle>四</ItemTitle>
            <ItemSentence>
              <Sentence>国外債の発行の方法</Sentence>
            </ItemSentence>
          </Item>
          <Item Num="5">
            <ItemTitle>五</ItemTitle>
            <ItemSentence>
              <Sentence>国外債の表示通貨</Sentence>
            </ItemSentence>
          </Item>
          <Item Num="6">
            <ItemTitle>六</ItemTitle>
            <ItemSentence>
              <Sentence>国外債の発行市場</Sentence>
            </ItemSentence>
          </Item>
          <Item Num="7">
            <ItemTitle>七</ItemTitle>
            <ItemSentence>
              <Sentence>国外債の利回り</Sentence>
            </ItemSentence>
          </Item>
          <Item Num="8">
            <ItemTitle>八</ItemTitle>
            <ItemSentence>
              <Sentence>第二号に掲げるもののほか、国外債の記載事項</Sentence>
            </ItemSentence>
          </Item>
          <Item Num="9">
            <ItemTitle>九</ItemTitle>
            <ItemSentence>
              <Sentence>その他財務大臣が定める事項</Sentence>
            </ItemSentence>
          </Item>
        </Paragraph>
      </Article>
      <Article Num="6">
        <ArticleCaption>（借入金の借入れに係る届出）</ArticleCaption>
        <ArticleTitle>第六条</ArticleTitle>
        <Paragraph Num="1">
          <ParagraphNum/>
          <ParagraphSentence>
            <Sentence>会社は、借入金の借入れについて法第十三条第二項の規定による届出をしようとするときは、次に掲げる事項を記載した書面を財務大臣に提出しなければならない。</Sentence>
          </ParagraphSentence>
          <Item Num="1">
            <ItemTitle>一</ItemTitle>
            <ItemSentence>
              <Sentence>借入れを必要とする理由</Sentence>
            </ItemSentence>
          </Item>
          <Item Num="2">
            <ItemTitle>二</ItemTitle>
            <ItemSentence>
              <Sentence>借入金の額</Sentence>
            </ItemSentence>
          </Item>
          <Item Num="3">
            <ItemTitle>三</ItemTitle>
            <ItemSentence>
              <Sentence>借入金の表示通貨</Sentence>
            </ItemSentence>
          </Item>
          <Item Num="4">
            <ItemTitle>四</ItemTitle>
            <ItemSentence>
              <Sentence>借入先</Sentence>
            </ItemSentence>
          </Item>
          <Item Num="5">
            <ItemTitle>五</ItemTitle>
            <ItemSentence>
              <Sentence>借入金の利率、償還の方法及び期限</Sentence>
            </ItemSentence>
          </Item>
          <Item Num="6">
            <ItemTitle>六</ItemTitle>
            <ItemSentence>
              <Sentence>利息の支払の方法及び期限</Sentence>
            </ItemSentence>
          </Item>
          <Item Num="7">
            <ItemTitle>七</ItemTitle>
            <ItemSentence>
              <Sentence>その他財務大臣が必要と認める事項</Sentence>
            </ItemSentence>
          </Item>
        </Paragraph>
      </Article>
      <Article Num="7">
        <ArticleCaption>（事業計画の認可の申請）</ArticleCaption>
        <ArticleTitle>第七条</ArticleTitle>
        <Paragraph Num="1">
          <ParagraphNum/>
          <ParagraphSentence>
            <Sentence>会社は、法第十七条前段の規定により事業計画の認可を受けようとするときは、事業計画を記載した申請書に資金計画書及び収支予算書を添えて、財務大臣に提出しなければならない。</Sentence>
          </ParagraphSentence>
        </Paragraph>
        <Paragraph Num="2">
          <ParagraphNum>２</ParagraphNum>
          <ParagraphSentence>
            <Sentence Num="1">会社は、法第十七条後段の規定により事業計画の変更の認可を受けようとするときは、変更しようとする事項及び変更の理由を記載した申請書を財務大臣に提出しなければならない。</Sentence>
            <Sentence Num="2">この場合において、当該変更が前項の規定により当該事業計画の認可を申請するときに添付した資金計画書又は収支予算書の変更を伴うときは、当該変更後の当該書類を添えなければならない。</Sentence>
          </ParagraphSentence>
        </Paragraph>
      </Article>
      <Article Num="8">
        <ArticleCaption>（償還計画の認可の申請）</ArticleCaption>
        <ArticleTitle>第八条</ArticleTitle>
        <Paragraph Num="1">
          <ParagraphNum/>
          <ParagraphSentence>
            <Sentence>会社は、法第十八条前段の規定により償還計画の認可を受けようとするときは、法第十七条前段の規定により事業計画を届け出た後、遅滞なく、次に掲げる事項を記載した償還計画を財務大臣に提出しなければならない。</Sentence>
          </ParagraphSentence>
          <Item Num="1">
            <ItemTitle>一</ItemTitle>
            <ItemSentence>
              <Sentence>社債の総額及び当該事業年度において発行するものの引受けの見込み</Sentence>
            </ItemSentence>
          </Item>
          <Item Num="2">
            <ItemTitle>二</ItemTitle>
            <ItemSentence>
              <Sentence>日本政策投資銀行債の総額及び当該事業年度において発行するものの引受けの見込み</Sentence>
            </ItemSentence>
          </Item>
          <Item Num="3">
            <ItemTitle>三</ItemTitle>
            <ItemSentence>
              <Sentence>借入金の総額及び当該事業年度における借入見込額</Sentence>
            </ItemSentence>
          </Item>
          <Item Num="4">
            <ItemTitle>四</ItemTitle>
            <ItemSentence>
              <Sentence>社債、日本政策投資銀行債及び借入金の償還の方法及び期限</Sentence>
            </ItemSentence>
          </Item>
          <Item Num="5">
            <ItemTitle>五</ItemTitle>
            <ItemSentence>
              <Sentence>その他必要な事項</Sentence>
            </ItemSentence>
          </Item>
        </Paragraph>
        <Paragraph Num="2">
          <ParagraphNum>２</ParagraphNum>
          <ParagraphSentence>
            <Sentence>会社は、法第十八条後段の規定により償還計画の変更の認可を受けようとするときは、変更しようとする事項及び変更の理由を記載した申請書を財務大臣に提出しなければならない。</Sentence>
          </ParagraphSentence>
        </Paragraph>
      </Article>
      <Article Num="9">
        <ArticleCaption>（貸金業者から除かれる者の範囲）</ArticleCaption>
        <ArticleTitle>第九条</ArticleTitle>
        <Paragraph Num="1">
          <ParagraphNum/>
          <ParagraphSentence>
            <Sentence>法第十九条第四号に規定する財務省令で定める要件は、主として貸金業（貸金業法（昭和五十八年法律第三十二号）第二条第一項に規定する貸金業をいう。）以外の事業を営むものであることとする。</Sentence>
          </ParagraphSentence>
        </Paragraph>
      </Article>
      <Article Num="10">
        <ArticleCaption>（認可対象子会社の範囲）</ArticleCaption>
        <ArticleTitle>第十条</ArticleTitle>
        <Paragraph Num="1">
          <ParagraphNum/>
          <ParagraphSentence>
            <Sentence>法第十九条第七号に規定する財務省令で定める者は、次に掲げる者とする。</Sentence>
          </ParagraphSentence>
          <Item Num="1">
            <ItemTitle>一</ItemTitle>
            <ItemSentence>
              <Sentence>銀行業（銀行法（昭和五十六年法律第五十九号）第二条第二項に規定する銀行業をいう。）を営む外国の会社</Sentence>
            </ItemSentence>
          </Item>
          <Item Num="2">
            <ItemTitle>二</ItemTitle>
            <ItemSentence>
              <Sentence>有価証券関連業（金融商品取引法第二十八条第八項に規定する有価証券関連業をいう。）を営む外国の会社（前号に掲げる会社に該当するものを除く。）</Sentence>
            </ItemSentence>
          </Item>
          <Item Num="3">
            <ItemTitle>三</ItemTitle>
            <ItemSentence>
              <Sentence>保険業（保険業法（平成七年法律第百五号）第二条第一項に規定する保険業をいう。）を営む外国の会社（第一号に掲げる会社に該当するものを除く。）</Sentence>
            </ItemSentence>
          </Item>
          <Item Num="4">
            <ItemTitle>四</ItemTitle>
            <ItemSentence>
              <Sentence>信託業（信託業法（平成十六年法律第百五十四号）第二条第一項に規定する信託業をいう。）を営む外国の会社（第一号に掲げる会社に該当するものを除く。）</Sentence>
            </ItemSentence>
          </Item>
        </Paragraph>
      </Article>
    </MainProvision>
    <SupplProvision>
      <SupplProvisionLabel>附　則</SupplProvisionLabel>
      <Article Num="1">
        <ArticleCaption>（施行期日）</ArticleCaption>
        <ArticleTitle>第一条</ArticleTitle>
        <Paragraph Num="1">
          <ParagraphNum/>
          <ParagraphSentence>
            <Sentence>この省令は、公布の日から施行する。</Sentence>
          </ParagraphSentence>
        </Paragraph>
      </Article>
      <Article Num="2">
        <ArticleCaption>（国債の登録）</ArticleCaption>
        <ArticleTitle>第二条</ArticleTitle>
        <Paragraph Num="1">
          <ParagraphNum/>
          <ParagraphSentence>
            <Sentence>会社は、法附則第二条の三第二項の規定により国債の交付を受けたときは、速やかに、国債規則（大正十一年大蔵省令第三十一号）第二十八条に定めるところにより、国債の登録を請求するものとする。</Sentence>
          </ParagraphSentence>
        </Paragraph>
      </Article>
      <Article Num="3">
        <ArticleCaption>（危機対応業務の休止等）</ArticleCaption>
        <ArticleTitle>第三条</ArticleTitle>
        <Paragraph Num="1">
          <ParagraphNum/>
          <ParagraphSentence>
            <Sentence>会社は、法附則第二条の十第二項の規定により指定営業所（同条第一項に規定する指定営業所をいう。以下この条において同じ。）において臨時に危機対応業務（株式会社日本政策金融公庫法（平成十九年法律第五十七号）第二条第五号に規定する危機対応業務をいう。以下この条及び次条において同じ。）の全部又は一部を休止するときは、直ちに、次に掲げる書面を財務大臣に提出するとともに、第一号に記載した事項を公告しなければならない。</Sentence>
          </ParagraphSentence>
          <Item Num="1">
            <ItemTitle>一</ItemTitle>
            <ItemSentence>
              <Sentence>次に掲げる事項を記載した書面</Sentence>
            </ItemSentence>
            <Subitem1 Num="1">
              <Subitem1Title>イ</Subitem1Title>
              <Subitem1Sentence>
                <Sentence>休止する指定営業所の名称及び所在地</Sentence>
              </Subitem1Sentence>
            </Subitem1>
            <Subitem1 Num="2">
              <Subitem1Title>ロ</Subitem1Title>
              <Subitem1Sentence>
                <Sentence>休止する危機対応業務の範囲</Sentence>
              </Subitem1Sentence>
            </Subitem1>
            <Subitem1 Num="3">
              <Subitem1Title>ハ</Subitem1Title>
              <Subitem1Sentence>
                <Sentence>休止する年月日及び期間</Sentence>
              </Subitem1Sentence>
            </Subitem1>
            <Subitem1 Num="4">
              <Subitem1Title>ニ</Subitem1Title>
              <Subitem1Sentence>
                <Sentence>休止の理由</Sentence>
              </Subitem1Sentence>
            </Subitem1>
          </Item>
          <Item Num="2">
            <ItemTitle>二</ItemTitle>
            <ItemSentence>
              <Sentence>休止に関する意思の決定を証する書面</Sentence>
            </ItemSentence>
          </Item>
        </Paragraph>
        <Paragraph Num="2">
          <ParagraphNum>２</ParagraphNum>
          <ParagraphSentence>
            <Sentence>会社は、臨時に危機対応業務の全部又は一部を休止した指定営業所において当該業務の全部又は一部を再開するときは、直ちに、次に掲げる書面を財務大臣に提出するとともに、第一号に記載した事項を公告しなければならない。</Sentence>
          </ParagraphSentence>
          <Item Num="1">
            <ItemTitle>一</ItemTitle>
            <ItemSentence>
              <Sentence>次に掲げる事項を記載した書面</Sentence>
            </ItemSentence>
            <Subitem1 Num="1">
              <Subitem1Title>イ</Subitem1Title>
              <Subitem1Sentence>
                <Sentence>再開する指定営業所の名称及び所在地</Sentence>
              </Subitem1Sentence>
            </Subitem1>
            <Subitem1 Num="2">
              <Subitem1Title>ロ</Subitem1Title>
              <Subitem1Sentence>
                <Sentence>再開する危機対応業務の範囲</Sentence>
              </Subitem1Sentence>
            </Subitem1>
            <Subitem1 Num="3">
              <Subitem1Title>ハ</Subitem1Title>
              <Subitem1Sentence>
                <Sentence>再開する年月日</Sentence>
              </Subitem1Sentence>
            </Subitem1>
            <Subitem1 Num="4">
              <Subitem1Title>ニ</Subitem1Title>
              <Subitem1Sentence>
                <Sentence>再開の理由</Sentence>
              </Subitem1Sentence>
            </Subitem1>
          </Item>
          <Item Num="2">
            <ItemTitle>二</ItemTitle>
            <ItemSentence>
              <Sentence>再開に関する意思の決定を証する書面</Sentence>
            </ItemSentence>
          </Item>
        </Paragraph>
      </Article>
      <Article Num="4">
        <ArticleCaption>（危機対応業務に係る事業計画及び事業報告書の記載事項）</ArticleCaption>
        <ArticleTitle>第四条</ArticleTitle>
        <Paragraph Num="1">
          <ParagraphNum/>
          <ParagraphSentence>
            <Sentence>法附則第二条の十一第一項の危機対応業務の実施方針については、次に掲げる事項を記載しなければならない。</Sentence>
          </ParagraphSentence>
          <Item Num="1">
            <ItemTitle>一</ItemTitle>
            <ItemSentence>
              <Sentence>株式会社日本政策金融公庫法第二条第四号に規定する被害の発生時における対応の方針に関する事項</Sentence>
            </ItemSentence>
          </Item>
          <Item Num="2">
            <ItemTitle>二</ItemTitle>
            <ItemSentence>
              <Sentence>株式会社日本政策金融公庫法第二条第四号に規定する被害の発生に備えた取組に関する事項</Sentence>
            </ItemSentence>
          </Item>
          <Item Num="3">
            <ItemTitle>三</ItemTitle>
            <ItemSentence>
              <Sentence>その他危機対応業務の適確な実施に関する事項</Sentence>
            </ItemSentence>
          </Item>
        </Paragraph>
        <Paragraph Num="2">
          <ParagraphNum>２</ParagraphNum>
          <ParagraphSentence>
            <Sentence>法附則第二条の十一第二項の同条第一項の実施方針に基づく危機対応業務の実施状況については、次に掲げる事項を記載しなければならない。</Sentence>
          </ParagraphSentence>
          <Item Num="1">
            <ItemTitle>一</ItemTitle>
            <ItemSentence>
              <Sentence>前項第一号の方針に基づく対応の状況に関する事項</Sentence>
            </ItemSentence>
          </Item>
          <Item Num="2">
            <ItemTitle>二</ItemTitle>
            <ItemSentence>
              <Sentence>前項第二号の取組の状況に関する事項</Sentence>
            </ItemSentence>
          </Item>
          <Item Num="3">
            <ItemTitle>三</ItemTitle>
            <ItemSentence>
              <Sentence>その他法附則第二条の十一第一項の実施方針に基づく危機対応業務の実施状況に関する事項</Sentence>
            </ItemSentence>
          </Item>
        </Paragraph>
      </Article>
      <Article Num="5">
        <ArticleCaption>（劣後特約付金銭消費貸借等）</ArticleCaption>
        <ArticleTitle>第五条</ArticleTitle>
        <Paragraph Num="1">
          <ParagraphNum/>
          <ParagraphSentence>
            <Sentence>法附則第二条の十二第四項第一号に規定する金銭の消費貸借であって財務省令で定めるものは、元利金の支払について劣後的内容を有する特約が付された金銭の消費貸借とする。</Sentence>
          </ParagraphSentence>
        </Paragraph>
        <Paragraph Num="2">
          <ParagraphNum>２</ParagraphNum>
          <ParagraphSentence>
            <Sentence>法附則第二条の十二第四項第三号に規定する社債であって財務省令で定めるものは、元利金の支払について劣後的内容を有する特約が付された社債（資産の流動化に関する法律（平成十年法律第百五号）第二条第七項に規定する特定社債並びに投資信託及び投資法人に関する法律（昭和二十六年法律第百九十八号）第二条第十九項に規定する投資法人債並びに外国法人の発行する債券（社債券、資産の流動化に関する法律第二条第九項に規定する特定社債券又は投資信託及び投資法人に関する法律第二条第二十項に規定する投資法人債券の性質を有するものに限る。）に表示されるべき権利を含む。）とする。</Sentence>
          </ParagraphSentence>
        </Paragraph>
      </Article>
      <Article Num="6">
        <ArticleCaption>（特定投資業務規程）</ArticleCaption>
        <ArticleTitle>第六条</ArticleTitle>
        <Paragraph Num="1">
          <ParagraphNum/>
          <ParagraphSentence>
            <Sentence>法附則第二条の十七第一項の財務省令で定める事項は、次のとおりとする。</Sentence>
          </ParagraphSentence>
          <Item Num="1">
            <ItemTitle>一</ItemTitle>
            <ItemSentence>
              <Sentence>特定投資業務（法附則第二条の十二第二項に規定する特定投資業務をいう。以下この条及び次条において同じ。）の実施体制に関する事項</Sentence>
            </ItemSentence>
          </Item>
          <Item Num="2">
            <ItemTitle>二</ItemTitle>
            <ItemSentence>
              <Sentence>特定投資業務の実施方法に関する事項</Sentence>
            </ItemSentence>
          </Item>
          <Item Num="3">
            <ItemTitle>三</ItemTitle>
            <ItemSentence>
              <Sentence>特定投資業務に関する財務の適正な管理に関する事項</Sentence>
            </ItemSentence>
          </Item>
          <Item Num="4">
            <ItemTitle>四</ItemTitle>
            <ItemSentence>
              <Sentence>会社と他の事業者との間の適正な競争関係の確保に関する事項</Sentence>
            </ItemSentence>
          </Item>
          <Item Num="5">
            <ItemTitle>五</ItemTitle>
            <ItemSentence>
              <Sentence>法附則第二条の十六第二項第四号の体制による特定投資業務の実施状況に係る評価及び監視に関する事項</Sentence>
            </ItemSentence>
          </Item>
          <Item Num="6">
            <ItemTitle>六</ItemTitle>
            <ItemSentence>
              <Sentence>財務大臣に対する特定投資業務の実施状況の報告に関する事項</Sentence>
            </ItemSentence>
          </Item>
          <Item Num="7">
            <ItemTitle>七</ItemTitle>
            <ItemSentence>
              <Sentence>その他特定投資業務の実施に関する事項</Sentence>
            </ItemSentence>
          </Item>
        </Paragraph>
        <Paragraph Num="2">
          <ParagraphNum>２</ParagraphNum>
          <ParagraphSentence>
            <Sentence>会社は、法附則第二条の十七第一項前段の規定により同項に規定する特定投資業務規程（以下この項及び次項において「特定投資業務規程」という。）の認可を受けようとするときは、申請書に当該認可に係る特定投資業務規程を添えて、財務大臣に提出しなければならない。</Sentence>
          </ParagraphSentence>
        </Paragraph>
        <Paragraph Num="3">
          <ParagraphNum>３</ParagraphNum>
          <ParagraphSentence>
            <Sentence>会社は、法附則第二条の十七第一項後段の規定により特定投資業務規程の変更の認可を受けようとするときは、変更しようとする事項及び変更の理由を記載した申請書に変更後の特定投資業務規程を添えて、財務大臣に提出しなければならない。</Sentence>
          </ParagraphSentence>
        </Paragraph>
      </Article>
      <Article Num="7">
        <ArticleCaption>（特定投資業務に係る事業計画及び事業報告書の記載事項）</ArticleCaption>
        <ArticleTitle>第七条</ArticleTitle>
        <Paragraph Num="1">
          <ParagraphNum/>
          <ParagraphSentence>
            <Sentence>法附則第二条の十八第一項の特定投資業務の実施方針については、次に掲げる事項を記載しなければならない。</Sentence>
          </ParagraphSentence>
          <Item Num="1">
            <ItemTitle>一</ItemTitle>
            <ItemSentence>
              <Sentence>特定投資業務の実施に係る基本的な方針に関する事項</Sentence>
            </ItemSentence>
          </Item>
          <Item Num="2">
            <ItemTitle>二</ItemTitle>
            <ItemSentence>
              <Sentence>一般の金融機関が行う金融及び民間の投資の補完又は奨励に係る措置に関する事項</Sentence>
            </ItemSentence>
          </Item>
          <Item Num="3">
            <ItemTitle>三</ItemTitle>
            <ItemSentence>
              <Sentence>法附則第二条の十二第三項に規定する特定事業活動に対する金融機関その他の者による資金供給の促進に係る取組に関する事項</Sentence>
            </ItemSentence>
          </Item>
          <Item Num="4">
            <ItemTitle>四</ItemTitle>
            <ItemSentence>
              <Sentence>法附則第二条の十六第二項第四号の体制による特定投資業務の実施状況に係る評価及び監視の結果を踏まえた対応に関する事項</Sentence>
            </ItemSentence>
          </Item>
          <Item Num="5">
            <ItemTitle>五</ItemTitle>
            <ItemSentence>
              <Sentence>その他特定投資業務の適確な実施に関する事項</Sentence>
            </ItemSentence>
          </Item>
        </Paragraph>
        <Paragraph Num="2">
          <ParagraphNum>２</ParagraphNum>
          <ParagraphSentence>
            <Sentence>法附則第二条の十八第二項の同条第一項の実施方針に基づく特定投資業務の実施状況については、次に掲げる事項を記載しなければならない。</Sentence>
          </ParagraphSentence>
          <Item Num="1">
            <ItemTitle>一</ItemTitle>
            <ItemSentence>
              <Sentence>前項第一号の基本的な方針に基づく特定投資業務の実施状況に関する事項</Sentence>
            </ItemSentence>
          </Item>
          <Item Num="2">
            <ItemTitle>二</ItemTitle>
            <ItemSentence>
              <Sentence>前項第二号の措置の実施状況に関する事項</Sentence>
            </ItemSentence>
          </Item>
          <Item Num="3">
            <ItemTitle>三</ItemTitle>
            <ItemSentence>
              <Sentence>前項第三号の取組の状況に関する事項</Sentence>
            </ItemSentence>
          </Item>
          <Item Num="4">
            <ItemTitle>四</ItemTitle>
            <ItemSentence>
              <Sentence>前項第四号の対応の状況に関する事項</Sentence>
            </ItemSentence>
          </Item>
          <Item Num="5">
            <ItemTitle>五</ItemTitle>
            <ItemSentence>
              <Sentence>その他法附則第二条の十八第一項の実施方針に基づく特定投資業務の実施状況に関する事項</Sentence>
            </ItemSentence>
          </Item>
        </Paragraph>
      </Article>
      <Article Num="8">
        <ArticleCaption>（適正な競争関係の確保に係る事業計画及び事業報告書の記載事項）</ArticleCaption>
        <ArticleTitle>第八条</ArticleTitle>
        <Paragraph Num="1">
          <ParagraphNum/>
          <ParagraphSentence>
            <Sentence>法附則第二条の二十一第二項の他の事業者との間の適正な競争関係の確保に係る方針については、次に掲げる事項を記載しなければならない。</Sentence>
          </ParagraphSentence>
          <Item Num="1">
            <ItemTitle>一</ItemTitle>
            <ItemSentence>
              <Sentence>他の事業者との間の適正な競争関係の確保に配慮した業務運営の方針に関する事項</Sentence>
            </ItemSentence>
          </Item>
          <Item Num="2">
            <ItemTitle>二</ItemTitle>
            <ItemSentence>
              <Sentence>一般の金融機関その他の他の事業者の意見を会社の業務運営に反映させるための取組に関する事項</Sentence>
            </ItemSentence>
          </Item>
          <Item Num="3">
            <ItemTitle>三</ItemTitle>
            <ItemSentence>
              <Sentence>その他他の事業者との間の適正な競争関係の確保に係る取組に関する事項</Sentence>
            </ItemSentence>
          </Item>
        </Paragraph>
        <Paragraph Num="2">
          <ParagraphNum>２</ParagraphNum>
          <ParagraphSentence>
            <Sentence>法附則第二条の二十一第三項の同条第二項の方針に基づく業務の実施状況については、次に掲げる事項を記載しなければならない。</Sentence>
          </ParagraphSentence>
          <Item Num="1">
            <ItemTitle>一</ItemTitle>
            <ItemSentence>
              <Sentence>前項第一号の業務運営の方針に基づく業務の実施状況に関する事項</Sentence>
            </ItemSentence>
          </Item>
          <Item Num="2">
            <ItemTitle>二</ItemTitle>
            <ItemSentence>
              <Sentence>前項第二号の取組の状況に関する事項</Sentence>
            </ItemSentence>
          </Item>
          <Item Num="3">
            <ItemTitle>三</ItemTitle>
            <ItemSentence>
              <Sentence>その他法附則第二条の二十一第二項の方針に基づく業務の実施状況に関する事項</Sentence>
            </ItemSentence>
          </Item>
        </Paragraph>
      </Article>
    </SupplProvision>
    <SupplProvision AmendLawNum="平成二一年七月三日財務省令第五二号" Extract="true">
      <SupplProvisionLabel>附　則</SupplProvisionLabel>
      <Paragraph Num="1">
        <ParagraphCaption>（施行期日）</ParagraphCaption>
        <ParagraphNum>１</ParagraphNum>
        <ParagraphSentence>
          <Sentence>この省令は、公布の日から施行する。</Sentence>
        </ParagraphSentence>
      </Paragraph>
    </SupplProvision>
    <SupplProvision AmendLawNum="平成二七年六月二六日財務省令第六〇号">
      <SupplProvisionLabel>附　則</SupplProvisionLabel>
      <Paragraph Num="1">
        <ParagraphNum/>
        <ParagraphSentence>
          <Sentence>この省令は、公布の日から施行する。</Sentence>
        </ParagraphSentence>
      </Paragraph>
    </SupplProvision>
  </LawBody>
</Law>
