<?xml version="1.0" encoding="UTF-8" standalone="no"?>
<Law DataInfo="200402e80k80m01" Era="Heisei" Lang="ja" LawType="Act" Num="55" Year="21">
  <LawNum>平成二十一年法律第五十五号</LawNum>
  <LawBody>
    <LawTitle>海賊行為の処罰及び海賊行為への対処に関する法律</LawTitle>
    <MainProvision>
      <Article Delete="false" Hide="false" Num="1">
        <ArticleCaption>（目的）</ArticleCaption>
        <ArticleTitle>第一条</ArticleTitle>
        <Paragraph Hide="false" Num="1">
          <ParagraphNum/>
          <ParagraphSentence>
            <Sentence WritingMode="vertical">この法律は、海に囲まれ、かつ、主要な資源の大部分を輸入に依存するなど外国貿易の重要度が高い我が国の経済社会及び国民生活にとって、海上輸送の用に供する船舶その他の海上を航行する船舶の航行の安全の確保が極めて重要であること、並びに海洋法に関する国際連合条約においてすべての国が最大限に可能な範囲で公海等における海賊行為の抑止に協力するとされていることにかんがみ、海賊行為の処罰について規定するとともに、我が国が海賊行為に適切かつ効果的に対処するために必要な事項を定め、もって海上における公共の安全と秩序の維持を図ることを目的とする。</Sentence>
          </ParagraphSentence>
        </Paragraph>
      </Article>
      <Article Delete="false" Hide="false" Num="2">
        <ArticleCaption>（定義）</ArticleCaption>
        <ArticleTitle>第二条</ArticleTitle>
        <Paragraph Hide="false" Num="1">
          <ParagraphNum/>
          <ParagraphSentence>
            <Sentence WritingMode="vertical">この法律において「海賊行為」とは、船舶（軍艦及び各国政府が所有し又は運航する船舶を除く。）に乗り組み又は乗船した者が、私的目的で、公海（海洋法に関する国際連合条約に規定する排他的経済水域を含む。）又は我が国の領海若しくは内水において行う次の各号のいずれかの行為をいう。</Sentence>
          </ParagraphSentence>
          <Item Delete="false" Hide="false" Num="1">
            <ItemTitle>一</ItemTitle>
            <ItemSentence>
              <Sentence WritingMode="vertical">暴行若しくは脅迫を用い、又はその他の方法により人を抵抗不能の状態に陥れて、航行中の他の船舶を強取し、又はほしいままにその運航を支配する行為</Sentence>
            </ItemSentence>
          </Item>
          <Item Delete="false" Hide="false" Num="2">
            <ItemTitle>二</ItemTitle>
            <ItemSentence>
              <Sentence WritingMode="vertical">暴行若しくは脅迫を用い、又はその他の方法により人を抵抗不能の状態に陥れて、航行中の他の船舶内にある財物を強取し、又は財産上不法の利益を得、若しくは他人にこれを得させる行為</Sentence>
            </ItemSentence>
          </Item>
          <Item Delete="false" Hide="false" Num="3">
            <ItemTitle>三</ItemTitle>
            <ItemSentence>
              <Sentence WritingMode="vertical">第三者に対して財物の交付その他義務のない行為をすること又は権利を行わないことを要求するための人質にする目的で、航行中の他の船舶内にある者を略取する行為</Sentence>
            </ItemSentence>
          </Item>
          <Item Delete="false" Hide="false" Num="4">
            <ItemTitle>四</ItemTitle>
            <ItemSentence>
              <Sentence WritingMode="vertical">強取され若しくはほしいままにその運航が支配された航行中の他の船舶内にある者又は航行中の他の船舶内において略取された者を人質にして、第三者に対し、財物の交付その他義務のない行為をすること又は権利を行わないことを要求する行為</Sentence>
            </ItemSentence>
          </Item>
          <Item Delete="false" Hide="false" Num="5">
            <ItemTitle>五</ItemTitle>
            <ItemSentence>
              <Sentence WritingMode="vertical">前各号のいずれかに係る海賊行為をする目的で、航行中の他の船舶に侵入し、又はこれを損壊する行為</Sentence>
            </ItemSentence>
          </Item>
          <Item Delete="false" Hide="false" Num="6">
            <ItemTitle>六</ItemTitle>
            <ItemSentence>
              <Sentence WritingMode="vertical">第一号から第四号までのいずれかに係る海賊行為をする目的で、船舶を航行させて、航行中の他の船舶に著しく接近し、若しくはつきまとい、又はその進行を妨げる行為</Sentence>
            </ItemSentence>
          </Item>
          <Item Delete="false" Hide="false" Num="7">
            <ItemTitle>七</ItemTitle>
            <ItemSentence>
              <Sentence WritingMode="vertical">第一号から第四号までのいずれかに係る海賊行為をする目的で、凶器を準備して船舶を航行させる行為</Sentence>
            </ItemSentence>
          </Item>
        </Paragraph>
      </Article>
      <Article Delete="false" Hide="false" Num="3">
        <ArticleCaption>（海賊行為に関する罪）</ArticleCaption>
        <ArticleTitle>第三条</ArticleTitle>
        <Paragraph Hide="false" Num="1">
          <ParagraphNum/>
          <ParagraphSentence>
            <Sentence WritingMode="vertical">前条第一号から第四号までのいずれかに係る海賊行為をした者は、無期又は五年以上の懲役に処する。</Sentence>
          </ParagraphSentence>
        </Paragraph>
        <Paragraph Hide="false" Num="2">
          <ParagraphNum>２</ParagraphNum>
          <ParagraphSentence>
            <Sentence WritingMode="vertical">前項の罪（前条第四号に係る海賊行為に係るものを除く。）の未遂は、罰する。</Sentence>
          </ParagraphSentence>
        </Paragraph>
        <Paragraph Hide="false" Num="3">
          <ParagraphNum>３</ParagraphNum>
          <ParagraphSentence>
            <Sentence WritingMode="vertical">前条第五号又は第六号に係る海賊行為をした者は、五年以下の懲役に処する。</Sentence>
          </ParagraphSentence>
        </Paragraph>
        <Paragraph Hide="false" Num="4">
          <ParagraphNum>４</ParagraphNum>
          <ParagraphSentence>
            <Sentence Function="main" Num="1" WritingMode="vertical">前条第七号に係る海賊行為をした者は、三年以下の懲役に処する。</Sentence>
            <Sentence Function="proviso" Num="2" WritingMode="vertical">ただし、第一項又は前項の罪の実行に着手する前に自首した者は、その刑を減軽し、又は免除する。</Sentence>
          </ParagraphSentence>
        </Paragraph>
      </Article>
      <Article Delete="false" Hide="false" Num="4">
        <ArticleTitle>第四条</ArticleTitle>
        <Paragraph Hide="false" Num="1">
          <ParagraphNum/>
          <ParagraphSentence>
            <Sentence WritingMode="vertical">前条第一項又は第二項の罪を犯した者が、人を負傷させたときは無期又は六年以上の懲役に処し、死亡させたときは死刑又は無期懲役に処する。</Sentence>
          </ParagraphSentence>
        </Paragraph>
        <Paragraph Hide="false" Num="2">
          <ParagraphNum>２</ParagraphNum>
          <ParagraphSentence>
            <Sentence WritingMode="vertical">前項の罪の未遂は、罰する。</Sentence>
          </ParagraphSentence>
        </Paragraph>
      </Article>
      <Article Delete="false" Hide="false" Num="5">
        <ArticleCaption>（海上保安庁による海賊行為への対処）</ArticleCaption>
        <ArticleTitle>第五条</ArticleTitle>
        <Paragraph Hide="false" Num="1">
          <ParagraphNum/>
          <ParagraphSentence>
            <Sentence WritingMode="vertical">海賊行為への対処は、この法律、海上保安庁法（昭和二十三年法律第二十八号）その他の法令の定めるところにより、海上保安庁がこれに必要な措置を実施するものとする。</Sentence>
          </ParagraphSentence>
        </Paragraph>
        <Paragraph Hide="false" Num="2">
          <ParagraphNum>２</ParagraphNum>
          <ParagraphSentence>
            <Sentence WritingMode="vertical">前項の規定は、海上保安庁法第五条第十九号に規定する警察行政庁が関係法令の規定により海賊行為への対処に必要な措置を実施する権限を妨げるものと解してはならない。</Sentence>
          </ParagraphSentence>
        </Paragraph>
      </Article>
      <Article Delete="false" Hide="false" Num="6">
        <ArticleTitle>第六条</ArticleTitle>
        <Paragraph Hide="false" Num="1">
          <ParagraphNum/>
          <ParagraphSentence>
            <Sentence WritingMode="vertical">海上保安官又は海上保安官補は、海上保安庁法第二十条第一項において準用する警察官職務執行法（昭和二十三年法律第百三十六号）第七条の規定により武器を使用する場合のほか、現に行われている第三条第三項の罪に当たる海賊行為（第二条第六号に係るものに限る。）の制止に当たり、当該海賊行為を行っている者が、他の制止の措置に従わず、なお船舶を航行させて当該海賊行為を継続しようとする場合において、当該船舶の進行を停止させるために他に手段がないと信ずるに足りる相当な理由のあるときには、その事態に応じ合理的に必要と判断される限度において、武器を使用することができる。</Sentence>
          </ParagraphSentence>
        </Paragraph>
      </Article>
      <Article Delete="false" Hide="false" Num="7">
        <ArticleCaption>（海賊対処行動）</ArticleCaption>
        <ArticleTitle>第七条</ArticleTitle>
        <Paragraph Hide="false" Num="1">
          <ParagraphNum/>
          <ParagraphSentence>
            <Sentence Num="1" WritingMode="vertical">防衛大臣は、海賊行為に対処するため特別の必要がある場合には、内閣総理大臣の承認を得て、自衛隊の部隊に海上において海賊行為に対処するため必要な行動をとることを命ずることができる。</Sentence>
            <Sentence Num="2" WritingMode="vertical">この場合においては、自衛隊法（昭和二十九年法律第百六十五号）第八十二条の規定は、適用しない。</Sentence>
          </ParagraphSentence>
        </Paragraph>
        <Paragraph Hide="false" Num="2">
          <ParagraphNum>２</ParagraphNum>
          <ParagraphSentence>
            <Sentence Function="main" Num="1" WritingMode="vertical">防衛大臣は、前項の承認を受けようとするときは、関係行政機関の長と協議して、次に掲げる事項について定めた対処要項を作成し、内閣総理大臣に提出しなければならない。</Sentence>
            <Sentence Function="proviso" Num="2" WritingMode="vertical">ただし、現に行われている海賊行為に対処するために急を要するときは、必要となる行動の概要を内閣総理大臣に通知すれば足りる。</Sentence>
          </ParagraphSentence>
          <Item Delete="false" Hide="false" Num="1">
            <ItemTitle>一</ItemTitle>
            <ItemSentence>
              <Sentence WritingMode="vertical">前項の行動（以下「海賊対処行動」という。）の必要性</Sentence>
            </ItemSentence>
          </Item>
          <Item Delete="false" Hide="false" Num="2">
            <ItemTitle>二</ItemTitle>
            <ItemSentence>
              <Sentence WritingMode="vertical">海賊対処行動を行う海上の区域</Sentence>
            </ItemSentence>
          </Item>
          <Item Delete="false" Hide="false" Num="3">
            <ItemTitle>三</ItemTitle>
            <ItemSentence>
              <Sentence WritingMode="vertical">海賊対処行動を命ずる自衛隊の部隊の規模及び構成並びに装備並びに期間</Sentence>
            </ItemSentence>
          </Item>
          <Item Delete="false" Hide="false" Num="4">
            <ItemTitle>四</ItemTitle>
            <ItemSentence>
              <Sentence WritingMode="vertical">その他海賊対処行動に関する重要事項</Sentence>
            </ItemSentence>
          </Item>
        </Paragraph>
        <Paragraph Hide="false" Num="3">
          <ParagraphNum>３</ParagraphNum>
          <ParagraphSentence>
            <Sentence WritingMode="vertical">内閣総理大臣は、次の各号に掲げる場合には、当該各号に定める事項を、遅滞なく、国会に報告しなければならない。</Sentence>
          </ParagraphSentence>
          <Item Delete="false" Hide="false" Num="1">
            <ItemTitle>一</ItemTitle>
            <ItemSentence>
              <Column LineBreak="false" Num="1">
                <Sentence WritingMode="vertical">第一項の承認をしたとき</Sentence>
              </Column>
              <Column LineBreak="false" Num="2">
                <Sentence WritingMode="vertical">その旨及び前項各号に掲げる事項</Sentence>
              </Column>
            </ItemSentence>
          </Item>
          <Item Delete="false" Hide="false" Num="2">
            <ItemTitle>二</ItemTitle>
            <ItemSentence>
              <Column LineBreak="false" Num="1">
                <Sentence WritingMode="vertical">海賊対処行動が終了したとき</Sentence>
              </Column>
              <Column LineBreak="false" Num="2">
                <Sentence WritingMode="vertical">その結果</Sentence>
              </Column>
            </ItemSentence>
          </Item>
        </Paragraph>
      </Article>
      <Article Delete="false" Hide="false" Num="8">
        <ArticleCaption>（海賊対処行動時の自衛隊の権限）</ArticleCaption>
        <ArticleTitle>第八条</ArticleTitle>
        <Paragraph Hide="false" Num="1">
          <ParagraphNum/>
          <ParagraphSentence>
            <Sentence WritingMode="vertical">海上保安庁法第十六条、第十七条第一項及び第十八条の規定は、海賊対処行動を命ぜられた海上自衛隊の三等海曹以上の自衛官の職務の執行について準用する。</Sentence>
          </ParagraphSentence>
        </Paragraph>
        <Paragraph Hide="false" Num="2">
          <ParagraphNum>２</ParagraphNum>
          <ParagraphSentence>
            <Sentence Num="1" WritingMode="vertical">警察官職務執行法第七条の規定及び第六条の規定は、海賊対処行動を命ぜられた自衛隊の自衛官の職務の執行について準用する。</Sentence>
            <Sentence Num="2" WritingMode="vertical">この場合において、同条中「海上保安庁法第二十条第一項」とあるのは、「第八条第二項」と読み替えるものとする。</Sentence>
          </ParagraphSentence>
        </Paragraph>
        <Paragraph Hide="false" Num="3">
          <ParagraphNum>３</ParagraphNum>
          <ParagraphSentence>
            <Sentence WritingMode="vertical">自衛隊法第八十九条第二項の規定は、前項において準用する警察官職務執行法第七条及び同項において準用する第六条の規定により自衛官が武器を使用する場合について準用する。</Sentence>
          </ParagraphSentence>
        </Paragraph>
      </Article>
      <Article Delete="false" Hide="false" Num="9">
        <ArticleCaption>（我が国の法令の適用）</ArticleCaption>
        <ArticleTitle>第九条</ArticleTitle>
        <Paragraph Hide="false" Num="1">
          <ParagraphNum/>
          <ParagraphSentence>
            <Sentence WritingMode="vertical">第五条から前条までに定めるところによる海賊行為への対処に関する日本国外における我が国の公務員の職務の執行及びこれを妨げる行為については、我が国の法令（罰則を含む。）を適用する。</Sentence>
          </ParagraphSentence>
        </Paragraph>
      </Article>
      <Article Delete="false" Hide="false" Num="10">
        <ArticleCaption>（関係行政機関の協力）</ArticleCaption>
        <ArticleTitle>第十条</ArticleTitle>
        <Paragraph Hide="false" Num="1">
          <ParagraphNum/>
          <ParagraphSentence>
            <Sentence WritingMode="vertical">関係行政機関の長は、第一条の目的を達成するため、海賊行為への対処に関し、海上保安庁長官及び防衛大臣に協力するものとする。</Sentence>
          </ParagraphSentence>
        </Paragraph>
      </Article>
      <Article Delete="false" Hide="false" Num="11">
        <ArticleCaption>（国等の責務）</ArticleCaption>
        <ArticleTitle>第十一条</ArticleTitle>
        <Paragraph Hide="false" Num="1">
          <ParagraphNum/>
          <ParagraphSentence>
            <Sentence WritingMode="vertical">国は、海賊行為による被害の防止を図るために必要となる情報の収集、整理、分析及び提供に努めなければならない。</Sentence>
          </ParagraphSentence>
        </Paragraph>
        <Paragraph Hide="false" Num="2">
          <ParagraphNum>２</ParagraphNum>
          <ParagraphSentence>
            <Sentence WritingMode="vertical">海上運送法（昭和二十四年法律第百八十七号）第二十三条の三第二項に規定する船舶運航事業者その他船舶の運航に関係する者は、海賊行為による被害の防止に自ら努めるとともに、海賊行為に係る情報を国に適切に提供するよう努めなければならない。</Sentence>
          </ParagraphSentence>
        </Paragraph>
      </Article>
      <Article Delete="false" Hide="false" Num="12">
        <ArticleCaption>（国際約束の誠実な履行等）</ArticleCaption>
        <ArticleTitle>第十二条</ArticleTitle>
        <Paragraph Hide="false" Num="1">
          <ParagraphNum/>
          <ParagraphSentence>
            <Sentence WritingMode="vertical">この法律の施行に当たっては、我が国が締結した条約その他の国際約束の誠実な履行を妨げることがないよう留意するとともに、確立された国際法規を遵守しなければならない。</Sentence>
          </ParagraphSentence>
        </Paragraph>
      </Article>
      <Article Delete="false" Hide="false" Num="13">
        <ArticleCaption>（政令への委任）</ArticleCaption>
        <ArticleTitle>第十三条</ArticleTitle>
        <Paragraph Hide="false" Num="1">
          <ParagraphNum/>
          <ParagraphSentence>
            <Sentence WritingMode="vertical">この法律に定めがあるもののほか、この法律の実施のための手続その他この法律の施行に関し必要な事項は、政令で定める。</Sentence>
          </ParagraphSentence>
        </Paragraph>
      </Article>
    </MainProvision>
    <SupplProvision Extract="true">
      <SupplProvisionLabel>附　則</SupplProvisionLabel>
      <Article Delete="false" Hide="false" Num="1">
        <ArticleCaption>（施行期日）</ArticleCaption>
        <ArticleTitle>第一条</ArticleTitle>
        <Paragraph Hide="false" Num="1">
          <ParagraphNum/>
          <ParagraphSentence>
            <Sentence WritingMode="vertical">この法律は、公布の日から起算して三十日を経過した日から施行する。</Sentence>
          </ParagraphSentence>
        </Paragraph>
      </Article>
      <Article Delete="false" Hide="false" Num="2">
        <ArticleTitle>第二条</ArticleTitle>
        <Paragraph Hide="false" Num="1">
          <ParagraphNum/>
          <ParagraphSentence>
            <Sentence WritingMode="vertical">削除</Sentence>
          </ParagraphSentence>
        </Paragraph>
      </Article>
      <Article Delete="false" Hide="false" Num="3">
        <ArticleCaption>（経過措置）</ArticleCaption>
        <ArticleTitle>第三条</ArticleTitle>
        <Paragraph Hide="false" Num="1">
          <ParagraphNum/>
          <ParagraphSentence>
            <Sentence WritingMode="vertical">第三条第四項ただし書の規定は、この法律の施行後に自首した者がその施行前にした行為についても、適用する。</Sentence>
          </ParagraphSentence>
        </Paragraph>
      </Article>
      <Article Delete="false" Hide="false" Num="4">
        <ArticleTitle>第四条</ArticleTitle>
        <Paragraph Hide="false" Num="1">
          <ParagraphNum/>
          <ParagraphSentence>
            <Sentence WritingMode="vertical">この法律の施行の際現に自衛隊法第八十二条の規定により行動を命ぜられている自衛隊の部隊の当該行動については、第七条第一項後段の規定は、適用しない。</Sentence>
          </ParagraphSentence>
        </Paragraph>
      </Article>
    </SupplProvision>
    <SupplProvision AmendLawNum="平成二三年六月二四日法律第七四号" Extract="true">
      <SupplProvisionLabel>附　則</SupplProvisionLabel>
      <Article Delete="false" Hide="false" Num="1">
        <ArticleCaption>（施行期日）</ArticleCaption>
        <ArticleTitle>第一条</ArticleTitle>
        <Paragraph Hide="false" Num="1">
          <ParagraphNum/>
          <ParagraphSentence>
            <Sentence WritingMode="vertical">この法律は、公布の日から起算して二十日を経過した日から施行する。</Sentence>
          </ParagraphSentence>
        </Paragraph>
      </Article>
    </SupplProvision>
    <SupplProvision AmendLawNum="平成二四年九月五日法律第七一号" Extract="true">
      <SupplProvisionLabel>附　則</SupplProvisionLabel>
      <Paragraph Hide="false" Num="1">
        <ParagraphCaption>（施行期日）</ParagraphCaption>
        <ParagraphNum>１</ParagraphNum>
        <ParagraphSentence>
          <Sentence WritingMode="vertical">この法律は、公布の日から起算して二十日を経過した日から施行する。</Sentence>
        </ParagraphSentence>
      </Paragraph>
    </SupplProvision>
  </LawBody>
</Law>
