<?xml version="1.0" encoding="UTF-8" standalone="no"?>
<Law DataInfo="200417e01k01m01" Era="Heisei" Lang="ja" LawType="CabinetOrder" Num="112" Year="22">
  <LawNum>平成二十二年政令第百十二号</LawNum>
  <LawBody>
    <LawTitle>高等学校等就学支援金の支給に関する法律施行令</LawTitle>
    <EnactStatement>内閣は、公立高等学校に係る授業料の不徴収及び高等学校等就学支援金の支給に関する法律（平成二十二年法律第十八号）第三条第二項、第四条第三項、第六条第一項（同条第二項の規定により読み替えて適用する場合を含む。）及び第二項並びに第九条第一項の規定に基づき、この政令を制定する。</EnactStatement>
    <MainProvision>
      <Article Delete="false" Hide="false" Num="1">
        <ArticleCaption>（保護者等の経済的負担を軽減する必要があるとは認められない者等）</ArticleCaption>
        <ArticleTitle>第一条</ArticleTitle>
        <Paragraph Hide="false" Num="1">
          <ParagraphNum/>
          <ParagraphSentence>
            <Sentence WritingMode="vertical">高等学校等就学支援金の支給に関する法律（平成二十二年法律第十八号。以下「法」という。）第三条第二項第三号の就学に要する経費を負担すべき者として政令で定める者は、次の各号に掲げる場合の区分に応じ、それぞれ当該各号に定める者とする。</Sentence>
          </ParagraphSentence>
          <Item Delete="false" Hide="false" Num="1">
            <ItemTitle>一</ItemTitle>
            <ItemSentence>
              <Column LineBreak="false" Num="1">
                <Sentence WritingMode="vertical">法第三条第一項に規定する者（次号において「生徒等」という。）に保護者（親権を行う者（親権を行う者のないときは、未成年後見人）をいい、法人である未成年後見人及び児童福祉法（昭和二十二年法律第百六十四号）第三十三条の二第一項、第三十三条の八第二項又は第四十七条第二項の規定により親権を行う児童相談所長その他の文部科学省令で定める者を除く。以下この項において同じ。）がいる場合</Sentence>
              </Column>
              <Column LineBreak="false" Num="2">
                <Sentence WritingMode="vertical">当該保護者</Sentence>
              </Column>
            </ItemSentence>
          </Item>
          <Item Delete="false" Hide="false" Num="2">
            <ItemTitle>二</ItemTitle>
            <ItemSentence>
              <Column LineBreak="false" Num="1">
                <Sentence WritingMode="vertical">生徒等に保護者がいない場合</Sentence>
              </Column>
              <Column LineBreak="false" Num="2">
                <Sentence WritingMode="vertical">当該生徒等（当該生徒等が主として他の者の収入により生計を維持している場合にあっては、当該他の者）</Sentence>
              </Column>
            </ItemSentence>
          </Item>
        </Paragraph>
        <Paragraph Num="2">
          <ParagraphNum>２</ParagraphNum>
          <ParagraphSentence>
            <Sentence>法第三条第二項第三号の保護者等の経済的負担を軽減する必要があるとは認められない者として政令で定める者は、保護者等（前項各号に掲げる場合の区分に応じ、それぞれ当該各号に定める者をいう。以下この項及び第四条第二項において同じ。）について第一号に掲げる額から第二号に掲げる額を控除した額（その額が零を下回る場合又は当該保護者等が地方税法（昭和二十五年法律第二百二十六号）第二百九十五条第一項各号に掲げる者若しくは同法附則第三条の三第四項の規定により同項に規定する市町村民税の所得割を課することができない者である場合には、零とし、その額に百円未満の端数がある場合には、これを切り捨てた額とする。以下この項及び第四条第二項において「算定基準額」という。）（保護者等が二人以上いるときは、その全員の算定基準額を合算した額。第四条第二項において同じ。）が三十万四千二百円以上である者とする。</Sentence>
          </ParagraphSentence>
          <Item Num="1">
            <ItemTitle>一</ItemTitle>
            <ItemSentence>
              <Sentence>高等学校等就学支援金（以下「就学支援金」という。）が支給される月の属する年度（当該月が四月から六月までの月であるときは、その前年度。次号において同じ。）分の地方税法の規定による市町村民税（同法の規定による特別区民税を含む。同号及び第四条第二項において同じ。）に係る同法第三百十四条の三第二項に規定する課税総所得金額、課税退職所得金額及び課税山林所得金額、同法附則第三十三条の二第五項に規定する上場株式等に係る課税配当所得等の金額、同法附則第三十三条の三第五項第一号に規定する土地等に係る課税事業所得等の金額、同法附則第三十四条第四項に規定する課税長期譲渡所得金額、同法附則第三十五条第五項に規定する課税短期譲渡所得金額、同法附則第三十五条の二第五項に規定する一般株式等に係る課税譲渡所得等の金額、同法附則第三十五条の二の二第五項に規定する上場株式等に係る課税譲渡所得等の金額並びに同法附則第三十五条の四第四項に規定する先物取引に係る課税雑所得等の金額、外国居住者等の所得に対する相互主義による所得税等の非課税等に関する法律（昭和三十七年法律第百四十四号）第八条第二項（同法第十二条第五項及び第十六条第二項において準用する場合を含む。）に規定する特例適用利子等の額（同法第八条第八項第四号（同法第十二条第七項及び第十六条第四項において準用する場合を含む。）の規定により読み替えられた地方税法第三百十四条の二の規定の適用がある場合には、その適用後の金額）及び外国居住者等の所得に対する相互主義による所得税等の非課税等に関する法律第八条第四項（同法第十二条第六項及び第十六条第三項において準用する場合を含む。）に規定する特例適用配当等の額（同法第八条第十一項第四号（同法第十二条第八項及び第十六条第五項において準用する場合を含む。）の規定により読み替えられた地方税法第三百十四条の二の規定の適用がある場合には、その適用後の金額）並びに租税条約等の実施に伴う所得税法、法人税法及び地方税法の特例等に関する法律（昭和四十四年法律第四十六号）第三条の二の二第十項に規定する条約適用利子等の額（同条第十一項第四号の規定により読み替えられた地方税法第三百十四条の二の規定の適用がある場合には、その適用後の金額）及び租税条約等の実施に伴う所得税法、法人税法及び地方税法の特例等に関する法律第三条の二の二第十二項に規定する条約適用配当等の額（同条第十四項第四号の規定により読み替えられた地方税法第三百十四条の二の規定の適用がある場合には、その適用後の金額）の合計額に百分の六を乗じた額</Sentence>
            </ItemSentence>
          </Item>
          <Item Num="2">
            <ItemTitle>二</ItemTitle>
            <ItemSentence>
              <Sentence>就学支援金が支給される月の属する年度分の地方税法第三百十四条の六の規定により控除する額（地方自治法（昭和二十二年法律第六十七号）第二百五十二条の十九第一項に規定する指定都市により当該年度分の地方税法の規定による市町村民税の同法第二百九十二条第一項第二号に掲げる所得割を課される者については、当該額に四分の三を乗じた額）</Sentence>
            </ItemSentence>
          </Item>
        </Paragraph>
      </Article>
      <Article Delete="false" Hide="false" Num="2">
        <ArticleCaption>（高等学校等に在学した期間の計算の特例）</ArticleCaption>
        <ArticleTitle>第二条</ArticleTitle>
        <Paragraph Hide="false" Num="1">
          <ParagraphNum/>
          <ParagraphSentence>
            <Sentence WritingMode="vertical">法第三条第三項の政令で定める月は、次に掲げる月とする。</Sentence>
          </ParagraphSentence>
          <Item Delete="false" Hide="false" Num="1">
            <ItemTitle>一</ItemTitle>
            <ItemSentence>
              <Sentence WritingMode="vertical">その初日において在学していた高等学校等（法第二条に規定する高等学校等をいう。以下同じ。）が高等学校定時制課程等（高等学校（専攻科及び別科を除く。以下同じ。）若しくは中等教育学校の後期課程（専攻科及び別科を除く。以下同じ。）の定時制の課程若しくは通信制の課程又は専修学校（高等学校の課程に類する課程であって、夜間その他特別な時間において授業を行うもの又は通信による教育を行うものを置くものとして文部科学省令で定めるものに限る。）をいう。次号において同じ。）のみであった月</Sentence>
            </ItemSentence>
          </Item>
          <Item Delete="false" Hide="false" Num="2">
            <ItemTitle>二</ItemTitle>
            <ItemSentence>
              <Sentence WritingMode="vertical">その初日において在学していた高等学校等が高等学校定時制課程等及びそれ以外の高等学校等であった月（当該高等学校定時制課程等が当該月に係る支給対象高等学校等（法第五条第一項に規定する支給対象高等学校等をいう。以下同じ。）であった月に限る。）</Sentence>
            </ItemSentence>
          </Item>
        </Paragraph>
        <Paragraph Hide="false" Num="2">
          <ParagraphNum>２</ParagraphNum>
          <ParagraphSentence>
            <Sentence WritingMode="vertical">法第三条第三項の政令で定める月数は、一月の四分の三に相当する月数とする。</Sentence>
          </ParagraphSentence>
        </Paragraph>
      </Article>
      <Article Delete="false" Hide="false" Num="3">
        <ArticleCaption>（支給限度額）</ArticleCaption>
        <ArticleTitle>第三条</ArticleTitle>
        <Paragraph Hide="false" Num="1">
          <ParagraphNum/>
          <ParagraphSentence>
            <Sentence WritingMode="vertical">法第五条第一項の政令で定める額は、次の各号に掲げる支給対象高等学校等の区分に応じ、それぞれ当該各号に定める額とする。</Sentence>
          </ParagraphSentence>
          <Item Delete="false" Hide="false" Num="1">
            <ItemTitle>一</ItemTitle>
            <ItemSentence>
              <Column LineBreak="false" Num="1">
                <Sentence WritingMode="vertical">高等学校等（次号から第六号までに掲げるものを除く。）</Sentence>
              </Column>
              <Column LineBreak="false" Num="2">
                <Sentence WritingMode="vertical">九千九百円</Sentence>
              </Column>
            </ItemSentence>
          </Item>
          <Item Delete="false" Hide="false" Num="2">
            <ItemTitle>二</ItemTitle>
            <ItemSentence>
              <Column LineBreak="false" Num="1">
                <Sentence WritingMode="vertical">国立大学法人法（平成十五年法律第百十二号）第二条第一項に規定する国立大学法人（第六号及び次条第一項第一号において単に「国立大学法人」という。）の設置する高等学校及び中等教育学校の後期課程（第五号に掲げるものを除く。）</Sentence>
              </Column>
              <Column LineBreak="false" Num="2">
                <Sentence WritingMode="vertical">九千六百円</Sentence>
              </Column>
            </ItemSentence>
          </Item>
          <Item Delete="false" Hide="false" Num="3">
            <ItemTitle>三</ItemTitle>
            <ItemSentence>
              <Column LineBreak="false" Num="1">
                <Sentence WritingMode="vertical">地方公共団体（地方独立行政法人法（平成十五年法律第百十八号）第六十八条第一項に規定する公立大学法人を含む。次号及び第六号において同じ。）の設置する高等学校及び中等教育学校の後期課程の定時制の課程（第五号に掲げるものを除く。）</Sentence>
              </Column>
              <Column LineBreak="false" Num="2">
                <Sentence WritingMode="vertical">二千七百円</Sentence>
              </Column>
            </ItemSentence>
          </Item>
          <Item Delete="false" Hide="false" Num="4">
            <ItemTitle>四</ItemTitle>
            <ItemSentence>
              <Column LineBreak="false" Num="1">
                <Sentence WritingMode="vertical">地方公共団体の設置する高等学校及び中等教育学校の後期課程の通信制の課程（次号に掲げるものを除く。）</Sentence>
              </Column>
              <Column LineBreak="false" Num="2">
                <Sentence WritingMode="vertical">五百二十円</Sentence>
              </Column>
            </ItemSentence>
          </Item>
          <Item Delete="false" Hide="false" Num="5">
            <ItemTitle>五</ItemTitle>
            <ItemSentence>
              <Column LineBreak="false" Num="1">
                <Sentence WritingMode="vertical">高等学校及び中等教育学校の後期課程並びに専修学校（高等学校の課程に類する課程を置くものとして文部科学省令で定めるものに限る。次条第一項第三号において同じ。）で生徒が履修する科目の単位数に応じて授業料の額を定めるもの</Sentence>
              </Column>
              <Column LineBreak="false" Num="2">
                <Sentence WritingMode="vertical">受給権者（法第五条第一項に規定する受給権者をいう。次条第二項及び第五条において同じ。）が当該学校に在学中の各月に支給される就学支援金の額の総額が三十五万六千四百円を超えない範囲内において、当該各月に履修する科目の単位数に応じて文部科学省令で定めるところにより算定した額</Sentence>
              </Column>
            </ItemSentence>
          </Item>
          <Item Delete="false" Hide="false" Num="6">
            <ItemTitle>六</ItemTitle>
            <ItemSentence>
              <Column LineBreak="false" Num="1">
                <Sentence WritingMode="vertical">国立大学法人及び地方公共団体の設置する特別支援学校の高等部</Sentence>
              </Column>
              <Column LineBreak="false" Num="2">
                <Sentence WritingMode="vertical">四百円</Sentence>
              </Column>
            </ItemSentence>
          </Item>
        </Paragraph>
      </Article>
      <Article Delete="false" Hide="false" Num="4">
        <ArticleCaption>（支給限度額の加算）</ArticleCaption>
        <ArticleTitle>第四条</ArticleTitle>
        <Paragraph Hide="false" Num="1">
          <ParagraphNum/>
          <ParagraphSentence>
            <Sentence WritingMode="vertical">法第五条第二項の政令で定める高等学校等は、次に掲げる高等学校等とする。</Sentence>
          </ParagraphSentence>
          <Item Delete="false" Hide="false" Num="1">
            <ItemTitle>一</ItemTitle>
            <ItemSentence>
              <Sentence WritingMode="vertical">国（独立行政法人通則法（平成十一年法律第百三号）第二条第一項に規定する独立行政法人及び国立大学法人を含む。）及び地方公共団体（地方独立行政法人法第二条第一項に規定する地方独立行政法人を含む。次号及び次項第三号において同じ。）以外の者の設置する高等学校等</Sentence>
            </ItemSentence>
          </Item>
          <Item Delete="false" Hide="false" Num="2">
            <ItemTitle>二</ItemTitle>
            <ItemSentence>
              <Sentence WritingMode="vertical">独立行政法人国立高等専門学校機構又は地方公共団体の設置する高等専門学校（第一学年から第三学年までに限る。次項第三号において同じ。）</Sentence>
            </ItemSentence>
          </Item>
          <Item Delete="false" Hide="false" Num="3">
            <ItemTitle>三</ItemTitle>
            <ItemSentence>
              <Sentence WritingMode="vertical">地方公共団体の設置する専修学校</Sentence>
            </ItemSentence>
          </Item>
        </Paragraph>
        <Paragraph Hide="false" Num="2">
          <ParagraphNum>２</ParagraphNum>
          <ParagraphSentence>
            <Sentence WritingMode="vertical">法第五条第二項の政令で定める受給権者は、算定基準額が十五万四千五百円未満である受給権者（保護者等が市町村民税の賦課期日において地方税法の施行地に住所を有する者である受給権者に限る。以下この項において同じ。）とし、同条第二項の規定により読み替えて適用する同条第一項の政令で定める額に政令で定める額を加えた額は、当該受給権者の次の各号に掲げる区分に応じ、それぞれ当該各号に定める額とする。</Sentence>
          </ParagraphSentence>
          <Item Num="1">
            <ItemTitle>一</ItemTitle>
            <ItemSentence>
              <Column Num="1">
                <Sentence>前条第一号及び第五号に掲げる支給対象高等学校等に在学する者（次号及び第三号に掲げる者を除く。）</Sentence>
              </Column>
              <Column Num="2">
                <Sentence>当該受給権者の支給対象高等学校等についての同条第一号又は第五号に掲げる区分に応じ、それぞれ当該各号に定める額に当該額の三分の七に相当する額を加えた額</Sentence>
              </Column>
            </ItemSentence>
          </Item>
          <Item Num="2">
            <ItemTitle>二</ItemTitle>
            <ItemSentence>
              <Column Num="1">
                <Sentence>前条第一号及び第五号に掲げる支給対象高等学校等の通信制の課程に在学する者</Sentence>
              </Column>
              <Column Num="2">
                <Sentence>当該受給権者の支給対象高等学校等についての同条第一号又は第五号に掲げる区分に応じ、それぞれ当該各号に定める額に当該額の二分の三に相当する額を加えた額</Sentence>
              </Column>
            </ItemSentence>
          </Item>
          <Item Num="3">
            <ItemTitle>三</ItemTitle>
            <ItemSentence>
              <Column Num="1">
                <Sentence>独立行政法人国立高等専門学校機構又は地方公共団体の設置する高等専門学校に在学する者</Sentence>
              </Column>
              <Column Num="2">
                <Sentence>前条第一号に定める額に九千六百五十円を加えた額</Sentence>
              </Column>
            </ItemSentence>
          </Item>
        </Paragraph>
      </Article>
      <Article Delete="false" Hide="false" Num="5">
        <ArticleCaption>（就学支援金の支給の停止）</ArticleCaption>
        <ArticleTitle>第五条</ArticleTitle>
        <Paragraph Hide="false" Num="1">
          <ParagraphNum/>
          <ParagraphSentence>
            <Sentence WritingMode="vertical">法第八条第一項の政令で定める場合は、受給権者が支給対象高等学校等を休学した場合とする。</Sentence>
          </ParagraphSentence>
        </Paragraph>
        <Paragraph Hide="false" Num="2">
          <ParagraphNum>２</ParagraphNum>
          <ParagraphSentence>
            <Sentence WritingMode="vertical">就学支援金は、法第八条第一項の規定による申出をした受給権者については、前項に規定する場合に該当する旨の申出をした日（当該申出が支給対象高等学校等の設置者に到達した日をいう。）の属する月の翌月から当該場合に該当しなくなった旨の申出をした日（当該申出が支給対象高等学校等の設置者に到達した日をいう。）の属する月までの間、その支給を停止する。</Sentence>
          </ParagraphSentence>
        </Paragraph>
      </Article>
    </MainProvision>
    <SupplProvision Extract="true" Type="New">
      <SupplProvisionLabel>附　則</SupplProvisionLabel>
      <Paragraph Hide="false" Num="1">
        <ParagraphCaption>（施行期日）</ParagraphCaption>
        <ParagraphNum>１</ParagraphNum>
        <ParagraphSentence>
          <Sentence WritingMode="vertical">この政令は、公布の日から施行する。</Sentence>
        </ParagraphSentence>
      </Paragraph>
    </SupplProvision>
    <SupplProvision AmendLawNum="平成二三年一二月一六日政令第三九六号" Type="Amend">
      <SupplProvisionLabel>附　則</SupplProvisionLabel>
      <Paragraph Hide="false" Num="1">
        <ParagraphNum/>
        <ParagraphSentence>
          <Sentence WritingMode="vertical">この政令は、民法等の一部を改正する法律の施行の日（平成二十四年四月一日）から施行する。</Sentence>
        </ParagraphSentence>
      </Paragraph>
    </SupplProvision>
    <SupplProvision AmendLawNum="平成二四年七月二五日政令第二〇〇号" Type="Amend">
      <SupplProvisionLabel>附　則</SupplProvisionLabel>
      <Paragraph Hide="false" Num="1">
        <ParagraphCaption>（施行期日）</ParagraphCaption>
        <ParagraphNum>１</ParagraphNum>
        <ParagraphSentence>
          <Sentence WritingMode="vertical">この政令は、公布の日から施行する。</Sentence>
        </ParagraphSentence>
      </Paragraph>
      <Paragraph Hide="false" Num="2">
        <ParagraphCaption>（経過措置）</ParagraphCaption>
        <ParagraphNum>２</ParagraphNum>
        <ParagraphSentence>
          <Sentence WritingMode="vertical">この政令による改正後の公立高等学校に係る授業料の不徴収及び高等学校等就学支援金の支給に関する法律施行令第四条第一項及び第三項の規定は、平成二十四年七月分以降の月分の高等学校等就学支援金の支給について適用し、同年六月分以前の月分の高等学校等就学支援金の支給については、なお従前の例による。</Sentence>
        </ParagraphSentence>
      </Paragraph>
    </SupplProvision>
    <SupplProvision AmendLawNum="平成二五年三月二九日政令第九九号" Type="Amend">
      <SupplProvisionLabel>附　則</SupplProvisionLabel>
      <Paragraph Hide="false" Num="1">
        <ParagraphCaption>（施行期日）</ParagraphCaption>
        <ParagraphNum>１</ParagraphNum>
        <ParagraphSentence>
          <Sentence WritingMode="vertical">この政令は、平成二十五年四月一日から施行する。</Sentence>
        </ParagraphSentence>
      </Paragraph>
      <Paragraph Hide="false" Num="2">
        <ParagraphCaption>（経過措置）</ParagraphCaption>
        <ParagraphNum>２</ParagraphNum>
        <ParagraphSentence>
          <Sentence WritingMode="vertical">この政令による改正後の公立高等学校に係る授業料の不徴収及び高等学校等就学支援金の支給に関する法律施行令（次項において「新令」という。）第二条第一項の規定は、平成二十五年四月以後の月に係る私立高等学校等（公立高等学校に係る授業料の不徴収及び高等学校等就学支援金の支給に関する法律第二条第三項に規定する私立高等学校等をいう。以下同じ。）に在学した期間の計算について適用し、同年三月以前の月に係る私立高等学校等に在学した期間の計算については、なお従前の例による。</Sentence>
        </ParagraphSentence>
      </Paragraph>
      <Paragraph Hide="false" Num="3">
        <ParagraphNum>３</ParagraphNum>
        <ParagraphSentence>
          <Sentence WritingMode="vertical">新令第三条の規定は、平成二十五年四月分以降の月分の高等学校等就学支援金の支給について適用し、同年三月分以前の月分の高等学校等就学支援金の支給については、なお従前の例による。</Sentence>
        </ParagraphSentence>
      </Paragraph>
    </SupplProvision>
    <SupplProvision AmendLawNum="平成二六年三月三一日政令第一二四号" Extract="true" Type="Amend">
      <SupplProvisionLabel>附　則</SupplProvisionLabel>
      <Article Delete="false" Hide="false" Num="1">
        <ArticleCaption>（施行期日）</ArticleCaption>
        <ArticleTitle>第一条</ArticleTitle>
        <Paragraph Hide="false" Num="1">
          <ParagraphNum/>
          <ParagraphSentence>
            <Sentence WritingMode="vertical">この政令は、平成二十六年四月一日から施行する。</Sentence>
          </ParagraphSentence>
        </Paragraph>
      </Article>
    </SupplProvision>
    <SupplProvision AmendLawNum="平成二八年一一月二四日政令第三五三号" Extract="true" Type="Amend">
      <SupplProvisionLabel>附　則</SupplProvisionLabel>
      <Article Delete="false" Hide="false" Num="1">
        <ArticleCaption>（施行期日）</ArticleCaption>
        <ArticleTitle>第一条</ArticleTitle>
        <Paragraph Hide="false" Num="1">
          <ParagraphNum/>
          <ParagraphSentence>
            <Sentence WritingMode="vertical">この政令は、平成二十九年四月一日から施行する。</Sentence>
          </ParagraphSentence>
        </Paragraph>
      </Article>
    </SupplProvision>
    <SupplProvision AmendLawNum="平成二九年一二月八日政令第三〇一号" Type="Amend">
      <SupplProvisionLabel>附　則</SupplProvisionLabel>
      <Paragraph Hide="false" Num="1">
        <ParagraphCaption>（施行期日）</ParagraphCaption>
        <ParagraphNum>１</ParagraphNum>
        <ParagraphSentence>
          <Sentence WritingMode="vertical">この政令は、平成三十年七月一日から施行する。</Sentence>
        </ParagraphSentence>
      </Paragraph>
      <Paragraph Hide="false" Num="2">
        <ParagraphCaption>（経過措置）</ParagraphCaption>
        <ParagraphNum>２</ParagraphNum>
        <ParagraphSentence>
          <Sentence WritingMode="vertical">この政令による改正後の高等学校等就学支援金の支給に関する法律施行令第一条第二項及び第四条第二項の規定は、平成三十年七月分以降の月分の高等学校等就学支援金の支給について適用し、同年六月分以前の月分の高等学校等就学支援金の支給については、なお従前の例による。</Sentence>
        </ParagraphSentence>
      </Paragraph>
    </SupplProvision>
    <SupplProvision AmendLawNum="令和二年三月三〇日政令第八九号">
      <SupplProvisionLabel>附　則</SupplProvisionLabel>
      <Paragraph Num="1">
        <ParagraphCaption>（施行期日）</ParagraphCaption>
        <ParagraphNum>１</ParagraphNum>
        <ParagraphSentence>
          <Sentence>この政令は、令和二年四月一日から施行する。</Sentence>
        </ParagraphSentence>
      </Paragraph>
      <Paragraph Num="2">
        <ParagraphCaption>（経過措置）</ParagraphCaption>
        <ParagraphNum>２</ParagraphNum>
        <ParagraphSentence>
          <Sentence>この政令による改正後の高等学校等就学支援金の支給に関する法律施行令（次項において「新令」という。）第一条第二項の規定は、令和二年七月分以降の月分の高等学校等就学支援金の支給について適用し、同年六月分以前の月分の高等学校等就学支援金の支給については、なお従前の例による。</Sentence>
        </ParagraphSentence>
      </Paragraph>
      <Paragraph Num="3">
        <ParagraphNum>３</ParagraphNum>
        <ParagraphSentence>
          <Sentence Num="1">新令第四条第二項の規定は、令和二年四月分以降の月分の高等学校等就学支援金の支給について適用し、同年三月分以前の月分の高等学校等就学支援金の支給については、なお従前の例による。</Sentence>
          <Sentence Num="2">この場合において、同年四月分から六月分までの高等学校等就学支援金の支給に係る同項の規定の適用については、同項中「算定基準額が十五万四千五百円」とあるのは「保護者等の令和元年度分の道府県民税所得割（地方税法の規定による道府県民税（同法の規定による都民税を含む。以下この項において同じ。）の同法第二十三条第一項第二号に掲げる所得割（同法第五十条の二の規定によって課する所得割を除く。）をいう。）の額と市町村民税所得割（同法の規定による市町村民税の同法第二百九十二条第一項第二号に掲げる所得割（同法第三百二十八条の規定によって課する所得割を除く。）をいう。）の額とを合算した額が二十五万七千五百円」と、「市町村民税」とあるのは「道府県民税及び市町村民税」と、「同条第二項」とあるのは「法第五条第二項」とする。</Sentence>
        </ParagraphSentence>
      </Paragraph>
    </SupplProvision>
  </LawBody>
</Law>
