<?xml version="1.0" encoding="UTF-8" standalone="no"?>
<Law DataInfo="200402e80k80m01" Era="Heisei" Lang="ja" LawType="CabinetOrder" Num="222" Year="22">
  <LawNum>平成二十二年政令第二百二十二号</LawNum>
  <LawBody>
    <LawTitle>平成二十二年四月以降において発生が確認された口蹄疫に起因して生じた事態に対処するための手当金等についての所得税及び法人税の臨時特例に関する法律施行令</LawTitle>
    <EnactStatement>内閣は、平成二十二年四月以降において発生が確認された口蹄疫に起因して生じた事態に対処するための手当金等についての所得税及び法人税の臨時特例に関する法律（平成二十二年法律第五十号）第一条及び第二条第四項の規定に基づき、この政令を制定する。</EnactStatement>
    <MainProvision>
      <Article Delete="false" Hide="false" Num="1">
        <ArticleCaption>（所得税の特例）</ArticleCaption>
        <ArticleTitle>第一条</ArticleTitle>
        <Paragraph Hide="false" Num="1">
          <ParagraphNum/>
          <ParagraphSentence>
            <Sentence WritingMode="vertical">平成二十二年四月以降において発生が確認された口蹄疫に起因して生じた事態に対処するための手当金等についての所得税及び法人税の臨時特例に関する法律（以下「法」という。）第一条第一項に規定する政令で定める要件は、農林水産大臣が指定する地方公共団体が、家畜伝染病予防法（昭和二十六年法律第百六十六号）第五十八条第一項第三号に規定する当該家畜についてその評価額の五分の一に相当する金額を、又は同項第五号に規定する当該物品についてその評価額の五分の一に相当する金額を交付するものであることとする。</Sentence>
          </ParagraphSentence>
        </Paragraph>
        <Paragraph Hide="false" Num="2">
          <ParagraphNum>２</ParagraphNum>
          <ParagraphSentence>
            <Sentence WritingMode="vertical">法第一条第一項に規定する政令で定める補助金又は給付金は、平成二十二年四月以降において発生が確認された口<Ruby>蹄<Rt>てい</Rt>
</Ruby>疫に起因して生じた事態に対処するために交付される補助金又は給付金であって農林水産大臣が財務大臣と協議して指定するものとする。</Sentence>
          </ParagraphSentence>
        </Paragraph>
        <Paragraph Hide="false" Num="3">
          <ParagraphNum>３</ParagraphNum>
          <ParagraphSentence>
            <Sentence WritingMode="vertical">法第一条第一項の規定により所得税が免除されることとなる手当金等の交付により生じた所得の金額は、手当金等（同項に規定する手当金等をいう。以下同じ。）の額の合計額から当該手当金等の額の計算の基礎となった家畜に係る損失の額及び費用の額の合計額を控除した金額とする。</Sentence>
          </ParagraphSentence>
        </Paragraph>
        <Paragraph Hide="false" Num="4">
          <ParagraphNum>４</ParagraphNum>
          <ParagraphSentence>
            <Sentence WritingMode="vertical">前項の場合において、当該手当金等の額の計算の基礎となった家畜と当該家畜以外の家畜の双方に関連して生じた費用の額（以下この項において「共通費用の額」という。）があるときは、前項に規定する費用の額に算入すべき金額は、当該共通費用の額のうち、当該手当金等の額、当該手当金等の額の計算の基礎となった日数その他合理的な基準により当該手当金等の額の計算の基礎となった家畜に係る費用の額として配分されるものに限るものとする。</Sentence>
          </ParagraphSentence>
        </Paragraph>
        <Paragraph Hide="false" Num="5">
          <ParagraphNum>５</ParagraphNum>
          <ParagraphSentence>
            <Sentence WritingMode="vertical">法第一条第一項の規定により免除される所得税の額は、その年分の所得税法（昭和四十年法律第三十三号）第二十二条第二項に規定する総所得金額（以下この項において「総所得金額」という。）に係る所得税の額から法第一条第一項に規定する所得の金額がないものとして計算した場合における総所得金額に係る所得税の額を控除した金額とする。</Sentence>
          </ParagraphSentence>
        </Paragraph>
        <Paragraph Hide="false" Num="6">
          <ParagraphNum>６</ParagraphNum>
          <ParagraphSentence>
            <Sentence WritingMode="vertical">法第一条第一項の規定は、確定申告書（所得税法第二条第一項第三十七号に規定する確定申告書をいう。次項において同じ。）に手当金等の交付により生じた所得の金額の計算に関する明細書その他財務省令で定める書類の添付がある場合に限り、適用する。</Sentence>
          </ParagraphSentence>
        </Paragraph>
        <Paragraph Hide="false" Num="7">
          <ParagraphNum>７</ParagraphNum>
          <ParagraphSentence>
            <Sentence WritingMode="vertical">税務署長は、前項の添付がない確定申告書の提出があった場合においても、その添付がなかったことについてやむを得ない事情があると認めるときは、同項に規定する明細書及び書類の提出があった場合に限り、法第一条第一項の規定を適用することができる。</Sentence>
          </ParagraphSentence>
        </Paragraph>
        <Paragraph Hide="false" Num="8">
          <ParagraphNum>８</ParagraphNum>
          <ParagraphSentence>
            <Sentence WritingMode="vertical">その年分の所得税につき法第一条第一項の規定の適用を受ける場合における租税特別措置法（昭和三十二年法律第二十六号）第二十五条第二項の規定の適用については、同項第二号中「事業所得の金額」とあるのは、「事業所得の金額及び平成二十二年四月以降において発生が確認された口蹄疫に起因して生じた事態に対処するための手当金等についての所得税及び法人税の臨時特例に関する法律（平成二十二年法律第五十号）第一条第一項に規定する所得の金額の合計額」とする。</Sentence>
          </ParagraphSentence>
        </Paragraph>
        <Paragraph Hide="false" Num="9">
          <ParagraphNum>９</ParagraphNum>
          <ParagraphSentence>
            <Sentence WritingMode="vertical">その年分の所得税につき法第一条第一項の規定の適用を受ける場合における租税特別措置法施行令（昭和三十二年政令第四十三号）第十七条第四項の規定の適用については、同項中「総所得金額に係る所得税の額から同項に規定する所得の金額」とあるのは、「平成二十二年四月以降において発生が確認された口蹄疫に起因して生じた事態に対処するための手当金等についての所得税及び法人税の臨時特例に関する法律（平成二十二年法律第五十号）第一条第一項に規定する所得の金額がないものとして計算した場合における総所得金額に係る所得税の額から同項に規定する所得の金額及び法第二十五条第一項に規定する所得の金額の合計額」とする。</Sentence>
          </ParagraphSentence>
        </Paragraph>
        <Paragraph Hide="false" Num="10">
          <ParagraphNum>10</ParagraphNum>
          <ParagraphSentence>
            <Sentence WritingMode="vertical">農林水産大臣は、第一項の規定により地方公共団体を指定し、又は第二項の規定により補助金若しくは給付金を指定したときは、これを告示する。</Sentence>
          </ParagraphSentence>
        </Paragraph>
      </Article>
      <Article Delete="false" Hide="false" Num="2">
        <ArticleCaption>（法人税の特例）</ArticleCaption>
        <ArticleTitle>第二条</ArticleTitle>
        <Paragraph Hide="false" Num="1">
          <ParagraphNum/>
          <ParagraphSentence>
            <Sentence WritingMode="vertical">法第二条第一項又は第二項の規定により損金の額に算入されることとなる金額に相当する手当金等に係る利益の額は、当該手当金等の額の合計額から当該手当金等の額の計算の基礎となった家畜に係る原価の額、費用の額及び損失の額の合計額を控除した金額とする。</Sentence>
          </ParagraphSentence>
        </Paragraph>
        <Paragraph Hide="false" Num="2">
          <ParagraphNum>２</ParagraphNum>
          <ParagraphSentence>
            <Sentence WritingMode="vertical">法第二条第一項又は第二項の規定は、これらの規定の適用を受けようとする事業年度又は連結事業年度の確定申告書等又は連結確定申告書等に、これらの規定により損金の額に算入される金額の損金算入に関する申告の記載があり、かつ、当該確定申告書等又は連結確定申告書等にその損金の額に算入される金額の計算に関する明細書その他財務省令で定める書類の添付がある場合に限り、適用する。</Sentence>
          </ParagraphSentence>
        </Paragraph>
        <Paragraph Hide="false" Num="3">
          <ParagraphNum>３</ParagraphNum>
          <ParagraphSentence>
            <Sentence WritingMode="vertical">税務署長は、前項の記載又は明細書及び書類の添付がない確定申告書等又は連結確定申告書等の提出があった場合においても、その記載又は明細書及び書類の添付がなかったことについてやむを得ない事情があると認めるときは、当該記載をした書類並びに同項に規定する明細書及び書類の提出があった場合に限り、法第二条第一項又は第二項の規定を適用することができる。</Sentence>
          </ParagraphSentence>
        </Paragraph>
        <Paragraph Hide="false" Num="4">
          <ParagraphNum>４</ParagraphNum>
          <ParagraphSentence>
            <Sentence WritingMode="vertical">前二項において、次の各号に掲げる用語の意義は、当該各号に定めるところによる。</Sentence>
          </ParagraphSentence>
          <Item Delete="false" Hide="false" Num="1">
            <ItemTitle>一</ItemTitle>
            <ItemSentence>
              <Column LineBreak="false" Num="1">
                <Sentence WritingMode="vertical">事業年度</Sentence>
              </Column>
              <Column LineBreak="false" Num="2">
                <Sentence WritingMode="vertical">法第二条第三項第二号に規定する事業年度をいう。</Sentence>
              </Column>
            </ItemSentence>
          </Item>
          <Item Delete="false" Hide="false" Num="2">
            <ItemTitle>二</ItemTitle>
            <ItemSentence>
              <Column LineBreak="false" Num="1">
                <Sentence WritingMode="vertical">連結事業年度</Sentence>
              </Column>
              <Column LineBreak="false" Num="2">
                <Sentence WritingMode="vertical">法第二条第三項第六号に規定する連結事業年度をいう。</Sentence>
              </Column>
            </ItemSentence>
          </Item>
          <Item Delete="false" Hide="false" Num="3">
            <ItemTitle>三</ItemTitle>
            <ItemSentence>
              <Column LineBreak="false" Num="1">
                <Sentence WritingMode="vertical">確定申告書等</Sentence>
              </Column>
              <Column LineBreak="false" Num="2">
                <Sentence WritingMode="vertical">租税特別措置法第二条第二項第二十七号に規定する確定申告書等をいう。</Sentence>
              </Column>
            </ItemSentence>
          </Item>
          <Item Delete="false" Hide="false" Num="4">
            <ItemTitle>四</ItemTitle>
            <ItemSentence>
              <Column LineBreak="false" Num="1">
                <Sentence WritingMode="vertical">連結確定申告書等</Sentence>
              </Column>
              <Column LineBreak="false" Num="2">
                <Sentence WritingMode="vertical">租税特別措置法第二条第二項第二十七号の二に規定する連結確定申告書等をいう。</Sentence>
              </Column>
            </ItemSentence>
          </Item>
        </Paragraph>
        <Paragraph Hide="false" Num="5">
          <ParagraphNum>５</ParagraphNum>
          <ParagraphSentence>
            <Sentence WritingMode="vertical">法第二条第一項の規定の適用を受けた法人の法人税法（昭和四十年法律第三十四号）第二条第十八号に規定する利益積立金額の計算については、同項の規定により損金の額に算入される金額は、法人税法施行令（昭和四十年政令第九十七号）第九条第一項第一号イに規定する所得の金額に含まれるものとする。</Sentence>
          </ParagraphSentence>
        </Paragraph>
        <Paragraph Hide="false" Num="6">
          <ParagraphNum>６</ParagraphNum>
          <ParagraphSentence>
            <Sentence WritingMode="vertical">法第二条第二項の規定の適用がある場合における法人税法第二条第十八号の二に規定する連結利益積立金額又は同項に規定する連結親法人若しくはその連結子法人の同条第十八号の三に規定する連結個別利益積立金額の計算については、同項の規定により損金の額に算入される金額は、当該連結親法人又はその連結子法人の法人税法施行令第九条の二第一項第一号イに規定する個別所得金額に含まれるものとする。</Sentence>
          </ParagraphSentence>
        </Paragraph>
        <Paragraph Hide="false" Num="7">
          <ParagraphNum>７</ParagraphNum>
          <ParagraphSentence>
            <Sentence WritingMode="vertical">法第二条第二項の規定の適用がある場合において、同項に規定する連結親法人又はその連結子法人の法人税法第八十一条の十八第一項に規定する個別所得金額又は個別欠損金額を計算するときは、法第二条第二項の規定により損金の額に算入される金額は、法人税法第八十一条の十八第一項に規定する個別帰属損金額に含まれるものとする。</Sentence>
          </ParagraphSentence>
        </Paragraph>
      </Article>
    </MainProvision>
    <SupplProvision Extract="false" Type="New">
      <SupplProvisionLabel>附　則</SupplProvisionLabel>
      <Paragraph Hide="false" Num="1">
        <ParagraphNum/>
        <ParagraphSentence>
          <Sentence WritingMode="vertical">この政令は、公布の日から施行する。</Sentence>
        </ParagraphSentence>
      </Paragraph>
    </SupplProvision>
  </LawBody>
</Law>
