<?xml version="1.0" encoding="UTF-8" standalone="no"?>
<Law Era="Heisei" Lang="ja" LawType="CabinetOrder" Num="183" Year="23">
  <LawNum>平成二十三年政令第百八十三号</LawNum>
  <LawBody>
    <LawTitle>東日本大震災による私的独占の禁止及び公正取引の確保に関する法律第九条第四項の規定による報告書の提出等の義務の不履行についての免責に係る期限に関する政令</LawTitle>
    <EnactStatement>内閣は、特定非常災害の被害者の権利利益の保全等を図るための特別措置に関する法律（平成八年法律第八十五号）第四条第三項の規定に基づき、この政令を制定する。</EnactStatement>
    <MainProvision>
      <Paragraph Hide="false" Num="1">
        <ParagraphNum/>
        <ParagraphSentence>
          <Sentence WritingMode="vertical">東日本大震災についての特定非常災害及びこれに対し適用すべき措置の指定に関する政令（平成二十三年政令第十九号）第一条の規定により特定非常災害として指定された東日本大震災による義務の不履行であって、私的独占の禁止及び公正取引の確保に関する法律（昭和二十二年法律第五十四号）第九条第四項の規定による報告書の提出及び同条第七項の規定による届出の義務に係るものについての特定非常災害の被害者の権利利益の保全等を図るための特別措置に関する法律第四条第三項に規定する免責に係る期限は、平成二十三年九月三十日とする。</Sentence>
        </ParagraphSentence>
      </Paragraph>
    </MainProvision>
    <SupplProvision>
      <SupplProvisionLabel>附　則</SupplProvisionLabel>
      <Paragraph Hide="false" Num="1">
        <ParagraphNum/>
        <ParagraphSentence>
          <Sentence WritingMode="vertical">この政令は、公布の日から施行する。</Sentence>
        </ParagraphSentence>
      </Paragraph>
    </SupplProvision>
  </LawBody>
</Law>
