<?xml version="1.0" encoding="UTF-8" standalone="no"?>
<Law DataInfo="200402e80k80m01" Era="Heisei" Lang="ja" LawType="CabinetOrder" Num="294" Year="23">
  <LawNum>平成二十三年政令第二百九十四号</LawNum>
  <LawBody>
    <LawTitle>平成二十三年原子力事故による被害に係る緊急措置に関する法律施行令</LawTitle>
    <EnactStatement>内閣は、平成二十三年原子力事故による被害に係る緊急措置に関する法律（平成二十三年法律第九十一号）第三条第一項、第四条第一項本文、第五条第一項、第八条第三項及び第五項、第九条第一項、第十五条並びに第十六条の規定に基づき、この政令を制定する。</EnactStatement>
    <MainProvision>
      <Article Delete="false" Hide="false" Num="1">
        <ArticleCaption>（仮払金対象損害）</ArticleCaption>
        <ArticleTitle>第一条</ArticleTitle>
        <Paragraph Hide="false" Num="1">
          <ParagraphNum/>
          <ParagraphSentence>
            <Sentence WritingMode="vertical">平成二十三年原子力事故による被害に係る緊急措置に関する法律（以下「法」という。）第三条第一項の政令で定める特定原子力損害は、特定原子力損害のうち平成二十三年原子力事故に係る放射性物質による汚染の有無又はその状況が明らかになっていないことに起因する観光客の数の減少に伴う商品の販売又は役務の提供に係る取引の数量の減少又はその価格の低下（以下「平成二十三年原子力事故による取引の数量の減少等」という。）による収益の減少に係るものであって、福島県、茨城県、栃木県又は群馬県の区域内の営業所又は事務所において次に掲げる事業を行う者（中小企業基本法（昭和三十八年法律第百五十四号）第二条第一項に規定する中小企業者その他主務省令で定める者であるものに限る。）が当該事業について受けたもの（以下「仮払金対象損害」という。）とする。</Sentence>
          </ParagraphSentence>
          <Item Delete="false" Hide="false" Num="1">
            <ItemTitle>一</ItemTitle>
            <ItemSentence>
              <Sentence WritingMode="vertical">旅館業法（昭和二十三年法律第百三十八号）第二条第一項に規定する旅館業</Sentence>
            </ItemSentence>
          </Item>
          <Item Delete="false" Hide="false" Num="2">
            <ItemTitle>二</ItemTitle>
            <ItemSentence>
              <Sentence WritingMode="vertical">道路運送法（昭和二十六年法律第百八十三号）第三条第一号ロに規定する一般貸切旅客自動車運送事業</Sentence>
            </ItemSentence>
          </Item>
          <Item Delete="false" Hide="false" Num="3">
            <ItemTitle>三</ItemTitle>
            <ItemSentence>
              <Sentence WritingMode="vertical">旅行業法（昭和二十七年法律第二百三十九号）第二条第一項に規定する旅行業</Sentence>
            </ItemSentence>
          </Item>
          <Item Delete="false" Hide="false" Num="4">
            <ItemTitle>四</ItemTitle>
            <ItemSentence>
              <Sentence WritingMode="vertical">主として観光客を対象とする小売業</Sentence>
            </ItemSentence>
          </Item>
          <Item Delete="false" Hide="false" Num="5">
            <ItemTitle>五</ItemTitle>
            <ItemSentence>
              <Sentence WritingMode="vertical">主として観光客を対象とする外食産業</Sentence>
            </ItemSentence>
          </Item>
          <Item Delete="false" Hide="false" Num="6">
            <ItemTitle>六</ItemTitle>
            <ItemSentence>
              <Sentence WritingMode="vertical">前各号に掲げるもののほか、平成二十三年原子力事故による取引の数量の減少等により当該事業を行う事業者に相当程度の収益の減少が生じていると認められる事業として主務省令で定める事業</Sentence>
            </ItemSentence>
          </Item>
        </Paragraph>
      </Article>
      <Article Delete="false" Hide="false" Num="2">
        <ArticleCaption>（仮払金の額の算定）</ArticleCaption>
        <ArticleTitle>第二条</ArticleTitle>
        <Paragraph Hide="false" Num="1">
          <ParagraphNum/>
          <ParagraphSentence>
            <Sentence WritingMode="vertical">法第四条第一項本文の政令で定める資料は、次に掲げる資料とする。</Sentence>
          </ParagraphSentence>
          <Item Delete="false" Hide="false" Num="1">
            <ItemTitle>一</ItemTitle>
            <ItemSentence>
              <Sentence WritingMode="vertical">戸籍若しくは住民票の謄本若しくは抄本若しくは登記事項証明書又はこれに準ずべき書面</Sentence>
            </ItemSentence>
          </Item>
          <Item Delete="false" Hide="false" Num="2">
            <ItemTitle>二</ItemTitle>
            <ItemSentence>
              <Sentence WritingMode="vertical">法第五条第一項の規定による仮払金の支払の請求をしようとする仮払金対象損害（以下「請求対象損害」という。）に係る事業（以下この条において「請求対象事業」という。）に係る平成二十三年三月十一日を含む事業年度前の事業年度で主務省令で定めるものにおける収益の額を証する書類であって主務省令で定めるもの</Sentence>
            </ItemSentence>
          </Item>
          <Item Delete="false" Hide="false" Num="3">
            <ItemTitle>三</ItemTitle>
            <ItemSentence>
              <Sentence WritingMode="vertical">請求対象損害の額の算定の基礎となる期間（次項において「請求対象期間」という。）における請求対象事業に係る収支の状況を証する書類であって主務省令で定めるもの</Sentence>
            </ItemSentence>
          </Item>
          <Item Delete="false" Hide="false" Num="4">
            <ItemTitle>四</ItemTitle>
            <ItemSentence>
              <Sentence WritingMode="vertical">請求対象事業が前条第四号又は第五号に掲げる事業である者にあっては、当該事業を主として観光客を対象として行っていることを証する書類であって主務省令で定めるもの</Sentence>
            </ItemSentence>
          </Item>
          <Item Delete="false" Hide="false" Num="5">
            <ItemTitle>五</ItemTitle>
            <ItemSentence>
              <Sentence WritingMode="vertical">その他主務省令で定める資料</Sentence>
            </ItemSentence>
          </Item>
        </Paragraph>
        <Paragraph Hide="false" Num="2">
          <ParagraphNum>２</ParagraphNum>
          <ParagraphSentence>
            <Sentence WritingMode="vertical">法第四条第一項本文の政令で定める簡易な方法は、請求対象期間における請求対象事業に係る収益の減少額として前項に規定する資料に基づき主務省令で定めるところにより算定した額から、当該額のうち平成二十三年原子力事故による取引の数量の減少等以外の事由により生じたものと認められる額を控除するために相当な額として主務省令で定めるところにより算定した額を控除する方法とする。</Sentence>
          </ParagraphSentence>
        </Paragraph>
        <Paragraph Hide="false" Num="3">
          <ParagraphNum>３</ParagraphNum>
          <ParagraphSentence>
            <Sentence WritingMode="vertical">法第四条第一項本文の政令で定める割合は、十分の五とする。</Sentence>
          </ParagraphSentence>
        </Paragraph>
      </Article>
      <Article Delete="false" Hide="false" Num="3">
        <ArticleCaption>（仮払金の支払の請求）</ArticleCaption>
        <ArticleTitle>第三条</ArticleTitle>
        <Paragraph Hide="false" Num="1">
          <ParagraphNum/>
          <ParagraphSentence>
            <Sentence WritingMode="vertical">法第五条第一項の規定による仮払金の支払の請求をしようとする者（以下「請求者」という。）は、主務省令で定めるところにより、次に掲げる事項を記載した請求書を法第十五条に規定する主務大臣（以下単に「主務大臣」という。）に提出しなければならない。</Sentence>
          </ParagraphSentence>
          <Item Delete="false" Hide="false" Num="1">
            <ItemTitle>一</ItemTitle>
            <ItemSentence>
              <Sentence WritingMode="vertical">請求者の氏名又は名称及び住所又は本店若しくは主たる事務所の所在地</Sentence>
            </ItemSentence>
          </Item>
          <Item Delete="false" Hide="false" Num="2">
            <ItemTitle>二</ItemTitle>
            <ItemSentence>
              <Sentence WritingMode="vertical">請求対象損害の概要</Sentence>
            </ItemSentence>
          </Item>
          <Item Delete="false" Hide="false" Num="3">
            <ItemTitle>三</ItemTitle>
            <ItemSentence>
              <Sentence WritingMode="vertical">仮払金の請求額及びその算定の基礎</Sentence>
            </ItemSentence>
          </Item>
          <Item Delete="false" Hide="false" Num="4">
            <ItemTitle>四</ItemTitle>
            <ItemSentence>
              <Sentence WritingMode="vertical">その他主務省令で定める事項</Sentence>
            </ItemSentence>
          </Item>
        </Paragraph>
        <Paragraph Hide="false" Num="2">
          <ParagraphNum>２</ParagraphNum>
          <ParagraphSentence>
            <Sentence WritingMode="vertical">前項の請求書には、次に掲げる資料を添付しなければならない。</Sentence>
          </ParagraphSentence>
          <Item Delete="false" Hide="false" Num="1">
            <ItemTitle>一</ItemTitle>
            <ItemSentence>
              <Sentence WritingMode="vertical">前条第一項に規定する資料</Sentence>
            </ItemSentence>
          </Item>
          <Item Delete="false" Hide="false" Num="2">
            <ItemTitle>二</ItemTitle>
            <ItemSentence>
              <Sentence WritingMode="vertical">請求者が法第五条第二項の規定により自己の名で仮払金の支払を請求することができる者である場合にあっては、その旨を証する書類</Sentence>
            </ItemSentence>
          </Item>
          <Item Delete="false" Hide="false" Num="3">
            <ItemTitle>三</ItemTitle>
            <ItemSentence>
              <Sentence WritingMode="vertical">請求者が法第九条第一項に規定する特定原子力損害の賠償を受けた場合にあっては、その旨及びその価額を証する書類</Sentence>
            </ItemSentence>
          </Item>
          <Item Delete="false" Hide="false" Num="4">
            <ItemTitle>四</ItemTitle>
            <ItemSentence>
              <Sentence WritingMode="vertical">その他主務省令で定める資料</Sentence>
            </ItemSentence>
          </Item>
        </Paragraph>
      </Article>
      <Article Delete="false" Hide="false" Num="4">
        <ArticleCaption>（支払の決定等）</ArticleCaption>
        <ArticleTitle>第四条</ArticleTitle>
        <Paragraph Hide="false" Num="1">
          <ParagraphNum/>
          <ParagraphSentence>
            <Sentence WritingMode="vertical">主務大臣は、法第五条第一項の規定による仮払金の支払の請求があったときは、遅滞なく、特定原子力事業者（原子力損害の賠償に関する法律（昭和三十六年法律第百四十七号）第三条第一項の規定により特定原子力損害を賠償する責めに任ずべき者をいう。以下同じ。）の意見を聴いて、当該請求に係る仮払金の支払をするかどうか及び当該仮払金の支払をする場合にあってはその額を決定しなければならない。</Sentence>
          </ParagraphSentence>
        </Paragraph>
        <Paragraph Hide="false" Num="2">
          <ParagraphNum>２</ParagraphNum>
          <ParagraphSentence>
            <Sentence WritingMode="vertical">主務大臣は、前項の規定による決定をしたときは、速やかに、請求者及び特定原子力事業者に対し、当該決定に係る事項を通知しなければならない。</Sentence>
          </ParagraphSentence>
        </Paragraph>
      </Article>
      <Article Delete="false" Hide="false" Num="5">
        <ArticleCaption>（仮払金の支払に関する事務の委託）</ArticleCaption>
        <ArticleTitle>第五条</ArticleTitle>
        <Paragraph Hide="false" Num="1">
          <ParagraphNum/>
          <ParagraphSentence>
            <Sentence WritingMode="vertical">主務大臣が法第八条第三項の規定により委託することができる事務は、次に掲げる事務とする。</Sentence>
          </ParagraphSentence>
          <Item Delete="false" Hide="false" Num="1">
            <ItemTitle>一</ItemTitle>
            <ItemSentence>
              <Sentence WritingMode="vertical">仮払金の支払の請求の受付</Sentence>
            </ItemSentence>
          </Item>
          <Item Delete="false" Hide="false" Num="2">
            <ItemTitle>二</ItemTitle>
            <ItemSentence>
              <Sentence WritingMode="vertical">仮払金の額の算定</Sentence>
            </ItemSentence>
          </Item>
          <Item Delete="false" Hide="false" Num="3">
            <ItemTitle>三</ItemTitle>
            <ItemSentence>
              <Sentence WritingMode="vertical">前二号に掲げるもののほか、仮払金の支払に関する事務（会計法（昭和二十二年法律第三十五号）に基づく支出の決定及び交付の事務を除く。）で主務省令で定めるもの</Sentence>
            </ItemSentence>
          </Item>
        </Paragraph>
      </Article>
      <Article Delete="false" Hide="false" Num="6">
        <ArticleCaption>（仮払金の支払に関する事務を行う者）</ArticleCaption>
        <ArticleTitle>第六条</ArticleTitle>
        <Paragraph Hide="false" Num="1">
          <ParagraphNum/>
          <ParagraphSentence>
            <Sentence WritingMode="vertical">法第八条第三項の政令で定める者は、次の各号に掲げる事務の区分に応じ、それぞれ当該各号に定める者とする。</Sentence>
          </ParagraphSentence>
          <Item Delete="false" Hide="false" Num="1">
            <ItemTitle>一</ItemTitle>
            <ItemSentence>
              <Column LineBreak="false" Num="1">
                <Sentence WritingMode="vertical">前条第一号に掲げる事務</Sentence>
              </Column>
              <Column LineBreak="false" Num="2">
                <Sentence WritingMode="vertical">原子力損害賠償・廃炉等支援機構又は特定原子力事業者</Sentence>
              </Column>
            </ItemSentence>
          </Item>
          <Item Delete="false" Hide="false" Num="2">
            <ItemTitle>二</ItemTitle>
            <ItemSentence>
              <Column LineBreak="false" Num="1">
                <Sentence WritingMode="vertical">前条第二号及び第三号に掲げる事務</Sentence>
              </Column>
              <Column LineBreak="false" Num="2">
                <Sentence WritingMode="vertical">原子力損害賠償・廃炉等支援機構（法第八条第四項の規定により交付する資金に係る現金の出納保管の事務については、その理事長）</Sentence>
              </Column>
            </ItemSentence>
          </Item>
        </Paragraph>
      </Article>
      <Article Delete="false" Hide="false" Num="7">
        <ArticleCaption>（会計法等を適用する場合の読替え等）</ArticleCaption>
        <ArticleTitle>第七条</ArticleTitle>
        <Paragraph Hide="false" Num="1">
          <ParagraphNum/>
          <ParagraphSentence>
            <Sentence WritingMode="vertical">法第八条第五項の規定による次の表の第一欄に掲げる法令の適用については、同欄に掲げる法令の同表の第二欄に掲げる規定中同表の第三欄に掲げる字句は、それぞれ同表の第四欄に掲げる字句に読み替えるものとする。</Sentence>
          </ParagraphSentence>
          <TableStruct>
            <Table WritingMode="vertical">
              <TableRow>
                <TableColumn BorderBottom="solid" BorderLeft="solid" BorderRight="solid" BorderTop="solid" rowspan="11">
                  <Sentence WritingMode="vertical">会計法</Sentence>
                </TableColumn>
                <TableColumn BorderBottom="solid" BorderLeft="solid" BorderRight="solid" BorderTop="solid" rowspan="2">
                  <Sentence WritingMode="vertical">第十六条ただし書</Sentence>
                </TableColumn>
                <TableColumn BorderBottom="solid" BorderLeft="solid" BorderRight="solid" BorderTop="solid">
                  <Sentence WritingMode="vertical">第十七条、第十九条乃至第二十一条</Sentence>
                </TableColumn>
                <TableColumn BorderBottom="solid" BorderLeft="solid" BorderRight="solid" BorderTop="solid">
                  <Sentence WritingMode="vertical">平成二十三年原子力事故による被害に係る緊急措置に関する法律（平成二十三年法律第九十一号。以下「緊急措置法」という。）第八条第五項の規定により読み替えて適用する第二十一条第二項において準用する同条第一項又は緊急措置法第八条第四項</Sentence>
                </TableColumn>
              </TableRow>
              <TableRow>
                <TableColumn BorderBottom="solid" BorderLeft="solid" BorderRight="solid" BorderTop="solid">
                  <Sentence WritingMode="vertical">主任の職員又は日本銀行</Sentence>
                </TableColumn>
                <TableColumn BorderBottom="solid" BorderLeft="solid" BorderRight="solid" BorderTop="solid">
                  <Sentence WritingMode="vertical">日本銀行又は同条第三項に規定する政令で定める者</Sentence>
                </TableColumn>
              </TableRow>
              <TableRow>
                <TableColumn BorderBottom="solid" BorderLeft="solid" BorderRight="solid" BorderTop="solid" rowspan="2">
                  <Sentence WritingMode="vertical">第二十一条第二項</Sentence>
                </TableColumn>
                <TableColumn BorderBottom="solid" BorderLeft="solid" BorderRight="solid" BorderTop="solid">
                  <Sentence WritingMode="vertical">政令で定める出納官吏</Sentence>
                </TableColumn>
                <TableColumn BorderBottom="solid" BorderLeft="solid" BorderRight="solid" BorderTop="solid">
                  <Sentence WritingMode="vertical">緊急措置法第八条第三項に規定する政令で定める者</Sentence>
                </TableColumn>
              </TableRow>
              <TableRow>
                <TableColumn BorderBottom="solid" BorderLeft="solid" BorderRight="solid" BorderTop="solid">
                  <Sentence WritingMode="vertical">第十七条又は前条第二項</Sentence>
                </TableColumn>
                <TableColumn BorderBottom="solid" BorderLeft="solid" BorderRight="solid" BorderTop="solid">
                  <Sentence WritingMode="vertical">同条第四項</Sentence>
                </TableColumn>
              </TableRow>
              <TableRow>
                <TableColumn BorderBottom="solid" BorderLeft="solid" BorderRight="solid" BorderTop="solid" rowspan="2">
                  <Sentence WritingMode="vertical">第二十八条第二項</Sentence>
                </TableColumn>
                <TableColumn BorderBottom="solid" BorderLeft="solid" BorderRight="solid" BorderTop="solid">
                  <Sentence WritingMode="vertical">第二十一条</Sentence>
                </TableColumn>
                <TableColumn BorderBottom="solid" BorderLeft="solid" BorderRight="solid" BorderTop="solid">
                  <Sentence WritingMode="vertical">緊急措置法第八条第五項の規定により読み替えて適用する第二十一条第二項において準用する同条第一項</Sentence>
                </TableColumn>
              </TableRow>
              <TableRow>
                <TableColumn BorderBottom="solid" BorderLeft="solid" BorderRight="solid" BorderTop="solid">
                  <Sentence WritingMode="vertical">債権者又は出納官吏</Sentence>
                </TableColumn>
                <TableColumn BorderBottom="solid" BorderLeft="solid" BorderRight="solid" BorderTop="solid">
                  <Sentence WritingMode="vertical">緊急措置法第八条第三項に規定する政令で定める者</Sentence>
                </TableColumn>
              </TableRow>
              <TableRow>
                <TableColumn BorderBottom="solid" BorderLeft="solid" BorderRight="solid" BorderTop="solid" rowspan="2">
                  <Sentence WritingMode="vertical">第三十六条</Sentence>
                </TableColumn>
                <TableColumn BorderBottom="solid" BorderLeft="solid" BorderRight="solid" BorderTop="solid">
                  <Sentence WritingMode="vertical">その取り扱つた国庫金の出納、国債の発行による収入金の収支、第十九条又は第二十一条</Sentence>
                </TableColumn>
                <TableColumn BorderBottom="solid" BorderLeft="solid" BorderRight="solid" BorderTop="solid">
                  <Sentence WritingMode="vertical">緊急措置法第八条第五項の規定により読み替えて適用する第二十一条第二項において準用する同条第一項</Sentence>
                </TableColumn>
              </TableRow>
              <TableRow>
                <TableColumn BorderBottom="solid" BorderLeft="solid" BorderRight="solid" BorderTop="solid">
                  <Sentence WritingMode="vertical">収支及び前条の規定により取り扱つた有価証券の受払</Sentence>
                </TableColumn>
                <TableColumn BorderBottom="solid" BorderLeft="solid" BorderRight="solid" BorderTop="solid">
                  <Sentence WritingMode="vertical">収支</Sentence>
                </TableColumn>
              </TableRow>
              <TableRow>
                <TableColumn BorderBottom="solid" BorderLeft="solid" BorderRight="solid" BorderTop="solid" rowspan="2">
                  <Sentence WritingMode="vertical">第三十八条第一項</Sentence>
                </TableColumn>
                <TableColumn BorderBottom="solid" BorderLeft="solid" BorderRight="solid" BorderTop="solid">
                  <Sentence WritingMode="vertical">現金</Sentence>
                </TableColumn>
                <TableColumn BorderBottom="solid" BorderLeft="solid" BorderRight="solid" BorderTop="solid">
                  <Sentence WritingMode="vertical">緊急措置法第八条第四項の規定により交付を受けた資金に係る現金</Sentence>
                </TableColumn>
              </TableRow>
              <TableRow>
                <TableColumn BorderBottom="solid" BorderLeft="solid" BorderRight="solid" BorderTop="solid">
                  <Sentence WritingMode="vertical">職員</Sentence>
                </TableColumn>
                <TableColumn BorderBottom="solid" BorderLeft="solid" BorderRight="solid" BorderTop="solid">
                  <Sentence WritingMode="vertical">者</Sentence>
                </TableColumn>
              </TableRow>
              <TableRow>
                <TableColumn BorderBottom="solid" BorderLeft="solid" BorderRight="solid" BorderTop="solid">
                  <Sentence WritingMode="vertical">第三十九条第一項</Sentence>
                </TableColumn>
                <TableColumn BorderBottom="solid" BorderLeft="solid" BorderRight="solid" BorderTop="solid">
                  <Sentence WritingMode="vertical">各省各庁の長又はその委任を受けた職員が、これを命ずる</Sentence>
                </TableColumn>
                <TableColumn BorderBottom="solid" BorderLeft="solid" BorderRight="solid" BorderTop="solid">
                  <Sentence WritingMode="vertical">緊急措置法第八条第四項の規定により資金の交付を受けた者とする</Sentence>
                </TableColumn>
              </TableRow>
              <TableRow>
                <TableColumn BorderBottom="solid" BorderLeft="solid" BorderRight="solid" BorderTop="solid" rowspan="4">
                  <Sentence WritingMode="vertical">予算執行職員等の責任に関する法律（昭和二十五年法律第百七十二号）</Sentence>
                </TableColumn>
                <TableColumn BorderBottom="solid" BorderLeft="solid" BorderRight="solid" BorderTop="solid">
                  <Sentence WritingMode="vertical">第二条第一項</Sentence>
                </TableColumn>
                <TableColumn BorderBottom="solid" BorderLeft="solid" BorderRight="solid" BorderTop="solid">
                  <Sentence WritingMode="vertical">次に掲げる職員</Sentence>
                </TableColumn>
                <TableColumn BorderBottom="solid" BorderLeft="solid" BorderRight="solid" BorderTop="solid">
                  <Sentence WritingMode="vertical">平成二十三年原子力事故による被害に係る緊急措置に関する法律（平成二十三年法律第九十一号。以下「緊急措置法」という。）第八条第五項の規定により会計法（昭和二十二年法律第三十五号）第十七条の規定により資金の交付を受けた職員とみなされた者</Sentence>
                </TableColumn>
              </TableRow>
              <TableRow>
                <TableColumn BorderBottom="solid" BorderLeft="solid" BorderRight="solid" BorderTop="solid">
                  <Sentence WritingMode="vertical">第四条第二項</Sentence>
                </TableColumn>
                <TableColumn BorderBottom="solid" BorderLeft="solid" BorderRight="solid" BorderTop="solid">
                  <Sentence WritingMode="vertical">予算執行職員の任命権者（国家公務員法（昭和二十二年法律第百二十号）第五十五条第一項に規定する任命権者をいい、当該予算執行職員が都道府県の職員である場合にあつては、都道府県知事とする。以下同じ。）</Sentence>
                </TableColumn>
                <TableColumn BorderBottom="solid" BorderLeft="solid" BorderRight="solid" BorderTop="solid">
                  <Sentence WritingMode="vertical">緊急措置法第十五条に規定する主務大臣</Sentence>
                </TableColumn>
              </TableRow>
              <TableRow>
                <TableColumn BorderBottom="solid" BorderLeft="solid" BorderRight="solid" BorderTop="solid">
                  <Sentence WritingMode="vertical">第五条第五項</Sentence>
                </TableColumn>
                <TableColumn BorderBottom="solid" BorderLeft="solid" BorderRight="solid" BorderTop="solid">
                  <Sentence WritingMode="vertical">第二項、第五項</Sentence>
                </TableColumn>
                <TableColumn BorderBottom="solid" BorderLeft="solid" BorderRight="solid" BorderTop="solid">
                  <Sentence WritingMode="vertical">緊急措置法第八条第五項の規定により読み替えて適用する前条第二項並びに前条第五項</Sentence>
                </TableColumn>
              </TableRow>
              <TableRow>
                <TableColumn BorderBottom="solid" BorderLeft="solid" BorderRight="solid" BorderTop="solid">
                  <Sentence WritingMode="vertical">第七条</Sentence>
                </TableColumn>
                <TableColumn BorderBottom="solid" BorderLeft="solid" BorderRight="solid" BorderTop="solid">
                  <Sentence WritingMode="vertical">第五条第五項</Sentence>
                </TableColumn>
                <TableColumn BorderBottom="solid" BorderLeft="solid" BorderRight="solid" BorderTop="solid">
                  <Sentence WritingMode="vertical">緊急措置法第八条第五項の規定により読み替えて適用する第五条第五項</Sentence>
                </TableColumn>
              </TableRow>
              <TableRow>
                <TableColumn BorderBottom="solid" BorderLeft="solid" BorderRight="solid" BorderTop="solid" rowspan="4">
                  <Sentence WritingMode="vertical">国の債権の管理等に関する法律（昭和三十一年法律第百十四号）</Sentence>
                </TableColumn>
                <TableColumn BorderBottom="solid" BorderLeft="solid" BorderRight="solid" BorderTop="solid">
                  <Sentence WritingMode="vertical">第三条第一項</Sentence>
                </TableColumn>
                <TableColumn BorderBottom="solid" BorderLeft="solid" BorderRight="solid" BorderTop="solid">
                  <Sentence WritingMode="vertical">次に掲げる債権</Sentence>
                </TableColumn>
                <TableColumn BorderBottom="solid" BorderLeft="solid" BorderRight="solid" BorderTop="solid">
                  <Sentence WritingMode="vertical">平成二十三年原子力事故による被害に係る緊急措置に関する法律（平成二十三年法律第九十一号。以下この項において「緊急措置法」という。）第八条第五項の規定により読み替えて適用する会計法（昭和二十二年法律第三十五号）第三十八条第一項、同条第二項及び緊急措置法第八条第五項の規定により読み替えて適用する会計法第三十九条第一項の規定に基づき金銭の出納保管の事務を行う者（以下「現金出納者」という。）がその保管に係る金銭を預託した場合の預託金に係る債権</Sentence>
                </TableColumn>
              </TableRow>
              <TableRow>
                <TableColumn BorderBottom="solid" BorderLeft="solid" BorderRight="solid" BorderTop="solid" rowspan="3">
                  <Sentence WritingMode="vertical">第十二条</Sentence>
                </TableColumn>
                <TableColumn BorderBottom="solid" BorderLeft="solid" BorderRight="solid" BorderTop="solid">
                  <Sentence WritingMode="vertical">次の各号に掲げる者</Sentence>
                </TableColumn>
                <TableColumn BorderBottom="solid" BorderLeft="solid" BorderRight="solid" BorderTop="solid">
                  <Sentence WritingMode="vertical">現金出納者</Sentence>
                </TableColumn>
              </TableRow>
              <TableRow>
                <TableColumn BorderBottom="solid" BorderLeft="solid" BorderRight="solid" BorderTop="solid">
                  <Sentence WritingMode="vertical">当該各号に掲げる場合</Sentence>
                </TableColumn>
                <TableColumn BorderBottom="solid" BorderLeft="solid" BorderRight="solid" BorderTop="solid">
                  <Sentence WritingMode="vertical">その取扱いに係る財産に関して債権が発生したことを知つた場合</Sentence>
                </TableColumn>
              </TableRow>
              <TableRow>
                <TableColumn BorderBottom="solid" BorderLeft="solid" BorderRight="solid" BorderTop="solid">
                  <Sentence WritingMode="vertical">、債権が発生し、又は国に帰属した</Sentence>
                </TableColumn>
                <TableColumn BorderBottom="solid" BorderLeft="solid" BorderRight="solid" BorderTop="solid">
                  <Sentence WritingMode="vertical">、債権が発生した</Sentence>
                </TableColumn>
              </TableRow>
              <TableRow>
                <TableColumn BorderBottom="solid" BorderLeft="solid" BorderRight="solid" BorderTop="solid" rowspan="7">
                  <Sentence WritingMode="vertical">予算決算及び会計令（昭和二十二年勅令第百六十五号）</Sentence>
                </TableColumn>
                <TableColumn BorderBottom="solid" BorderLeft="solid" BorderRight="solid" BorderTop="solid">
                  <Sentence WritingMode="vertical">第四十九条第二項</Sentence>
                </TableColumn>
                <TableColumn BorderBottom="solid" BorderLeft="solid" BorderRight="solid" BorderTop="solid">
                  <Sentence WritingMode="vertical">前条第二項の出納官吏に</Sentence>
                </TableColumn>
                <TableColumn BorderBottom="solid" BorderLeft="solid" BorderRight="solid" BorderTop="solid">
                  <Sentence WritingMode="vertical">平成二十三年原子力事故による被害に係る緊急措置に関する法律（平成二十三年法律第九十一号。以下「緊急措置法」という。）第八条第三項に規定する政令で定める者に対し同条第四項の規定により</Sentence>
                </TableColumn>
              </TableRow>
              <TableRow>
                <TableColumn BorderBottom="solid" BorderLeft="solid" BorderRight="solid" BorderTop="solid">
                  <Sentence WritingMode="vertical">第六十二条第一項</Sentence>
                </TableColumn>
                <TableColumn BorderBottom="solid" BorderLeft="solid" BorderRight="solid" BorderTop="solid">
                  <Sentence WritingMode="vertical">第四十九条</Sentence>
                </TableColumn>
                <TableColumn BorderBottom="solid" BorderLeft="solid" BorderRight="solid" BorderTop="solid">
                  <Sentence WritingMode="vertical">緊急措置法第八条第五項の規定により読み替えて適用する第四十九条第二項において準用する同条第一項</Sentence>
                </TableColumn>
              </TableRow>
              <TableRow>
                <TableColumn BorderBottom="solid" BorderLeft="solid" BorderRight="solid" BorderTop="solid" rowspan="2">
                  <Sentence WritingMode="vertical">第六十三条第二項</Sentence>
                </TableColumn>
                <TableColumn BorderBottom="solid" BorderLeft="solid" BorderRight="solid" BorderTop="solid">
                  <Sentence WritingMode="vertical">会計法第二十八条第二項</Sentence>
                </TableColumn>
                <TableColumn BorderBottom="solid" BorderLeft="solid" BorderRight="solid" BorderTop="solid">
                  <Sentence WritingMode="vertical">緊急措置法第八条第五項の規定により読み替えて適用する会計法第二十八条第二項</Sentence>
                </TableColumn>
              </TableRow>
              <TableRow>
                <TableColumn BorderBottom="solid" BorderLeft="solid" BorderRight="solid" BorderTop="solid">
                  <Sentence WritingMode="vertical">債権者又は出納官吏</Sentence>
                </TableColumn>
                <TableColumn BorderBottom="solid" BorderLeft="solid" BorderRight="solid" BorderTop="solid">
                  <Sentence WritingMode="vertical">緊急措置法第八条第三項に規定する政令で定める者</Sentence>
                </TableColumn>
              </TableRow>
              <TableRow>
                <TableColumn BorderBottom="solid" BorderLeft="solid" BorderRight="solid" BorderTop="solid">
                  <Sentence WritingMode="vertical">第百二十一条</Sentence>
                </TableColumn>
                <TableColumn BorderBottom="solid" BorderLeft="solid" BorderRight="solid" BorderTop="solid">
                  <Sentence WritingMode="vertical">資金の前渡を受けた職員</Sentence>
                </TableColumn>
                <TableColumn BorderBottom="solid" BorderLeft="solid" BorderRight="solid" BorderTop="solid">
                  <Sentence WritingMode="vertical">出納官吏</Sentence>
                </TableColumn>
              </TableRow>
              <TableRow>
                <TableColumn BorderBottom="solid" BorderLeft="solid" BorderRight="solid" BorderTop="solid" rowspan="2">
                  <Sentence WritingMode="vertical">第百二十五条</Sentence>
                </TableColumn>
                <TableColumn BorderBottom="solid" BorderLeft="solid" BorderRight="solid" BorderTop="solid">
                  <Sentence WritingMode="vertical">第百二十条から第百二十三条まで</Sentence>
                </TableColumn>
                <TableColumn BorderBottom="solid" BorderLeft="solid" BorderRight="solid" BorderTop="solid">
                  <Sentence WritingMode="vertical">緊急措置法第八条第五項の規定により読み替えて適用する第百二十一条</Sentence>
                </TableColumn>
              </TableRow>
              <TableRow>
                <TableColumn BorderBottom="solid" BorderLeft="solid" BorderRight="solid" BorderTop="solid">
                  <Sentence WritingMode="vertical">これらの規定</Sentence>
                </TableColumn>
                <TableColumn BorderBottom="solid" BorderLeft="solid" BorderRight="solid" BorderTop="solid">
                  <Sentence WritingMode="vertical">同条</Sentence>
                </TableColumn>
              </TableRow>
              <TableRow>
                <TableColumn BorderBottom="solid" BorderLeft="solid" BorderRight="solid" BorderTop="solid" rowspan="5">
                  <Sentence WritingMode="vertical">国の債権の管理等に関する法律施行令（昭和三十一年政令第三百三十七号）</Sentence>
                </TableColumn>
                <TableColumn BorderBottom="solid" BorderLeft="solid" BorderRight="solid" BorderTop="solid" rowspan="2">
                  <Sentence WritingMode="vertical">第一条</Sentence>
                </TableColumn>
                <TableColumn BorderBottom="solid" BorderLeft="solid" BorderRight="solid" BorderTop="solid">
                  <Sentence WritingMode="vertical">現金出納職員</Sentence>
                </TableColumn>
                <TableColumn BorderBottom="solid" BorderLeft="solid" BorderRight="solid" BorderTop="solid">
                  <Sentence WritingMode="vertical">現金出納者</Sentence>
                </TableColumn>
              </TableRow>
              <TableRow>
                <TableColumn BorderBottom="solid" BorderLeft="solid" BorderRight="solid" BorderTop="solid">
                  <Sentence WritingMode="vertical">第三条第一項第三号、</Sentence>
                </TableColumn>
                <TableColumn BorderBottom="solid" BorderLeft="solid" BorderRight="solid" BorderTop="solid">
                  <Sentence WritingMode="vertical">平成二十三年原子力事故による被害に係る緊急措置に関する法律（平成二十三年法律第九十一号。以下「緊急措置法」という。）第八条第五項の規定により読み替えて適用する法第三条第一項、法</Sentence>
                </TableColumn>
              </TableRow>
              <TableRow>
                <TableColumn BorderBottom="solid" BorderLeft="solid" BorderRight="solid" BorderTop="solid">
                  <Sentence WritingMode="vertical">第九条第二項ただし書</Sentence>
                </TableColumn>
                <TableColumn BorderBottom="solid" BorderLeft="solid" BorderRight="solid" BorderTop="solid">
                  <Sentence WritingMode="vertical">次に掲げる債権</Sentence>
                </TableColumn>
                <TableColumn BorderBottom="solid" BorderLeft="solid" BorderRight="solid" BorderTop="solid">
                  <Sentence WritingMode="vertical">緊急措置法第八条第五項の規定により読み替えて適用する予算決算及び会計令第六十二条第一項の規定による納付金及びこれに準ずる返納金で現金出納者が隔地の債権者に現金の支払をするため日本銀行に交付した資金に係るものに係る債権</Sentence>
                </TableColumn>
              </TableRow>
              <TableRow>
                <TableColumn BorderBottom="solid" BorderLeft="solid" BorderRight="solid" BorderTop="solid">
                  <Sentence WritingMode="vertical">第十一条第一項</Sentence>
                </TableColumn>
                <TableColumn BorderBottom="solid" BorderLeft="solid" BorderRight="solid" BorderTop="solid">
                  <Sentence WritingMode="vertical">法第十二条各号に掲げる者</Sentence>
                </TableColumn>
                <TableColumn BorderBottom="solid" BorderLeft="solid" BorderRight="solid" BorderTop="solid">
                  <Sentence WritingMode="vertical">緊急措置法第八条第五項の規定により読み替えて適用する法第十二条に規定する者</Sentence>
                </TableColumn>
              </TableRow>
              <TableRow>
                <TableColumn BorderBottom="solid" BorderLeft="solid" BorderRight="solid" BorderTop="solid">
                  <Sentence WritingMode="vertical">第十四条</Sentence>
                </TableColumn>
                <TableColumn BorderBottom="solid" BorderLeft="solid" BorderRight="solid" BorderTop="solid">
                  <Sentence WritingMode="vertical">次に掲げる債権</Sentence>
                </TableColumn>
                <TableColumn BorderBottom="solid" BorderLeft="solid" BorderRight="solid" BorderTop="solid">
                  <Sentence WritingMode="vertical">緊急措置法第八条第五項の規定により読み替えて適用する第九条第二項ただし書に規定する債権</Sentence>
                </TableColumn>
              </TableRow>
            </Table>
          </TableStruct>
        </Paragraph>
        <Paragraph Hide="false" Num="2">
          <ParagraphNum>２</ParagraphNum>
          <ParagraphSentence>
            <Sentence WritingMode="vertical">前項の場合において、会計法第三十九条第二項、第四十条及び第四十条の二並びに予算執行職員等の責任に関する法律第六条並びに予算決算及び会計令第百十一条の規定は、適用しない。</Sentence>
          </ParagraphSentence>
        </Paragraph>
        <Paragraph Hide="false" Num="3">
          <ParagraphNum>３</ParagraphNum>
          <ParagraphSentence>
            <Sentence WritingMode="vertical">法第八条第五項の規定による政令以外の命令の適用に関し必要な読替えは、当該命令を発する者が定める。</Sentence>
          </ParagraphSentence>
        </Paragraph>
      </Article>
      <Article Delete="false" Hide="false" Num="8">
        <ArticleCaption>（特定原子力損害の賠償に相当する金銭の支払）</ArticleCaption>
        <ArticleTitle>第八条</ArticleTitle>
        <Paragraph Hide="false" Num="1">
          <ParagraphNum/>
          <ParagraphSentence>
            <Sentence WritingMode="vertical">法第九条第一項の政令で定める金銭の支払は、特定原子力損害の賠償の額が確定したときにその履行に充てるべきものとして特定原子力事業者が行う一切の金銭の支払とする。</Sentence>
          </ParagraphSentence>
        </Paragraph>
      </Article>
      <Article Delete="false" Hide="false" Num="9">
        <ArticleCaption>（主務大臣等）</ArticleCaption>
        <ArticleTitle>第九条</ArticleTitle>
        <Paragraph Hide="false" Num="1">
          <ParagraphNum/>
          <ParagraphSentence>
            <Sentence WritingMode="vertical">法第十五条の政令で定める大臣は、次の各号に掲げる事業の区分に応じ、それぞれ当該各号に定める大臣とする。</Sentence>
          </ParagraphSentence>
          <Item Delete="false" Hide="false" Num="1">
            <ItemTitle>一</ItemTitle>
            <ItemSentence>
              <Column LineBreak="false" Num="1">
                <Sentence WritingMode="vertical">第一条第一号に掲げる事業</Sentence>
              </Column>
              <Column LineBreak="false" Num="2">
                <Sentence WritingMode="vertical">厚生労働大臣</Sentence>
              </Column>
            </ItemSentence>
          </Item>
          <Item Delete="false" Hide="false" Num="2">
            <ItemTitle>二</ItemTitle>
            <ItemSentence>
              <Column LineBreak="false" Num="1">
                <Sentence WritingMode="vertical">第一条第二号及び第三号に掲げる事業</Sentence>
              </Column>
              <Column LineBreak="false" Num="2">
                <Sentence WritingMode="vertical">国土交通大臣</Sentence>
              </Column>
            </ItemSentence>
          </Item>
          <Item Delete="false" Hide="false" Num="3">
            <ItemTitle>三</ItemTitle>
            <ItemSentence>
              <Column LineBreak="false" Num="1">
                <Sentence WritingMode="vertical">第一条第四号に掲げる事業</Sentence>
              </Column>
              <Column LineBreak="false" Num="2">
                <Sentence WritingMode="vertical">農林水産大臣及び経済産業大臣</Sentence>
              </Column>
            </ItemSentence>
          </Item>
          <Item Delete="false" Hide="false" Num="4">
            <ItemTitle>四</ItemTitle>
            <ItemSentence>
              <Column LineBreak="false" Num="1">
                <Sentence WritingMode="vertical">第一条第五号に掲げる事業</Sentence>
              </Column>
              <Column LineBreak="false" Num="2">
                <Sentence WritingMode="vertical">農林水産大臣</Sentence>
              </Column>
            </ItemSentence>
          </Item>
          <Item Delete="false" Hide="false" Num="5">
            <ItemTitle>五</ItemTitle>
            <ItemSentence>
              <Column LineBreak="false" Num="1">
                <Sentence WritingMode="vertical">第一条第六号に掲げる事業</Sentence>
              </Column>
              <Column LineBreak="false" Num="2">
                <Sentence WritingMode="vertical">当該事業を所管する大臣</Sentence>
              </Column>
            </ItemSentence>
          </Item>
        </Paragraph>
        <Paragraph Hide="false" Num="2">
          <ParagraphNum>２</ParagraphNum>
          <ParagraphSentence>
            <Sentence WritingMode="vertical">この政令における主務省令は、主務大臣が発する命令とする。</Sentence>
          </ParagraphSentence>
        </Paragraph>
      </Article>
      <Article Delete="false" Hide="false" Num="10">
        <ArticleCaption>（主務省令への委任）</ArticleCaption>
        <ArticleTitle>第十条</ArticleTitle>
        <Paragraph Hide="false" Num="1">
          <ParagraphNum/>
          <ParagraphSentence>
            <Sentence WritingMode="vertical">この政令に定めるもののほか、仮払金の支払の手続その他仮払金の支払に関し必要な事項は、主務省令で定める。</Sentence>
          </ParagraphSentence>
        </Paragraph>
      </Article>
    </MainProvision>
    <SupplProvision Extract="false" Type="New">
      <SupplProvisionLabel>附　則</SupplProvisionLabel>
      <Paragraph Hide="false" Num="1">
        <ParagraphCaption>（施行期日）</ParagraphCaption>
        <ParagraphNum>１</ParagraphNum>
        <ParagraphSentence>
          <Sentence WritingMode="vertical">この政令は、法の施行の日（平成二十三年九月十八日）から施行する。</Sentence>
        </ParagraphSentence>
      </Paragraph>
      <Paragraph Hide="false" Num="2">
        <ParagraphCaption>（検討）</ParagraphCaption>
        <ParagraphNum>２</ParagraphNum>
        <ParagraphSentence>
          <Sentence WritingMode="vertical">政府は、特定原子力事業者による特定原子力損害の賠償の支払の状況その他の事情を勘案し、特定原子力損害を受けた者の早期の救済及び適正な国民負担の観点から、仮払金対象損害の範囲の見直しその他の措置について検討を加え、必要があると認めるときは、その結果に基づいて所要の措置を講ずるものとする。</Sentence>
        </ParagraphSentence>
      </Paragraph>
    </SupplProvision>
    <SupplProvision AmendLawNum="平成二六年八月六日政令第二七三号" Extract="false" Type="Amend">
      <SupplProvisionLabel>附　則</SupplProvisionLabel>
      <Paragraph Hide="false" Num="1">
        <ParagraphCaption>（施行期日）</ParagraphCaption>
        <ParagraphNum>１</ParagraphNum>
        <ParagraphSentence>
          <Sentence WritingMode="vertical">この政令は、原子力損害賠償支援機構法の一部を改正する法律の施行の日（平成二十六年八月十八日）から施行する。</Sentence>
        </ParagraphSentence>
      </Paragraph>
      <Paragraph Hide="false" Num="2">
        <ParagraphCaption>（罰則に関する経過措置）</ParagraphCaption>
        <ParagraphNum>２</ParagraphNum>
        <ParagraphSentence>
          <Sentence WritingMode="vertical">第三条（第七号及び第八号に係る部分に限る。）の規定の施行前にした行為に対する罰則の適用については、なお従前の例による。</Sentence>
        </ParagraphSentence>
      </Paragraph>
    </SupplProvision>
  </LawBody>
</Law>
