<?xml version="1.0" encoding="UTF-8" standalone="no"?>
<Law DataInfo="200402e80k80m01" Era="Heisei" Lang="ja" LawType="MinisterialOrdinance" Num="58" Year="23">
  <LawNum>平成二十三年財務省令第五十八号</LawNum>
  <LawBody>
    <LawTitle>原子力損害賠償・廃炉等支援機構に交付される国債の発行等に関する省令</LawTitle>
    <EnactStatement>国債に関する法律（明治三十九年法律第三十四号）第一条第一項及び第二項並びに原子力損害賠償支援機構法（平成二十三年法律第九十四号）第四十八条第五項、第四十九条第五項及び第五十条第三項の規定に基づき、原子力損害賠償支援機構に交付される国債の発行等に関する省令を次のように定める。</EnactStatement>
    <MainProvision>
      <Article Num="1">
        <ArticleCaption>（国債の名称）</ArticleCaption>
        <ArticleTitle>第一条</ArticleTitle>
        <Paragraph Num="1">
          <ParagraphNum/>
          <ParagraphSentence>
            <Sentence>原子力損害賠償・廃炉等支援機構法第四十八条第一項の規定により発行する国債（以下単に「国債」という。）の名称は、原子力損害賠償・廃炉等支援機構国庫債券とする。</Sentence>
          </ParagraphSentence>
        </Paragraph>
      </Article>
      <Article Num="2">
        <ArticleCaption>（国債の発行等）</ArticleCaption>
        <ArticleTitle>第二条</ArticleTitle>
        <Paragraph Num="1">
          <ParagraphNum/>
          <ParagraphSentence>
            <Sentence>政府は、国債を発行しようとするときは、当該国債の発行、償還、返還及び消却（次項において「発行等」という。）に関し必要な事項を定め、これを日本銀行に通知するものとする。</Sentence>
          </ParagraphSentence>
        </Paragraph>
        <Paragraph Num="2">
          <ParagraphNum>２</ParagraphNum>
          <ParagraphSentence>
            <Sentence>日本銀行は、前項の規定による通知を受けたときは、通知された事項に従い、国債の発行等に関し必要な事務を取り扱うものとする。</Sentence>
          </ParagraphSentence>
        </Paragraph>
        <Paragraph Num="3">
          <ParagraphNum>３</ParagraphNum>
          <ParagraphSentence>
            <Sentence>前項に規定する事務の取扱店は、日本銀行本店とする。</Sentence>
          </ParagraphSentence>
        </Paragraph>
      </Article>
      <Article Num="3">
        <ArticleCaption>（適用除外）</ArticleCaption>
        <ArticleTitle>第三条</ArticleTitle>
        <Paragraph Num="1">
          <ParagraphNum/>
          <ParagraphSentence>
            <Sentence>国債規則（大正十一年大蔵省令第三十一号）第七条及び第三十四条の規定は、国債については適用しない。</Sentence>
          </ParagraphSentence>
        </Paragraph>
      </Article>
      <Article Num="4">
        <ArticleCaption>（額面金額）</ArticleCaption>
        <ArticleTitle>第四条</ArticleTitle>
        <Paragraph Num="1">
          <ParagraphNum/>
          <ParagraphSentence>
            <Sentence>原子力損害賠償・廃炉等支援機構（以下「機構」という。）に交付する国債に係る国債証券の額面金額は、交付する都度必要な金額（当該国債の一部につき償還を行った場合にあっては、当該金額から当該国債の一部につき償還を行った金額の合計額を控除した金額）とする。</Sentence>
          </ParagraphSentence>
        </Paragraph>
      </Article>
      <Article Num="5">
        <ArticleCaption>（償還の手続）</ArticleCaption>
        <ArticleTitle>第五条</ArticleTitle>
        <Paragraph Num="1">
          <ParagraphNum/>
          <ParagraphSentence>
            <Sentence>政府は、機構から国債の償還の請求を受けた場合において、当該請求に係る金額の償還を行うときは、その償還を行う金額を日本銀行における機構の指定する金融機関の勘定に払い込むものとする。</Sentence>
          </ParagraphSentence>
        </Paragraph>
      </Article>
      <Article Num="6">
        <ArticleCaption>（一部の償還の請求を受けた場合の措置）</ArticleCaption>
        <ArticleTitle>第六条</ArticleTitle>
        <Paragraph Num="1">
          <ParagraphNum/>
          <ParagraphSentence>
            <Sentence>政府は、機構から原子力損害賠償・廃炉等支援機構の業務運営に関する命令（平成二十三年内閣府・経済産業省令第一号）第七条に規定する登録の請求に基づき登録を行った国債について、その登録金額の一部につき償還の請求を受け、当該請求に係る金額の償還を行った場合には、当該登録金額から当該償還金額を減額するものとする。</Sentence>
          </ParagraphSentence>
        </Paragraph>
      </Article>
    </MainProvision>
    <SupplProvision>
      <SupplProvisionLabel>附　則</SupplProvisionLabel>
      <Paragraph Num="1">
        <ParagraphNum/>
        <ParagraphSentence>
          <Sentence>この省令は、公布の日から施行する。</Sentence>
        </ParagraphSentence>
      </Paragraph>
    </SupplProvision>
    <SupplProvision AmendLawNum="平成二六年八月一五日財務省令第七一号">
      <SupplProvisionLabel>附　則</SupplProvisionLabel>
      <Paragraph Num="1">
        <ParagraphNum>１</ParagraphNum>
        <ParagraphSentence>
          <Sentence>この省令は、原子力損害賠償支援機構法の一部を改正する法律の施行の日（平成二十六年八月十八日）から施行する。</Sentence>
        </ParagraphSentence>
      </Paragraph>
      <Paragraph Num="2">
        <ParagraphNum>２</ParagraphNum>
        <ParagraphSentence>
          <Sentence>原子力損害賠償支援機構法の一部を改正する法律による改正前の原子力損害賠償支援機構法第四十八条第一項の規定により発行した原子力損害賠償支援機構国庫債券は、原子力損害賠償支援機構法の一部を改正する法律による改正後の原子力損害賠償・廃炉等支援機構法第四十八条第一項の規定による原子力損害賠償・廃炉等支援機構国庫債券とみなす。</Sentence>
        </ParagraphSentence>
      </Paragraph>
    </SupplProvision>
  </LawBody>
</Law>
