<?xml version="1.0" encoding="UTF-8" standalone="no"?>
<Law Era="Heisei" Lang="ja" LawType="MinisterialOrdinance" Num="003" Year="23">
  <LawNum>平成二十三年国土交通省・環境省令第三号</LawNum>
  <LawBody>
    <LawTitle>地域における多様な主体の連携による生物の多様性の保全のための活動の促進等に関する法律第四条第七項に規定する都道府県知事に対する協議に関する省令</LawTitle>
    <EnactStatement>地域における多様な主体の連携による生物の多様性の保全のための活動の促進等に関する法律（平成二十二年法律第七十二号）第四条第七項の規定に基づき、地域における多様な主体の連携による生物の多様性の保全のための活動の促進等に関する法律第四条第七項に規定する都道府県知事に対する協議に関する省令を次のように定める。</EnactStatement>
    <MainProvision>
      <Paragraph Num="1">
        <ParagraphNum>１</ParagraphNum>
        <ParagraphSentence>
          <Sentence>市町村は、地域における多様な主体の連携による生物の多様性の保全のための活動の促進等に関する法律（以下「法」という。）第四条第七項の規定により都道府県知事に協議しようとするときは、その協議書に当該協議に係る地域連携保全活動計画及び法第四条第七項各号に該当する行為の種類、目的、実施主体、実施場所、実施時期及び実施方法を記載した書類を添えて、都道府県知事に提出しなければならない。</Sentence>
        </ParagraphSentence>
      </Paragraph>
      <Paragraph Num="2">
        <ParagraphNum>２</ParagraphNum>
        <ParagraphSentence>
          <Sentence>都道府県知事は、前項の市町村に対し、前項の書類のほか必要と認める書類又は図面の提出を求めることができる。</Sentence>
        </ParagraphSentence>
      </Paragraph>
    </MainProvision>
    <SupplProvision>
      <SupplProvisionLabel>附　則</SupplProvisionLabel>
      <Paragraph Num="1">
        <ParagraphNum/>
        <ParagraphSentence>
          <Sentence>この省令は、法の施行の日（平成二十三年十月一日）から施行する。</Sentence>
        </ParagraphSentence>
      </Paragraph>
    </SupplProvision>
  </LawBody>
</Law>
