<?xml version="1.0" encoding="UTF-8" standalone="no"?>
<Law Era="Heisei" Lang="ja" LawType="MinisterialOrdinance" Num="1" Year="24">
  <LawNum>平成二十四年復興庁・農林水産省・経済産業省・環境省令第一号</LawNum>
  <LawBody>
    <LawTitle>福島復興再生特別措置法第六十九条第二項に規定する経済産業大臣、環境大臣等に対する協議等に関する命令</LawTitle>
    <EnactStatement>福島復興再生特別措置法（平成二十四年法律第二十五号）第四十六条第二項の規定に基づき、福島復興再生特別措置法第四十六条第二項に規定する経済産業大臣、環境大臣等に対する協議等に関する命令を次のように定める。</EnactStatement>
    <MainProvision>
      <Paragraph Num="1">
        <ParagraphNum/>
        <ParagraphSentence>
          <Sentence>福島県知事は、福島復興再生特別措置法（以下「法」という。）第六十九条第二項の規定により協議をし、同意を得、又は通知をしようとするときは、協議書又は通知書に地熱資源開発計画（法第六十七条第一項に規定する地熱資源開発計画をいう。）に記載しようとする法第六十九条第二項各号に掲げる事項（協議、同意又は通知に係る事項に限る。）を記載した書類その他経済産業大臣及び環境大臣が定める書類を添えて、これらを復興局長を経由して当該各号に定める者（協議、同意又は通知に係る者に限る。）に提出するものとする。</Sentence>
        </ParagraphSentence>
      </Paragraph>
    </MainProvision>
    <SupplProvision>
      <SupplProvisionLabel>附　則</SupplProvisionLabel>
      <Paragraph Num="1">
        <ParagraphNum/>
        <ParagraphSentence>
          <Sentence>この命令は、法附則第一条第一号に掲げる規定の施行の日（平成二十四年五月三十日）から施行する。</Sentence>
        </ParagraphSentence>
      </Paragraph>
    </SupplProvision>
    <SupplProvision AmendLawNum="平成二五年五月一〇日復興庁・農林水産省・経済産業省・環境省令第一号">
      <SupplProvisionLabel>附　則</SupplProvisionLabel>
      <Paragraph Num="1">
        <ParagraphNum/>
        <ParagraphSentence>
          <Sentence>この命令は、公布の日から施行する。</Sentence>
        </ParagraphSentence>
      </Paragraph>
    </SupplProvision>
    <SupplProvision AmendLawNum="平成二七年五月七日復興庁・農林水産省・経済産業省・環境省令第一号">
      <SupplProvisionLabel>附　則</SupplProvisionLabel>
      <Paragraph Num="1">
        <ParagraphNum/>
        <ParagraphSentence>
          <Sentence>この命令は、公布の日から施行する。</Sentence>
        </ParagraphSentence>
      </Paragraph>
    </SupplProvision>
  </LawBody>
</Law>
