<?xml version="1.0" encoding="UTF-8" standalone="no"?>
<Law Era="Heisei" Lang="ja" LawType="MinisterialOrdinance" Num="014" Year="25">
  <LawNum>平成二十五年経済産業省令第十四号</LawNum>
  <LawBody>
    <LawTitle>行政機関の保有する個人情報の保護に関する法律施行令第十八条第三項第一号に掲げる行政機関等が保有する保有個人情報に係る開示請求の手続に関する省令</LawTitle>
    <EnactStatement>行政機関の保有する個人情報の保護に関する法律（平成十五年法律第五十八号）及び行政機関の保有する個人情報の保護に関する法律施行令（平成十五年政令第五百四十八号）を実施するため、行政機関の保有する個人情報の保護に関する法律施行令第十八条第三項第一号に掲げる行政機関等が保有する保有個人情報に係る開示請求の手続に関する省令を次のように定める。</EnactStatement>
    <MainProvision>
      <Paragraph Num="1">
        <ParagraphNum/>
        <ParagraphSentence>
          <Sentence Function="main" Num="1">行政機関の保有する個人情報の保護に関する法律に基づき、行政機関の保有する個人情報の保護に関する法律施行令第十八条第三項第一号に掲げる行政機関、部局又は機関（以下「行政機関等」という。）が保有する保有個人情報に係る開示請求を行う者は、当該開示請求に係る書面に、当該開示請求に係る手数料（以下「手数料」という。）の納付を証明する行政機関の保有する情報の公開に関する法律等に基づく手数料の納付手続の特例に関する省令（平成十三年財務省令第十号）別紙書式の納付書を添付しなければならない。</Sentence>
          <Sentence Function="proviso" Num="2">ただし、行政機関等の事務所のうち行政機関等の長が指定したものにおいて手数料を現金で納付した場合は、この限りでない。</Sentence>
        </ParagraphSentence>
      </Paragraph>
    </MainProvision>
    <SupplProvision>
      <SupplProvisionLabel>附　則</SupplProvisionLabel>
      <Paragraph Num="1">
        <ParagraphNum/>
        <ParagraphSentence>
          <Sentence>この省令は、平成二十五年四月一日から施行する。</Sentence>
        </ParagraphSentence>
      </Paragraph>
    </SupplProvision>
    <SupplProvision AmendLawNum="平成二八年三月二二日経済産業省令第二五号">
      <SupplProvisionLabel>附　則</SupplProvisionLabel>
      <Paragraph Num="1">
        <ParagraphNum/>
        <ParagraphSentence>
          <Sentence>この省令は、行政機関の保有する情報の公開に関する法律及び行政機関の保有する個人情報の保護に関する法律に基づく手数料の納付手続の特例に関する省令の一部を改正する省令（平成二十八年財務省令第三号）の施行の日（平成二十八年四月一日）から施行する。</Sentence>
        </ParagraphSentence>
      </Paragraph>
    </SupplProvision>
  </LawBody>
</Law>
