<?xml version="1.0" encoding="UTF-8" standalone="no"?>
<Law DataInfo="200402e80k80m01" Era="Heisei" Lang="ja" LawType="MinisterialOrdinance" Num="036" Year="26">
  <LawNum>平成二十六年経済産業省令第三十六号</LawNum>
  <LawBody>
    <LawTitle>広域的運営推進機関に関する省令</LawTitle>
    <EnactStatement>電気事業法の一部を改正する法律（平成二十五年法律第七十四号）の施行に伴い、並びに電気事業法（昭和三十九年法律第百七十号）第二編第二章第二節第三款の規定に基づき、並びに同款並びに第百七条第十一項及び第十二項の規定を実施するため、広域的運営推進機関に関する省令を次のように制定する。</EnactStatement>
    <MainProvision>
      <Article Num="1">
        <ArticleCaption>（加入の届出）</ArticleCaption>
        <ArticleTitle>第一条</ArticleTitle>
        <Paragraph Num="1">
          <ParagraphNum/>
          <ParagraphSentence>
            <Sentence>電気事業法（以下「法」という。）第二十八条の十一第四項の規定による届出を行おうとする者は、様式第一の広域的運営推進機関加入届出書を経済産業大臣に提出しなければならない。</Sentence>
          </ParagraphSentence>
        </Paragraph>
      </Article>
      <Article Num="2">
        <ArticleCaption>（会員が脱退することができる場合）</ArticleCaption>
        <ArticleTitle>第二条</ArticleTitle>
        <Paragraph Num="1">
          <ParagraphNum/>
          <ParagraphSentence>
            <Sentence>法第二十八条の十二第二項第九号の経済産業省令で定める場合は、次に掲げる場合とする。</Sentence>
          </ParagraphSentence>
          <Item Num="1">
            <ItemTitle>一</ItemTitle>
            <ItemSentence>
              <Sentence>法第二条の七第一項の承継（小売電気事業の譲渡し又は小売電気事業者たる法人の分割に係るものに限る。）により小売電気事業者の地位を失う場合</Sentence>
            </ItemSentence>
          </Item>
          <Item Num="2">
            <ItemTitle>二</ItemTitle>
            <ItemSentence>
              <Sentence>法第十条第一項の認可（一般送配電事業の全部の譲渡しに係るものに限る。）又は同条第二項の認可（一般送配電事業者たる法人の分割に係るものに限る。）を受ける場合</Sentence>
            </ItemSentence>
          </Item>
          <Item Num="3">
            <ItemTitle>三</ItemTitle>
            <ItemSentence>
              <Sentence>法第二十七条の十二において準用する法第十条第一項の認可（送電事業の全部の譲渡しに係るものに限る。）又は同条第二項の認可（送電事業者たる法人の分割に係るものに限る。）を受ける場合</Sentence>
            </ItemSentence>
          </Item>
          <Item Num="4">
            <ItemTitle>四</ItemTitle>
            <ItemSentence>
              <Sentence>法第二十七条の二十四第一項の承継（特定送配電事業の譲渡し又は特定送配電事業者たる法人の分割に係るものに限る。）により特定送配電事業者の地位を失う場合</Sentence>
            </ItemSentence>
          </Item>
          <Item Num="5">
            <ItemTitle>五</ItemTitle>
            <ItemSentence>
              <Sentence>法第二十七条の二十九において準用する法第二条の七第一項本文の承継（発電事業の譲渡し又は発電事業者たる法人の分割に係るものに限る。）により発電事業者の地位を失う場合</Sentence>
            </ItemSentence>
          </Item>
        </Paragraph>
      </Article>
      <Article Num="3">
        <ArticleCaption>（設立の認可の申請）</ArticleCaption>
        <ArticleTitle>第三条</ArticleTitle>
        <Paragraph Num="1">
          <ParagraphNum/>
          <ParagraphSentence>
            <Sentence>法第二十八条の十四第一項の規定による広域的運営推進機関（以下「推進機関」という。）の設立の認可を受けようとする者は、様式第二の広域的運営推進機関設立認可申請書を経済産業大臣に提出しなければならない。</Sentence>
          </ParagraphSentence>
        </Paragraph>
        <Paragraph Num="2">
          <ParagraphNum>２</ParagraphNum>
          <ParagraphSentence>
            <Sentence>法第二十八条の十四第二項の経済産業省令で定める書類は、次に掲げるものとする。</Sentence>
          </ParagraphSentence>
          <Item Num="1">
            <ItemTitle>一</ItemTitle>
            <ItemSentence>
              <Sentence>発起人の氏名及び住所（発起人が法人である場合にあっては、その名称、住所及びその代表者の氏名）を記載した書類</Sentence>
            </ItemSentence>
          </Item>
          <Item Num="2">
            <ItemTitle>二</ItemTitle>
            <ItemSentence>
              <Sentence>創立総会の開会までに発起人に対して会員となる旨を申し出た電気事業者の氏名又は名称を記載した書類</Sentence>
            </ItemSentence>
          </Item>
          <Item Num="3">
            <ItemTitle>三</ItemTitle>
            <ItemSentence>
              <Sentence>創立総会に出席した電気事業者（発起人を含む。）の氏名又は名称を記載した書類</Sentence>
            </ItemSentence>
          </Item>
          <Item Num="4">
            <ItemTitle>四</ItemTitle>
            <ItemSentence>
              <Sentence>創立総会の議事録又はその謄本</Sentence>
            </ItemSentence>
          </Item>
          <Item Num="5">
            <ItemTitle>五</ItemTitle>
            <ItemSentence>
              <Sentence>役員の履歴を記載した書類及びその就任の承諾を証する書類</Sentence>
            </ItemSentence>
          </Item>
          <Item Num="6">
            <ItemTitle>六</ItemTitle>
            <ItemSentence>
              <Sentence>役員が法第二十八条の二十一各号のいずれにも該当しないことを誓約する書類</Sentence>
            </ItemSentence>
          </Item>
          <Item Num="7">
            <ItemTitle>七</ItemTitle>
            <ItemSentence>
              <Sentence>法第二十八条の四十各号に掲げる業務を適確に遂行するに足りる経理的基礎及び技術的能力を有することを説明した書類</Sentence>
            </ItemSentence>
          </Item>
          <Item Num="8">
            <ItemTitle>八</ItemTitle>
            <ItemSentence>
              <Sentence>組織図及び当該申請に係る推進機関の組織が法の規定に適合することを説明した書類</Sentence>
            </ItemSentence>
          </Item>
          <Item Num="9">
            <ItemTitle>九</ItemTitle>
            <ItemSentence>
              <Sentence>役員及び職員の配置の見込み並びに事務の機構及び分掌に関する事項を記載した書類</Sentence>
            </ItemSentence>
          </Item>
          <Item Num="10">
            <ItemTitle>十</ItemTitle>
            <ItemSentence>
              <Sentence>災害等が発生した場合における業務の継続に関する計画</Sentence>
            </ItemSentence>
          </Item>
          <Item Num="11">
            <ItemTitle>十一</ItemTitle>
            <ItemSentence>
              <Sentence>業務を開始するまでに行う準備に関する計画</Sentence>
            </ItemSentence>
          </Item>
        </Paragraph>
        <Paragraph Num="3">
          <ParagraphNum>３</ParagraphNum>
          <ParagraphSentence>
            <Sentence>経済産業大臣は、法第二十八条の十四第一項の認可の申請が法第二十八条の十五各号のいずれにも適合しているかどうかについて審査するため必要があると認めるときは、前項各号に掲げるもののほか、発起人に対し、参考となるべき報告又は資料の提出を求めることができる。</Sentence>
          </ParagraphSentence>
        </Paragraph>
      </Article>
      <Article Num="4">
        <ArticleCaption>（定款の変更の認可の申請）</ArticleCaption>
        <ArticleTitle>第四条</ArticleTitle>
        <Paragraph Num="1">
          <ParagraphNum/>
          <ParagraphSentence>
            <Sentence>推進機関は、法第二十八条の十八第二項の規定による定款の変更の認可を受けようとするときは、様式第三の定款変更認可申請書に当該定款の変更を決議した総会の議事録又はその謄本を添えて、経済産業大臣に提出しなければならない。</Sentence>
          </ParagraphSentence>
        </Paragraph>
        <Paragraph Num="2">
          <ParagraphNum>２</ParagraphNum>
          <ParagraphSentence>
            <Sentence>推進機関は、法第二十八条の十八第二項の規定による定款の変更の認可を受けたときは、当該変更後の定款を経済産業大臣に提出しなければならない。</Sentence>
          </ParagraphSentence>
        </Paragraph>
      </Article>
      <Article Num="5">
        <ArticleCaption>（役員の選任の認可の申請）</ArticleCaption>
        <ArticleTitle>第五条</ArticleTitle>
        <Paragraph Num="1">
          <ParagraphNum/>
          <ParagraphSentence>
            <Sentence>推進機関は、法第二十八条の二十三第二項の規定による役員の選任の認可を受けようとするときは、様式第四の役員選任認可申請書に役員として選任しようとする者が法第二十八条の二十一各号のいずれにも該当しないことを誓約する書類及び当該者の選任を決議した総会の議事録又はその謄本を添えて、経済産業大臣に提出しなければならない。</Sentence>
          </ParagraphSentence>
        </Paragraph>
      </Article>
      <Article Num="6">
        <ArticleCaption>（役員の解任の認可の申請）</ArticleCaption>
        <ArticleTitle>第六条</ArticleTitle>
        <Paragraph Num="1">
          <ParagraphNum/>
          <ParagraphSentence>
            <Sentence>推進機関は、法第二十八条の二十三第二項の規定による役員の解任の認可を受けようとするときは、様式第五の役員解任認可申請書に解任しようとする役員の解任を決議した総会の議事録又はその謄本を添えて、経済産業大臣に提出しなければならない。</Sentence>
          </ParagraphSentence>
        </Paragraph>
      </Article>
      <Article Num="7">
        <ArticleCaption>（役員の兼職の承認の申請）</ArticleCaption>
        <ArticleTitle>第七条</ArticleTitle>
        <Paragraph Num="1">
          <ParagraphNum/>
          <ParagraphSentence>
            <Sentence>役員は、法第二十八条の二十四ただし書の規定による兼職の承認を受けようとするときは、様式第六の役員兼職承認申請書を経済産業大臣に提出しなければならない。</Sentence>
          </ParagraphSentence>
        </Paragraph>
      </Article>
      <Article Num="8">
        <ArticleCaption>（評議員の任命の認可の申請）</ArticleCaption>
        <ArticleTitle>第八条</ArticleTitle>
        <Paragraph Num="1">
          <ParagraphNum/>
          <ParagraphSentence>
            <Sentence>推進機関の理事長は、法第二十八条の二十七第三項の規定による評議員の任命の認可を受けようとするときは、様式第七の評議員任命認可申請書を経済産業大臣に提出しなければならない。</Sentence>
          </ParagraphSentence>
        </Paragraph>
      </Article>
      <Article Num="9">
        <ArticleCaption>（業務規程の記載事項）</ArticleCaption>
        <ArticleTitle>第九条</ArticleTitle>
        <Paragraph Num="1">
          <ParagraphNum/>
          <ParagraphSentence>
            <Sentence>法第二十八条の四十一第一項の経済産業省令で定める事項は、業務及びその執行に関する事項とする。</Sentence>
          </ParagraphSentence>
        </Paragraph>
      </Article>
      <Article Num="10">
        <ArticleCaption>（業務規程の変更の認可の申請）</ArticleCaption>
        <ArticleTitle>第十条</ArticleTitle>
        <Paragraph Num="1">
          <ParagraphNum/>
          <ParagraphSentence>
            <Sentence>推進機関は、法第二十八条の四十一第三項の規定による業務規程の変更の認可を受けようとするときは、様式第八の業務規程変更認可申請書に当該業務規程の変更を決議した総会の議事録又はその謄本を添えて、経済産業大臣に提出しなければならない。</Sentence>
          </ParagraphSentence>
        </Paragraph>
        <Paragraph Num="2">
          <ParagraphNum>２</ParagraphNum>
          <ParagraphSentence>
            <Sentence>推進機関は、法第二十八条の四十一第三項の規定による業務規程の変更の認可を受けたときは、当該変更後の業務規程を経済産業大臣に提出しなければならない。</Sentence>
          </ParagraphSentence>
        </Paragraph>
      </Article>
      <Article Num="11">
        <ArticleCaption>（経済産業大臣への報告）</ArticleCaption>
        <ArticleTitle>第十一条</ArticleTitle>
        <Paragraph Num="1">
          <ParagraphNum/>
          <ParagraphSentence>
            <Sentence>推進機関は、法第二十八条の四十四第二項の規定による報告をしようとするときは、次に掲げる事項を記載した様式第九の指示内容等報告書を経済産業大臣に提出しなければならない。</Sentence>
          </ParagraphSentence>
          <Item Num="1">
            <ItemTitle>一</ItemTitle>
            <ItemSentence>
              <Sentence>指示を受けた会員の氏名又は名称</Sentence>
            </ItemSentence>
          </Item>
          <Item Num="2">
            <ItemTitle>二</ItemTitle>
            <ItemSentence>
              <Sentence>指示の内容</Sentence>
            </ItemSentence>
          </Item>
          <Item Num="3">
            <ItemTitle>三</ItemTitle>
            <ItemSentence>
              <Sentence>指示をした年月日及び時刻</Sentence>
            </ItemSentence>
          </Item>
          <Item Num="4">
            <ItemTitle>四</ItemTitle>
            <ItemSentence>
              <Sentence>指示をした理由</Sentence>
            </ItemSentence>
          </Item>
        </Paragraph>
        <Paragraph Num="2">
          <ParagraphNum>２</ParagraphNum>
          <ParagraphSentence>
            <Sentence>経済産業大臣は、必要があると認めるときは、前項各号に掲げるもののほか、推進機関に対し、参考となるべき報告又は資料の提出を求めることができる。</Sentence>
          </ParagraphSentence>
        </Paragraph>
        <Paragraph Num="3">
          <ParagraphNum>３</ParagraphNum>
          <ParagraphSentence>
            <Sentence>推進機関は、法第二十八条の四十四第三項の規定による報告をしようとするときは、様式第十の指示結果報告書を経済産業大臣に提出しなければならない。</Sentence>
          </ParagraphSentence>
        </Paragraph>
        <Paragraph Num="4">
          <ParagraphNum>４</ParagraphNum>
          <ParagraphSentence>
            <Sentence>第二項の規定は、前項の報告に準用する。</Sentence>
          </ParagraphSentence>
        </Paragraph>
      </Article>
      <Article Num="12">
        <ArticleCaption>（送配電等業務指針）</ArticleCaption>
        <ArticleTitle>第十二条</ArticleTitle>
        <Paragraph Num="1">
          <ParagraphNum/>
          <ParagraphSentence>
            <Sentence>法第二十八条の四十五第三号の経済産業省令で定める事項は、次に掲げるものとする。</Sentence>
          </ParagraphSentence>
          <Item Num="1">
            <ItemTitle>一</ItemTitle>
            <ItemSentence>
              <Sentence>送電事業者が維持し、及び運用する電線路の能力の向上に関する事項</Sentence>
            </ItemSentence>
          </Item>
          <Item Num="2">
            <ItemTitle>二</ItemTitle>
            <ItemSentence>
              <Sentence>受電用の設備と一般送配電事業者が維持し、及び運用する電線路との電気的な接続に関する事項</Sentence>
            </ItemSentence>
          </Item>
          <Item Num="3">
            <ItemTitle>三</ItemTitle>
            <ItemSentence>
              <Sentence>電気の安定供給を確保するために必要な発電用の電気工作物の設置に関する事項</Sentence>
            </ItemSentence>
          </Item>
          <Item Num="4">
            <ItemTitle>四</ItemTitle>
            <ItemSentence>
              <Sentence>一般送配電事業者が維持し、及び運用する電線路の運用に関する事項</Sentence>
            </ItemSentence>
          </Item>
          <Item Num="5">
            <ItemTitle>五</ItemTitle>
            <ItemSentence>
              <Sentence>前各号に掲げるもののほか、一般送配電事業者が維持し、及び運用する電線路に関する情報の公開に関する事項その他送配電等業務の実施に関する事項</Sentence>
            </ItemSentence>
          </Item>
        </Paragraph>
      </Article>
      <Article Num="13">
        <ArticleCaption>（送配電等業務指針の認可の申請）</ArticleCaption>
        <ArticleTitle>第十三条</ArticleTitle>
        <Paragraph Num="1">
          <ParagraphNum/>
          <ParagraphSentence>
            <Sentence>推進機関は、法第二十八条の四十六第一項前段の認可を受けようとするときは、様式第十一の送配電等業務指針認可申請書に送配電等業務指針を添えて、経済産業大臣に提出しなければならない。</Sentence>
          </ParagraphSentence>
        </Paragraph>
        <Paragraph Num="2">
          <ParagraphNum>２</ParagraphNum>
          <ParagraphSentence>
            <Sentence>推進機関は、法第二十八条の四十六第一項後段の変更の認可を受けようとするときは、様式第十二の送配電等業務指針変更認可申請書を経済産業大臣に提出しなければならない。</Sentence>
          </ParagraphSentence>
        </Paragraph>
        <Paragraph Num="3">
          <ParagraphNum>３</ParagraphNum>
          <ParagraphSentence>
            <Sentence>推進機関は、法第二十八条の四十六第一項後段の変更の認可を受けたときは、当該変更後の送配電等業務指針を経済産業大臣に提出しなければならない。</Sentence>
          </ParagraphSentence>
        </Paragraph>
      </Article>
      <Article Num="14">
        <ArticleCaption>（送配電等業務指針の軽微な変更）</ArticleCaption>
        <ArticleTitle>第十四条</ArticleTitle>
        <Paragraph Num="1">
          <ParagraphNum/>
          <ParagraphSentence>
            <Sentence>法第二十八条の四十六第一項後段の経済産業省令で定める軽微な事項は、法令の制定又は改廃に伴い当然必要とされる形式的な変更その他の送配電等業務指針の内容の実質的な変更を伴わない事項とする。</Sentence>
          </ParagraphSentence>
        </Paragraph>
        <Paragraph Num="2">
          <ParagraphNum>２</ParagraphNum>
          <ParagraphSentence>
            <Sentence>推進機関は、法第二十八条の四十六第四項の規定により変更した送配電等業務指針の届出を行おうとするときは、様式第十三の送配電等業務指針変更届出書に当該変更後の送配電等業務指針を添えて、経済産業大臣に提出しなければならない。</Sentence>
          </ParagraphSentence>
        </Paragraph>
      </Article>
      <Article Num="15">
        <ArticleCaption>（立入検査の結果の報告）</ArticleCaption>
        <ArticleTitle>第十五条</ArticleTitle>
        <Paragraph Num="1">
          <ParagraphNum/>
          <ParagraphSentence>
            <Sentence>推進機関は、法第百七条第十一項の規定による報告をしようとするときは、様式第十四の立入検査結果報告書を経済産業大臣に提出しなければならない。</Sentence>
          </ParagraphSentence>
        </Paragraph>
      </Article>
      <Article Num="16">
        <ArticleCaption>（立入検査の身分証明書）</ArticleCaption>
        <ArticleTitle>第十六条</ArticleTitle>
        <Paragraph Num="1">
          <ParagraphNum/>
          <ParagraphSentence>
            <Sentence>法第百七条第十二項の証明書は、様式第十五によるものとする。</Sentence>
          </ParagraphSentence>
        </Paragraph>
      </Article>
    </MainProvision>
    <SupplProvision>
      <SupplProvisionLabel>附　則</SupplProvisionLabel>
      <Article Num="1">
        <ArticleCaption>（施行期日）</ArticleCaption>
        <ArticleTitle>第一条</ArticleTitle>
        <Paragraph Num="1">
          <ParagraphNum/>
          <ParagraphSentence>
            <Sentence>この省令は、電気事業法の一部を改正する法律の施行の日（平成二十七年四月一日）から施行する。</Sentence>
          </ParagraphSentence>
        </Paragraph>
      </Article>
      <Article Num="2">
        <ArticleCaption>（送配電等業務支援機関に関する省令の廃止）</ArticleCaption>
        <ArticleTitle>第二条</ArticleTitle>
        <Paragraph Num="1">
          <ParagraphNum/>
          <ParagraphSentence>
            <Sentence>送配電等業務支援機関に関する省令（平成十五年経済産業省令第百五十五号）は、廃止する。</Sentence>
          </ParagraphSentence>
        </Paragraph>
      </Article>
    </SupplProvision>
    <SupplProvision AmendLawNum="平成二七年三月一六日経済産業省令第一三号">
      <SupplProvisionLabel>附　則</SupplProvisionLabel>
      <Paragraph Num="1">
        <ParagraphNum/>
        <ParagraphSentence>
          <Sentence>この省令は、電気事業法の一部を改正する法律（平成二十五年法律第七十四号）の施行の日（平成二十七年四月一日）から施行する。</Sentence>
        </ParagraphSentence>
      </Paragraph>
    </SupplProvision>
    <SupplProvision AmendLawNum="平成二八年三月三〇日経済産業省令第五五号">
      <SupplProvisionLabel>附　則</SupplProvisionLabel>
      <Paragraph Num="1">
        <ParagraphNum/>
        <ParagraphSentence>
          <Sentence>この省令は、電気事業法等の一部を改正する法律の施行の日（平成二十八年四月一日）から施行する。</Sentence>
        </ParagraphSentence>
      </Paragraph>
    </SupplProvision>
    <AppdxStyle>
      <AppdxStyleTitle>様式第１</AppdxStyleTitle>
      <RelatedArticleNum>（第１条関係）</RelatedArticleNum>
      <StyleStruct>
        <Style>
          <Fig src="./pict/H26F15001000036-001.pdf"/>
        </Style>
      </StyleStruct>
    </AppdxStyle>
    <AppdxStyle>
      <AppdxStyleTitle>様式第２</AppdxStyleTitle>
      <RelatedArticleNum>（第３条関係）</RelatedArticleNum>
      <StyleStruct>
        <Style>
          <Fig src="./pict/H26F15001000036-002.pdf"/>
        </Style>
      </StyleStruct>
    </AppdxStyle>
    <AppdxStyle>
      <AppdxStyleTitle>様式第３</AppdxStyleTitle>
      <RelatedArticleNum>（第４条関係）</RelatedArticleNum>
      <StyleStruct>
        <Style>
          <Fig src="./pict/H26F15001000036-003.pdf"/>
        </Style>
      </StyleStruct>
    </AppdxStyle>
    <AppdxStyle>
      <AppdxStyleTitle>様式第４</AppdxStyleTitle>
      <RelatedArticleNum>（第５条関係）</RelatedArticleNum>
      <StyleStruct>
        <Style>
          <Fig src="./pict/H26F15001000036-004.pdf"/>
        </Style>
      </StyleStruct>
    </AppdxStyle>
    <AppdxStyle>
      <AppdxStyleTitle>様式第５</AppdxStyleTitle>
      <RelatedArticleNum>（第６条関係）</RelatedArticleNum>
      <StyleStruct>
        <Style>
          <Fig src="./pict/H26F15001000036-005.pdf"/>
        </Style>
      </StyleStruct>
    </AppdxStyle>
    <AppdxStyle>
      <AppdxStyleTitle>様式第６</AppdxStyleTitle>
      <RelatedArticleNum>（第７条関係）</RelatedArticleNum>
      <StyleStruct>
        <Style>
          <Fig src="./pict/H26F15001000036-006.pdf"/>
        </Style>
      </StyleStruct>
    </AppdxStyle>
    <AppdxStyle>
      <AppdxStyleTitle>様式第７</AppdxStyleTitle>
      <RelatedArticleNum>（第８条関係）</RelatedArticleNum>
      <StyleStruct>
        <Style>
          <Fig src="./pict/H26F15001000036-007.pdf"/>
        </Style>
      </StyleStruct>
    </AppdxStyle>
    <AppdxStyle>
      <AppdxStyleTitle>様式第８</AppdxStyleTitle>
      <RelatedArticleNum>（第１０条関係）</RelatedArticleNum>
      <StyleStruct>
        <Style>
          <Fig src="./pict/H26F15001000036-008.pdf"/>
        </Style>
      </StyleStruct>
    </AppdxStyle>
    <AppdxStyle>
      <AppdxStyleTitle>様式第９</AppdxStyleTitle>
      <RelatedArticleNum>（第１１条関係）</RelatedArticleNum>
      <StyleStruct>
        <Style>
          <Fig src="./pict/H26F15001000036-009.pdf"/>
        </Style>
      </StyleStruct>
    </AppdxStyle>
    <AppdxStyle>
      <AppdxStyleTitle>様式第１０</AppdxStyleTitle>
      <RelatedArticleNum>（第１１条関係）</RelatedArticleNum>
      <StyleStruct>
        <Style>
          <Fig src="./pict/H26F15001000036-010.pdf"/>
        </Style>
      </StyleStruct>
    </AppdxStyle>
    <AppdxStyle>
      <AppdxStyleTitle>様式第１１</AppdxStyleTitle>
      <RelatedArticleNum>（第１３条関係）</RelatedArticleNum>
      <StyleStruct>
        <Style>
          <Fig src="./pict/H26F15001000036-011.pdf"/>
        </Style>
      </StyleStruct>
    </AppdxStyle>
    <AppdxStyle>
      <AppdxStyleTitle>様式第１２</AppdxStyleTitle>
      <RelatedArticleNum>（第１３条関係）</RelatedArticleNum>
      <StyleStruct>
        <Style>
          <Fig src="./pict/H26F15001000036-012.pdf"/>
        </Style>
      </StyleStruct>
    </AppdxStyle>
    <AppdxStyle>
      <AppdxStyleTitle>様式第１３</AppdxStyleTitle>
      <RelatedArticleNum>（第１４条関係）</RelatedArticleNum>
      <StyleStruct>
        <Style>
          <Fig src="./pict/H26F15001000036-013.pdf"/>
        </Style>
      </StyleStruct>
    </AppdxStyle>
    <AppdxStyle>
      <AppdxStyleTitle>様式第１４</AppdxStyleTitle>
      <RelatedArticleNum>（第１５条関係）</RelatedArticleNum>
      <StyleStruct>
        <Style>
          <Fig src="./pict/H26F15001000036-014.pdf"/>
        </Style>
      </StyleStruct>
    </AppdxStyle>
    <AppdxStyle>
      <AppdxStyleTitle>様式第１５</AppdxStyleTitle>
      <RelatedArticleNum>（第１６条関係）</RelatedArticleNum>
      <StyleStruct>
        <Style>
          <Fig src="./pict/H26F15001000036-015.pdf"/>
        </Style>
      </StyleStruct>
    </AppdxStyle>
  </LawBody>
</Law>
