<?xml version="1.0" encoding="UTF-8" standalone="no"?>
<Law DataInfo="200402e80k80m01" Era="Heisei" Lang="ja" LawType="Act" Num="062" Year="27">
  <LawNum>平成二十七年法律第六十二号</LawNum>
  <LawBody>
    <LawTitle>矯正医官の兼業の特例等に関する法律</LawTitle>
    <MainProvision>
      <Article Delete="false" Hide="false" Num="1">
        <ArticleCaption>（目的）</ArticleCaption>
        <ArticleTitle>第一条</ArticleTitle>
        <Paragraph Hide="false" Num="1">
          <ParagraphNum/>
          <ParagraphSentence>
            <Sentence WritingMode="vertical">この法律は、矯正施設に収容されている者に対する医療の重要性に鑑み、矯正医官について、その兼業についての国家公務員法（昭和二十二年法律第百二十号）の特例等を定めることにより、その能力の維持向上の機会の付与等を図り、もってその人材の継続的かつ安定的な確保に資することを目的とする。</Sentence>
          </ParagraphSentence>
        </Paragraph>
      </Article>
      <Article Delete="false" Hide="false" Num="2">
        <ArticleCaption>（定義）</ArticleCaption>
        <ArticleTitle>第二条</ArticleTitle>
        <Paragraph Hide="false" Num="1">
          <ParagraphNum/>
          <ParagraphSentence>
            <Sentence WritingMode="vertical">この法律において、次の各号に掲げる用語の意義は、それぞれ当該各号に定めるところによる。</Sentence>
          </ParagraphSentence>
          <Item Delete="false" Hide="false" Num="1">
            <ItemTitle>一</ItemTitle>
            <ItemSentence>
              <Column LineBreak="false" Num="1">
                <Sentence WritingMode="vertical">矯正施設</Sentence>
              </Column>
              <Column LineBreak="false" Num="2">
                <Sentence WritingMode="vertical">刑務所、少年刑務所、拘置所、少年院、少年鑑別所及び婦人補導院をいう。</Sentence>
              </Column>
            </ItemSentence>
          </Item>
          <Item Delete="false" Hide="false" Num="2">
            <ItemTitle>二</ItemTitle>
            <ItemSentence>
              <Column LineBreak="false" Num="1">
                <Sentence WritingMode="vertical">矯正医官</Sentence>
              </Column>
              <Column LineBreak="false" Num="2">
                <Sentence WritingMode="vertical">矯正施設に勤務する一般職の職員の給与に関する法律（昭和二十五年法律第九十五号。第四条第四項において「給与法」という。）別表第八イ医療職俸給表(一)の適用を受ける職員をいう。</Sentence>
              </Column>
            </ItemSentence>
          </Item>
        </Paragraph>
      </Article>
      <Article Delete="false" Hide="false" Num="3">
        <ArticleCaption>（国の責務）</ArticleCaption>
        <ArticleTitle>第三条</ArticleTitle>
        <Paragraph Hide="false" Num="1">
          <ParagraphNum/>
          <ParagraphSentence>
            <Sentence WritingMode="vertical">国は、広報活動、啓発活動その他の活動を通じて、矯正施設に収容されている者に対する医療の重要性に対する国民の関心と理解を深めるよう努めなければならない。</Sentence>
          </ParagraphSentence>
        </Paragraph>
        <Paragraph Hide="false" Num="2">
          <ParagraphNum>２</ParagraphNum>
          <ParagraphSentence>
            <Sentence WritingMode="vertical">国は、矯正医官の勤務条件の改善その他の矯正医官の確保のために必要な措置を講ずるよう努めなければならない。</Sentence>
          </ParagraphSentence>
        </Paragraph>
      </Article>
      <Article Delete="false" Hide="false" Num="4">
        <ArticleCaption>（国家公務員法の特例等）</ArticleCaption>
        <ArticleTitle>第四条</ArticleTitle>
        <Paragraph Hide="false" Num="1">
          <ParagraphNum/>
          <ParagraphSentence>
            <Sentence WritingMode="vertical">矯正医官は、部外診療（病院又は診療所その他これらに準ずるものとして内閣官房令・法務省令で定める施設（これらの職員が国家公務員の身分を有しないものに限る。）において行う医業又は歯科医業（当該矯正医官が団体の役員、顧問又は評議員の職を兼ねることとなるもの及び自ら営利を目的とする私企業を営むこととなるものを除く。）をいう。以下この条において同じ。）を行おうとする場合において、当該部外診療を行うことが、次の各号のいずれかに該当するときは、内閣官房令・法務省令で定めるところにより、法務大臣の承認を受けることができる。</Sentence>
          </ParagraphSentence>
          <Item Delete="false" Hide="false" Num="1">
            <ItemTitle>一</ItemTitle>
            <ItemSentence>
              <Sentence WritingMode="vertical">その正規の勤務時間（一般職の職員の勤務時間、休暇等に関する法律（平成六年法律第三十三号）第十三条第一項に規定する正規の勤務時間をいう。以下この条において同じ。）において、勤務しないこととなる場合</Sentence>
            </ItemSentence>
          </Item>
          <Item Delete="false" Hide="false" Num="2">
            <ItemTitle>二</ItemTitle>
            <ItemSentence>
              <Sentence WritingMode="vertical">報酬を得て、行うこととなる場合</Sentence>
            </ItemSentence>
          </Item>
        </Paragraph>
        <Paragraph Hide="false" Num="2">
          <ParagraphNum>２</ParagraphNum>
          <ParagraphSentence>
            <Sentence WritingMode="vertical">前項の承認を受けた矯正医官が、その正規の勤務時間において、当該承認に係る部外診療を行うため勤務しない場合には、その勤務しない時間については、国家公務員法第百一条第一項前段の規定は、適用しない。</Sentence>
          </ParagraphSentence>
        </Paragraph>
        <Paragraph Hide="false" Num="3">
          <ParagraphNum>３</ParagraphNum>
          <ParagraphSentence>
            <Sentence WritingMode="vertical">第一項の承認を受けた矯正医官が、報酬を得て、当該承認に係る部外診療を行う場合には、国家公務員法第百四条の許可を要しない。</Sentence>
          </ParagraphSentence>
        </Paragraph>
        <Paragraph Hide="false" Num="4">
          <ParagraphNum>４</ParagraphNum>
          <ParagraphSentence>
            <Sentence WritingMode="vertical">第一項の承認を受けた矯正医官が、その正規の勤務時間において、当該承認に係る部外診療を行うため勤務しない場合には、給与法第十五条の規定にかかわらず、その勤務しない一時間につき、給与法第十九条に規定する勤務一時間当たりの給与額を減額して給与を支給する。</Sentence>
          </ParagraphSentence>
        </Paragraph>
      </Article>
    </MainProvision>
    <SupplProvision>
      <SupplProvisionLabel>附　則</SupplProvisionLabel>
      <Paragraph Hide="false" Num="1">
        <ParagraphNum/>
        <ParagraphSentence>
          <Sentence WritingMode="vertical">この法律は、公布の日から起算して三月を超えない範囲内において政令で定める日から施行する。</Sentence>
        </ParagraphSentence>
      </Paragraph>
    </SupplProvision>
    <SupplProvision AmendLawNum="平成二八年一月二六日法律第一号" Extract="true" Type="Amend">
      <SupplProvisionLabel>附　則</SupplProvisionLabel>
      <Article Delete="false" Hide="false" Num="1">
        <ArticleCaption>（施行期日等）</ArticleCaption>
        <ArticleTitle>第一条</ArticleTitle>
        <Paragraph Hide="false" Num="1">
          <ParagraphNum/>
          <ParagraphSentence>
            <Sentence Function="main" Num="1" WritingMode="vertical">この法律は、公布の日から施行する。</Sentence>
            <Sentence Function="proviso" Num="2" WritingMode="vertical">ただし、第二条、第三条、第五条及び第七条並びに附則第五条及び第六条の規定は、平成二十八年四月一日から施行する。</Sentence>
          </ParagraphSentence>
        </Paragraph>
      </Article>
    </SupplProvision>
  </LawBody>
</Law>
