<?xml version="1.0" encoding="UTF-8" standalone="no"?>
<Law Era="Heisei" Lang="ja" LawType="CabinetOrder" Num="317" Year="28">
  <LawNum>平成二十八年政令第三百十七号</LawNum>
  <LawBody>
    <LawTitle>電気事業法等の一部を改正する等の法律附則第三条第一項の託送供給等約款の認可の申請の期限等を定める政令</LawTitle>
    <EnactStatement>内閣は、電気事業法等の一部を改正する等の法律（平成二十七年法律第四十七号）附則第三条第一項及び第九条の規定に基づき、この政令を制定する。</EnactStatement>
    <MainProvision>
      <Article Delete="false" Hide="false" Num="1">
        <ArticleCaption>（一般送配電事業者の電力量調整供給に係る託送供給等約款の認可の申請の期限）</ArticleCaption>
        <ArticleTitle>第一条</ArticleTitle>
        <Paragraph Hide="false" Num="1">
          <ParagraphNum/>
          <ParagraphSentence>
            <Sentence WritingMode="vertical">電気事業法等の一部を改正する等の法律（次条において「改正法」という。）附則第三条第一項の政令で定める日は、平成二十八年十月三十一日とする。</Sentence>
          </ParagraphSentence>
        </Paragraph>
      </Article>
      <Article Delete="false" Hide="false" Num="2">
        <ArticleCaption>（電気事業に係る兼業者たる法人の分割等に関する特例措置の期限）</ArticleCaption>
        <ArticleTitle>第二条</ArticleTitle>
        <Paragraph Hide="false" Num="1">
          <ParagraphNum/>
          <ParagraphSentence>
            <Sentence WritingMode="vertical">改正法附則第九条の政令で定める日は、平成三十七年三月三十一日とする。</Sentence>
          </ParagraphSentence>
        </Paragraph>
      </Article>
    </MainProvision>
    <SupplProvision>
      <SupplProvisionLabel>附　則</SupplProvisionLabel>
      <Paragraph Hide="false" Num="1">
        <ParagraphNum/>
        <ParagraphSentence>
          <Sentence WritingMode="vertical">この政令は、公布の日から施行する。</Sentence>
        </ParagraphSentence>
      </Paragraph>
    </SupplProvision>
  </LawBody>
</Law>
