<?xml version="1.0" encoding="UTF-8" standalone="no"?>
<Law Era="Heisei" Lang="ja" LawType="MinisterialOrdinance" Num="045" Year="28">
  <LawNum>平成二十八年総務省令第四十五号</LawNum>
  <LawBody>
    <LawTitle>行政不服審査会事務局組織規則</LawTitle>
    <EnactStatement>行政不服審査法施行令（平成二十七年政令第三百九十一号）第二十四条第三項の規定に基づき、行政不服審査会事務局組織規則を次のように定める。</EnactStatement>
    <MainProvision>
      <Article Num="1">
        <ArticleCaption>（事務局に置く課等）</ArticleCaption>
        <ArticleTitle>第一条</ArticleTitle>
        <Paragraph Num="1">
          <ParagraphNum/>
          <ParagraphSentence>
            <Sentence>行政不服審査会事務局に、総務課及び審査官一人を置く。</Sentence>
          </ParagraphSentence>
        </Paragraph>
      </Article>
      <Article Num="2">
        <ArticleCaption>（総務課の所掌事務）</ArticleCaption>
        <ArticleTitle>第二条</ArticleTitle>
        <Paragraph Num="1">
          <ParagraphNum/>
          <ParagraphSentence>
            <Sentence>総務課は、次に掲げる事務をつかさどる。</Sentence>
          </ParagraphSentence>
          <Item Num="1">
            <ItemTitle>一</ItemTitle>
            <ItemSentence>
              <Sentence>会長の官印及び行政不服審査会印の保管に関すること。</Sentence>
            </ItemSentence>
          </Item>
          <Item Num="2">
            <ItemTitle>二</ItemTitle>
            <ItemSentence>
              <Sentence>局務の総合調整に関すること。</Sentence>
            </ItemSentence>
          </Item>
          <Item Num="3">
            <ItemTitle>三</ItemTitle>
            <ItemSentence>
              <Sentence>行政不服審査会の人事に関すること。</Sentence>
            </ItemSentence>
          </Item>
          <Item Num="4">
            <ItemTitle>四</ItemTitle>
            <ItemSentence>
              <Sentence>行政不服審査会の所掌に係る会計及び会計の監査に関すること。</Sentence>
            </ItemSentence>
          </Item>
          <Item Num="5">
            <ItemTitle>五</ItemTitle>
            <ItemSentence>
              <Sentence>行政不服審査会所属の物品の管理に関すること。</Sentence>
            </ItemSentence>
          </Item>
          <Item Num="6">
            <ItemTitle>六</ItemTitle>
            <ItemSentence>
              <Sentence>公文書類の接受、発送、編集及び保存に関すること。</Sentence>
            </ItemSentence>
          </Item>
          <Item Num="7">
            <ItemTitle>七</ItemTitle>
            <ItemSentence>
              <Sentence>行政不服審査会の保有する情報の公開に関すること。</Sentence>
            </ItemSentence>
          </Item>
          <Item Num="8">
            <ItemTitle>八</ItemTitle>
            <ItemSentence>
              <Sentence>行政不服審査会の保有する個人情報の保護に関すること。</Sentence>
            </ItemSentence>
          </Item>
          <Item Num="9">
            <ItemTitle>九</ItemTitle>
            <ItemSentence>
              <Sentence>広報に関すること。</Sentence>
            </ItemSentence>
          </Item>
          <Item Num="10">
            <ItemTitle>十</ItemTitle>
            <ItemSentence>
              <Sentence>審査請求に係る事件についての調査審議に関すること（審査官の所掌に属するものを除く。）。</Sentence>
            </ItemSentence>
          </Item>
          <Item Num="11">
            <ItemTitle>十一</ItemTitle>
            <ItemSentence>
              <Sentence>前各号に掲げるもののほか、局務で審査官の所掌に属しないものに関すること。</Sentence>
            </ItemSentence>
          </Item>
        </Paragraph>
      </Article>
      <Article Num="3">
        <ArticleCaption>（審査官の職務）</ArticleCaption>
        <ArticleTitle>第三条</ArticleTitle>
        <Paragraph Num="1">
          <ParagraphNum/>
          <ParagraphSentence>
            <Sentence>審査官は、命を受けて、審査請求に係る事件についての調査審議に関する事務を分掌する。</Sentence>
          </ParagraphSentence>
        </Paragraph>
      </Article>
    </MainProvision>
    <SupplProvision>
      <SupplProvisionLabel>附　則</SupplProvisionLabel>
      <Paragraph Num="1">
        <ParagraphNum/>
        <ParagraphSentence>
          <Sentence>この省令は、行政不服審査法（平成二十六年法律第六十八号）の施行の日（平成二十八年四月一日）から施行する。</Sentence>
        </ParagraphSentence>
      </Paragraph>
    </SupplProvision>
  </LawBody>
</Law>
