<?xml version="1.0" encoding="UTF-8" standalone="no"?>
<Law DataInfo="190722e80k10m01" Era="Heisei" Lang="ja" LawType="MinisterialOrdinance" Num="008" Year="31">
  <LawNum>平成三十一年農林水産省令第八号</LawNum>
  <LawBody>
    <LawTitle>日本農林規格等に関する法律等に規定する検査身分証明書の様式を定める省令</LawTitle>
    <EnactStatement>日本農林規格等に関する法律（昭和二十五年法律第百七十五号）、農産物検査法（昭和二十六年法律第百四十四号）、主要食糧の需給及び価格の安定に関する法律（平成六年法律第百十三号）、牛の個体識別のための情報の管理及び伝達に関する特別措置法（平成十五年法律第七十二号）、米穀等の取引等に係る情報の記録及び産地情報の伝達に関する法律（平成二十一年法律第二十六号）及び食品表示法（平成二十五年法律第七十号）を実施するため、日本農林規格等に関する法律等に規定する検査身分証明書の様式を定める省令を次のように定める。</EnactStatement>
    <MainProvision>
      <Paragraph Hide="false" Num="1">
        <ParagraphNum/>
        <ParagraphSentence>
          <Sentence WritingMode="vertical">次の各号に掲げる法律の規定による検査の際に、農林水産省の職員（沖縄総合事務局において、地方農政局において所掌することとされている事務に従事する職員を含む。）が携帯するその身分を示す証明書は、他の法令の規定にかかわらず、別記様式によることができる。</Sentence>
        </ParagraphSentence>
        <Item Delete="false" Hide="false" Num="1">
          <ItemTitle>一</ItemTitle>
          <ItemSentence>
            <Sentence WritingMode="vertical">日本農林規格等に関する法律（昭和二十五年法律第百七十五号）第六十五条第二項及び第四項</Sentence>
          </ItemSentence>
        </Item>
        <Item Delete="false" Hide="false" Num="2">
          <ItemTitle>二</ItemTitle>
          <ItemSentence>
            <Sentence WritingMode="vertical">農産物検査法（昭和二十六年法律第百四十四号）第三十一条第一項及び第二項</Sentence>
          </ItemSentence>
        </Item>
        <Item Delete="false" Hide="false" Num="3">
          <ItemTitle>三</ItemTitle>
          <ItemSentence>
            <Sentence WritingMode="vertical">主要食糧の需給及び価格の安定に関する法律（平成六年法律第百十三号）第五十二条第一項</Sentence>
          </ItemSentence>
        </Item>
        <Item Delete="false" Hide="false" Num="4">
          <ItemTitle>四</ItemTitle>
          <ItemSentence>
            <Sentence WritingMode="vertical">牛の個体識別のための情報の管理及び伝達に関する特別措置法（平成十五年法律第七十二号）第十九条第一項から第三項まで</Sentence>
          </ItemSentence>
        </Item>
        <Item Delete="false" Hide="false" Num="5">
          <ItemTitle>五</ItemTitle>
          <ItemSentence>
            <Sentence WritingMode="vertical">米穀等の取引等に係る情報の記録及び産地情報の伝達に関する法律（平成二十一年法律第二十六号）第十条第一項</Sentence>
          </ItemSentence>
        </Item>
        <Item Delete="false" Hide="false" Num="6">
          <ItemTitle>六</ItemTitle>
          <ItemSentence>
            <Sentence WritingMode="vertical">食品表示法（平成二十五年法律第七十号）第八条第二項</Sentence>
          </ItemSentence>
        </Item>
      </Paragraph>
    </MainProvision>
    <AppdxStyle>
      <AppdxStyleTitle WritingMode="vertical">別記様式</AppdxStyleTitle>
      <StyleStruct>
        <Style>
          <Fig src="./pict/H31F170008_1907221607_001.pdf"/>
        </Style>
      </StyleStruct>
    </AppdxStyle>
    <SupplProvision>
      <SupplProvisionLabel>附　則</SupplProvisionLabel>
      <Paragraph Hide="false" Num="1">
        <ParagraphNum/>
        <ParagraphSentence>
          <Sentence WritingMode="vertical">この省令は、平成三十一年四月一日から施行する。</Sentence>
        </ParagraphSentence>
      </Paragraph>
    </SupplProvision>
    <SupplProvision AmendLawNum="令和元年六月二七日農林水産省令第一〇号" Type="Amend">
      <SupplProvisionLabel>附　則</SupplProvisionLabel>
      <Article Delete="false" Hide="false" Num="1">
        <ArticleCaption>（施行期日）</ArticleCaption>
        <ArticleTitle>第一条</ArticleTitle>
        <Paragraph Hide="false" Num="1">
          <ParagraphNum/>
          <ParagraphSentence>
            <Sentence WritingMode="vertical">この省令は、不正競争防止法等の一部を改正する法律の施行の日（令和元年七月一日）から施行する。</Sentence>
          </ParagraphSentence>
        </Paragraph>
      </Article>
      <Article Delete="false" Hide="false" Num="2">
        <ArticleCaption>（経過措置）</ArticleCaption>
        <ArticleTitle>第二条</ArticleTitle>
        <Paragraph Hide="false" Num="1">
          <ParagraphNum/>
          <ParagraphSentence>
            <Sentence WritingMode="vertical">この省令の施行の際現にあるこの省令による改正前の様式（次項において「旧様式」という。）により使用されている書類は、この省令による改正後の様式によるものとみなす。</Sentence>
          </ParagraphSentence>
        </Paragraph>
        <Paragraph Hide="false" Num="2">
          <ParagraphNum>２</ParagraphNum>
          <ParagraphSentence>
            <Sentence WritingMode="vertical">この省令の施行の際現にある旧様式による用紙については、当分の間、これを取り繕って使用することができる。</Sentence>
          </ParagraphSentence>
        </Paragraph>
      </Article>
    </SupplProvision>
  </LawBody>
</Law>
