<?xml version="1.0" encoding="UTF-8" standalone="no"?>
<Law DataInfo="200604e80k80m01" Era="Reiwa" Lang="ja" LawType="Act" Num="008" Year="01">
  <LawNum>令和元年法律第八号</LawNum>
  <LawBody>
    <LawTitle>大学等における修学の支援に関する法律</LawTitle>
    <TOC>
      <TOCLabel>目次</TOCLabel>
      <TOCChapter Delete="false" Num="1">
        <ChapterTitle>第一章　総則</ChapterTitle>
        <ArticleRange>（第一条・第二条）</ArticleRange>
      </TOCChapter>
      <TOCChapter Delete="false" Num="2">
        <ChapterTitle>第二章　大学等における修学の支援</ChapterTitle>
        <TOCSection Delete="false" Num="1">
          <SectionTitle>第一節　通則</SectionTitle>
          <ArticleRange>（第三条）</ArticleRange>
        </TOCSection>
        <TOCSection Delete="false" Num="2">
          <SectionTitle>第二節　学資支給</SectionTitle>
          <ArticleRange>（第四条・第五条）</ArticleRange>
        </TOCSection>
        <TOCSection Delete="false" Num="3">
          <SectionTitle>第三節　授業料等減免</SectionTitle>
          <ArticleRange>（第六条―第十六条）</ArticleRange>
        </TOCSection>
      </TOCChapter>
      <TOCChapter Delete="false" Num="3">
        <ChapterTitle>第三章　雑則</ChapterTitle>
        <ArticleRange>（第十七条・第十八条）</ArticleRange>
      </TOCChapter>
      <TOCChapter Delete="false" Num="4">
        <ChapterTitle>第四章　罰則</ChapterTitle>
        <ArticleRange>（第十九条）</ArticleRange>
      </TOCChapter>
      <TOCSupplProvision>
        <SupplProvisionLabel>附則</SupplProvisionLabel>
      </TOCSupplProvision>
    </TOC>
    <MainProvision>
      <Chapter Delete="false" Hide="false" Num="1">
        <ChapterTitle>第一章　総則</ChapterTitle>
        <Article Delete="false" Hide="false" Num="1">
          <ArticleCaption>（目的）</ArticleCaption>
          <ArticleTitle>第一条</ArticleTitle>
          <Paragraph Hide="false" Num="1">
            <ParagraphNum/>
            <ParagraphSentence>
              <Sentence WritingMode="vertical">この法律は、真に支援が必要な低所得者世帯の者に対し、社会で自立し、及び活躍することができる豊かな人間性を備えた創造的な人材を育成するために必要な質の高い教育を実施する大学等における修学の支援を行い、その修学に係る経済的負担を軽減することにより、子どもを安心して生み、育てることができる環境の整備を図り、もって我が国における急速な少子化の進展への対処に寄与することを目的とする。</Sentence>
            </ParagraphSentence>
          </Paragraph>
        </Article>
        <Article Delete="false" Hide="false" Num="2">
          <ArticleCaption>（定義）</ArticleCaption>
          <ArticleTitle>第二条</ArticleTitle>
          <Paragraph Hide="false" Num="1">
            <ParagraphNum/>
            <ParagraphSentence>
              <Sentence WritingMode="vertical">この法律において「大学等」とは、大学（学校教育法（昭和二十二年法律第二十六号）第百三条に規定する大学を除く。以下同じ。）、高等専門学校及び専門課程を置く専修学校（第七条第一項及び第十条において「専門学校」という。）をいう。</Sentence>
            </ParagraphSentence>
          </Paragraph>
          <Paragraph Hide="false" Num="2">
            <ParagraphNum>２</ParagraphNum>
            <ParagraphSentence>
              <Sentence WritingMode="vertical">この法律において「学生等」とは、大学の学部、短期大学の学科及び専攻科（大学の学部に準ずるものとして文部科学省令で定める専攻科に限る。）並びに高等専門学校の学科（第四学年及び第五学年に限る。）及び専攻科（大学の学部に準ずるものとして文部科学省令で定める専攻科に限る。）の学生並びに専修学校の専門課程の生徒をいう。</Sentence>
            </ParagraphSentence>
          </Paragraph>
          <Paragraph Hide="false" Num="3">
            <ParagraphNum>３</ParagraphNum>
            <ParagraphSentence>
              <Sentence WritingMode="vertical">この法律において「確認大学等」とは、第七条第一項の確認を受けた大学等をいう。</Sentence>
            </ParagraphSentence>
          </Paragraph>
        </Article>
      </Chapter>
      <Chapter Delete="false" Hide="false" Num="2">
        <ChapterTitle>第二章　大学等における修学の支援</ChapterTitle>
        <Section Delete="false" Hide="false" Num="1">
          <SectionTitle>第一節　通則</SectionTitle>
          <Article Delete="false" Hide="false" Num="3">
            <ArticleTitle>第三条</ArticleTitle>
            <Paragraph Hide="false" Num="1">
              <ParagraphNum/>
              <ParagraphSentence>
                <Sentence WritingMode="vertical">大学等における修学の支援は、確認大学等に在学する学生等のうち、特に優れた者であって経済的理由により極めて修学に困難があるものに対して行う学資支給及び授業料等減免とする。</Sentence>
              </ParagraphSentence>
            </Paragraph>
          </Article>
        </Section>
        <Section Delete="false" Hide="false" Num="2">
          <SectionTitle>第二節　学資支給</SectionTitle>
          <Article Delete="false" Hide="false" Num="4">
            <ArticleTitle>第四条</ArticleTitle>
            <Paragraph Hide="false" Num="1">
              <ParagraphNum/>
              <ParagraphSentence>
                <Sentence WritingMode="vertical">学資支給は、学資支給金（独立行政法人日本学生支援機構法（平成十五年法律第九十四号）第十七条の二第一項に規定する学資支給金をいう。）の支給とする。</Sentence>
              </ParagraphSentence>
            </Paragraph>
          </Article>
          <Article Delete="false" Hide="false" Num="5">
            <ArticleTitle>第五条</ArticleTitle>
            <Paragraph Hide="false" Num="1">
              <ParagraphNum/>
              <ParagraphSentence>
                <Sentence WritingMode="vertical">学資支給については、この法律に別段の定めがあるものを除き、独立行政法人日本学生支援機構法の定めるところによる。</Sentence>
              </ParagraphSentence>
            </Paragraph>
          </Article>
        </Section>
        <Section Delete="false" Hide="false" Num="3">
          <SectionTitle>第三節　授業料等減免</SectionTitle>
          <Article Delete="false" Hide="false" Num="6">
            <ArticleCaption>（授業料等減免）</ArticleCaption>
            <ArticleTitle>第六条</ArticleTitle>
            <Paragraph Hide="false" Num="1">
              <ParagraphNum/>
              <ParagraphSentence>
                <Sentence WritingMode="vertical">授業料等減免は、第八条第一項の規定による授業料等（授業料及び入学金をいう。同項において同じ。）の減免とする。</Sentence>
              </ParagraphSentence>
            </Paragraph>
          </Article>
          <Article Delete="false" Hide="false" Num="7">
            <ArticleCaption>（大学等の確認）</ArticleCaption>
            <ArticleTitle>第七条</ArticleTitle>
            <Paragraph Hide="false" Num="1">
              <ParagraphNum/>
              <ParagraphSentence>
                <Sentence WritingMode="vertical">次の各号に掲げる大学等の設置者は、授業料等減免を行おうとするときは、文部科学省令で定めるところにより、当該各号に定める者（以下「文部科学大臣等」という。）に対し、当該大学等が次項各号に掲げる要件を満たしていることについて確認を求めることができる。</Sentence>
              </ParagraphSentence>
              <Item Delete="false" Hide="false" Num="1">
                <ItemTitle>一</ItemTitle>
                <ItemSentence>
                  <Column LineBreak="false" Num="1">
                    <Sentence WritingMode="vertical">大学及び高等専門学校（いずれも学校教育法第二条第二項に規定する国立学校又は私立学校であるものに限る。第十条第一号において同じ。）並びに国立大学法人（国立大学法人法（平成十五年法律第百十二号）第二条第一項に規定する国立大学法人をいう。第十条第一号において同じ。）が設置する専門学校</Sentence>
                  </Column>
                  <Column LineBreak="false" Num="2">
                    <Sentence WritingMode="vertical">文部科学大臣</Sentence>
                  </Column>
                </ItemSentence>
              </Item>
              <Item Delete="false" Hide="false" Num="2">
                <ItemTitle>二</ItemTitle>
                <ItemSentence>
                  <Column LineBreak="false" Num="1">
                    <Sentence WritingMode="vertical">国が設置する専門学校</Sentence>
                  </Column>
                  <Column LineBreak="false" Num="2">
                    <Sentence WritingMode="vertical">当該専門学校が属する国の行政機関の長</Sentence>
                  </Column>
                </ItemSentence>
              </Item>
              <Item Delete="false" Hide="false" Num="3">
                <ItemTitle>三</ItemTitle>
                <ItemSentence>
                  <Column LineBreak="false" Num="1">
                    <Sentence WritingMode="vertical">独立行政法人（独立行政法人通則法（平成十一年法律第百三号）第二条第一項に規定する独立行政法人をいう。以下この号及び第十条第一号において同じ。）が設置する専門学校</Sentence>
                  </Column>
                  <Column LineBreak="false" Num="2">
                    <Sentence WritingMode="vertical">当該独立行政法人の主務大臣（同法第六十八条に規定する主務大臣をいう。）</Sentence>
                  </Column>
                </ItemSentence>
              </Item>
              <Item Delete="false" Hide="false" Num="4">
                <ItemTitle>四</ItemTitle>
                <ItemSentence>
                  <Column LineBreak="false" Num="1">
                    <Sentence WritingMode="vertical">地方公共団体が設置する大学等</Sentence>
                  </Column>
                  <Column LineBreak="false" Num="2">
                    <Sentence WritingMode="vertical">当該地方公共団体の長</Sentence>
                  </Column>
                </ItemSentence>
              </Item>
              <Item Delete="false" Hide="false" Num="5">
                <ItemTitle>五</ItemTitle>
                <ItemSentence>
                  <Column LineBreak="false" Num="1">
                    <Sentence WritingMode="vertical">公立大学法人（地方独立行政法人法（平成十五年法律第百十八号）第六十八条第一項に規定する公立大学法人をいう。以下この項及び第十条第三号において同じ。）が設置する大学等</Sentence>
                  </Column>
                  <Column LineBreak="false" Num="2">
                    <Sentence WritingMode="vertical">当該公立大学法人を設立する地方公共団体の長</Sentence>
                  </Column>
                </ItemSentence>
              </Item>
              <Item Delete="false" Hide="false" Num="6">
                <ItemTitle>六</ItemTitle>
                <ItemSentence>
                  <Column LineBreak="false" Num="1">
                    <Sentence WritingMode="vertical">地方独立行政法人（地方独立行政法人法第二条第一項に規定する地方独立行政法人をいい、公立大学法人を除く。以下この号及び第十条第四号において同じ。）が設置する専門学校</Sentence>
                  </Column>
                  <Column LineBreak="false" Num="2">
                    <Sentence WritingMode="vertical">当該地方独立行政法人を設立する地方公共団体の長</Sentence>
                  </Column>
                </ItemSentence>
              </Item>
              <Item Delete="false" Hide="false" Num="7">
                <ItemTitle>七</ItemTitle>
                <ItemSentence>
                  <Column LineBreak="false" Num="1">
                    <Sentence WritingMode="vertical">専門学校（前各号に掲げるものを除く。）</Sentence>
                  </Column>
                  <Column LineBreak="false" Num="2">
                    <Sentence WritingMode="vertical">当該専門学校を所管する都道府県知事</Sentence>
                  </Column>
                </ItemSentence>
              </Item>
            </Paragraph>
            <Paragraph Hide="false" Num="2">
              <ParagraphNum>２</ParagraphNum>
              <ParagraphSentence>
                <Sentence WritingMode="vertical">文部科学大臣等は、前項の確認（以下単に「確認」という。）を求められた場合において、当該求めに係る大学等が次に掲げる要件（第九条第一項第一号及び第十五条第一項第一号において「確認要件」という。）を満たしていると認めるときは、その確認をするものとする。</Sentence>
              </ParagraphSentence>
              <Item Delete="false" Hide="false" Num="1">
                <ItemTitle>一</ItemTitle>
                <ItemSentence>
                  <Sentence WritingMode="vertical">大学等の教育の実施体制に関し、大学等が社会で自立し、及び活躍することができる豊かな人間性を備えた創造的な人材を育成するために必要なものとして文部科学省令で定める基準に適合するものであること。</Sentence>
                </ItemSentence>
              </Item>
              <Item Delete="false" Hide="false" Num="2">
                <ItemTitle>二</ItemTitle>
                <ItemSentence>
                  <Sentence WritingMode="vertical">大学等の経営基盤に関し、大学等がその経営を継続的かつ安定的に行うために必要なものとして文部科学省令で定める基準に適合するものであること。</Sentence>
                </ItemSentence>
              </Item>
              <Item Delete="false" Hide="false" Num="3">
                <ItemTitle>三</ItemTitle>
                <ItemSentence>
                  <Sentence WritingMode="vertical">当該大学等の設置者が、第十五条第一項の規定により確認を取り消された大学等の設置者又はこれに準ずる者として政令で定める者で、その取消しの日又はこれに準ずる日として政令で定める日から起算して三年を経過しないものでないこと。</Sentence>
                </ItemSentence>
              </Item>
              <Item Delete="false" Hide="false" Num="4">
                <ItemTitle>四</ItemTitle>
                <ItemSentence>
                  <Sentence WritingMode="vertical">当該大学等の設置者が法人である場合において、その役員のうちに、この法律若しくはこの法律に基づく命令若しくはこれらに基づく処分に違反した者又はこれに準ずる者として政令で定める者で、その違反行為をした日又はこれに準ずる日として政令で定める日から起算して三年を経過しないものがないこと。</Sentence>
                </ItemSentence>
              </Item>
            </Paragraph>
            <Paragraph Hide="false" Num="3">
              <ParagraphNum>３</ParagraphNum>
              <ParagraphSentence>
                <Sentence WritingMode="vertical">文部科学大臣等は、確認をしたときは、遅滞なく、その旨をインターネットの利用その他の方法により公表しなければならない。</Sentence>
              </ParagraphSentence>
            </Paragraph>
          </Article>
          <Article Delete="false" Hide="false" Num="8">
            <ArticleCaption>（確認大学等の設置者による授業料等の減免）</ArticleCaption>
            <ArticleTitle>第八条</ArticleTitle>
            <Paragraph Hide="false" Num="1">
              <ParagraphNum/>
              <ParagraphSentence>
                <Sentence WritingMode="vertical">確認大学等の設置者は、当該確認大学等に在学する学生等のうち、文部科学省令で定める基準及び方法に従い、特に優れた者であって経済的理由により極めて修学に困難があるものと認められるものを授業料等減免対象者として認定し、当該授業料等減免対象者に対して授業料等の減免を行うものとする。</Sentence>
              </ParagraphSentence>
            </Paragraph>
            <Paragraph Hide="false" Num="2">
              <ParagraphNum>２</ParagraphNum>
              <ParagraphSentence>
                <Sentence WritingMode="vertical">前項の規定により確認大学等の設置者が行う授業料等減免の額は、確認大学等の種別その他の事情を考慮して、政令で定めるところによる。</Sentence>
              </ParagraphSentence>
            </Paragraph>
            <Paragraph Hide="false" Num="3">
              <ParagraphNum>３</ParagraphNum>
              <ParagraphSentence>
                <Sentence WritingMode="vertical">前二項に定めるもののほか、授業料等減免の期間その他の確認大学等の設置者が行う授業料等減免に関し必要な事項は、政令で定める。</Sentence>
              </ParagraphSentence>
            </Paragraph>
          </Article>
          <Article Delete="false" Hide="false" Num="9">
            <ArticleCaption>（確認要件を満たさなくなった場合等の届出）</ArticleCaption>
            <ArticleTitle>第九条</ArticleTitle>
            <Paragraph Hide="false" Num="1">
              <ParagraphNum/>
              <ParagraphSentence>
                <Sentence WritingMode="vertical">確認大学等の設置者は、次の各号のいずれかに該当することとなったときは、文部科学省令で定めるところにより、その旨を当該確認大学等に係る確認をした文部科学大臣等に届け出なければならない。</Sentence>
              </ParagraphSentence>
              <Item Delete="false" Hide="false" Num="1">
                <ItemTitle>一</ItemTitle>
                <ItemSentence>
                  <Sentence WritingMode="vertical">当該確認大学等が、確認要件を満たさなくなったとき。</Sentence>
                </ItemSentence>
              </Item>
              <Item Delete="false" Hide="false" Num="2">
                <ItemTitle>二</ItemTitle>
                <ItemSentence>
                  <Sentence WritingMode="vertical">当該確認大学等に係る確認を辞退しようとするとき。</Sentence>
                </ItemSentence>
              </Item>
              <Item Delete="false" Hide="false" Num="3">
                <ItemTitle>三</ItemTitle>
                <ItemSentence>
                  <Sentence WritingMode="vertical">当該確認大学等の名称及び所在地その他の文部科学省令で定める事項に変更があったとき。</Sentence>
                </ItemSentence>
              </Item>
            </Paragraph>
            <Paragraph Hide="false" Num="2">
              <ParagraphNum>２</ParagraphNum>
              <ParagraphSentence>
                <Sentence WritingMode="vertical">第七条第三項の規定は、前項の規定による届出があったときについて準用する。</Sentence>
              </ParagraphSentence>
            </Paragraph>
          </Article>
          <Article Delete="false" Hide="false" Num="10">
            <ArticleCaption>（減免費用の支弁）</ArticleCaption>
            <ArticleTitle>第十条</ArticleTitle>
            <Paragraph Hide="false" Num="1">
              <ParagraphNum/>
              <ParagraphSentence>
                <Sentence WritingMode="vertical">次の各号に掲げる大学等に係る授業料等減免に要する費用（以下「減免費用」という。）は、それぞれ当該各号に定める者（第十二条第三項において「国等」という。）が支弁する。</Sentence>
              </ParagraphSentence>
              <Item Delete="false" Hide="false" Num="1">
                <ItemTitle>一</ItemTitle>
                <ItemSentence>
                  <Column LineBreak="false" Num="1">
                    <Sentence WritingMode="vertical">大学及び高等専門学校並びに国、国立大学法人及び独立行政法人が設置する専門学校</Sentence>
                  </Column>
                  <Column LineBreak="false" Num="2">
                    <Sentence WritingMode="vertical">国</Sentence>
                  </Column>
                </ItemSentence>
              </Item>
              <Item Delete="false" Hide="false" Num="2">
                <ItemTitle>二</ItemTitle>
                <ItemSentence>
                  <Column LineBreak="false" Num="1">
                    <Sentence WritingMode="vertical">地方公共団体が設置する大学等</Sentence>
                  </Column>
                  <Column LineBreak="false" Num="2">
                    <Sentence WritingMode="vertical">当該地方公共団体</Sentence>
                  </Column>
                </ItemSentence>
              </Item>
              <Item Delete="false" Hide="false" Num="3">
                <ItemTitle>三</ItemTitle>
                <ItemSentence>
                  <Column LineBreak="false" Num="1">
                    <Sentence WritingMode="vertical">公立大学法人が設置する大学等</Sentence>
                  </Column>
                  <Column LineBreak="false" Num="2">
                    <Sentence WritingMode="vertical">当該公立大学法人を設立する地方公共団体</Sentence>
                  </Column>
                </ItemSentence>
              </Item>
              <Item Delete="false" Hide="false" Num="4">
                <ItemTitle>四</ItemTitle>
                <ItemSentence>
                  <Column LineBreak="false" Num="1">
                    <Sentence WritingMode="vertical">地方独立行政法人が設置する専門学校</Sentence>
                  </Column>
                  <Column LineBreak="false" Num="2">
                    <Sentence WritingMode="vertical">当該地方独立行政法人を設立する地方公共団体</Sentence>
                  </Column>
                </ItemSentence>
              </Item>
              <Item Delete="false" Hide="false" Num="5">
                <ItemTitle>五</ItemTitle>
                <ItemSentence>
                  <Column LineBreak="false" Num="1">
                    <Sentence WritingMode="vertical">専門学校（前各号に掲げるものを除く。）</Sentence>
                  </Column>
                  <Column LineBreak="false" Num="2">
                    <Sentence WritingMode="vertical">当該専門学校を所管する都道府県知事の統轄する都道府県</Sentence>
                  </Column>
                </ItemSentence>
              </Item>
            </Paragraph>
          </Article>
          <Article Delete="false" Hide="false" Num="11">
            <ArticleCaption>（国の負担）</ArticleCaption>
            <ArticleTitle>第十一条</ArticleTitle>
            <Paragraph Hide="false" Num="1">
              <ParagraphNum/>
              <ParagraphSentence>
                <Sentence WritingMode="vertical">国は、政令で定めるところにより、前条（第五号に係る部分に限る。）の規定により都道府県が支弁する減免費用の二分の一を負担する。</Sentence>
              </ParagraphSentence>
            </Paragraph>
          </Article>
          <Article Delete="false" Hide="false" Num="12">
            <ArticleCaption>（認定の取消し等）</ArticleCaption>
            <ArticleTitle>第十二条</ArticleTitle>
            <Paragraph Hide="false" Num="1">
              <ParagraphNum/>
              <ParagraphSentence>
                <Sentence WritingMode="vertical">確認大学等の設置者は、文部科学省令で定めるところにより、当該確認大学等に在学する授業料等減免対象者が偽りその他不正の手段により授業料等減免を受けた又は次の各号のいずれかに該当するに至ったと認めるときは、当該授業料等減免対象者に係る第八条第一項の規定による認定（以下この条において単に「認定」という。）を取り消すことができる。</Sentence>
              </ParagraphSentence>
              <Item Delete="false" Hide="false" Num="1">
                <ItemTitle>一</ItemTitle>
                <ItemSentence>
                  <Sentence WritingMode="vertical">学業成績が著しく不良となったと認められるとき。</Sentence>
                </ItemSentence>
              </Item>
              <Item Delete="false" Hide="false" Num="2">
                <ItemTitle>二</ItemTitle>
                <ItemSentence>
                  <Sentence WritingMode="vertical">学生等たるにふさわしくない行為があったと認められるとき。</Sentence>
                </ItemSentence>
              </Item>
            </Paragraph>
            <Paragraph Hide="false" Num="2">
              <ParagraphNum>２</ParagraphNum>
              <ParagraphSentence>
                <Sentence WritingMode="vertical">確認大学等の設置者は、前項の規定により認定を取り消したときは、文部科学省令で定めるところにより、その旨を当該確認大学等に係る確認をした文部科学大臣等に届け出なければならない。</Sentence>
              </ParagraphSentence>
            </Paragraph>
            <Paragraph Hide="false" Num="3">
              <ParagraphNum>３</ParagraphNum>
              <ParagraphSentence>
                <Sentence WritingMode="vertical">第一項の規定により認定を取り消した確認大学等の設置者に対し減免費用を支弁する国等は、前項の規定による届出があった場合において、当該認定を取り消された学生等に対する授業料等減免に係る減免費用を既に支弁しているときは、国税徴収の例により、当該確認大学等の設置者から当該減免費用に相当する金額を徴収することができる。</Sentence>
              </ParagraphSentence>
            </Paragraph>
            <Paragraph Hide="false" Num="4">
              <ParagraphNum>４</ParagraphNum>
              <ParagraphSentence>
                <Sentence WritingMode="vertical">前項の規定による徴収金の先取特権の順位は、国税及び地方税に次ぐものとする。</Sentence>
              </ParagraphSentence>
            </Paragraph>
          </Article>
          <Article Delete="false" Hide="false" Num="13">
            <ArticleCaption>（報告等）</ArticleCaption>
            <ArticleTitle>第十三条</ArticleTitle>
            <Paragraph Hide="false" Num="1">
              <ParagraphNum/>
              <ParagraphSentence>
                <Sentence WritingMode="vertical">文部科学大臣等は、授業料等減免に関して必要があると認めるときは、この法律の施行に必要な限度において、授業料等減免対象者若しくはその生計を維持する者若しくはこれらの者であった者に対し、報告若しくは文書その他の物件の提出若しくは提示を命じ、又は当該職員に関係者に対して質問させることができる。</Sentence>
              </ParagraphSentence>
            </Paragraph>
            <Paragraph Hide="false" Num="2">
              <ParagraphNum>２</ParagraphNum>
              <ParagraphSentence>
                <Sentence WritingMode="vertical">文部科学大臣等は、必要があると認めるときは、この法律の施行に必要な限度において、確認大学等の設置者（国及び地方公共団体を除く。以下この項及び次条において同じ。）若しくはその役職員若しくはこれらの者であった者に対し、報告若しくは帳簿書類その他の物件の提出若しくは提示を命じ、若しくは出頭を求め、又は当該職員に関係者に対して質問させ、若しくは当該確認大学等の設置者の事務所その他の施設に立ち入り、その設備若しくは帳簿書類その他の物件を検査させることができる。</Sentence>
              </ParagraphSentence>
            </Paragraph>
            <Paragraph Hide="false" Num="3">
              <ParagraphNum>３</ParagraphNum>
              <ParagraphSentence>
                <Sentence WritingMode="vertical">前二項の規定による質問又は前項の規定による検査を行う場合においては、当該職員は、その身分を示す証明書を携帯し、かつ、関係者の請求があるときは、これを提示しなければならない。</Sentence>
              </ParagraphSentence>
            </Paragraph>
            <Paragraph Hide="false" Num="4">
              <ParagraphNum>４</ParagraphNum>
              <ParagraphSentence>
                <Sentence WritingMode="vertical">第一項及び第二項の規定による権限は、犯罪捜査のために認められたものと解釈してはならない。</Sentence>
              </ParagraphSentence>
            </Paragraph>
          </Article>
          <Article Delete="false" Hide="false" Num="14">
            <ArticleCaption>（勧告、命令等）</ArticleCaption>
            <ArticleTitle>第十四条</ArticleTitle>
            <Paragraph Hide="false" Num="1">
              <ParagraphNum/>
              <ParagraphSentence>
                <Sentence WritingMode="vertical">文部科学大臣等は、確認大学等の設置者が授業料等減免を適切に行っていないと認める場合その他授業料等減免の適正な実施を確保するため必要があると認める場合には、当該確認大学等の設置者に対し、期限を定めて、授業料等減免の実施の方法の改善その他必要な措置をとるべきことを勧告することができる。</Sentence>
              </ParagraphSentence>
            </Paragraph>
            <Paragraph Hide="false" Num="2">
              <ParagraphNum>２</ParagraphNum>
              <ParagraphSentence>
                <Sentence WritingMode="vertical">文部科学大臣等は、前項の規定による勧告をした場合において、その勧告を受けた確認大学等の設置者が、同項の期限内にこれに従わなかったときは、その旨を公表することができる。</Sentence>
              </ParagraphSentence>
            </Paragraph>
            <Paragraph Hide="false" Num="3">
              <ParagraphNum>３</ParagraphNum>
              <ParagraphSentence>
                <Sentence WritingMode="vertical">文部科学大臣等は、第一項の規定による勧告を受けた確認大学等の設置者が、正当な理由がなくてその勧告に係る措置をとらなかったときは、当該確認大学等の設置者に対し、期限を定めて、その勧告に係る措置をとるべきことを命ずることができる。</Sentence>
              </ParagraphSentence>
            </Paragraph>
            <Paragraph Hide="false" Num="4">
              <ParagraphNum>４</ParagraphNum>
              <ParagraphSentence>
                <Sentence WritingMode="vertical">文部科学大臣等は、前項の規定による命令をした場合においては、その旨を公示しなければならない。</Sentence>
              </ParagraphSentence>
            </Paragraph>
          </Article>
          <Article Delete="false" Hide="false" Num="15">
            <ArticleCaption>（確認の取消し）</ArticleCaption>
            <ArticleTitle>第十五条</ArticleTitle>
            <Paragraph Hide="false" Num="1">
              <ParagraphNum/>
              <ParagraphSentence>
                <Sentence WritingMode="vertical">文部科学大臣等は、次の各号のいずれかに該当する場合においては、当該確認大学等に係る確認を取り消すことができる。</Sentence>
              </ParagraphSentence>
              <Item Delete="false" Hide="false" Num="1">
                <ItemTitle>一</ItemTitle>
                <ItemSentence>
                  <Sentence WritingMode="vertical">確認大学等が、確認要件を満たさなくなったとき。</Sentence>
                </ItemSentence>
              </Item>
              <Item Delete="false" Hide="false" Num="2">
                <ItemTitle>二</ItemTitle>
                <ItemSentence>
                  <Sentence WritingMode="vertical">確認大学等の設置者が、不正の手段により確認を受けていたとき。</Sentence>
                </ItemSentence>
              </Item>
              <Item Delete="false" Hide="false" Num="3">
                <ItemTitle>三</ItemTitle>
                <ItemSentence>
                  <Sentence WritingMode="vertical">前号に掲げるもののほか、確認大学等の設置者が、減免費用の支弁に関し不正な行為をしたとき。</Sentence>
                </ItemSentence>
              </Item>
              <Item Delete="false" Hide="false" Num="4">
                <ItemTitle>四</ItemTitle>
                <ItemSentence>
                  <Sentence WritingMode="vertical">確認大学等の設置者が、第十三条第二項の規定により報告又は帳簿書類その他の物件の提出若しくは提示を命ぜられてこれに従わず、又は虚偽の報告若しくは虚偽の物件の提出若しくは提示をしたとき。</Sentence>
                </ItemSentence>
              </Item>
              <Item Delete="false" Hide="false" Num="5">
                <ItemTitle>五</ItemTitle>
                <ItemSentence>
                  <Sentence WritingMode="vertical">確認大学等の設置者が、第十三条第二項の規定により出頭を求められてこれに応ぜず、同項の規定による質問に対して答弁をせず、若しくは虚偽の答弁をし、又は同項の規定による検査を拒み、妨げ、若しくは忌避したとき。</Sentence>
                </ItemSentence>
              </Item>
              <Item Delete="false" Hide="false" Num="6">
                <ItemTitle>六</ItemTitle>
                <ItemSentence>
                  <Sentence WritingMode="vertical">前各号に掲げる場合のほか、確認大学等の設置者が、この法律若しくはこの法律に基づく命令又はこれらに基づく処分に違反したとき。</Sentence>
                </ItemSentence>
              </Item>
            </Paragraph>
            <Paragraph Hide="false" Num="2">
              <ParagraphNum>２</ParagraphNum>
              <ParagraphSentence>
                <Sentence WritingMode="vertical">第七条第三項の規定は、前項の規定による確認の取消しをしたときについて準用する。</Sentence>
              </ParagraphSentence>
            </Paragraph>
          </Article>
          <Article Delete="false" Hide="false" Num="16">
            <ArticleCaption>（授業料等減免対象者が在学している場合の特例）</ArticleCaption>
            <ArticleTitle>第十六条</ArticleTitle>
            <Paragraph Hide="false" Num="1">
              <ParagraphNum/>
              <ParagraphSentence>
                <Sentence Function="main" Num="1" WritingMode="vertical">前条第一項の規定により確認が取り消された場合又は確認大学等の設置者が当該確認大学等に係る確認を辞退した場合において、その取消し又は辞退の際、当該確認大学等に授業料等減免対象者が在学しているときは、その者に係る授業料等減免については、当該確認を取り消された大学等又は確認を辞退した大学等を確認大学等とみなして、この法律の規定を適用する。</Sentence>
                <Sentence Function="proviso" Num="2" WritingMode="vertical">ただし、同項第二号若しくは第三号に掲げる事由に該当して同項の規定により確認が取り消された場合又はこれに準ずる場合として政令で定める場合における当該大学等に係る減免費用については、第十条及び第十一条の規定は、適用しない。</Sentence>
              </ParagraphSentence>
            </Paragraph>
          </Article>
        </Section>
      </Chapter>
      <Chapter Delete="false" Hide="false" Num="3">
        <ChapterTitle>第三章　雑則</ChapterTitle>
        <Article Delete="false" Hide="false" Num="17">
          <ArticleCaption>（日本私立学校振興・共済事業団を通じて行う減免費用の支弁）</ArticleCaption>
          <ArticleTitle>第十七条</ArticleTitle>
          <Paragraph Hide="false" Num="1">
            <ParagraphNum/>
            <ParagraphSentence>
              <Sentence WritingMode="vertical">国は、日本私立学校振興・共済事業団法（平成九年法律第四十八号）の定めるところにより、第十条の規定による減免費用の支弁のうち大学及び高等専門学校（いずれも学校教育法第二条第二項に規定する私立学校であるものに限る。）に係るものを日本私立学校振興・共済事業団を通じて行うことができる。</Sentence>
            </ParagraphSentence>
          </Paragraph>
          <Paragraph Hide="false" Num="2">
            <ParagraphNum>２</ParagraphNum>
            <ParagraphSentence>
              <Sentence WritingMode="vertical">前項の規定により減免費用の支弁が日本私立学校振興・共済事業団を通じて行われる場合には、第十二条第二項中「文部科学大臣等」とあるのは「文部科学大臣及び日本私立学校振興・共済事業団の理事長」と、同条第三項中「を支弁する国等」とあるのは「に充てるための資金（以下この項において「減免資金」という。）を交付する日本私立学校振興・共済事業団」と、「に係る減免費用」とあるのは「に係る減免資金」と、「支弁している」とあるのは「交付している」と、「当該減免費用」とあるのは「当該減免資金」とする。</Sentence>
            </ParagraphSentence>
          </Paragraph>
        </Article>
        <Article Delete="false" Hide="false" Num="18">
          <ArticleCaption>（文部科学省令への委任）</ArticleCaption>
          <ArticleTitle>第十八条</ArticleTitle>
          <Paragraph Hide="false" Num="1">
            <ParagraphNum/>
            <ParagraphSentence>
              <Sentence WritingMode="vertical">この法律に定めるもののほか、この法律の施行に関し必要な事項は、文部科学省令で定める。</Sentence>
            </ParagraphSentence>
          </Paragraph>
        </Article>
      </Chapter>
      <Chapter Delete="false" Hide="false" Num="4">
        <ChapterTitle>第四章　罰則</ChapterTitle>
        <Article Delete="false" Hide="false" Num="19">
          <ArticleTitle>第十九条</ArticleTitle>
          <Paragraph Hide="false" Num="1">
            <ParagraphNum/>
            <ParagraphSentence>
              <Sentence WritingMode="vertical">第十三条第一項の規定による報告若しくは物件の提出若しくは提示をせず、若しくは虚偽の報告若しくは虚偽の物件の提出若しくは提示をし、又は同項の規定による当該職員の質問に対して答弁をせず、若しくは虚偽の答弁をした者は、三十万円以下の罰金に処する。</Sentence>
            </ParagraphSentence>
          </Paragraph>
          <Paragraph Hide="false" Num="2">
            <ParagraphNum>２</ParagraphNum>
            <ParagraphSentence>
              <Sentence WritingMode="vertical">第十三条第二項の規定による報告若しくは物件の提出若しくは提示をせず、若しくは虚偽の報告若しくは虚偽の物件の提出若しくは提示をし、又は同項の規定による当該職員の質問に対して答弁をせず、若しくは虚偽の答弁をし、若しくは同項の規定による検査を拒み、妨げ、若しくは忌避した者は、三十万円以下の罰金に処する。</Sentence>
            </ParagraphSentence>
          </Paragraph>
          <Paragraph Hide="false" Num="3">
            <ParagraphNum>３</ParagraphNum>
            <ParagraphSentence>
              <Sentence WritingMode="vertical">法人の代表者又は法人若しくは人の代理人、使用人その他の従業者が、その法人又は人の業務に関し、前項の違反行為をしたときは、行為者を罰するほか、その法人又は人に対して同項の刑を科する。</Sentence>
            </ParagraphSentence>
          </Paragraph>
        </Article>
      </Chapter>
    </MainProvision>
    <SupplProvision>
      <SupplProvisionLabel>附　則</SupplProvisionLabel>
      <Article Delete="false" Hide="false" Num="1">
        <ArticleCaption>（施行期日）</ArticleCaption>
        <ArticleTitle>第一条</ArticleTitle>
        <Paragraph Hide="false" Num="1">
          <ParagraphNum/>
          <ParagraphSentence>
            <Sentence Function="main" Num="1" WritingMode="vertical">この法律は、社会保障の安定財源の確保等を図る税制の抜本的な改革を行うための消費税法の一部を改正する等の法律（平成二十四年法律第六十八号）附則第一条第二号に掲げる規定の施行の日の属する年の翌年の四月一日までの間において政令で定める日から施行する。</Sentence>
            <Sentence Function="proviso" Num="2" WritingMode="vertical">ただし、次条及び附則第十四条の規定は、公布の日から施行する。</Sentence>
          </ParagraphSentence>
        </Paragraph>
      </Article>
      <Article Delete="false" Hide="false" Num="2">
        <ArticleCaption>（施行前の準備）</ArticleCaption>
        <ArticleTitle>第二条</ArticleTitle>
        <Paragraph Hide="false" Num="1">
          <ParagraphNum/>
          <ParagraphSentence>
            <Sentence WritingMode="vertical">この法律を施行するために必要な確認の手続その他の行為は、この法律の施行前においても行うことができる。</Sentence>
          </ParagraphSentence>
        </Paragraph>
      </Article>
      <Article Delete="false" Hide="false" Num="3">
        <ArticleCaption>（検討）</ArticleCaption>
        <ArticleTitle>第三条</ArticleTitle>
        <Paragraph Hide="false" Num="1">
          <ParagraphNum/>
          <ParagraphSentence>
            <Sentence WritingMode="vertical">政府は、この法律の施行後四年を経過した場合において、この法律の施行の状況を勘案し、この法律の規定について検討を加え、必要があると認めるときは、その結果に応じて所要の見直しを行うものとする。</Sentence>
          </ParagraphSentence>
        </Paragraph>
      </Article>
      <Article Delete="false" Hide="false" Num="4">
        <ArticleCaption>（政府の補助等に係る費用の財源）</ArticleCaption>
        <ArticleTitle>第四条</ArticleTitle>
        <Paragraph Hide="false" Num="1">
          <ParagraphNum/>
          <ParagraphSentence>
            <Sentence WritingMode="vertical">次に掲げる費用の財源は、社会保障の安定財源の確保等を図る税制の抜本的な改革を行うための消費税法の一部を改正する等の法律附則第一条第二号に掲げる規定の施行により増加する消費税の収入を活用して、確保するものとする。</Sentence>
          </ParagraphSentence>
          <Item Delete="false" Hide="false" Num="1">
            <ItemTitle>一</ItemTitle>
            <ItemSentence>
              <Sentence WritingMode="vertical">学資支給に要する費用として独立行政法人日本学生支援機構法第二十三条の二の規定により政府が補助する費用</Sentence>
            </ItemSentence>
          </Item>
          <Item Delete="false" Hide="false" Num="2">
            <ItemTitle>二</ItemTitle>
            <ItemSentence>
              <Sentence WritingMode="vertical">減免費用のうち第十条（第一号に係る部分に限る。）の規定による国の支弁又は第十一条の規定による国の負担に係るもの</Sentence>
            </ItemSentence>
          </Item>
        </Paragraph>
      </Article>
      <Article Delete="false" Hide="false" Num="5">
        <ArticleCaption>（独立行政法人日本学生支援機構法の一部改正）</ArticleCaption>
        <ArticleTitle>第五条</ArticleTitle>
        <Paragraph Hide="false" Num="1">
          <ParagraphNum/>
          <ParagraphSentence>
            <Sentence WritingMode="vertical">独立行政法人日本学生支援機構法の一部を次のように改正する。</Sentence>
          </ParagraphSentence>
          <AmendProvision>
            <AmendProvisionSentence>
              <Sentence WritingMode="vertical">第十七条の二第一項中「は、」の下に「大学等における修学の支援に関する法律（令和元年法律第八号）第二条第三項に規定する確認大学等（以下この項において「確認大学等」という。）に在学する」を、「認定された者」の下に「（同法第十五条第一項の規定による同法第七条第一項の確認の取消し又は確認大学等の設置者による当該確認大学等に係る同項の確認の辞退の際、当該確認大学等に在学している当該認定された者を含む。）」を加える。</Sentence>
            </AmendProvisionSentence>
          </AmendProvision>
          <AmendProvision>
            <AmendProvisionSentence>
              <Sentence WritingMode="vertical">第十七条の四第一項中「一部」の下に「を徴収するほか、その徴収する額に百分の四十を乗じて得た額以下の金額」を加える。</Sentence>
            </AmendProvisionSentence>
          </AmendProvision>
          <AmendProvision>
            <AmendProvisionSentence>
              <Sentence WritingMode="vertical">第二十三条の見出しを削り、同条の前に見出しとして「（補助金）」を付し、同条中「経費」を「費用」に改める。</Sentence>
            </AmendProvisionSentence>
          </AmendProvision>
          <AmendProvision>
            <AmendProvisionSentence>
              <Sentence WritingMode="vertical">第二十三条の二を次のように改める。</Sentence>
            </AmendProvisionSentence>
            <NewProvision>
              <Article Delete="false" Hide="false" Num="23_2">
                <ArticleTitle>第二十三条の二</ArticleTitle>
                <Paragraph Hide="false" Num="1">
                  <ParagraphNum/>
                  <ParagraphSentence>
                    <Sentence WritingMode="vertical">政府は、毎年度、機構に対し、第十三条第一項第一号に規定する学資の支給に要する費用を補助するものとする。</Sentence>
                  </ParagraphSentence>
                </Paragraph>
              </Article>
            </NewProvision>
          </AmendProvision>
          <AmendProvision>
            <AmendProvisionSentence>
              <Sentence WritingMode="vertical">第二十三条の三を削る。</Sentence>
            </AmendProvisionSentence>
          </AmendProvision>
          <AmendProvision>
            <AmendProvisionSentence>
              <Sentence WritingMode="vertical">第三十条第三号を削る。</Sentence>
            </AmendProvisionSentence>
          </AmendProvision>
        </Paragraph>
      </Article>
      <Article Delete="false" Hide="false" Num="6">
        <ArticleCaption>（独立行政法人日本学生支援機構法の一部改正に伴う経過措置）</ArticleCaption>
        <ArticleTitle>第六条</ArticleTitle>
        <Paragraph Hide="false" Num="1">
          <ParagraphNum/>
          <ParagraphSentence>
            <Sentence WritingMode="vertical">前条の規定による改正後の独立行政法人日本学生支援機構法（以下この項において「新機構法」という。）の規定は、この法律の施行後に新機構法第十七条の二第一項の規定により認定された者に対して支給される同項に規定する学資支給金について適用し、この法律の施行前に前条の規定による改正前の独立行政法人日本学生支援機構法（以下この条において「旧機構法」という。）第十七条の二第一項の規定により認定された者に対して支給される同項に規定する学資支給金（以下この条において「旧学資支給金」という。）については、なお従前の例による。</Sentence>
          </ParagraphSentence>
        </Paragraph>
        <Paragraph Hide="false" Num="2">
          <ParagraphNum>２</ParagraphNum>
          <ParagraphSentence>
            <Sentence WritingMode="vertical">旧機構法第二十三条の二第一項に規定する学資支給基金（以下この条において単に「学資支給基金」という。）は、旧学資支給金の支給が終了する日までの間、存続するものとする。</Sentence>
          </ParagraphSentence>
        </Paragraph>
        <Paragraph Hide="false" Num="3">
          <ParagraphNum>３</ParagraphNum>
          <ParagraphSentence>
            <Sentence WritingMode="vertical">前項の規定によりなお存続する学資支給基金については、旧機構法第二十三条の二、第二十三条の三及び第三十条（第三号に係る部分に限る。）の規定は、次項の規定により国庫に納付するまで（残余がない場合にあっては、前項の支給が終了する日まで）の間は、なおその効力を有する。</Sentence>
          </ParagraphSentence>
        </Paragraph>
        <Paragraph Hide="false" Num="4">
          <ParagraphNum>４</ParagraphNum>
          <ParagraphSentence>
            <Sentence WritingMode="vertical">独立行政法人日本学生支援機構は、旧学資支給金の支給が終了した場合において、学資支給基金に残余があるときは、政令で定めるところにより、その残余の額を国庫に納付しなければならない。</Sentence>
          </ParagraphSentence>
        </Paragraph>
      </Article>
      <Article Delete="false" Hide="false" Num="7">
        <ArticleCaption>（罰則に関する経過措置）</ArticleCaption>
        <ArticleTitle>第七条</ArticleTitle>
        <Paragraph Hide="false" Num="1">
          <ParagraphNum/>
          <ParagraphSentence>
            <Sentence WritingMode="vertical">附則第五条の規定の施行前にした行為及び前条第三項の規定によりなおその効力を有することとされる場合におけるこの法律の施行後にした行為に対する罰則の適用については、なお従前の例による。</Sentence>
          </ParagraphSentence>
        </Paragraph>
      </Article>
      <Article Delete="false" Hide="false" Num="8">
        <ArticleCaption>（独立行政法人日本学生支援機構法の一部を改正する法律の一部改正）</ArticleCaption>
        <ArticleTitle>第八条</ArticleTitle>
        <Paragraph Hide="false" Num="1">
          <ParagraphNum/>
          <ParagraphSentence>
            <Sentence WritingMode="vertical">独立行政法人日本学生支援機構法の一部を改正する法律（平成二十九年法律第九号）の一部を次のように改正する。</Sentence>
          </ParagraphSentence>
          <AmendProvision>
            <AmendProvisionSentence>
              <Sentence WritingMode="vertical">附則第四条及び第五条を削る。</Sentence>
            </AmendProvisionSentence>
          </AmendProvision>
        </Paragraph>
      </Article>
      <Article Delete="false" Hide="false" Num="9">
        <ArticleCaption>（地方財政法の一部改正）</ArticleCaption>
        <ArticleTitle>第九条</ArticleTitle>
        <Paragraph Hide="false" Num="1">
          <ParagraphNum/>
          <ParagraphSentence>
            <Sentence WritingMode="vertical">地方財政法（昭和二十三年法律第百九号）の一部を次のように改正する。</Sentence>
          </ParagraphSentence>
          <AmendProvision>
            <AmendProvisionSentence>
              <Sentence WritingMode="vertical">第十条に次の一号を加える。</Sentence>
            </AmendProvisionSentence>
            <NewProvision>
              <Item Delete="false" Hide="false" Num="35">
                <ItemTitle>三十五</ItemTitle>
                <ItemSentence>
                  <Sentence WritingMode="vertical">都道府県知事の確認を受けた専門学校（地方公共団体又は地方独立行政法人が設置するものを除く。）に係る授業料等減免に要する経費</Sentence>
                </ItemSentence>
              </Item>
            </NewProvision>
          </AmendProvision>
        </Paragraph>
      </Article>
      <Article Delete="false" Hide="false" Num="10">
        <ArticleCaption>（地方税法の一部改正）</ArticleCaption>
        <ArticleTitle>第十条</ArticleTitle>
        <Paragraph Hide="false" Num="1">
          <ParagraphNum/>
          <ParagraphSentence>
            <Sentence WritingMode="vertical">地方税法（昭和二十五年法律第二百二十六号）の一部を次のように改正する。</Sentence>
          </ParagraphSentence>
          <AmendProvision>
            <AmendProvisionSentence>
              <Sentence WritingMode="vertical">第三百四十八条第二項第十三号中「第三項」を「第四項」に改める。</Sentence>
            </AmendProvisionSentence>
          </AmendProvision>
        </Paragraph>
      </Article>
      <Article Delete="false" Hide="false" Num="11">
        <ArticleCaption>（地方税法の一部改正に伴う経過措置）</ArticleCaption>
        <ArticleTitle>第十一条</ArticleTitle>
        <Paragraph Hide="false" Num="1">
          <ParagraphNum/>
          <ParagraphSentence>
            <Sentence WritingMode="vertical">前条の規定による改正後の地方税法第三百四十八条第二項（第十三号に係る部分に限る。）の規定は、この法律の施行の日の属する年の翌年の一月一日（当該施行の日が一月一日である場合には、同日）を賦課期日とする年度以後の年度分の固定資産税について適用し、当該年度の前年度分までの固定資産税については、なお従前の例による。</Sentence>
          </ParagraphSentence>
        </Paragraph>
      </Article>
      <Article Delete="false" Hide="false" Num="12">
        <ArticleCaption>（日本私立学校振興・共済事業団法の一部改正）</ArticleCaption>
        <ArticleTitle>第十二条</ArticleTitle>
        <Paragraph Hide="false" Num="1">
          <ParagraphNum/>
          <ParagraphSentence>
            <Sentence WritingMode="vertical">日本私立学校振興・共済事業団法の一部を次のように改正する。</Sentence>
          </ParagraphSentence>
          <AmendProvision>
            <AmendProvisionSentence>
              <Sentence WritingMode="vertical">第十八条第二項中「同じ」の下に「。）又は交付業務（同条第四項の業務をいう。第二十五条第一項において同じ」を加える。</Sentence>
            </AmendProvisionSentence>
          </AmendProvision>
          <AmendProvision>
            <AmendProvisionSentence>
              <Sentence WritingMode="vertical">第二十三条中第四項を第五項とし、第三項の次に次の一項を加える。</Sentence>
            </AmendProvisionSentence>
            <NewProvision>
              <Paragraph Hide="false" Num="4">
                <ParagraphNum>４</ParagraphNum>
                <ParagraphSentence>
                  <Sentence WritingMode="vertical">事業団は、前三項の規定により行う業務のほか、大学等における修学の支援に関する法律（令和元年法律第八号）第十条に規定する減免費用（私立学校である大学及び高等専門学校に係るものに限る。）に充てるための資金（以下この項及び第二十七条において「減免資金」という。）を交付するために必要な国の資金の交付を受け、これを財源として、学校法人に対し、減免資金を交付する業務を行う。</Sentence>
                </ParagraphSentence>
              </Paragraph>
            </NewProvision>
          </AmendProvision>
          <AmendProvision>
            <AmendProvisionSentence>
              <Sentence WritingMode="vertical">第二十五条第一項中「同じ」の下に「。）（交付業務を含む。第三十七条第一項及び第四項を除き、以下同じ」を加える。</Sentence>
            </AmendProvisionSentence>
          </AmendProvision>
          <AmendProvision>
            <AmendProvisionSentence>
              <Sentence WritingMode="vertical">第二十七条中「第二十三条第一項第一号」の下に「及び第四項」を、「交付する補助金」の下に「及び減免資金」を加える。</Sentence>
            </AmendProvisionSentence>
          </AmendProvision>
          <AmendProvision>
            <AmendProvisionSentence>
              <Sentence WritingMode="vertical">第四十八条第一項第七号中「第三項」を「第四項」に改める。</Sentence>
            </AmendProvisionSentence>
          </AmendProvision>
          <AmendProvision>
            <AmendProvisionSentence>
              <Sentence WritingMode="vertical">附則第十三条中「第二十三条第一項第一号」の下に「及び第四項」を加える。</Sentence>
            </AmendProvisionSentence>
          </AmendProvision>
        </Paragraph>
      </Article>
      <Article Delete="false" Hide="false" Num="13">
        <ArticleCaption>（内閣府設置法の一部改正）</ArticleCaption>
        <ArticleTitle>第十三条</ArticleTitle>
        <Paragraph Hide="false" Num="1">
          <ParagraphNum/>
          <ParagraphSentence>
            <Sentence WritingMode="vertical">内閣府設置法（平成十一年法律第八十九号）の一部を次のように改正する。</Sentence>
          </ParagraphSentence>
          <AmendProvision>
            <AmendProvisionSentence>
              <Sentence WritingMode="vertical">第四条第三項第二十七号の五の次に次の一号を加える。</Sentence>
            </AmendProvisionSentence>
            <NewProvision>
              <Item Delete="false" Hide="false" Num="27_6">
                <ItemTitle>二十七の六</ItemTitle>
                <ItemSentence>
                  <Sentence WritingMode="vertical">大学等における修学の支援（大学等における修学の支援に関する法律（令和元年法律第八号）第三条に規定するものをいう。）に関する関係行政機関の経費の配分計画に関すること。</Sentence>
                </ItemSentence>
              </Item>
            </NewProvision>
          </AmendProvision>
          <AmendProvision>
            <AmendProvisionSentence>
              <Sentence WritingMode="vertical">第十一条の三及び第四十一条の二第一項中「第二十七号の五」を「第二十七号の六」に改める。</Sentence>
            </AmendProvisionSentence>
          </AmendProvision>
        </Paragraph>
      </Article>
      <Article Delete="false" Hide="false" Num="14">
        <ArticleCaption>（政令への委任）</ArticleCaption>
        <ArticleTitle>第十四条</ArticleTitle>
        <Paragraph Hide="false" Num="1">
          <ParagraphNum/>
          <ParagraphSentence>
            <Sentence WritingMode="vertical">この附則に定めるもののほか、この法律の施行に関し必要な経過措置は、政令で定める。</Sentence>
          </ParagraphSentence>
        </Paragraph>
      </Article>
    </SupplProvision>
  </LawBody>
</Law>
