<?xml version="1.0" encoding="UTF-8" standalone="no"?>
<Law Era="Reiwa" Lang="ja" LawType="CabinetOrder" Num="170" Year="01">
  <LawNum>令和元年政令第百七十号</LawNum>
  <LawBody>
    <LawTitle>成育過程にある者及びその保護者並びに妊産婦に対し必要な成育医療等を切れ目なく提供するための施策の総合的な推進に関する法律施行令</LawTitle>
    <EnactStatement>内閣は、成育過程にある者及びその保護者並びに妊産婦に対し必要な成育医療等を切れ目なく提供するための施策の総合的な推進に関する法律（平成三十年法律第百四号）第十八条第三項及び第十九条第一項の規定に基づき、この政令を制定する。</EnactStatement>
    <TOC>
      <TOCLabel>目次</TOCLabel>
      <TOCChapter Delete="false" Num="1">
        <ChapterTitle>第一章　成育医療等協議会</ChapterTitle>
        <ArticleRange>（第一条―第七条）</ArticleRange>
      </TOCChapter>
      <TOCChapter Delete="false" Num="2">
        <ChapterTitle>第二章　政令で定める計画</ChapterTitle>
        <ArticleRange>（第八条）</ArticleRange>
      </TOCChapter>
      <TOCSupplProvision>
        <SupplProvisionLabel>附則</SupplProvisionLabel>
      </TOCSupplProvision>
    </TOC>
    <MainProvision>
      <Chapter Delete="false" Hide="false" Num="1">
        <ChapterTitle>第一章　成育医療等協議会</ChapterTitle>
        <Article Delete="false" Hide="false" Num="1">
          <ArticleCaption>（組織）</ArticleCaption>
          <ArticleTitle>第一条</ArticleTitle>
          <Paragraph Hide="false" Num="1">
            <ParagraphNum/>
            <ParagraphSentence>
              <Sentence WritingMode="vertical">成育過程にある者及びその保護者並びに妊産婦に対し必要な成育医療等を切れ目なく提供するための施策の総合的な推進に関する法律（以下「法」という。）第十七条に規定する成育医療等協議会（以下「協議会」という。）は、委員二十人以内で組織する。</Sentence>
            </ParagraphSentence>
          </Paragraph>
        </Article>
        <Article Delete="false" Hide="false" Num="2">
          <ArticleCaption>（委員の任期）</ArticleCaption>
          <ArticleTitle>第二条</ArticleTitle>
          <Paragraph Hide="false" Num="1">
            <ParagraphNum/>
            <ParagraphSentence>
              <Sentence Function="main" Num="1" WritingMode="vertical">協議会の委員の任期は、二年とする。</Sentence>
              <Sentence Function="proviso" Num="2" WritingMode="vertical">ただし、補欠の委員の任期は、前任者の残任期間とする。</Sentence>
            </ParagraphSentence>
          </Paragraph>
          <Paragraph Hide="false" Num="2">
            <ParagraphNum>２</ParagraphNum>
            <ParagraphSentence>
              <Sentence WritingMode="vertical">委員は、再任されることができる。</Sentence>
            </ParagraphSentence>
          </Paragraph>
        </Article>
        <Article Delete="false" Hide="false" Num="3">
          <ArticleCaption>（会長）</ArticleCaption>
          <ArticleTitle>第三条</ArticleTitle>
          <Paragraph Hide="false" Num="1">
            <ParagraphNum/>
            <ParagraphSentence>
              <Sentence WritingMode="vertical">協議会に、会長を置き、委員の互選により選任する。</Sentence>
            </ParagraphSentence>
          </Paragraph>
          <Paragraph Hide="false" Num="2">
            <ParagraphNum>２</ParagraphNum>
            <ParagraphSentence>
              <Sentence WritingMode="vertical">会長は、会務を総理し、協議会を代表する。</Sentence>
            </ParagraphSentence>
          </Paragraph>
          <Paragraph Hide="false" Num="3">
            <ParagraphNum>３</ParagraphNum>
            <ParagraphSentence>
              <Sentence WritingMode="vertical">会長に事故があるときは、あらかじめその指名する委員が、その職務を代理する。</Sentence>
            </ParagraphSentence>
          </Paragraph>
        </Article>
        <Article Delete="false" Hide="false" Num="4">
          <ArticleCaption>（専門委員）</ArticleCaption>
          <ArticleTitle>第四条</ArticleTitle>
          <Paragraph Hide="false" Num="1">
            <ParagraphNum/>
            <ParagraphSentence>
              <Sentence WritingMode="vertical">協議会に、専門の事項を調査させるため必要があるときは、専門委員を置くことができる。</Sentence>
            </ParagraphSentence>
          </Paragraph>
          <Paragraph Hide="false" Num="2">
            <ParagraphNum>２</ParagraphNum>
            <ParagraphSentence>
              <Sentence WritingMode="vertical">専門委員は、当該専門の事項に関し学識経験のある者のうちから、厚生労働大臣が任命する。</Sentence>
            </ParagraphSentence>
          </Paragraph>
          <Paragraph Hide="false" Num="3">
            <ParagraphNum>３</ParagraphNum>
            <ParagraphSentence>
              <Sentence WritingMode="vertical">専門委員は、その者の任命に係る当該専門の事項に関する調査が終了したときは、解任されるものとする。</Sentence>
            </ParagraphSentence>
          </Paragraph>
          <Paragraph Hide="false" Num="4">
            <ParagraphNum>４</ParagraphNum>
            <ParagraphSentence>
              <Sentence WritingMode="vertical">専門委員は、非常勤とする。</Sentence>
            </ParagraphSentence>
          </Paragraph>
        </Article>
        <Article Delete="false" Hide="false" Num="5">
          <ArticleCaption>（議事）</ArticleCaption>
          <ArticleTitle>第五条</ArticleTitle>
          <Paragraph Hide="false" Num="1">
            <ParagraphNum/>
            <ParagraphSentence>
              <Sentence WritingMode="vertical">協議会は、委員の過半数が出席しなければ、会議を開き、議決することができない。</Sentence>
            </ParagraphSentence>
          </Paragraph>
          <Paragraph Hide="false" Num="2">
            <ParagraphNum>２</ParagraphNum>
            <ParagraphSentence>
              <Sentence WritingMode="vertical">協議会の議事は、出席した委員の過半数で決し、可否同数のときは、会長の決するところによる。</Sentence>
            </ParagraphSentence>
          </Paragraph>
        </Article>
        <Article Delete="false" Hide="false" Num="6">
          <ArticleCaption>（庶務）</ArticleCaption>
          <ArticleTitle>第六条</ArticleTitle>
          <Paragraph Hide="false" Num="1">
            <ParagraphNum/>
            <ParagraphSentence>
              <Sentence WritingMode="vertical">協議会の庶務は、厚生労働省子ども家庭局母子保健課において処理する。</Sentence>
            </ParagraphSentence>
          </Paragraph>
        </Article>
        <Article Delete="false" Hide="false" Num="7">
          <ArticleCaption>（協議会の運営）</ArticleCaption>
          <ArticleTitle>第七条</ArticleTitle>
          <Paragraph Hide="false" Num="1">
            <ParagraphNum/>
            <ParagraphSentence>
              <Sentence WritingMode="vertical">この政令に定めるもののほか、議事の手続その他協議会の運営に関し必要な事項は、会長が協議会に諮って定める。</Sentence>
            </ParagraphSentence>
          </Paragraph>
        </Article>
      </Chapter>
      <Chapter Delete="false" Hide="false" Num="2">
        <ChapterTitle>第二章　政令で定める計画</ChapterTitle>
        <Article Delete="false" Hide="false" Num="8">
          <ArticleTitle>第八条</ArticleTitle>
          <Paragraph Hide="false" Num="1">
            <ParagraphNum/>
            <ParagraphSentence>
              <Sentence WritingMode="vertical">法第十九条第一項の政令で定める計画は、次に掲げる計画とする。</Sentence>
            </ParagraphSentence>
            <Item Delete="false" Hide="false" Num="1">
              <ItemTitle>一</ItemTitle>
              <ItemSentence>
                <Sentence WritingMode="vertical">児童福祉法（昭和二十二年法律第百六十四号）第三十三条の二十二第一項に規定する都道府県障害児福祉計画</Sentence>
              </ItemSentence>
            </Item>
            <Item Delete="false" Hide="false" Num="2">
              <ItemTitle>二</ItemTitle>
              <ItemSentence>
                <Sentence WritingMode="vertical">社会福祉法（昭和二十六年法律第四十五号）第百八条第一項に規定する都道府県地域福祉支援計画</Sentence>
              </ItemSentence>
            </Item>
            <Item Delete="false" Hide="false" Num="3">
              <ItemTitle>三</ItemTitle>
              <ItemSentence>
                <Sentence WritingMode="vertical">母子及び父子並びに寡婦福祉法（昭和三十九年法律第百二十九号）第十二条の規定に基づき都道府県が策定する同法第十一条第二項第三号に規定する自立促進計画</Sentence>
              </ItemSentence>
            </Item>
            <Item Delete="false" Hide="false" Num="4">
              <ItemTitle>四</ItemTitle>
              <ItemSentence>
                <Sentence WritingMode="vertical">障害者基本法（昭和四十五年法律第八十四号）第十一条第二項に規定する都道府県障害者計画</Sentence>
              </ItemSentence>
            </Item>
            <Item Delete="false" Hide="false" Num="5">
              <ItemTitle>五</ItemTitle>
              <ItemSentence>
                <Sentence WritingMode="vertical">感染症の予防及び感染症の患者に対する医療に関する法律（平成十年法律第百十四号）第十条第一項に規定する予防計画</Sentence>
              </ItemSentence>
            </Item>
            <Item Delete="false" Hide="false" Num="6">
              <ItemTitle>六</ItemTitle>
              <ItemSentence>
                <Sentence WritingMode="vertical">男女共同参画社会基本法（平成十一年法律第七十八号）第十四条第一項に規定する都道府県男女共同参画計画</Sentence>
              </ItemSentence>
            </Item>
            <Item Delete="false" Hide="false" Num="7">
              <ItemTitle>七</ItemTitle>
              <ItemSentence>
                <Sentence WritingMode="vertical">配偶者からの暴力の防止及び被害者の保護等に関する法律（平成十三年法律第三十一号）第二条の三第一項に規定する都道府県基本計画</Sentence>
              </ItemSentence>
            </Item>
            <Item Delete="false" Hide="false" Num="8">
              <ItemTitle>八</ItemTitle>
              <ItemSentence>
                <Sentence WritingMode="vertical">健康増進法（平成十四年法律第百三号）第八条第一項に規定する都道府県健康増進計画</Sentence>
              </ItemSentence>
            </Item>
            <Item Delete="false" Hide="false" Num="9">
              <ItemTitle>九</ItemTitle>
              <ItemSentence>
                <Sentence WritingMode="vertical">食育基本法（平成十七年法律第六十三号）第十七条第一項に規定する都道府県食育推進計画</Sentence>
              </ItemSentence>
            </Item>
            <Item Delete="false" Hide="false" Num="10">
              <ItemTitle>十</ItemTitle>
              <ItemSentence>
                <Sentence WritingMode="vertical">障害者の日常生活及び社会生活を総合的に支援するための法律（平成十七年法律第百二十三号）第八十九条第一項に規定する都道府県障害福祉計画</Sentence>
              </ItemSentence>
            </Item>
            <Item Delete="false" Hide="false" Num="11">
              <ItemTitle>十一</ItemTitle>
              <ItemSentence>
                <Sentence WritingMode="vertical">自殺対策基本法（平成十八年法律第八十五号）第十三条第一項に規定する都道府県自殺対策計画</Sentence>
              </ItemSentence>
            </Item>
            <Item Delete="false" Hide="false" Num="12">
              <ItemTitle>十二</ItemTitle>
              <ItemSentence>
                <Sentence WritingMode="vertical">がん対策基本法（平成十八年法律第九十八号）第十二条第一項に規定する都道府県がん対策推進計画</Sentence>
              </ItemSentence>
            </Item>
            <Item Delete="false" Hide="false" Num="13">
              <ItemTitle>十三</ItemTitle>
              <ItemSentence>
                <Sentence WritingMode="vertical">教育基本法（平成十八年法律第百二十号）第十七条第二項の規定により都道府県が定める教育の振興のための施策に関する基本的な計画</Sentence>
              </ItemSentence>
            </Item>
            <Item Delete="false" Hide="false" Num="14">
              <ItemTitle>十四</ItemTitle>
              <ItemSentence>
                <Sentence WritingMode="vertical">子ども・若者育成支援推進法（平成二十一年法律第七十一号）第九条第一項に規定する都道府県子ども・若者計画</Sentence>
              </ItemSentence>
            </Item>
            <Item Delete="false" Hide="false" Num="15">
              <ItemTitle>十五</ItemTitle>
              <ItemSentence>
                <Sentence WritingMode="vertical">子ども・子育て支援法（平成二十四年法律第六十五号）第六十二条第一項に規定する都道府県子ども・子育て支援事業支援計画</Sentence>
              </ItemSentence>
            </Item>
            <Item Delete="false" Hide="false" Num="16">
              <ItemTitle>十六</ItemTitle>
              <ItemSentence>
                <Sentence WritingMode="vertical">子どもの貧困対策の推進に関する法律（平成二十五年法律第六十四号）第九条第一項に規定する都道府県計画</Sentence>
              </ItemSentence>
            </Item>
            <Item Delete="false" Hide="false" Num="17">
              <ItemTitle>十七</ItemTitle>
              <ItemSentence>
                <Sentence WritingMode="vertical">アルコール健康障害対策基本法（平成二十五年法律第百九号）第十四条第一項に規定する都道府県アルコール健康障害対策推進計画</Sentence>
              </ItemSentence>
            </Item>
            <Item Delete="false" Hide="false" Num="18">
              <ItemTitle>十八</ItemTitle>
              <ItemSentence>
                <Sentence WritingMode="vertical">ギャンブル等依存症対策基本法（平成三十年法律第七十四号）第十三条第一項に規定する都道府県ギャンブル等依存症対策推進計画</Sentence>
              </ItemSentence>
            </Item>
            <Item Delete="false" Hide="false" Num="19">
              <ItemTitle>十九</ItemTitle>
              <ItemSentence>
                <Sentence WritingMode="vertical">健康寿命の延伸等を図るための脳卒中、心臓病その他の循環器病に係る対策に関する基本法（平成三十年法律第百五号）第十一条第一項に規定する都道府県循環器病対策推進計画</Sentence>
              </ItemSentence>
            </Item>
          </Paragraph>
        </Article>
      </Chapter>
    </MainProvision>
    <SupplProvision>
      <SupplProvisionLabel>附　則</SupplProvisionLabel>
      <Paragraph Hide="false" Num="1">
        <ParagraphCaption>（施行期日）</ParagraphCaption>
        <ParagraphNum>１</ParagraphNum>
        <ParagraphSentence>
          <Sentence WritingMode="vertical">この政令は、法の施行の日（令和元年十二月一日）から施行する。</Sentence>
        </ParagraphSentence>
      </Paragraph>
      <Paragraph Hide="false" Num="2">
        <ParagraphCaption>（厚生労働省組織令の一部改正）</ParagraphCaption>
        <ParagraphNum>２</ParagraphNum>
        <ParagraphSentence>
          <Sentence WritingMode="vertical">厚生労働省組織令（平成十二年政令第二百五十二号）の一部を次のように改正する。</Sentence>
        </ParagraphSentence>
        <AmendProvision>
          <AmendProvisionSentence>
            <Sentence WritingMode="vertical">第十条中第十六号を第十七号とし、第十五号を第十六号とし、第十四号を第十五号とし、同条第十三号中「第九十九条第十号」を「第九十九条第十一号」に改め、同号を同条第十四号とし、同条中第十二号を第十三号とし、第四号から第十一号までを一号ずつ繰り下げ、第三号の次に次の一号を加える。</Sentence>
          </AmendProvisionSentence>
          <NewProvision>
            <Item Delete="false" Hide="false" Num="4">
              <ItemTitle>四</ItemTitle>
              <ItemSentence>
                <Sentence WritingMode="vertical">成育過程にある者及びその保護者並びに妊産婦に対し必要な成育医療等を切れ目なく提供するための施策の総合的な推進に関する法律（平成三十年法律第百四号）第十一条第一項に規定する成育医療等基本方針（第九十九条第一号において「成育医療等基本方針」という。）の策定及び推進に関すること。</Sentence>
              </ItemSentence>
            </Item>
          </NewProvision>
        </AmendProvision>
        <AmendProvision>
          <AmendProvisionSentence>
            <Sentence WritingMode="vertical">第九十九条中第十号を第十一号とし、第一号から第九号までを一号ずつ繰り下げ、同条に第一号として次の一号を加える。</Sentence>
          </AmendProvisionSentence>
          <NewProvision>
            <Item Delete="false" Hide="false" Num="1">
              <ItemTitle>一</ItemTitle>
              <ItemSentence>
                <Sentence WritingMode="vertical">成育医療等基本方針の策定及び推進に関すること。</Sentence>
              </ItemSentence>
            </Item>
          </NewProvision>
        </AmendProvision>
      </Paragraph>
    </SupplProvision>
  </LawBody>
</Law>
