<?xml version="1.0" encoding="UTF-8" standalone="no"?>
<Law Era="Reiwa" Lang="ja" LawType="CabinetOrder" Num="076" Year="01">
  <LawNum>令和元年政令第七十六号</LawNum>
  <LawBody>
    <LawTitle>棚田地域振興法施行令</LawTitle>
    <EnactStatement>内閣は、棚田地域振興法（令和元年法律第四十二号）第二条第二項の規定に基づき、この政令を制定する。</EnactStatement>
    <MainProvision>
      <Paragraph Hide="false" Num="1">
        <ParagraphNum/>
        <ParagraphSentence>
          <Sentence WritingMode="vertical">棚田地域振興法第二条第二項の政令で定める要件は、昭和二十五年二月一日における市町村の区域であって、当該区域内の勾配が二十分の一以上の土地にある一団の棚田の面積が一ヘクタール以上であるものであることとする。</Sentence>
        </ParagraphSentence>
      </Paragraph>
    </MainProvision>
    <SupplProvision>
      <SupplProvisionLabel>附　則</SupplProvisionLabel>
      <Paragraph Hide="false" Num="1">
        <ParagraphNum/>
        <ParagraphSentence>
          <Sentence WritingMode="vertical">この政令は、棚田地域振興法の施行の日（令和元年八月十六日）から施行する。</Sentence>
        </ParagraphSentence>
      </Paragraph>
    </SupplProvision>
  </LawBody>
</Law>
