<?xml version="1.0" encoding="UTF-8" standalone="no"?>
<Law DataInfo="200402e80k80m01" Era="Reiwa" Lang="ja" LawType="Rule" Num="004" Year="01">
  <LawNum>令和元年総務省令第四号</LawNum>
  <LawBody>
    <LawTitle>電気通信番号規則</LawTitle>
    <EnactStatement>電気通信事業法（昭和五十九年法律第八十六号）第二章第四節第二款の規定に基づき、電気通信番号規則を次のように定める。</EnactStatement>
    <TOC>
      <TOCLabel>目次</TOCLabel>
      <TOCChapter Delete="false" Num="1">
        <ChapterTitle>第一章　総則</ChapterTitle>
        <ArticleRange>（第一条・第二条）</ArticleRange>
      </TOCChapter>
      <TOCChapter Delete="false" Num="2">
        <ChapterTitle>第二章　電気通信番号使用計画の認定手続</ChapterTitle>
        <ArticleRange>（第三条―第八条）</ArticleRange>
      </TOCChapter>
      <TOCChapter Delete="false" Num="3">
        <ChapterTitle>第三章　電気通信番号使用計画の認定後の手続</ChapterTitle>
        <ArticleRange>（第九条―第十五条）</ArticleRange>
      </TOCChapter>
      <TOCChapter Delete="false" Num="4">
        <ChapterTitle>第四章　雑則</ChapterTitle>
        <ArticleRange>（第十六条―第十八条）</ArticleRange>
      </TOCChapter>
      <TOCSupplProvision>
        <SupplProvisionLabel>附則</SupplProvisionLabel>
      </TOCSupplProvision>
    </TOC>
    <MainProvision>
      <Chapter Delete="false" Hide="false" Num="1">
        <ChapterTitle>第一章　総則</ChapterTitle>
        <Article Delete="false" Hide="false" Num="1">
          <ArticleCaption>（目的）</ArticleCaption>
          <ArticleTitle>第一条</ArticleTitle>
          <Paragraph Hide="false" Num="1">
            <ParagraphNum/>
            <ParagraphSentence>
              <Sentence WritingMode="vertical">この省令は、電気通信事業法（昭和五十九年法律第八十六号。以下「法」という。）第二章第四節第二款の規定に基づき、電気通信番号の使用に関する事項を定めることを目的とする。</Sentence>
            </ParagraphSentence>
          </Paragraph>
        </Article>
        <Article Delete="false" Hide="false" Num="2">
          <ArticleCaption>（定義）</ArticleCaption>
          <ArticleTitle>第二条</ArticleTitle>
          <Paragraph Hide="false" Num="1">
            <ParagraphNum/>
            <ParagraphSentence>
              <Sentence WritingMode="vertical">この省令において使用する用語は、法及び電気通信事業法施行規則（昭和六十年郵政省令第二十五号）において使用する用語の例による。</Sentence>
            </ParagraphSentence>
          </Paragraph>
        </Article>
      </Chapter>
      <Chapter Delete="false" Hide="false" Num="2">
        <ChapterTitle>第二章　電気通信番号使用計画の認定手続</ChapterTitle>
        <Article Delete="false" Hide="false" Num="3">
          <ArticleCaption>（電気通信番号使用計画の認定の単位）</ArticleCaption>
          <ArticleTitle>第三条</ArticleTitle>
          <Paragraph Hide="false" Num="1">
            <ParagraphNum/>
            <ParagraphSentence>
              <Sentence WritingMode="vertical">法第五十条の二第一項の認定は、電気通信番号の別によらず、電気通信事業者ごとに行う。</Sentence>
            </ParagraphSentence>
          </Paragraph>
        </Article>
        <Article Delete="false" Hide="false" Num="4">
          <ArticleCaption>（電気通信番号使用計画の記載事項）</ArticleCaption>
          <ArticleTitle>第四条</ArticleTitle>
          <Paragraph Hide="false" Num="1">
            <ParagraphNum/>
            <ParagraphSentence>
              <Sentence WritingMode="vertical">法第五十条の二第一項第四号の総務省令で定める事項は、次のとおりとする。</Sentence>
            </ParagraphSentence>
            <Item Delete="false" Hide="false" Num="1">
              <ItemTitle>一</ItemTitle>
              <ItemSentence>
                <Sentence WritingMode="vertical">電気通信番号を使用して提供する電気通信役務の内容</Sentence>
              </ItemSentence>
            </Item>
            <Item Delete="false" Hide="false" Num="2">
              <ItemTitle>二</ItemTitle>
              <ItemSentence>
                <Sentence WritingMode="vertical">電気通信番号の使用に必要となる電気通信設備の構成図</Sentence>
              </ItemSentence>
            </Item>
            <Item Delete="false" Hide="false" Num="3">
              <ItemTitle>三</ItemTitle>
              <ItemSentence>
                <Sentence WritingMode="vertical">利用者設備識別番号の管理に関する事項（利用者設備識別番号を使用する場合であって、付番をしない場合に限る。）</Sentence>
              </ItemSentence>
            </Item>
            <Item Delete="false" Hide="false" Num="4">
              <ItemTitle>四</ItemTitle>
              <ItemSentence>
                <Sentence WritingMode="vertical">事業者設備等識別番号（利用者設備識別番号以外の電気通信番号をいう。以下同じ。）を使用する場合は、次に掲げる事項</Sentence>
              </ItemSentence>
              <Subitem1 Delete="false" Hide="false" Num="1">
                <Subitem1Title>イ</Subitem1Title>
                <Subitem1Sentence>
                  <Sentence WritingMode="vertical">使用しようとする事業者設備等識別番号（自ら指定を受けて事業者設備等識別番号を使用する場合に限る。）</Sentence>
                </Subitem1Sentence>
              </Subitem1>
              <Subitem1 Delete="false" Hide="false" Num="2">
                <Subitem1Title>ロ</Subitem1Title>
                <Subitem1Sentence>
                  <Sentence WritingMode="vertical">事業者設備等識別番号の管理に関する事項</Sentence>
                </Subitem1Sentence>
              </Subitem1>
            </Item>
            <Item Delete="false" Hide="false" Num="5">
              <ItemTitle>五</ItemTitle>
              <ItemSentence>
                <Sentence WritingMode="vertical">その他電気通信番号の使用に当たり特に必要な事項</Sentence>
              </ItemSentence>
            </Item>
          </Paragraph>
        </Article>
        <Article Delete="false" Hide="false" Num="5">
          <ArticleCaption>（電気通信番号使用計画の認定の申請）</ArticleCaption>
          <ArticleTitle>第五条</ArticleTitle>
          <Paragraph Hide="false" Num="1">
            <ParagraphNum/>
            <ParagraphSentence>
              <Sentence WritingMode="vertical">法第五十条の二第二項の申請書及び電気通信番号使用計画は、それぞれ様式第一及び様式第二によるものとする。</Sentence>
            </ParagraphSentence>
          </Paragraph>
          <Paragraph Hide="false" Num="2">
            <ParagraphNum>２</ParagraphNum>
            <ParagraphSentence>
              <Sentence Function="main" Num="1" WritingMode="vertical">前項の電気通信番号使用計画は、別表に掲げる電気通信番号の種別ごとに作成するものとする。</Sentence>
              <Sentence Function="proviso" Num="2" WritingMode="vertical">ただし、同一の電気通信番号の種別について、提供する電気通信役務の内容ごとに作成することを妨げない。</Sentence>
            </ParagraphSentence>
          </Paragraph>
          <Paragraph Hide="false" Num="3">
            <ParagraphNum>３</ParagraphNum>
            <ParagraphSentence>
              <Sentence WritingMode="vertical">法第五十条の二第二項の総務省令で定める添付書類は、次のとおりとする。</Sentence>
            </ParagraphSentence>
            <Item Delete="false" Hide="false" Num="1">
              <ItemTitle>一</ItemTitle>
              <ItemSentence>
                <Sentence WritingMode="vertical">新たに利用者設備識別番号の指定を受けようとする場合は、その利用者設備識別番号の数及びその算定の根拠を記載した書類</Sentence>
              </ItemSentence>
            </Item>
            <Item Delete="false" Hide="false" Num="2">
              <ItemTitle>二</ItemTitle>
              <ItemSentence>
                <Sentence WritingMode="vertical">新たに電気通信番号の指定を受けようとする場合であって、特定の電気通信番号の指定を希望する場合は、その電気通信番号及び希望する理由を記載した書類</Sentence>
              </ItemSentence>
            </Item>
          </Paragraph>
        </Article>
        <Article Delete="false" Hide="false" Num="6">
          <ArticleCaption>（電気通信番号使用計画の認定の基準）</ArticleCaption>
          <ArticleTitle>第六条</ArticleTitle>
          <Paragraph Hide="false" Num="1">
            <ParagraphNum/>
            <ParagraphSentence>
              <Sentence WritingMode="vertical">法第五十条の四第三号の総務省令で定める基準は、次のとおりとする。</Sentence>
            </ParagraphSentence>
            <Item Delete="false" Hide="false" Num="1">
              <ItemTitle>一</ItemTitle>
              <ItemSentence>
                <Sentence WritingMode="vertical">利用者設備識別番号の指定を受けようとする場合は、指定を受けようとする利用者設備識別番号が、電気通信役務の提供のために必要であり、かつ合理的なものであること。</Sentence>
              </ItemSentence>
            </Item>
            <Item Delete="false" Hide="false" Num="2">
              <ItemTitle>二</ItemTitle>
              <ItemSentence>
                <Sentence WritingMode="vertical">固定電話番号の指定を受けようとする場合は、指定を受けようとする電気通信番号計画に定める番号区画ごとの固定電話番号の数について、相当程度の需要が見込まれ、当該需要に対する電気通信役務の提供に係る計画に確実性があること。</Sentence>
              </ItemSentence>
            </Item>
            <Item Delete="false" Hide="false" Num="3">
              <ItemTitle>三</ItemTitle>
              <ItemSentence>
                <Sentence WritingMode="vertical">法第五十条の二第一項第二号イに掲げる事項が、利用者に対する公平性を確保し、かつ効率的な利用者設備識別番号の使用を確保するものであること。</Sentence>
              </ItemSentence>
            </Item>
            <Item Delete="false" Hide="false" Num="4">
              <ItemTitle>四</ItemTitle>
              <ItemSentence>
                <Sentence WritingMode="vertical">卸電気通信役務の提供を行い、又は卸電気通信役務の提供を受ける場合は、法第五十条の二第一項第二号ロに掲げる事項若しくは第四条第三号に定める事項又は同条第四号ロに定める事項が、卸電気通信役務の提供において使用する電気通信番号の管理を行うために適切なものであること。</Sentence>
              </ItemSentence>
            </Item>
          </Paragraph>
        </Article>
        <Article Delete="false" Hide="false" Num="7">
          <ArticleCaption>（認定証の交付等）</ArticleCaption>
          <ArticleTitle>第七条</ArticleTitle>
          <Paragraph Hide="false" Num="1">
            <ParagraphNum/>
            <ParagraphSentence>
              <Sentence WritingMode="vertical">総務大臣は、法第五十条の四の規定により、法第五十条の二第一項の認定をしたときは、認定証を交付する。</Sentence>
            </ParagraphSentence>
          </Paragraph>
          <Paragraph Hide="false" Num="2">
            <ParagraphNum>２</ParagraphNum>
            <ParagraphSentence>
              <Sentence WritingMode="vertical">前項の場合において、利用者設備識別番号の指定をしたときは、認定証の交付に併せて当該利用者設備識別番号を通知する。</Sentence>
            </ParagraphSentence>
          </Paragraph>
        </Article>
        <Article Delete="false" Hide="false" Num="8">
          <ArticleCaption>（事業者設備等識別番号の指定）</ArticleCaption>
          <ArticleTitle>第八条</ArticleTitle>
          <Paragraph Hide="false" Num="1">
            <ParagraphNum/>
            <ParagraphSentence>
              <Sentence WritingMode="vertical">総務大臣は、電気通信番号使用計画（第四条第四号イに掲げる事項を記載した場合に限る。）について、法第五十条の二第一項の認定をしたときは、法第五十条の十一の規定により事業者設備等識別番号を指定し、これを通知する。</Sentence>
            </ParagraphSentence>
          </Paragraph>
          <Paragraph Hide="false" Num="2">
            <ParagraphNum>２</ParagraphNum>
            <ParagraphSentence>
              <Sentence WritingMode="vertical">利用者設備識別番号（別表第九号に掲げるＩＭＳＩを除く。）の指定を受けている電気通信事業者は、プレフィックス（電気通信番号計画に事業者設備等識別番号として定めるプレフィックスをいう。）の指定を受けているものとみなす。</Sentence>
            </ParagraphSentence>
          </Paragraph>
        </Article>
      </Chapter>
      <Chapter Delete="false" Hide="false" Num="3">
        <ChapterTitle>第三章　電気通信番号使用計画の認定後の手続</ChapterTitle>
        <Article Delete="false" Hide="false" Num="9">
          <ArticleCaption>（変更の認定の申請）</ArticleCaption>
          <ArticleTitle>第九条</ArticleTitle>
          <Paragraph Hide="false" Num="1">
            <ParagraphNum/>
            <ParagraphSentence>
              <Sentence WritingMode="vertical">法第五十条の六第二項において準用する法第五十条の二第二項の申請書及び電気通信番号使用計画は、それぞれ様式第三及び様式第二によるものとする。</Sentence>
            </ParagraphSentence>
          </Paragraph>
          <Paragraph Hide="false" Num="2">
            <ParagraphNum>２</ParagraphNum>
            <ParagraphSentence>
              <Sentence Function="main" Num="1" WritingMode="vertical">第五条第二項の規定は、前項の規定による電気通信番号使用計画に準用する。</Sentence>
              <Sentence Function="proviso" Num="2" WritingMode="vertical">ただし、電気通信番号の種別又は電気通信役務の内容ごとに作成した電気通信番号使用計画のうち、変更のないものについては提出を省略することができる。</Sentence>
            </ParagraphSentence>
          </Paragraph>
          <Paragraph Hide="false" Num="3">
            <ParagraphNum>３</ParagraphNum>
            <ParagraphSentence>
              <Sentence WritingMode="vertical">法第五十条の六第二項において準用する法第五十条の二第二項の総務省令で定める添付書類は、次のとおりとする。</Sentence>
            </ParagraphSentence>
            <Item Delete="false" Hide="false" Num="1">
              <ItemTitle>一</ItemTitle>
              <ItemSentence>
                <Sentence WritingMode="vertical">第五条第三項各号に定める書類</Sentence>
              </ItemSentence>
            </Item>
            <Item Delete="false" Hide="false" Num="2">
              <ItemTitle>二</ItemTitle>
              <ItemSentence>
                <Sentence WritingMode="vertical">指定を受けている電気通信番号の数を減じようとする場合は、その電気通信番号を記載した書類</Sentence>
              </ItemSentence>
            </Item>
          </Paragraph>
        </Article>
        <Article Delete="false" Hide="false" Num="10">
          <ArticleCaption>（変更の認定）</ArticleCaption>
          <ArticleTitle>第十条</ArticleTitle>
          <Paragraph Hide="false" Num="1">
            <ParagraphNum/>
            <ParagraphSentence>
              <Sentence WritingMode="vertical">第六条から第八条までの規定は、法第五十条の六第一項の規定により変更の認定を受けようとする場合に準用する。</Sentence>
            </ParagraphSentence>
          </Paragraph>
        </Article>
        <Article Delete="false" Hide="false" Num="11">
          <ArticleCaption>（軽微な変更）</ArticleCaption>
          <ArticleTitle>第十一条</ArticleTitle>
          <Paragraph Hide="false" Num="1">
            <ParagraphNum/>
            <ParagraphSentence>
              <Sentence WritingMode="vertical">法第五十条の六第一項ただし書の総務省令で定める軽微な変更は、次のとおりとする。</Sentence>
            </ParagraphSentence>
            <Item Delete="false" Hide="false" Num="1">
              <ItemTitle>一</ItemTitle>
              <ItemSentence>
                <Sentence WritingMode="vertical">指定を受けている電気通信番号の数の減少（指定を受けている全ての電気通信番号の数が減少する場合を含み、新たに電気通信番号の指定を受けることとなる場合を除く。）</Sentence>
              </ItemSentence>
            </Item>
            <Item Delete="false" Hide="false" Num="2">
              <ItemTitle>二</ItemTitle>
              <ItemSentence>
                <Sentence WritingMode="vertical">電気通信役務の提供の開始の日の繰上げ</Sentence>
              </ItemSentence>
            </Item>
            <Item Delete="false" Hide="false" Num="3">
              <ItemTitle>三</ItemTitle>
              <ItemSentence>
                <Sentence WritingMode="vertical">電気通信番号の使用に関する条件を確保するため、他の電気通信事業者と取決めをしている場合における、当該取決めをしている他の電気通信事業者の数の増加又は減少（当該取決めの内容に変更がない場合に限る。）</Sentence>
              </ItemSentence>
            </Item>
            <Item Delete="false" Hide="false" Num="4">
              <ItemTitle>四</ItemTitle>
              <ItemSentence>
                <Sentence WritingMode="vertical">電気通信番号の使用に関する条件の確保に関する事項の変更のうち、総合品質の変更（総合品質を劣化させることとなる場合を除く。）</Sentence>
              </ItemSentence>
            </Item>
            <Item Delete="false" Hide="false" Num="5">
              <ItemTitle>五</ItemTitle>
              <ItemSentence>
                <Sentence WritingMode="vertical">別表第十一号に掲げる付加的役務識別番号を使用して電気通信役務の内容を識別している場合であって、当該付加的役務識別番号の四桁目以降によりその識別する電気通信役務の内容を細分しているときにおける当該細分している事項の変更（新たに付加的役務識別番号の指定を受けることとなる場合を除く。）</Sentence>
              </ItemSentence>
            </Item>
          </Paragraph>
        </Article>
        <Article Delete="false" Hide="false" Num="12">
          <ArticleCaption>（軽微な変更の届出等）</ArticleCaption>
          <ArticleTitle>第十二条</ArticleTitle>
          <Paragraph Hide="false" Num="1">
            <ParagraphNum/>
            <ParagraphSentence>
              <Sentence WritingMode="vertical">電気通信事業法施行規則第七条又は第九条第二項の規定により氏名等の変更の届出をした者は、法第五十条の六第三項の規定による法第五十条の二第二項第一号に掲げる事項の変更に係る届出をしたものとみなす。</Sentence>
            </ParagraphSentence>
          </Paragraph>
          <Paragraph Hide="false" Num="2">
            <ParagraphNum>２</ParagraphNum>
            <ParagraphSentence>
              <Sentence WritingMode="vertical">法第五十条の六第三項の規定による同条第一項ただし書の軽微な変更の届出をしようとする者は、様式第四の届出書に、様式第二による電気通信番号使用計画（電気通信番号の種別又は電気通信役務の内容ごとに作成したもののうち、変更のないものを除き、指定を受けている電気通信番号の数を減じようとする場合は、その電気通信番号を記載した書類を含む。）を添えて提出しなければならない。</Sentence>
            </ParagraphSentence>
          </Paragraph>
          <Paragraph Hide="false" Num="3">
            <ParagraphNum>３</ParagraphNum>
            <ParagraphSentence>
              <Sentence WritingMode="vertical">法第五十条の六第三項の規定による電気通信番号を使用しない電気通信事業者になった旨の届出をしようとする者は、様式第五の届出書を提出しなければならない。</Sentence>
            </ParagraphSentence>
          </Paragraph>
          <Paragraph Hide="false" Num="4">
            <ParagraphNum>４</ParagraphNum>
            <ParagraphSentence>
              <Sentence WritingMode="vertical">前項の届出を提出するときは、併せて法第五十条の二第一項の認定及び法第五十条の六第一項の変更認定に係る認定証を総務大臣に返納しなければならない。</Sentence>
            </ParagraphSentence>
          </Paragraph>
          <Paragraph Hide="false" Num="5">
            <ParagraphNum>５</ParagraphNum>
            <ParagraphSentence>
              <Sentence WritingMode="vertical">現に作成している電気通信番号使用計画（第四条第四号イに掲げる事項を記載した場合に限る。）を標準電気通信番号使用計画と同一のものに変更したとき（法第五十条の六第一項の変更の認定を受ける場合を除く。）は、前条第一号の軽微な変更として、第二項の規定を準用する。</Sentence>
            </ParagraphSentence>
          </Paragraph>
        </Article>
        <Article Delete="false" Hide="false" Num="13">
          <ArticleCaption>（利用者設備識別番号の管理の引継ぎ等）</ArticleCaption>
          <ArticleTitle>第十三条</ArticleTitle>
          <Paragraph Hide="false" Num="1">
            <ParagraphNum/>
            <ParagraphSentence>
              <Sentence WritingMode="vertical">利用者設備識別番号の指定を受けている電気通信事業者は、当該指定の失効等（法第五十条の十第一号に定める指定の失効又は同条第二号に定める指定の取消しをいう。以下この条において同じ。）があった場合に、当該利用者設備識別番号の管理を引き継ぐ電気通信事業者（法第五十条の二第一項の認定を受けている者に限る。以下この条において「番号管理事業者」という。）をあらかじめ総務大臣に届け出ることができる。</Sentence>
            </ParagraphSentence>
          </Paragraph>
          <Paragraph Hide="false" Num="2">
            <ParagraphNum>２</ParagraphNum>
            <ParagraphSentence>
              <Sentence Num="1" WritingMode="vertical">第一項の場合において、利用者設備識別番号の指定の失効等があったときは、番号管理事業者は、当該指定の失効等があった日から起算して三十日を経過する日までの間は、当該利用者設備識別番号について法第五十条の二第一項の指定を受けているものとみなす。</Sentence>
              <Sentence Num="2" WritingMode="vertical">当該番号管理事業者がその期間内に法第五十条の六第一項の変更の認定を申請した場合において、その期間を経過したときは、当該申請について認定又は拒否の処分があるまでの間も、同様とする。</Sentence>
            </ParagraphSentence>
          </Paragraph>
          <Paragraph Hide="false" Num="3">
            <ParagraphNum>３</ParagraphNum>
            <ParagraphSentence>
              <Sentence WritingMode="vertical">総務大臣は、第一項の届出があった場合は、速やかに番号管理事業者にその旨を通知することとする。</Sentence>
            </ParagraphSentence>
          </Paragraph>
          <Paragraph Hide="false" Num="4">
            <ParagraphNum>４</ParagraphNum>
            <ParagraphSentence>
              <Sentence WritingMode="vertical">総務大臣から前項の通知を受けた番号管理事業者が、利用者設備識別番号の管理の引継ぎに同意しない場合は、第二項の規定は適用しない。</Sentence>
            </ParagraphSentence>
          </Paragraph>
          <Paragraph Hide="false" Num="5">
            <ParagraphNum>５</ParagraphNum>
            <ParagraphSentence>
              <Sentence WritingMode="vertical">前四項の規定にかかわらず、利用者設備識別番号の指定の失効等があった場合であって、当該指定を受けていた電気通信事業者以外の電気通信事業者が当該利用者設備識別番号を番号ポータビリティにより使用しているときは、その失効等があった日から起算して三十日を経過する日までの間（その期間内に当該利用者設備識別番号が新たに指定された場合は、当該指定された日までの間）は、当該番号ポータビリティにより使用している利用者設備識別番号は、従前の例により使用することができる。</Sentence>
            </ParagraphSentence>
          </Paragraph>
        </Article>
        <Article Delete="false" Hide="false" Num="14">
          <ArticleCaption>（事業者設備等識別番号の取消し等）</ArticleCaption>
          <ArticleTitle>第十四条</ArticleTitle>
          <Paragraph Hide="false" Num="1">
            <ParagraphNum/>
            <ParagraphSentence>
              <Sentence WritingMode="vertical">総務大臣は、法第五十条の十一の規定により、法第五十条の八の規定による電気通信番号使用計画（事業者設備等識別番号に係るものに限る。）の認定の失効があったときは、当該事業者設備等識別番号の指定を取り消すものとする。</Sentence>
            </ParagraphSentence>
          </Paragraph>
          <Paragraph Hide="false" Num="2">
            <ParagraphNum>２</ParagraphNum>
            <ParagraphSentence>
              <Sentence WritingMode="vertical">総務大臣は、法第五十条の十一の規定により、電気通信事業者（事業者設備等識別番号の指定を受けている者に限る。）が法第五十条の九各号のいずれかに該当するときは、当該事業者設備等識別番号の全部又は一部の指定を取り消すことができる。</Sentence>
            </ParagraphSentence>
          </Paragraph>
        </Article>
        <Article Delete="false" Hide="false" Num="15">
          <ArticleCaption>（使用期限を超過した電気通信番号）</ArticleCaption>
          <ArticleTitle>第十五条</ArticleTitle>
          <Paragraph Hide="false" Num="1">
            <ParagraphNum/>
            <ParagraphSentence>
              <Sentence WritingMode="vertical">電気通信番号（電気通信番号計画において使用の期限が記載されたものに限る。）の指定は、当該使用の期限を超えた場合は、その効力を失うものとする。</Sentence>
            </ParagraphSentence>
          </Paragraph>
          <Paragraph Hide="false" Num="2">
            <ParagraphNum>２</ParagraphNum>
            <ParagraphSentence>
              <Sentence Function="main" Num="1" WritingMode="vertical">前項の場合において、電気通信番号の指定を受けていた電気通信事業者は、遅滞なく、法第五十条の六の規定により電気通信番号使用計画を変更しなければならない。</Sentence>
              <Sentence Function="proviso" Num="2" WritingMode="vertical">ただし、法第五十条の八各号のいずれかに該当するときは、この限りでない。</Sentence>
            </ParagraphSentence>
          </Paragraph>
        </Article>
      </Chapter>
      <Chapter Delete="false" Hide="false" Num="4">
        <ChapterTitle>第四章　雑則</ChapterTitle>
        <Article Delete="false" Hide="false" Num="16">
          <ArticleCaption>（公示）</ArticleCaption>
          <ArticleTitle>第十六条</ArticleTitle>
          <Paragraph Hide="false" Num="1">
            <ParagraphNum/>
            <ParagraphSentence>
              <Sentence WritingMode="vertical">法第五十条第二項の規定による電気通信番号計画（法第五十条の十二の規定により記載するものを除く。）の公示は、官報で告示することによって行う。</Sentence>
            </ParagraphSentence>
          </Paragraph>
          <Paragraph Hide="false" Num="2">
            <ParagraphNum>２</ParagraphNum>
            <ParagraphSentence>
              <Sentence WritingMode="vertical">法第五十条第二項の規定による電気通信番号計画（法第五十条の十二の規定により記載するものに限る。）の公示は、インターネットの利用その他の適切な方法によって行う。</Sentence>
            </ParagraphSentence>
          </Paragraph>
        </Article>
        <Article Delete="false" Hide="false" Num="17">
          <ArticleCaption>（書類の提出）</ArticleCaption>
          <ArticleTitle>第十七条</ArticleTitle>
          <Paragraph Hide="false" Num="1">
            <ParagraphNum/>
            <ParagraphSentence>
              <Sentence WritingMode="vertical">この省令の規定により総務大臣に提出する書類は、電気通信事業者の業務区域（その業務区域が二以上の総合通信局（沖縄総合通信事務所を含む。）の管轄区域にわたる場合は、その主たる区域）を管轄する総合通信局長（沖縄総合通信事務所長を含む。）を経由して提出することができる。</Sentence>
            </ParagraphSentence>
          </Paragraph>
        </Article>
        <Article Delete="false" Hide="false" Num="18">
          <ArticleCaption>（電磁的方法による提出）</ArticleCaption>
          <ArticleTitle>第十八条</ArticleTitle>
          <Paragraph Hide="false" Num="1">
            <ParagraphNum/>
            <ParagraphSentence>
              <Sentence WritingMode="vertical">この省令の規定により総務大臣に提出する書類は、その書類の記載事項を記録した電磁的方法（電子的方法、磁気的方法その他の人の知覚によっては認識することができない方法をいう。以下この条において同じ。）による記録に係る記録媒体により提出することができる。</Sentence>
            </ParagraphSentence>
          </Paragraph>
          <Paragraph Hide="false" Num="2">
            <ParagraphNum>２</ParagraphNum>
            <ParagraphSentence>
              <Sentence WritingMode="vertical">前項の規定により電磁的方法による記録に係る記録媒体により提出する場合は、申請者又は届出者の氏名及び住所並びに申請又は届出の年月日を記載した書類を添付しなければならない。</Sentence>
            </ParagraphSentence>
          </Paragraph>
        </Article>
      </Chapter>
    </MainProvision>
    <SupplProvision>
      <SupplProvisionLabel>附　則</SupplProvisionLabel>
      <Article Delete="false" Hide="false" Num="1">
        <ArticleCaption>（施行期日）</ArticleCaption>
        <ArticleTitle>第一条</ArticleTitle>
        <Paragraph Hide="false" Num="1">
          <ParagraphNum/>
          <ParagraphSentence>
            <Sentence WritingMode="vertical">この省令は、電気通信事業法及び国立研究開発法人情報通信研究機構法の一部を改正する法律（平成三十年法律第二十四号。以下「改正法」という。）附則第一条第二号に掲げる規定の施行の日から施行する。</Sentence>
          </ParagraphSentence>
        </Paragraph>
      </Article>
      <Article Delete="false" Hide="false" Num="2">
        <ArticleCaption>（電気通信番号規則の廃止）</ArticleCaption>
        <ArticleTitle>第二条</ArticleTitle>
        <Paragraph Hide="false" Num="1">
          <ParagraphNum/>
          <ParagraphSentence>
            <Sentence WritingMode="vertical">電気通信番号規則（平成九年郵政省令第八十二号。以下「旧規則」という。）は、廃止する。</Sentence>
          </ParagraphSentence>
        </Paragraph>
      </Article>
      <Article Delete="false" Hide="false" Num="3">
        <ArticleCaption>（経過措置）</ArticleCaption>
        <ArticleTitle>第三条</ArticleTitle>
        <Paragraph Hide="false" Num="1">
          <ParagraphNum/>
          <ParagraphSentence>
            <Sentence WritingMode="vertical">改正法附則第三条第二項の規定により電気通信番号を従前の例により引き続き使用する者が法第五十条の二第一項又は第五十条の十一の指定を受けたときは、当該者は、当該電気通信番号（当該指定を受けたものに限る。）について旧規則第十八条の規定に基づく届出をしたものとみなす。</Sentence>
          </ParagraphSentence>
        </Paragraph>
      </Article>
    </SupplProvision>
    <SupplProvision AmendLawNum="令和元年六月二八日総務省令第一九号" Type="Amend">
      <SupplProvisionLabel>附　則</SupplProvisionLabel>
      <Paragraph Hide="false" Num="1">
        <ParagraphNum/>
        <ParagraphSentence>
          <Sentence WritingMode="vertical">この省令は、不正競争防止法等の一部を改正する法律の施行の日（令和元年七月一日）から施行する。</Sentence>
        </ParagraphSentence>
      </Paragraph>
    </SupplProvision>
    <AppdxTable>
      <AppdxTableTitle WritingMode="vertical">別表　電気通信番号の種別</AppdxTableTitle>
      <RelatedArticleNum>（第五条第二項関係）</RelatedArticleNum>
      <Item Delete="false" Hide="false" Num="1">
        <ItemTitle>一</ItemTitle>
        <ItemSentence>
          <Sentence WritingMode="vertical">固定電話番号</Sentence>
        </ItemSentence>
      </Item>
      <Item Delete="false" Hide="false" Num="2">
        <ItemTitle>二</ItemTitle>
        <ItemSentence>
          <Sentence WritingMode="vertical">付加的役務電話番号</Sentence>
        </ItemSentence>
      </Item>
      <Item Delete="false" Hide="false" Num="3">
        <ItemTitle>三</ItemTitle>
        <ItemSentence>
          <Sentence WritingMode="vertical">データ伝送携帯電話番号</Sentence>
        </ItemSentence>
      </Item>
      <Item Delete="false" Hide="false" Num="4">
        <ItemTitle>四</ItemTitle>
        <ItemSentence>
          <Sentence WritingMode="vertical">音声伝送携帯電話番号</Sentence>
        </ItemSentence>
      </Item>
      <Item Delete="false" Hide="false" Num="5">
        <ItemTitle>五</ItemTitle>
        <ItemSentence>
          <Sentence WritingMode="vertical">無線呼出番号</Sentence>
        </ItemSentence>
      </Item>
      <Item Delete="false" Hide="false" Num="6">
        <ItemTitle>六</ItemTitle>
        <ItemSentence>
          <Sentence WritingMode="vertical">特定ＩＰ電話番号</Sentence>
        </ItemSentence>
      </Item>
      <Item Delete="false" Hide="false" Num="7">
        <ItemTitle>七</ItemTitle>
        <ItemSentence>
          <Sentence WritingMode="vertical">ＦＭＣ電話番号</Sentence>
        </ItemSentence>
      </Item>
      <Item Delete="false" Hide="false" Num="8">
        <ItemTitle>八</ItemTitle>
        <ItemSentence>
          <Sentence WritingMode="vertical">特定接続電話番号</Sentence>
        </ItemSentence>
      </Item>
      <Item Delete="false" Hide="false" Num="9">
        <ItemTitle>九</ItemTitle>
        <ItemSentence>
          <Sentence WritingMode="vertical">ＩＭＳＩ</Sentence>
        </ItemSentence>
      </Item>
      <Item Delete="false" Hide="false" Num="10">
        <ItemTitle>十</ItemTitle>
        <ItemSentence>
          <Sentence WritingMode="vertical">事業者設備識別番号</Sentence>
        </ItemSentence>
      </Item>
      <Item Delete="false" Hide="false" Num="11">
        <ItemTitle>十一</ItemTitle>
        <ItemSentence>
          <Sentence WritingMode="vertical">付加的役務識別番号</Sentence>
        </ItemSentence>
      </Item>
      <Item Delete="false" Hide="false" Num="12">
        <ItemTitle>十二</ItemTitle>
        <ItemSentence>
          <Sentence WritingMode="vertical">緊急通報番号</Sentence>
        </ItemSentence>
      </Item>
      <Item Delete="false" Hide="false" Num="13">
        <ItemTitle>十三</ItemTitle>
        <ItemSentence>
          <Sentence WritingMode="vertical">国際信号局識別番号</Sentence>
        </ItemSentence>
      </Item>
      <Item Delete="false" Hide="false" Num="14">
        <ItemTitle>十四</ItemTitle>
        <ItemSentence>
          <Sentence WritingMode="vertical">データ通信設備識別番号</Sentence>
        </ItemSentence>
      </Item>
      <Item Delete="false" Hide="false" Num="15">
        <ItemTitle>十五</ItemTitle>
        <ItemSentence>
          <Sentence WritingMode="vertical">メッセージ交換設備識別番号</Sentence>
        </ItemSentence>
      </Item>
      <Remarks>
        <RemarksLabel LineBreak="true">備考　この表における次に掲げる用語の意義は、それぞれ次に定めるとおりとする。</RemarksLabel>
        <Item Delete="false" Hide="false" Num="1">
          <ItemTitle>一</ItemTitle>
          <ItemSentence>
            <Column LineBreak="false" Num="1">
              <Sentence WritingMode="vertical">固定電話番号</Sentence>
            </Column>
            <Column LineBreak="false" Num="2">
              <Sentence WritingMode="vertical">電気通信番号計画に利用者設備識別番号として定める固定電話番号</Sentence>
            </Column>
          </ItemSentence>
        </Item>
        <Item Delete="false" Hide="false" Num="2">
          <ItemTitle>二</ItemTitle>
          <ItemSentence>
            <Column LineBreak="false" Num="1">
              <Sentence WritingMode="vertical">付加的役務電話番号</Sentence>
            </Column>
            <Column LineBreak="false" Num="2">
              <Sentence WritingMode="vertical">電気通信番号計画に利用者設備識別番号として定める付加的役務電話番号</Sentence>
            </Column>
          </ItemSentence>
        </Item>
        <Item Delete="false" Hide="false" Num="3">
          <ItemTitle>三</ItemTitle>
          <ItemSentence>
            <Column LineBreak="false" Num="1">
              <Sentence WritingMode="vertical">データ伝送携帯電話番号</Sentence>
            </Column>
            <Column LineBreak="false" Num="2">
              <Sentence WritingMode="vertical">電気通信番号計画に利用者設備識別番号として定めるデータ伝送携帯電話番号</Sentence>
            </Column>
          </ItemSentence>
        </Item>
        <Item Delete="false" Hide="false" Num="4">
          <ItemTitle>四</ItemTitle>
          <ItemSentence>
            <Column LineBreak="false" Num="1">
              <Sentence WritingMode="vertical">音声伝送携帯電話番号</Sentence>
            </Column>
            <Column LineBreak="false" Num="2">
              <Sentence WritingMode="vertical">電気通信番号計画に利用者設備識別番号として定める音声伝送携帯電話番号</Sentence>
            </Column>
          </ItemSentence>
        </Item>
        <Item Delete="false" Hide="false" Num="5">
          <ItemTitle>五</ItemTitle>
          <ItemSentence>
            <Column LineBreak="false" Num="1">
              <Sentence WritingMode="vertical">無線呼出番号</Sentence>
            </Column>
            <Column LineBreak="false" Num="2">
              <Sentence WritingMode="vertical">電気通信番号計画に利用者設備識別番号として定める無線呼出番号</Sentence>
            </Column>
          </ItemSentence>
        </Item>
        <Item Delete="false" Hide="false" Num="6">
          <ItemTitle>六</ItemTitle>
          <ItemSentence>
            <Column LineBreak="false" Num="1">
              <Sentence WritingMode="vertical">特定ＩＰ電話番号</Sentence>
            </Column>
            <Column LineBreak="false" Num="2">
              <Sentence WritingMode="vertical">電気通信番号計画に利用者設備識別番号として定める特定ＩＰ電話番号</Sentence>
            </Column>
          </ItemSentence>
        </Item>
        <Item Delete="false" Hide="false" Num="7">
          <ItemTitle>七</ItemTitle>
          <ItemSentence>
            <Column LineBreak="false" Num="1">
              <Sentence WritingMode="vertical">ＦＭＣ電話番号</Sentence>
            </Column>
            <Column LineBreak="false" Num="2">
              <Sentence WritingMode="vertical">電気通信番号計画に利用者設備識別番号として定めるＦＭＣ電話番号</Sentence>
            </Column>
          </ItemSentence>
        </Item>
        <Item Delete="false" Hide="false" Num="8">
          <ItemTitle>八</ItemTitle>
          <ItemSentence>
            <Column LineBreak="false" Num="1">
              <Sentence WritingMode="vertical">特定接続電話番号</Sentence>
            </Column>
            <Column LineBreak="false" Num="2">
              <Sentence WritingMode="vertical">電気通信番号計画に利用者設備識別番号として定める特定接続電話番号</Sentence>
            </Column>
          </ItemSentence>
        </Item>
        <Item Delete="false" Hide="false" Num="9">
          <ItemTitle>九</ItemTitle>
          <ItemSentence>
            <Column LineBreak="false" Num="1">
              <Sentence WritingMode="vertical">ＩＭＳＩ</Sentence>
            </Column>
            <Column LineBreak="false" Num="2">
              <Sentence WritingMode="vertical">電気通信番号計画に利用者設備識別番号として定めるＩＭＳＩ</Sentence>
            </Column>
          </ItemSentence>
        </Item>
        <Item Delete="false" Hide="false" Num="10">
          <ItemTitle>十</ItemTitle>
          <ItemSentence>
            <Column LineBreak="false" Num="1">
              <Sentence WritingMode="vertical">事業者設備識別番号</Sentence>
            </Column>
            <Column LineBreak="false" Num="2">
              <Sentence WritingMode="vertical">電気通信番号計画に事業者設備等識別番号として定める事業者設備識別番号</Sentence>
            </Column>
          </ItemSentence>
        </Item>
        <Item Delete="false" Hide="false" Num="11">
          <ItemTitle>十一</ItemTitle>
          <ItemSentence>
            <Column LineBreak="false" Num="1">
              <Sentence WritingMode="vertical">付加的役務識別番号</Sentence>
            </Column>
            <Column LineBreak="false" Num="2">
              <Sentence WritingMode="vertical">電気通信番号計画に事業者設備等識別番号として定める付加的役務識別番号</Sentence>
            </Column>
          </ItemSentence>
        </Item>
        <Item Delete="false" Hide="false" Num="12">
          <ItemTitle>十二</ItemTitle>
          <ItemSentence>
            <Column LineBreak="false" Num="1">
              <Sentence WritingMode="vertical">緊急通報番号</Sentence>
            </Column>
            <Column LineBreak="false" Num="2">
              <Sentence WritingMode="vertical">電気通信番号計画に事業者設備等識別番号として定める緊急通報番号</Sentence>
            </Column>
          </ItemSentence>
        </Item>
        <Item Delete="false" Hide="false" Num="13">
          <ItemTitle>十三</ItemTitle>
          <ItemSentence>
            <Column LineBreak="false" Num="1">
              <Sentence WritingMode="vertical">国際信号局識別番号</Sentence>
            </Column>
            <Column LineBreak="false" Num="2">
              <Sentence WritingMode="vertical">電気通信番号計画に事業者設備等識別番号として定める国際信号局識別番号</Sentence>
            </Column>
          </ItemSentence>
        </Item>
        <Item Delete="false" Hide="false" Num="14">
          <ItemTitle>十四</ItemTitle>
          <ItemSentence>
            <Column LineBreak="false" Num="1">
              <Sentence WritingMode="vertical">データ通信設備識別番号</Sentence>
            </Column>
            <Column LineBreak="false" Num="2">
              <Sentence WritingMode="vertical">電気通信番号計画に事業者設備等識別番号として定めるデータ通信設備識別番号</Sentence>
            </Column>
          </ItemSentence>
        </Item>
        <Item Delete="false" Hide="false" Num="15">
          <ItemTitle>十五</ItemTitle>
          <ItemSentence>
            <Column LineBreak="false" Num="1">
              <Sentence WritingMode="vertical">メッセージ交換設備識別番号</Sentence>
            </Column>
            <Column LineBreak="false" Num="2">
              <Sentence WritingMode="vertical">電気通信番号計画に事業者設備等識別番号として定めるメッセージ交換設備識別番号</Sentence>
            </Column>
          </ItemSentence>
        </Item>
      </Remarks>
    </AppdxTable>
    <AppdxStyle>
      <AppdxStyleTitle WritingMode="vertical">様式第１</AppdxStyleTitle>
      <RelatedArticleNum>（第５条第１項関係）</RelatedArticleNum>
      <StyleStruct>
        <Style>
          <Fig src="./pict/R01F110004_1907221807_001.pdf"/>
        </Style>
      </StyleStruct>
    </AppdxStyle>
    <AppdxStyle>
      <AppdxStyleTitle WritingMode="vertical">様式第２</AppdxStyleTitle>
      <RelatedArticleNum>（第５条第１項、第９条第１項及び第１２条第２項関係）</RelatedArticleNum>
      <StyleStruct>
        <Style>
          <Fig src="./pict/R01F110004_1907221807_002.pdf"/>
        </Style>
      </StyleStruct>
    </AppdxStyle>
    <AppdxStyle>
      <AppdxStyleTitle WritingMode="vertical">様式第３</AppdxStyleTitle>
      <RelatedArticleNum>（第９条第１項関係）</RelatedArticleNum>
      <StyleStruct>
        <Style>
          <Fig src="./pict/R01F110004_1907221807_003.pdf"/>
        </Style>
      </StyleStruct>
    </AppdxStyle>
    <AppdxStyle>
      <AppdxStyleTitle WritingMode="vertical">様式第４</AppdxStyleTitle>
      <RelatedArticleNum>（第１２条第２項関係）</RelatedArticleNum>
      <StyleStruct>
        <Style>
          <Fig src="./pict/R01F110004_1907221807_004.pdf"/>
        </Style>
      </StyleStruct>
    </AppdxStyle>
    <AppdxStyle>
      <AppdxStyleTitle WritingMode="vertical">様式第５</AppdxStyleTitle>
      <RelatedArticleNum>（第１２条第３項関係）</RelatedArticleNum>
      <StyleStruct>
        <Style>
          <Fig src="./pict/R01F110004_1907221807_005.pdf"/>
        </Style>
      </StyleStruct>
    </AppdxStyle>
  </LawBody>
</Law>
