<?xml version="1.0" encoding="UTF-8" standalone="no"?>
<Law Era="Reiwa" Lang="ja" LawType="MinisterialOrdinance" Num="003" Year="01">
  <LawNum>令和元年経済産業省令第三号</LawNum>
  <LawBody>
    <LawTitle>平成三十七年に開催される国際博覧会の準備及び運営のために必要な特別措置に関する法律施行規則</LawTitle>
    <EnactStatement>平成三十七年に開催される国際博覧会の準備及び運営のために必要な特別措置に関する法律（平成三十一年法律第十八号）第二十一条第三項の規定に基づき、及び同法を実施するため、平成三十七年に開催される国際博覧会の準備及び運営のために必要な特別措置に関する法律施行規則を次のように定める。</EnactStatement>
    <MainProvision>
      <Article Delete="false" Hide="false" Num="1">
        <ArticleCaption>（指定の申請）</ArticleCaption>
        <ArticleTitle>第一条</ArticleTitle>
        <Paragraph Hide="false" Num="1">
          <ParagraphNum/>
          <ParagraphSentence>
            <Sentence WritingMode="vertical">平成三十七年に開催される国際博覧会の準備及び運営のために必要な特別措置に関する法律（以下「法」という。）第十四条第一項の規定により指定を受けようとする者（以下「指定申請者」という。）は、次に掲げる事項を記載した様式第一による申請書を経済産業大臣に提出しなければならない。</Sentence>
          </ParagraphSentence>
          <Item Delete="false" Hide="false" Num="1">
            <ItemTitle>一</ItemTitle>
            <ItemSentence>
              <Sentence WritingMode="vertical">名称及び住所並びに代表者の氏名</Sentence>
            </ItemSentence>
          </Item>
          <Item Delete="false" Hide="false" Num="2">
            <ItemTitle>二</ItemTitle>
            <ItemSentence>
              <Sentence WritingMode="vertical">事務所の所在地</Sentence>
            </ItemSentence>
          </Item>
        </Paragraph>
        <Paragraph Hide="false" Num="2">
          <ParagraphNum>２</ParagraphNum>
          <ParagraphSentence>
            <Sentence WritingMode="vertical">前項の申請書には、次に掲げる書類を添付しなければならない。</Sentence>
          </ParagraphSentence>
          <Item Delete="false" Hide="false" Num="1">
            <ItemTitle>一</ItemTitle>
            <ItemSentence>
              <Sentence WritingMode="vertical">定款</Sentence>
            </ItemSentence>
          </Item>
          <Item Delete="false" Hide="false" Num="2">
            <ItemTitle>二</ItemTitle>
            <ItemSentence>
              <Sentence WritingMode="vertical">登記事項証明書</Sentence>
            </ItemSentence>
          </Item>
          <Item Delete="false" Hide="false" Num="3">
            <ItemTitle>三</ItemTitle>
            <ItemSentence>
              <Sentence WritingMode="vertical">次に掲げる指定申請者の区分に応じ、当該各号に定める書類</Sentence>
            </ItemSentence>
            <Subitem1 Delete="false" Hide="false" Num="1">
              <Subitem1Title>イ</Subitem1Title>
              <Subitem1Sentence>
                <Column LineBreak="false" Num="1">
                  <Sentence WritingMode="vertical">一般社団法人</Sentence>
                </Column>
                <Column LineBreak="false" Num="2">
                  <Sentence WritingMode="vertical">社員の氏名及び略歴（社員が法人である場合は、その法人の名称）を記載した書類</Sentence>
                </Column>
              </Subitem1Sentence>
            </Subitem1>
            <Subitem1 Delete="false" Hide="false" Num="2">
              <Subitem1Title>ロ</Subitem1Title>
              <Subitem1Sentence>
                <Column LineBreak="false" Num="1">
                  <Sentence WritingMode="vertical">一般財団法人</Sentence>
                </Column>
                <Column LineBreak="false" Num="2">
                  <Sentence WritingMode="vertical">評議員の氏名及び略歴を記載した書類</Sentence>
                </Column>
              </Subitem1Sentence>
            </Subitem1>
          </Item>
          <Item Delete="false" Hide="false" Num="4">
            <ItemTitle>四</ItemTitle>
            <ItemSentence>
              <Sentence WritingMode="vertical">指定の申請に関する意思の決定を証する書類</Sentence>
            </ItemSentence>
          </Item>
          <Item Delete="false" Hide="false" Num="5">
            <ItemTitle>五</ItemTitle>
            <ItemSentence>
              <Sentence WritingMode="vertical">申請の日の属する事業年度の前事業年度における財産目録（申請の日の属する事業年度に設立された法人にあっては、その設立時における財産目録）及び貸借対照表</Sentence>
            </ItemSentence>
          </Item>
          <Item Delete="false" Hide="false" Num="6">
            <ItemTitle>六</ItemTitle>
            <ItemSentence>
              <Sentence WritingMode="vertical">申請の日の属する事業年度における事業計画書及び収支予算書</Sentence>
            </ItemSentence>
          </Item>
          <Item Delete="false" Hide="false" Num="7">
            <ItemTitle>七</ItemTitle>
            <ItemSentence>
              <Sentence WritingMode="vertical">役員の氏名、住所及び略歴を記載した書類</Sentence>
            </ItemSentence>
          </Item>
          <Item Delete="false" Hide="false" Num="8">
            <ItemTitle>八</ItemTitle>
            <ItemSentence>
              <Sentence WritingMode="vertical">法第十六条各号に掲げる業務（以下「博覧会業務」という。）の実施に関する基本的な計画書</Sentence>
            </ItemSentence>
          </Item>
          <Item Delete="false" Hide="false" Num="9">
            <ItemTitle>九</ItemTitle>
            <ItemSentence>
              <Sentence WritingMode="vertical">博覧会業務を適正かつ確実に実施できることを証する書類</Sentence>
            </ItemSentence>
          </Item>
        </Paragraph>
        <Paragraph Hide="false" Num="3">
          <ParagraphNum>３</ParagraphNum>
          <ParagraphSentence>
            <Sentence WritingMode="vertical">経済産業大臣は、前二項各号に掲げるもののほか、指定申請者に対し、指定のために必要な書類の提出を求めることができる。</Sentence>
          </ParagraphSentence>
        </Paragraph>
      </Article>
      <Article Delete="false" Hide="false" Num="2">
        <ArticleCaption>（名称等の変更の届出）</ArticleCaption>
        <ArticleTitle>第二条</ArticleTitle>
        <Paragraph Hide="false" Num="1">
          <ParagraphNum/>
          <ParagraphSentence>
            <Sentence WritingMode="vertical">博覧会協会（法第十四条第一項の規定により指定された博覧会協会をいう。以下同じ。）は、法第十四条第三項の規定による届出をしようとするときは、次に掲げる事項を記載した様式第二による届出書を経済産業大臣に提出しなければならない。</Sentence>
          </ParagraphSentence>
          <Item Delete="false" Hide="false" Num="1">
            <ItemTitle>一</ItemTitle>
            <ItemSentence>
              <Sentence WritingMode="vertical">変更後の名称、住所又は事務所の所在地</Sentence>
            </ItemSentence>
          </Item>
          <Item Delete="false" Hide="false" Num="2">
            <ItemTitle>二</ItemTitle>
            <ItemSentence>
              <Sentence WritingMode="vertical">変更しようとする年月日</Sentence>
            </ItemSentence>
          </Item>
          <Item Delete="false" Hide="false" Num="3">
            <ItemTitle>三</ItemTitle>
            <ItemSentence>
              <Sentence WritingMode="vertical">変更の理由</Sentence>
            </ItemSentence>
          </Item>
        </Paragraph>
      </Article>
      <Article Delete="false" Hide="false" Num="3">
        <ArticleCaption>（事業計画書等の提出）</ArticleCaption>
        <ArticleTitle>第三条</ArticleTitle>
        <Paragraph Hide="false" Num="1">
          <ParagraphNum/>
          <ParagraphSentence>
            <Sentence WritingMode="vertical">法第十七条第一項前段の事業計画書及び収支予算書の提出は、毎事業年度開始前に（指定を受けた日の属する事業年度にあっては、その指定を受けた後遅滞なく）行わなければならない。</Sentence>
          </ParagraphSentence>
        </Paragraph>
        <Paragraph Hide="false" Num="2">
          <ParagraphNum>２</ParagraphNum>
          <ParagraphSentence>
            <Sentence WritingMode="vertical">博覧会協会は、法第十七条第一項後段の規定により事業計画書又は収支予算書を変更したときは、遅滞なく、変更した事項及びその理由を記載した書類を経済産業大臣に提出しなければならない。</Sentence>
          </ParagraphSentence>
        </Paragraph>
        <Paragraph Hide="false" Num="3">
          <ParagraphNum>３</ParagraphNum>
          <ParagraphSentence>
            <Sentence WritingMode="vertical">博覧会協会は、法第十七条第二項に規定する事業報告書及び収支決算書を毎事業年度終了後三月以内に貸借対照表を添付して経済産業大臣に提出しなければならない。</Sentence>
          </ParagraphSentence>
        </Paragraph>
      </Article>
      <Article Delete="false" Hide="false" Num="4">
        <ArticleCaption>（役員の選任及び解任の届出）</ArticleCaption>
        <ArticleTitle>第四条</ArticleTitle>
        <Paragraph Hide="false" Num="1">
          <ParagraphNum/>
          <ParagraphSentence>
            <Sentence WritingMode="vertical">博覧会協会は、法第十八条の規定による届出をしようとするときは、次に掲げる事項を記載した様式第三による届出書を経済産業大臣に提出しなければならない。</Sentence>
          </ParagraphSentence>
          <Item Delete="false" Hide="false" Num="1">
            <ItemTitle>一</ItemTitle>
            <ItemSentence>
              <Sentence WritingMode="vertical">選任又は解任した役員の氏名</Sentence>
            </ItemSentence>
          </Item>
          <Item Delete="false" Hide="false" Num="2">
            <ItemTitle>二</ItemTitle>
            <ItemSentence>
              <Sentence WritingMode="vertical">選任又は解任の理由</Sentence>
            </ItemSentence>
          </Item>
          <Item Delete="false" Hide="false" Num="3">
            <ItemTitle>三</ItemTitle>
            <ItemSentence>
              <Sentence WritingMode="vertical">選任又は解任した年月日</Sentence>
            </ItemSentence>
          </Item>
        </Paragraph>
        <Paragraph Hide="false" Num="2">
          <ParagraphNum>２</ParagraphNum>
          <ParagraphSentence>
            <Sentence WritingMode="vertical">前項の届出書には、次に掲げる書類を添付しなければならない。</Sentence>
          </ParagraphSentence>
          <Item Delete="false" Hide="false" Num="1">
            <ItemTitle>一</ItemTitle>
            <ItemSentence>
              <Sentence WritingMode="vertical">選任又は解任に関する意思の決定を証する書類</Sentence>
            </ItemSentence>
          </Item>
          <Item Delete="false" Hide="false" Num="2">
            <ItemTitle>二</ItemTitle>
            <ItemSentence>
              <Sentence WritingMode="vertical">選任の届出の場合にあっては、選任された役員の略歴を記載した書類</Sentence>
            </ItemSentence>
          </Item>
        </Paragraph>
      </Article>
      <Article Delete="false" Hide="false" Num="5">
        <ArticleCaption>（立入検査の証明書）</ArticleCaption>
        <ArticleTitle>第五条</ArticleTitle>
        <Paragraph Hide="false" Num="1">
          <ParagraphNum/>
          <ParagraphSentence>
            <Sentence WritingMode="vertical">法第十九条第一項の立入検査をする職員の身分を示す証明書は、様式第四によるものとする。</Sentence>
          </ParagraphSentence>
        </Paragraph>
      </Article>
      <Article Delete="false" Hide="false" Num="6">
        <ArticleCaption>（博覧会業務の引継ぎ）</ArticleCaption>
        <ArticleTitle>第六条</ArticleTitle>
        <Paragraph Hide="false" Num="1">
          <ParagraphNum/>
          <ParagraphSentence>
            <Sentence WritingMode="vertical">法第二十一条第一項の規定による指定の取消しに係る博覧会協会は、次に掲げる事項を行わなければならない。</Sentence>
          </ParagraphSentence>
          <Item Delete="false" Hide="false" Num="1">
            <ItemTitle>一</ItemTitle>
            <ItemSentence>
              <Sentence WritingMode="vertical">経済産業大臣が新たに指定する博覧会協会に博覧会業務を引き継ぐこと。</Sentence>
            </ItemSentence>
          </Item>
          <Item Delete="false" Hide="false" Num="2">
            <ItemTitle>二</ItemTitle>
            <ItemSentence>
              <Sentence WritingMode="vertical">経済産業大臣が新たに指定する博覧会協会に博覧会業務に関する帳簿、書類及び資料を引き継ぐこと。</Sentence>
            </ItemSentence>
          </Item>
          <Item Delete="false" Hide="false" Num="3">
            <ItemTitle>三</ItemTitle>
            <ItemSentence>
              <Sentence WritingMode="vertical">その他経済産業大臣が必要と認める事項</Sentence>
            </ItemSentence>
          </Item>
        </Paragraph>
      </Article>
    </MainProvision>
    <SupplProvision>
      <SupplProvisionLabel>附　則</SupplProvisionLabel>
      <Paragraph Hide="false" Num="1">
        <ParagraphNum/>
        <ParagraphSentence>
          <Sentence WritingMode="vertical">この省令は、法の施行の日（令和元年五月二十三日）から施行する。</Sentence>
        </ParagraphSentence>
      </Paragraph>
    </SupplProvision>
    <AppdxStyle>
      <AppdxStyleTitle WritingMode="vertical">様式第１</AppdxStyleTitle>
      <RelatedArticleNum>（第１条関係）</RelatedArticleNum>
      <StyleStruct>
        <Style>
          <Fig src="./pict/R01F150003_2005271705_001.jpg"/>
        </Style>
      </StyleStruct>
    </AppdxStyle>
    <AppdxStyle>
      <AppdxStyleTitle WritingMode="vertical">様式第２</AppdxStyleTitle>
      <RelatedArticleNum>（第２条関係）</RelatedArticleNum>
      <StyleStruct>
        <Style>
          <Fig src="./pict/R01F150003_2005271705_002.jpg"/>
        </Style>
      </StyleStruct>
    </AppdxStyle>
    <AppdxStyle>
      <AppdxStyleTitle WritingMode="vertical">様式第３</AppdxStyleTitle>
      <RelatedArticleNum>（第４条関係）</RelatedArticleNum>
      <StyleStruct>
        <Style>
          <Fig src="./pict/R01F150003_2005271705_003.jpg"/>
        </Style>
      </StyleStruct>
    </AppdxStyle>
    <AppdxStyle>
      <AppdxStyleTitle WritingMode="vertical">様式第４</AppdxStyleTitle>
      <RelatedArticleNum>（第５条関係）</RelatedArticleNum>
      <StyleStruct>
        <Style>
          <Fig src="./pict/R01F150003_2005271705_004.jpg"/>
        </Style>
      </StyleStruct>
      <StyleStruct>
        <Style>
          <Fig src="./pict/R01F150003_2005271705_005.jpg"/>
        </Style>
      </StyleStruct>
    </AppdxStyle>
  </LawBody>
</Law>
